[2026-09-14T00:00:05.259+0000] {processor.py:186} INFO - Started process (PID=39536) to work on /opt/airflow/dags/Shi_HW 3.py
[2026-09-14T00:00:05.260+0000] {processor.py:914} INFO - Processing file /opt/airflow/dags/Shi_HW 3.py for tasks to queue
[2026-09-14T00:00:05.261+0000] {logging_mixin.py:190} INFO - [2026-09-14T00:00:05.260+0000] {dagbag.py:587} INFO - Filling up the DagBag from /opt/airflow/dags/Shi_HW 3.py
[2026-09-14T00:00:05.282+0000] {processor.py:925} INFO - DAG(s) 'WeatherToronto_ETL' retrieved from /opt/airflow/dags/Shi_HW 3.py
[2026-09-14T00:00:05.295+0000] {logging_mixin.py:190} INFO - [2026-09-14T00:00:05.293+0000] {dag.py:3229} INFO - Sync 1 DAGs
[2026-09-14T00:00:05.307+0000] {logging_mixin.py:190} INFO - [2026-09-14T00:00:05.307+0000] {dag.py:4156} INFO - Setting next_dagrun for WeatherToronto_ETL to 2026-09-13 18:00:00+00:00, run_after=2026-09-14 18:00:00+00:00
[2026-09-14T00:00:05.313+0000] {processor.py:208} INFO - Processing /opt/airflow/dags/Shi_HW 3.py took 0.065 seconds
[2026-09-14T00:00:35.615+0000] {processor.py:186} INFO - Started process (PID=39547) to work on /opt/airflow/dags/Shi_HW 3.py
[2026-09-14T00:00:35.616+0000] {processor.py:914} INFO - Processing file /opt/airflow/dags/Shi_HW 3.py for tasks to queue
[2026-09-14T00:00:35.617+0000] {logging_mixin.py:190} INFO - [2026-09-14T00:00:35.616+0000] {dagbag.py:587} INFO - Filling up the DagBag from /opt/airflow/dags/Shi_HW 3.py
[2026-09-14T00:00:35.636+0000] {processor.py:925} INFO - DAG(s) 'WeatherToronto_ETL' retrieved from /opt/airflow/dags/Shi_HW 3.py
[2026-09-14T00:00:35.645+0000] {logging_mixin.py:190} INFO - [2026-09-14T00:00:35.644+0000] {dag.py:3229} INFO - Sync 1 DAGs
[2026-09-14T00:00:35.655+0000] {logging_mixin.py:190} INFO - [2026-09-14T00:00:35.655+0000] {dag.py:4156} INFO - Setting next_dagrun for WeatherToronto_ETL to 2026-09-13 18:00:00+00:00, run_after=2026-09-14 18:00:00+00:00
[2026-09-14T00:00:35.661+0000] {processor.py:208} INFO - Processing /opt/airflow/dags/Shi_HW 3.py took 0.052 seconds
[2026-09-14T00:01:05.895+0000] {processor.py:186} INFO - Started process (PID=39558) to work on /opt/airflow/dags/Shi_HW 3.py
[2026-09-14T00:01:05.896+0000] {processor.py:914} INFO - Processing file /opt/airflow/dags/Shi_HW 3.py for tasks to queue
[2026-09-14T00:01:05.897+0000] {logging_mixin.py:190} INFO - [2026-09-14T00:01:05.896+0000] {dagbag.py:587} INFO - Filling up the DagBag from /opt/airflow/dags/Shi_HW 3.py
[2026-09-14T00:01:05.917+0000] {processor.py:925} INFO - DAG(s) 'WeatherToronto_ETL' retrieved from /opt/airflow/dags/Shi_HW 3.py
[2026-09-14T00:01:05.926+0000] {logging_mixin.py:190} INFO - [2026-09-14T00:01:05.926+0000] {dag.py:3229} INFO - Sync 1 DAGs
[2026-09-14T00:01:05.937+0000] {logging_mixin.py:190} INFO - [2026-09-14T00:01:05.937+0000] {dag.py:4156} INFO - Setting next_dagrun for WeatherToronto_ETL to 2026-09-13 18:00:00+00:00, run_after=2026-09-14 18:00:00+00:00
[2026-09-14T00:01:05.944+0000] {processor.py:208} INFO - Processing /opt/airflow/dags/Shi_HW 3.py took 0.055 seconds
[2026-09-14T00:01:36.325+0000] {processor.py:186} INFO - Started process (PID=39569) to work on /opt/airflow/dags/Shi_HW 3.py
[2026-09-14T00:01:36.326+0000] {processor.py:914} INFO - Processing file /opt/airflow/dags/Shi_HW 3.py for tasks to queue
[2026-09-14T00:01:36.327+0000] {logging_mixin.py:190} INFO - [2026-09-14T00:01:36.327+0000] {dagbag.py:587} INFO - Filling up the DagBag from /opt/airflow/dags/Shi_HW 3.py
[2026-09-14T00:01:36.347+0000] {processor.py:925} INFO - DAG(s) 'WeatherToronto_ETL' retrieved from /opt/airflow/dags/Shi_HW 3.py
[2026-09-14T00:01:36.357+0000] {logging_mixin.py:190} INFO - [2026-09-14T00:01:36.356+0000] {dag.py:3229} INFO - Sync 1 DAGs
[2026-09-14T00:01:36.368+0000] {logging_mixin.py:190} INFO - [2026-09-14T00:01:36.368+0000] {dag.py:4156} INFO - Setting next_dagrun for WeatherToronto_ETL to 2026-09-13 18:00:00+00:00, run_after=2026-09-14 18:00:00+00:00
[2026-09-14T00:01:36.374+0000] {processor.py:208} INFO - Processing /opt/airflow/dags/Shi_HW 3.py took 0.054 seconds
[2026-09-14T00:02:06.647+0000] {processor.py:186} INFO - Started process (PID=39580) to work on /opt/airflow/dags/Shi_HW 3.py
[2026-09-14T00:02:06.648+0000] {processor.py:914} INFO - Processing file /opt/airflow/dags/Shi_HW 3.py for tasks to queue
[2026-09-14T00:02:06.649+0000] {logging_mixin.py:190} INFO - [2026-09-14T00:02:06.648+0000] {dagbag.py:587} INFO - Filling up the DagBag from /opt/airflow/dags/Shi_HW 3.py
[2026-09-14T00:02:06.666+0000] {processor.py:925} INFO - DAG(s) 'WeatherToronto_ETL' retrieved from /opt/airflow/dags/Shi_HW 3.py
[2026-09-14T00:02:06.675+0000] {logging_mixin.py:190} INFO - [2026-09-14T00:02:06.674+0000] {dag.py:3229} INFO - Sync 1 DAGs
[2026-09-14T00:02:06.685+0000] {logging_mixin.py:190} INFO - [2026-09-14T00:02:06.685+0000] {dag.py:4156} INFO - Setting next_dagrun for WeatherToronto_ETL to 2026-09-13 18:00:00+00:00, run_after=2026-09-14 18:00:00+00:00
[2026-09-14T00:02:06.691+0000] {processor.py:208} INFO - Processing /opt/airflow/dags/Shi_HW 3.py took 0.050 seconds
[2026-09-14T00:02:37.046+0000] {processor.py:186} INFO - Started process (PID=39591) to work on /opt/airflow/dags/Shi_HW 3.py
[2026-09-14T00:02:37.048+0000] {processor.py:914} INFO - Processing file /opt/airflow/dags/Shi_HW 3.py for tasks to queue
[2026-09-14T00:02:37.049+0000] {logging_mixin.py:190} INFO - [2026-09-14T00:02:37.049+0000] {dagbag.py:587} INFO - Filling up the DagBag from /opt/airflow/dags/Shi_HW 3.py
[2026-09-14T00:02:37.095+0000] {processor.py:925} INFO - DAG(s) 'WeatherToronto_ETL' retrieved from /opt/airflow/dags/Shi_HW 3.py
[2026-09-14T00:02:37.115+0000] {logging_mixin.py:190} INFO - [2026-09-14T00:02:37.113+0000] {dag.py:3229} INFO - Sync 1 DAGs
[2026-09-14T00:02:37.135+0000] {logging_mixin.py:190} INFO - [2026-09-14T00:02:37.135+0000] {dag.py:4156} INFO - Setting next_dagrun for WeatherToronto_ETL to 2026-09-13 18:00:00+00:00, run_after=2026-09-14 18:00:00+00:00
[2026-09-14T00:02:37.144+0000] {processor.py:208} INFO - Processing /opt/airflow/dags/Shi_HW 3.py took 0.109 seconds
[2026-09-14T00:03:07.413+0000] {processor.py:186} INFO - Started process (PID=39602) to work on /opt/airflow/dags/Shi_HW 3.py
[2026-09-14T00:03:07.414+0000] {processor.py:914} INFO - Processing file /opt/airflow/dags/Shi_HW 3.py for tasks to queue
[2026-09-14T00:03:07.415+0000] {logging_mixin.py:190} INFO - [2026-09-14T00:03:07.415+0000] {dagbag.py:587} INFO - Filling up the DagBag from /opt/airflow/dags/Shi_HW 3.py
[2026-09-14T00:03:07.439+0000] {processor.py:925} INFO - DAG(s) 'WeatherToronto_ETL' retrieved from /opt/airflow/dags/Shi_HW 3.py
[2026-09-14T00:03:07.448+0000] {logging_mixin.py:190} INFO - [2026-09-14T00:03:07.447+0000] {dag.py:3229} INFO - Sync 1 DAGs
[2026-09-14T00:03:07.458+0000] {logging_mixin.py:190} INFO - [2026-09-14T00:03:07.458+0000] {dag.py:4156} INFO - Setting next_dagrun for WeatherToronto_ETL to 2026-09-13 18:00:00+00:00, run_after=2026-09-14 18:00:00+00:00
[2026-09-14T00:03:07.464+0000] {processor.py:208} INFO - Processing /opt/airflow/dags/Shi_HW 3.py took 0.057 seconds
[2026-09-14T00:03:37.824+0000] {processor.py:186} INFO - Started process (PID=39614) to work on /opt/airflow/dags/Shi_HW 3.py
[2026-09-14T00:03:37.826+0000] {processor.py:914} INFO - Processing file /opt/airflow/dags/Shi_HW 3.py for tasks to queue
[2026-09-14T00:03:37.828+0000] {logging_mixin.py:190} INFO - [2026-09-14T00:03:37.827+0000] {dagbag.py:587} INFO - Filling up the DagBag from /opt/airflow/dags/Shi_HW 3.py
[2026-09-14T00:03:37.853+0000] {processor.py:925} INFO - DAG(s) 'WeatherToronto_ETL' retrieved from /opt/airflow/dags/Shi_HW 3.py
[2026-09-14T00:03:37.865+0000] {logging_mixin.py:190} INFO - [2026-09-14T00:03:37.864+0000] {dag.py:3229} INFO - Sync 1 DAGs
[2026-09-14T00:03:37.878+0000] {logging_mixin.py:190} INFO - [2026-09-14T00:03:37.878+0000] {dag.py:4156} INFO - Setting next_dagrun for WeatherToronto_ETL to 2026-09-13 18:00:00+00:00, run_after=2026-09-14 18:00:00+00:00
[2026-09-14T00:03:37.885+0000] {processor.py:208} INFO - Processing /opt/airflow/dags/Shi_HW 3.py took 0.070 seconds
[2026-09-14T00:04:08.193+0000] {processor.py:186} INFO - Started process (PID=39625) to work on /opt/airflow/dags/Shi_HW 3.py
[2026-09-14T00:04:08.194+0000] {processor.py:914} INFO - Processing file /opt/airflow/dags/Shi_HW 3.py for tasks to queue
[2026-09-14T00:04:08.195+0000] {logging_mixin.py:190} INFO - [2026-09-14T00:04:08.194+0000] {dagbag.py:587} INFO - Filling up the DagBag from /opt/airflow/dags/Shi_HW 3.py
[2026-09-14T00:04:08.211+0000] {processor.py:925} INFO - DAG(s) 'WeatherToronto_ETL' retrieved from /opt/airflow/dags/Shi_HW 3.py
[2026-09-14T00:04:08.221+0000] {logging_mixin.py:190} INFO - [2026-09-14T00:04:08.220+0000] {dag.py:3229} INFO - Sync 1 DAGs
[2026-09-14T00:04:08.231+0000] {logging_mixin.py:190} INFO - [2026-09-14T00:04:08.231+0000] {dag.py:4156} INFO - Setting next_dagrun for WeatherToronto_ETL to 2026-09-13 18:00:00+00:00, run_after=2026-09-14 18:00:00+00:00
[2026-09-14T00:04:08.237+0000] {processor.py:208} INFO - Processing /opt/airflow/dags/Shi_HW 3.py took 0.048 seconds
[2026-09-14T00:04:38.540+0000] {processor.py:186} INFO - Started process (PID=39636) to work on /opt/airflow/dags/Shi_HW 3.py
[2026-09-14T00:04:38.543+0000] {processor.py:914} INFO - Processing file /opt/airflow/dags/Shi_HW 3.py for tasks to queue
[2026-09-14T00:04:38.544+0000] {logging_mixin.py:190} INFO - [2026-09-14T00:04:38.543+0000] {dagbag.py:587} INFO - Filling up the DagBag from /opt/airflow/dags/Shi_HW 3.py
[2026-09-14T00:04:38.563+0000] {processor.py:925} INFO - DAG(s) 'WeatherToronto_ETL' retrieved from /opt/airflow/dags/Shi_HW 3.py
[2026-09-14T00:04:38.572+0000] {logging_mixin.py:190} INFO - [2026-09-14T00:04:38.571+0000] {dag.py:3229} INFO - Sync 1 DAGs
[2026-09-14T00:04:38.582+0000] {logging_mixin.py:190} INFO - [2026-09-14T00:04:38.581+0000] {dag.py:4156} INFO - Setting next_dagrun for WeatherToronto_ETL to 2026-09-13 18:00:00+00:00, run_after=2026-09-14 18:00:00+00:00
[2026-09-14T00:04:38.588+0000] {processor.py:208} INFO - Processing /opt/airflow/dags/Shi_HW 3.py took 0.053 seconds
[2026-09-14T00:05:08.928+0000] {processor.py:186} INFO - Started process (PID=39647) to work on /opt/airflow/dags/Shi_HW 3.py
[2026-09-14T00:05:08.930+0000] {processor.py:914} INFO - Processing file /opt/airflow/dags/Shi_HW 3.py for tasks to queue
[2026-09-14T00:05:08.931+0000] {logging_mixin.py:190} INFO - [2026-09-14T00:05:08.931+0000] {dagbag.py:587} INFO - Filling up the DagBag from /opt/airflow/dags/Shi_HW 3.py
[2026-09-14T00:05:08.966+0000] {processor.py:925} INFO - DAG(s) 'WeatherToronto_ETL' retrieved from /opt/airflow/dags/Shi_HW 3.py
[2026-09-14T00:05:08.988+0000] {logging_mixin.py:190} INFO - [2026-09-14T00:05:08.986+0000] {dag.py:3229} INFO - Sync 1 DAGs
[2026-09-14T00:05:09.005+0000] {logging_mixin.py:190} INFO - [2026-09-14T00:05:09.005+0000] {dag.py:4156} INFO - Setting next_dagrun for WeatherToronto_ETL to 2026-09-13 18:00:00+00:00, run_after=2026-09-14 18:00:00+00:00
[2026-09-14T00:05:09.013+0000] {processor.py:208} INFO - Processing /opt/airflow/dags/Shi_HW 3.py took 0.097 seconds
[2026-09-14T00:05:39.302+0000] {processor.py:186} INFO - Started process (PID=39658) to work on /opt/airflow/dags/Shi_HW 3.py
[2026-09-14T00:05:39.303+0000] {processor.py:914} INFO - Processing file /opt/airflow/dags/Shi_HW 3.py for tasks to queue
[2026-09-14T00:05:39.304+0000] {logging_mixin.py:190} INFO - [2026-09-14T00:05:39.304+0000] {dagbag.py:587} INFO - Filling up the DagBag from /opt/airflow/dags/Shi_HW 3.py
[2026-09-14T00:05:39.325+0000] {processor.py:925} INFO - DAG(s) 'WeatherToronto_ETL' retrieved from /opt/airflow/dags/Shi_HW 3.py
[2026-09-14T00:05:39.335+0000] {logging_mixin.py:190} INFO - [2026-09-14T00:05:39.334+0000] {dag.py:3229} INFO - Sync 1 DAGs
[2026-09-14T00:05:39.346+0000] {logging_mixin.py:190} INFO - [2026-09-14T00:05:39.346+0000] {dag.py:4156} INFO - Setting next_dagrun for WeatherToronto_ETL to 2026-09-13 18:00:00+00:00, run_after=2026-09-14 18:00:00+00:00
[2026-09-14T00:05:39.352+0000] {processor.py:208} INFO - Processing /opt/airflow/dags/Shi_HW 3.py took 0.058 seconds
[2026-09-14T00:06:09.697+0000] {processor.py:186} INFO - Started process (PID=39669) to work on /opt/airflow/dags/Shi_HW 3.py
[2026-09-14T00:06:09.698+0000] {processor.py:914} INFO - Processing file /opt/airflow/dags/Shi_HW 3.py for tasks to queue
[2026-09-14T00:06:09.700+0000] {logging_mixin.py:190} INFO - [2026-09-14T00:06:09.699+0000] {dagbag.py:587} INFO - Filling up the DagBag from /opt/airflow/dags/Shi_HW 3.py
[2026-09-14T00:06:09.728+0000] {processor.py:925} INFO - DAG(s) 'WeatherToronto_ETL' retrieved from /opt/airflow/dags/Shi_HW 3.py
[2026-09-14T00:06:09.745+0000] {logging_mixin.py:190} INFO - [2026-09-14T00:06:09.743+0000] {dag.py:3229} INFO - Sync 1 DAGs
[2026-09-14T00:06:09.761+0000] {logging_mixin.py:190} INFO - [2026-09-14T00:06:09.761+0000] {dag.py:4156} INFO - Setting next_dagrun for WeatherToronto_ETL to 2026-09-13 18:00:00+00:00, run_after=2026-09-14 18:00:00+00:00
[2026-09-14T00:06:09.770+0000] {processor.py:208} INFO - Processing /opt/airflow/dags/Shi_HW 3.py took 0.081 seconds
[2026-09-14T00:06:40.149+0000] {processor.py:186} INFO - Started process (PID=39680) to work on /opt/airflow/dags/Shi_HW 3.py
[2026-09-14T00:06:40.151+0000] {processor.py:914} INFO - Processing file /opt/airflow/dags/Shi_HW 3.py for tasks to queue
[2026-09-14T00:06:40.153+0000] {logging_mixin.py:190} INFO - [2026-09-14T00:06:40.152+0000] {dagbag.py:587} INFO - Filling up the DagBag from /opt/airflow/dags/Shi_HW 3.py
[2026-09-14T00:06:40.182+0000] {processor.py:925} INFO - DAG(s) 'WeatherToronto_ETL' retrieved from /opt/airflow/dags/Shi_HW 3.py
[2026-09-14T00:06:40.195+0000] {logging_mixin.py:190} INFO - [2026-09-14T00:06:40.194+0000] {dag.py:3229} INFO - Sync 1 DAGs
[2026-09-14T00:06:40.209+0000] {logging_mixin.py:190} INFO - [2026-09-14T00:06:40.209+0000] {dag.py:4156} INFO - Setting next_dagrun for WeatherToronto_ETL to 2026-09-13 18:00:00+00:00, run_after=2026-09-14 18:00:00+00:00
[2026-09-14T00:06:40.216+0000] {processor.py:208} INFO - Processing /opt/airflow/dags/Shi_HW 3.py took 0.076 seconds
[2026-09-14T00:07:10.501+0000] {processor.py:186} INFO - Started process (PID=39691) to work on /opt/airflow/dags/Shi_HW 3.py
[2026-09-14T00:07:10.502+0000] {processor.py:914} INFO - Processing file /opt/airflow/dags/Shi_HW 3.py for tasks to queue
[2026-09-14T00:07:10.503+0000] {logging_mixin.py:190} INFO - [2026-09-14T00:07:10.503+0000] {dagbag.py:587} INFO - Filling up the DagBag from /opt/airflow/dags/Shi_HW 3.py
[2026-09-14T00:07:10.521+0000] {processor.py:925} INFO - DAG(s) 'WeatherToronto_ETL' retrieved from /opt/airflow/dags/Shi_HW 3.py
[2026-09-14T00:07:10.531+0000] {logging_mixin.py:190} INFO - [2026-09-14T00:07:10.530+0000] {dag.py:3229} INFO - Sync 1 DAGs
[2026-09-14T00:07:10.541+0000] {logging_mixin.py:190} INFO - [2026-09-14T00:07:10.541+0000] {dag.py:4156} INFO - Setting next_dagrun for WeatherToronto_ETL to 2026-09-13 18:00:00+00:00, run_after=2026-09-14 18:00:00+00:00
[2026-09-14T00:07:10.548+0000] {processor.py:208} INFO - Processing /opt/airflow/dags/Shi_HW 3.py took 0.052 seconds
[2026-09-14T00:07:40.859+0000] {processor.py:186} INFO - Started process (PID=39702) to work on /opt/airflow/dags/Shi_HW 3.py
[2026-09-14T00:07:40.861+0000] {processor.py:914} INFO - Processing file /opt/airflow/dags/Shi_HW 3.py for tasks to queue
[2026-09-14T00:07:40.862+0000] {logging_mixin.py:190} INFO - [2026-09-14T00:07:40.861+0000] {dagbag.py:587} INFO - Filling up the DagBag from /opt/airflow/dags/Shi_HW 3.py
[2026-09-14T00:07:40.880+0000] {processor.py:925} INFO - DAG(s) 'WeatherToronto_ETL' retrieved from /opt/airflow/dags/Shi_HW 3.py
[2026-09-14T00:07:40.888+0000] {logging_mixin.py:190} INFO - [2026-09-14T00:07:40.888+0000] {dag.py:3229} INFO - Sync 1 DAGs
[2026-09-14T00:07:40.898+0000] {logging_mixin.py:190} INFO - [2026-09-14T00:07:40.898+0000] {dag.py:4156} INFO - Setting next_dagrun for WeatherToronto_ETL to 2026-09-13 18:00:00+00:00, run_after=2026-09-14 18:00:00+00:00
[2026-09-14T00:07:40.903+0000] {processor.py:208} INFO - Processing /opt/airflow/dags/Shi_HW 3.py took 0.051 seconds
[2026-09-14T00:08:11.285+0000] {processor.py:186} INFO - Started process (PID=39713) to work on /opt/airflow/dags/Shi_HW 3.py
[2026-09-14T00:08:11.287+0000] {processor.py:914} INFO - Processing file /opt/airflow/dags/Shi_HW 3.py for tasks to queue
[2026-09-14T00:08:11.288+0000] {logging_mixin.py:190} INFO - [2026-09-14T00:08:11.288+0000] {dagbag.py:587} INFO - Filling up the DagBag from /opt/airflow/dags/Shi_HW 3.py
[2026-09-14T00:08:11.315+0000] {processor.py:925} INFO - DAG(s) 'WeatherToronto_ETL' retrieved from /opt/airflow/dags/Shi_HW 3.py
[2026-09-14T00:08:11.328+0000] {logging_mixin.py:190} INFO - [2026-09-14T00:08:11.327+0000] {dag.py:3229} INFO - Sync 1 DAGs
[2026-09-14T00:08:11.341+0000] {logging_mixin.py:190} INFO - [2026-09-14T00:08:11.341+0000] {dag.py:4156} INFO - Setting next_dagrun for WeatherToronto_ETL to 2026-09-13 18:00:00+00:00, run_after=2026-09-14 18:00:00+00:00
[2026-09-14T00:08:11.348+0000] {processor.py:208} INFO - Processing /opt/airflow/dags/Shi_HW 3.py took 0.073 seconds
[2026-09-14T00:08:41.642+0000] {processor.py:186} INFO - Started process (PID=39724) to work on /opt/airflow/dags/Shi_HW 3.py
[2026-09-14T00:08:41.644+0000] {processor.py:914} INFO - Processing file /opt/airflow/dags/Shi_HW 3.py for tasks to queue
[2026-09-14T00:08:41.646+0000] {logging_mixin.py:190} INFO - [2026-09-14T00:08:41.645+0000] {dagbag.py:587} INFO - Filling up the DagBag from /opt/airflow/dags/Shi_HW 3.py
[2026-09-14T00:08:41.677+0000] {processor.py:925} INFO - DAG(s) 'WeatherToronto_ETL' retrieved from /opt/airflow/dags/Shi_HW 3.py
[2026-09-14T00:08:41.690+0000] {logging_mixin.py:190} INFO - [2026-09-14T00:08:41.689+0000] {dag.py:3229} INFO - Sync 1 DAGs
[2026-09-14T00:08:41.704+0000] {logging_mixin.py:190} INFO - [2026-09-14T00:08:41.704+0000] {dag.py:4156} INFO - Setting next_dagrun for WeatherToronto_ETL to 2026-09-13 18:00:00+00:00, run_after=2026-09-14 18:00:00+00:00
[2026-09-14T00:08:41.712+0000] {processor.py:208} INFO - Processing /opt/airflow/dags/Shi_HW 3.py took 0.079 seconds
[2026-09-14T00:09:12.041+0000] {processor.py:186} INFO - Started process (PID=39735) to work on /opt/airflow/dags/Shi_HW 3.py
[2026-09-14T00:09:12.042+0000] {processor.py:914} INFO - Processing file /opt/airflow/dags/Shi_HW 3.py for tasks to queue
[2026-09-14T00:09:12.043+0000] {logging_mixin.py:190} INFO - [2026-09-14T00:09:12.043+0000] {dagbag.py:587} INFO - Filling up the DagBag from /opt/airflow/dags/Shi_HW 3.py
[2026-09-14T00:09:12.065+0000] {processor.py:925} INFO - DAG(s) 'WeatherToronto_ETL' retrieved from /opt/airflow/dags/Shi_HW 3.py
[2026-09-14T00:09:12.076+0000] {logging_mixin.py:190} INFO - [2026-09-14T00:09:12.075+0000] {dag.py:3229} INFO - Sync 1 DAGs
[2026-09-14T00:09:12.088+0000] {logging_mixin.py:190} INFO - [2026-09-14T00:09:12.088+0000] {dag.py:4156} INFO - Setting next_dagrun for WeatherToronto_ETL to 2026-09-13 18:00:00+00:00, run_after=2026-09-14 18:00:00+00:00
[2026-09-14T00:09:12.094+0000] {processor.py:208} INFO - Processing /opt/airflow/dags/Shi_HW 3.py took 0.062 seconds
[2026-09-14T00:09:42.396+0000] {processor.py:186} INFO - Started process (PID=39746) to work on /opt/airflow/dags/Shi_HW 3.py
[2026-09-14T00:09:42.397+0000] {processor.py:914} INFO - Processing file /opt/airflow/dags/Shi_HW 3.py for tasks to queue
[2026-09-14T00:09:42.398+0000] {logging_mixin.py:190} INFO - [2026-09-14T00:09:42.398+0000] {dagbag.py:587} INFO - Filling up the DagBag from /opt/airflow/dags/Shi_HW 3.py
[2026-09-14T00:09:42.415+0000] {processor.py:925} INFO - DAG(s) 'WeatherToronto_ETL' retrieved from /opt/airflow/dags/Shi_HW 3.py
[2026-09-14T00:09:42.423+0000] {logging_mixin.py:190} INFO - [2026-09-14T00:09:42.422+0000] {dag.py:3229} INFO - Sync 1 DAGs
[2026-09-14T00:09:42.432+0000] {logging_mixin.py:190} INFO - [2026-09-14T00:09:42.432+0000] {dag.py:4156} INFO - Setting next_dagrun for WeatherToronto_ETL to 2026-09-13 18:00:00+00:00, run_after=2026-09-14 18:00:00+00:00
[2026-09-14T00:09:42.439+0000] {processor.py:208} INFO - Processing /opt/airflow/dags/Shi_HW 3.py took 0.048 seconds
[2026-09-14T00:10:12.733+0000] {processor.py:186} INFO - Started process (PID=39757) to work on /opt/airflow/dags/Shi_HW 3.py
[2026-09-14T00:10:12.734+0000] {processor.py:914} INFO - Processing file /opt/airflow/dags/Shi_HW 3.py for tasks to queue
[2026-09-14T00:10:12.736+0000] {logging_mixin.py:190} INFO - [2026-09-14T00:10:12.735+0000] {dagbag.py:587} INFO - Filling up the DagBag from /opt/airflow/dags/Shi_HW 3.py
[2026-09-14T00:10:12.757+0000] {processor.py:925} INFO - DAG(s) 'WeatherToronto_ETL' retrieved from /opt/airflow/dags/Shi_HW 3.py
[2026-09-14T00:10:12.773+0000] {logging_mixin.py:190} INFO - [2026-09-14T00:10:12.772+0000] {dag.py:3229} INFO - Sync 1 DAGs
[2026-09-14T00:10:12.786+0000] {logging_mixin.py:190} INFO - [2026-09-14T00:10:12.785+0000] {dag.py:4156} INFO - Setting next_dagrun for WeatherToronto_ETL to 2026-09-13 18:00:00+00:00, run_after=2026-09-14 18:00:00+00:00
[2026-09-14T00:10:12.793+0000] {processor.py:208} INFO - Processing /opt/airflow/dags/Shi_HW 3.py took 0.067 seconds
[2026-09-14T00:10:43.085+0000] {processor.py:186} INFO - Started process (PID=39768) to work on /opt/airflow/dags/Shi_HW 3.py
[2026-09-14T00:10:43.086+0000] {processor.py:914} INFO - Processing file /opt/airflow/dags/Shi_HW 3.py for tasks to queue
[2026-09-14T00:10:43.087+0000] {logging_mixin.py:190} INFO - [2026-09-14T00:10:43.087+0000] {dagbag.py:587} INFO - Filling up the DagBag from /opt/airflow/dags/Shi_HW 3.py
[2026-09-14T00:10:43.103+0000] {processor.py:925} INFO - DAG(s) 'WeatherToronto_ETL' retrieved from /opt/airflow/dags/Shi_HW 3.py
[2026-09-14T00:10:43.112+0000] {logging_mixin.py:190} INFO - [2026-09-14T00:10:43.112+0000] {dag.py:3229} INFO - Sync 1 DAGs
[2026-09-14T00:10:43.122+0000] {logging_mixin.py:190} INFO - [2026-09-14T00:10:43.122+0000] {dag.py:4156} INFO - Setting next_dagrun for WeatherToronto_ETL to 2026-09-13 18:00:00+00:00, run_after=2026-09-14 18:00:00+00:00
[2026-09-14T00:10:43.128+0000] {processor.py:208} INFO - Processing /opt/airflow/dags/Shi_HW 3.py took 0.048 seconds
[2026-09-14T00:11:13.447+0000] {processor.py:186} INFO - Started process (PID=39779) to work on /opt/airflow/dags/Shi_HW 3.py
[2026-09-14T00:11:13.449+0000] {processor.py:914} INFO - Processing file /opt/airflow/dags/Shi_HW 3.py for tasks to queue
[2026-09-14T00:11:13.450+0000] {logging_mixin.py:190} INFO - [2026-09-14T00:11:13.449+0000] {dagbag.py:587} INFO - Filling up the DagBag from /opt/airflow/dags/Shi_HW 3.py
[2026-09-14T00:11:13.469+0000] {processor.py:925} INFO - DAG(s) 'WeatherToronto_ETL' retrieved from /opt/airflow/dags/Shi_HW 3.py
[2026-09-14T00:11:13.478+0000] {logging_mixin.py:190} INFO - [2026-09-14T00:11:13.477+0000] {dag.py:3229} INFO - Sync 1 DAGs
[2026-09-14T00:11:13.488+0000] {logging_mixin.py:190} INFO - [2026-09-14T00:11:13.488+0000] {dag.py:4156} INFO - Setting next_dagrun for WeatherToronto_ETL to 2026-09-13 18:00:00+00:00, run_after=2026-09-14 18:00:00+00:00
[2026-09-14T00:11:13.495+0000] {processor.py:208} INFO - Processing /opt/airflow/dags/Shi_HW 3.py took 0.055 seconds
[2026-09-14T00:11:43.811+0000] {processor.py:186} INFO - Started process (PID=39790) to work on /opt/airflow/dags/Shi_HW 3.py
[2026-09-14T00:11:43.813+0000] {processor.py:914} INFO - Processing file /opt/airflow/dags/Shi_HW 3.py for tasks to queue
[2026-09-14T00:11:43.814+0000] {logging_mixin.py:190} INFO - [2026-09-14T00:11:43.814+0000] {dagbag.py:587} INFO - Filling up the DagBag from /opt/airflow/dags/Shi_HW 3.py
[2026-09-14T00:11:43.835+0000] {processor.py:925} INFO - DAG(s) 'WeatherToronto_ETL' retrieved from /opt/airflow/dags/Shi_HW 3.py
[2026-09-14T00:11:43.845+0000] {logging_mixin.py:190} INFO - [2026-09-14T00:11:43.844+0000] {dag.py:3229} INFO - Sync 1 DAGs
[2026-09-14T00:11:43.855+0000] {logging_mixin.py:190} INFO - [2026-09-14T00:11:43.855+0000] {dag.py:4156} INFO - Setting next_dagrun for WeatherToronto_ETL to 2026-09-13 18:00:00+00:00, run_after=2026-09-14 18:00:00+00:00
[2026-09-14T00:11:43.862+0000] {processor.py:208} INFO - Processing /opt/airflow/dags/Shi_HW 3.py took 0.057 seconds
[2026-09-14T00:12:14.215+0000] {processor.py:186} INFO - Started process (PID=39801) to work on /opt/airflow/dags/Shi_HW 3.py
[2026-09-14T00:12:14.216+0000] {processor.py:914} INFO - Processing file /opt/airflow/dags/Shi_HW 3.py for tasks to queue
[2026-09-14T00:12:14.218+0000] {logging_mixin.py:190} INFO - [2026-09-14T00:12:14.217+0000] {dagbag.py:587} INFO - Filling up the DagBag from /opt/airflow/dags/Shi_HW 3.py
[2026-09-14T00:12:14.242+0000] {processor.py:925} INFO - DAG(s) 'WeatherToronto_ETL' retrieved from /opt/airflow/dags/Shi_HW 3.py
[2026-09-14T00:12:14.253+0000] {logging_mixin.py:190} INFO - [2026-09-14T00:12:14.251+0000] {dag.py:3229} INFO - Sync 1 DAGs
[2026-09-14T00:12:14.264+0000] {logging_mixin.py:190} INFO - [2026-09-14T00:12:14.264+0000] {dag.py:4156} INFO - Setting next_dagrun for WeatherToronto_ETL to 2026-09-13 18:00:00+00:00, run_after=2026-09-14 18:00:00+00:00
[2026-09-14T00:12:14.271+0000] {processor.py:208} INFO - Processing /opt/airflow/dags/Shi_HW 3.py took 0.064 seconds
[2026-09-14T00:12:44.544+0000] {processor.py:186} INFO - Started process (PID=39812) to work on /opt/airflow/dags/Shi_HW 3.py
[2026-09-14T00:12:44.546+0000] {processor.py:914} INFO - Processing file /opt/airflow/dags/Shi_HW 3.py for tasks to queue
[2026-09-14T00:12:44.548+0000] {logging_mixin.py:190} INFO - [2026-09-14T00:12:44.547+0000] {dagbag.py:587} INFO - Filling up the DagBag from /opt/airflow/dags/Shi_HW 3.py
[2026-09-14T00:12:44.568+0000] {processor.py:925} INFO - DAG(s) 'WeatherToronto_ETL' retrieved from /opt/airflow/dags/Shi_HW 3.py
[2026-09-14T00:12:44.578+0000] {logging_mixin.py:190} INFO - [2026-09-14T00:12:44.577+0000] {dag.py:3229} INFO - Sync 1 DAGs
[2026-09-14T00:12:44.589+0000] {logging_mixin.py:190} INFO - [2026-09-14T00:12:44.589+0000] {dag.py:4156} INFO - Setting next_dagrun for WeatherToronto_ETL to 2026-09-13 18:00:00+00:00, run_after=2026-09-14 18:00:00+00:00
[2026-09-14T00:12:44.596+0000] {processor.py:208} INFO - Processing /opt/airflow/dags/Shi_HW 3.py took 0.062 seconds
[2026-09-14T00:13:14.935+0000] {processor.py:186} INFO - Started process (PID=39823) to work on /opt/airflow/dags/Shi_HW 3.py
[2026-09-14T00:13:14.936+0000] {processor.py:914} INFO - Processing file /opt/airflow/dags/Shi_HW 3.py for tasks to queue
[2026-09-14T00:13:14.938+0000] {logging_mixin.py:190} INFO - [2026-09-14T00:13:14.937+0000] {dagbag.py:587} INFO - Filling up the DagBag from /opt/airflow/dags/Shi_HW 3.py
[2026-09-14T00:13:14.963+0000] {processor.py:925} INFO - DAG(s) 'WeatherToronto_ETL' retrieved from /opt/airflow/dags/Shi_HW 3.py
[2026-09-14T00:13:14.975+0000] {logging_mixin.py:190} INFO - [2026-09-14T00:13:14.974+0000] {dag.py:3229} INFO - Sync 1 DAGs
[2026-09-14T00:13:14.986+0000] {logging_mixin.py:190} INFO - [2026-09-14T00:13:14.986+0000] {dag.py:4156} INFO - Setting next_dagrun for WeatherToronto_ETL to 2026-09-13 18:00:00+00:00, run_after=2026-09-14 18:00:00+00:00
[2026-09-14T00:13:14.993+0000] {processor.py:208} INFO - Processing /opt/airflow/dags/Shi_HW 3.py took 0.065 seconds
[2026-09-14T00:13:45.296+0000] {processor.py:186} INFO - Started process (PID=39834) to work on /opt/airflow/dags/Shi_HW 3.py
[2026-09-14T00:13:45.298+0000] {processor.py:914} INFO - Processing file /opt/airflow/dags/Shi_HW 3.py for tasks to queue
[2026-09-14T00:13:45.299+0000] {logging_mixin.py:190} INFO - [2026-09-14T00:13:45.298+0000] {dagbag.py:587} INFO - Filling up the DagBag from /opt/airflow/dags/Shi_HW 3.py
[2026-09-14T00:13:45.326+0000] {processor.py:925} INFO - DAG(s) 'WeatherToronto_ETL' retrieved from /opt/airflow/dags/Shi_HW 3.py
[2026-09-14T00:13:45.337+0000] {logging_mixin.py:190} INFO - [2026-09-14T00:13:45.336+0000] {dag.py:3229} INFO - Sync 1 DAGs
[2026-09-14T00:13:45.349+0000] {logging_mixin.py:190} INFO - [2026-09-14T00:13:45.349+0000] {dag.py:4156} INFO - Setting next_dagrun for WeatherToronto_ETL to 2026-09-13 18:00:00+00:00, run_after=2026-09-14 18:00:00+00:00
[2026-09-14T00:13:45.356+0000] {processor.py:208} INFO - Processing /opt/airflow/dags/Shi_HW 3.py took 0.065 seconds
[2026-09-14T00:14:15.614+0000] {processor.py:186} INFO - Started process (PID=39845) to work on /opt/airflow/dags/Shi_HW 3.py
[2026-09-14T00:14:15.616+0000] {processor.py:914} INFO - Processing file /opt/airflow/dags/Shi_HW 3.py for tasks to queue
[2026-09-14T00:14:15.618+0000] {logging_mixin.py:190} INFO - [2026-09-14T00:14:15.617+0000] {dagbag.py:587} INFO - Filling up the DagBag from /opt/airflow/dags/Shi_HW 3.py
[2026-09-14T00:14:15.639+0000] {processor.py:925} INFO - DAG(s) 'WeatherToronto_ETL' retrieved from /opt/airflow/dags/Shi_HW 3.py
[2026-09-14T00:14:15.649+0000] {logging_mixin.py:190} INFO - [2026-09-14T00:14:15.648+0000] {dag.py:3229} INFO - Sync 1 DAGs
[2026-09-14T00:14:15.659+0000] {logging_mixin.py:190} INFO - [2026-09-14T00:14:15.659+0000] {dag.py:4156} INFO - Setting next_dagrun for WeatherToronto_ETL to 2026-09-13 18:00:00+00:00, run_after=2026-09-14 18:00:00+00:00
[2026-09-14T00:14:15.665+0000] {processor.py:208} INFO - Processing /opt/airflow/dags/Shi_HW 3.py took 0.058 seconds
[2026-09-14T00:14:45.999+0000] {processor.py:186} INFO - Started process (PID=39856) to work on /opt/airflow/dags/Shi_HW 3.py
[2026-09-14T00:14:46.002+0000] {processor.py:914} INFO - Processing file /opt/airflow/dags/Shi_HW 3.py for tasks to queue
[2026-09-14T00:14:46.003+0000] {logging_mixin.py:190} INFO - [2026-09-14T00:14:46.003+0000] {dagbag.py:587} INFO - Filling up the DagBag from /opt/airflow/dags/Shi_HW 3.py
[2026-09-14T00:14:46.028+0000] {processor.py:925} INFO - DAG(s) 'WeatherToronto_ETL' retrieved from /opt/airflow/dags/Shi_HW 3.py
[2026-09-14T00:14:46.038+0000] {logging_mixin.py:190} INFO - [2026-09-14T00:14:46.037+0000] {dag.py:3229} INFO - Sync 1 DAGs
[2026-09-14T00:14:46.049+0000] {logging_mixin.py:190} INFO - [2026-09-14T00:14:46.049+0000] {dag.py:4156} INFO - Setting next_dagrun for WeatherToronto_ETL to 2026-09-13 18:00:00+00:00, run_after=2026-09-14 18:00:00+00:00
[2026-09-14T00:14:46.055+0000] {processor.py:208} INFO - Processing /opt/airflow/dags/Shi_HW 3.py took 0.063 seconds
[2026-09-14T00:15:16.348+0000] {processor.py:186} INFO - Started process (PID=39867) to work on /opt/airflow/dags/Shi_HW 3.py
[2026-09-14T00:15:16.349+0000] {processor.py:914} INFO - Processing file /opt/airflow/dags/Shi_HW 3.py for tasks to queue
[2026-09-14T00:15:16.350+0000] {logging_mixin.py:190} INFO - [2026-09-14T00:15:16.350+0000] {dagbag.py:587} INFO - Filling up the DagBag from /opt/airflow/dags/Shi_HW 3.py
[2026-09-14T00:15:16.370+0000] {processor.py:925} INFO - DAG(s) 'WeatherToronto_ETL' retrieved from /opt/airflow/dags/Shi_HW 3.py
[2026-09-14T00:15:16.382+0000] {logging_mixin.py:190} INFO - [2026-09-14T00:15:16.380+0000] {dag.py:3229} INFO - Sync 1 DAGs
[2026-09-14T00:15:16.394+0000] {logging_mixin.py:190} INFO - [2026-09-14T00:15:16.394+0000] {dag.py:4156} INFO - Setting next_dagrun for WeatherToronto_ETL to 2026-09-13 18:00:00+00:00, run_after=2026-09-14 18:00:00+00:00
[2026-09-14T00:15:16.402+0000] {processor.py:208} INFO - Processing /opt/airflow/dags/Shi_HW 3.py took 0.059 seconds
[2026-09-14T00:15:46.717+0000] {processor.py:186} INFO - Started process (PID=39878) to work on /opt/airflow/dags/Shi_HW 3.py
[2026-09-14T00:15:46.719+0000] {processor.py:914} INFO - Processing file /opt/airflow/dags/Shi_HW 3.py for tasks to queue
[2026-09-14T00:15:46.720+0000] {logging_mixin.py:190} INFO - [2026-09-14T00:15:46.720+0000] {dagbag.py:587} INFO - Filling up the DagBag from /opt/airflow/dags/Shi_HW 3.py
[2026-09-14T00:15:46.739+0000] {processor.py:925} INFO - DAG(s) 'WeatherToronto_ETL' retrieved from /opt/airflow/dags/Shi_HW 3.py
[2026-09-14T00:15:46.747+0000] {logging_mixin.py:190} INFO - [2026-09-14T00:15:46.746+0000] {dag.py:3229} INFO - Sync 1 DAGs
[2026-09-14T00:15:46.757+0000] {logging_mixin.py:190} INFO - [2026-09-14T00:15:46.757+0000] {dag.py:4156} INFO - Setting next_dagrun for WeatherToronto_ETL to 2026-09-13 18:00:00+00:00, run_after=2026-09-14 18:00:00+00:00
[2026-09-14T00:15:46.763+0000] {processor.py:208} INFO - Processing /opt/airflow/dags/Shi_HW 3.py took 0.051 seconds
[2026-09-14T00:16:17.102+0000] {processor.py:186} INFO - Started process (PID=39889) to work on /opt/airflow/dags/Shi_HW 3.py
[2026-09-14T00:16:17.104+0000] {processor.py:914} INFO - Processing file /opt/airflow/dags/Shi_HW 3.py for tasks to queue
[2026-09-14T00:16:17.105+0000] {logging_mixin.py:190} INFO - [2026-09-14T00:16:17.105+0000] {dagbag.py:587} INFO - Filling up the DagBag from /opt/airflow/dags/Shi_HW 3.py
[2026-09-14T00:16:17.125+0000] {processor.py:925} INFO - DAG(s) 'WeatherToronto_ETL' retrieved from /opt/airflow/dags/Shi_HW 3.py
[2026-09-14T00:16:17.134+0000] {logging_mixin.py:190} INFO - [2026-09-14T00:16:17.133+0000] {dag.py:3229} INFO - Sync 1 DAGs
[2026-09-14T00:16:17.145+0000] {logging_mixin.py:190} INFO - [2026-09-14T00:16:17.145+0000] {dag.py:4156} INFO - Setting next_dagrun for WeatherToronto_ETL to 2026-09-13 18:00:00+00:00, run_after=2026-09-14 18:00:00+00:00
[2026-09-14T00:16:17.151+0000] {processor.py:208} INFO - Processing /opt/airflow/dags/Shi_HW 3.py took 0.054 seconds
[2026-09-14T00:16:47.468+0000] {processor.py:186} INFO - Started process (PID=39900) to work on /opt/airflow/dags/Shi_HW 3.py
[2026-09-14T00:16:47.469+0000] {processor.py:914} INFO - Processing file /opt/airflow/dags/Shi_HW 3.py for tasks to queue
[2026-09-14T00:16:47.470+0000] {logging_mixin.py:190} INFO - [2026-09-14T00:16:47.470+0000] {dagbag.py:587} INFO - Filling up the DagBag from /opt/airflow/dags/Shi_HW 3.py
[2026-09-14T00:16:47.483+0000] {processor.py:925} INFO - DAG(s) 'WeatherToronto_ETL' retrieved from /opt/airflow/dags/Shi_HW 3.py
[2026-09-14T00:16:47.491+0000] {logging_mixin.py:190} INFO - [2026-09-14T00:16:47.491+0000] {dag.py:3229} INFO - Sync 1 DAGs
[2026-09-14T00:16:47.501+0000] {logging_mixin.py:190} INFO - [2026-09-14T00:16:47.501+0000] {dag.py:4156} INFO - Setting next_dagrun for WeatherToronto_ETL to 2026-09-13 18:00:00+00:00, run_after=2026-09-14 18:00:00+00:00
[2026-09-14T00:16:47.507+0000] {processor.py:208} INFO - Processing /opt/airflow/dags/Shi_HW 3.py took 0.042 seconds
[2026-09-14T00:17:17.771+0000] {processor.py:186} INFO - Started process (PID=39911) to work on /opt/airflow/dags/Shi_HW 3.py
[2026-09-14T00:17:17.772+0000] {processor.py:914} INFO - Processing file /opt/airflow/dags/Shi_HW 3.py for tasks to queue
[2026-09-14T00:17:17.773+0000] {logging_mixin.py:190} INFO - [2026-09-14T00:17:17.773+0000] {dagbag.py:587} INFO - Filling up the DagBag from /opt/airflow/dags/Shi_HW 3.py
[2026-09-14T00:17:17.793+0000] {processor.py:925} INFO - DAG(s) 'WeatherToronto_ETL' retrieved from /opt/airflow/dags/Shi_HW 3.py
[2026-09-14T00:17:17.801+0000] {logging_mixin.py:190} INFO - [2026-09-14T00:17:17.801+0000] {dag.py:3229} INFO - Sync 1 DAGs
[2026-09-14T00:17:17.812+0000] {logging_mixin.py:190} INFO - [2026-09-14T00:17:17.811+0000] {dag.py:4156} INFO - Setting next_dagrun for WeatherToronto_ETL to 2026-09-13 18:00:00+00:00, run_after=2026-09-14 18:00:00+00:00
[2026-09-14T00:17:17.818+0000] {processor.py:208} INFO - Processing /opt/airflow/dags/Shi_HW 3.py took 0.052 seconds
[2026-09-14T00:17:48.195+0000] {processor.py:186} INFO - Started process (PID=39922) to work on /opt/airflow/dags/Shi_HW 3.py
[2026-09-14T00:17:48.198+0000] {processor.py:914} INFO - Processing file /opt/airflow/dags/Shi_HW 3.py for tasks to queue
[2026-09-14T00:17:48.199+0000] {logging_mixin.py:190} INFO - [2026-09-14T00:17:48.199+0000] {dagbag.py:587} INFO - Filling up the DagBag from /opt/airflow/dags/Shi_HW 3.py
[2026-09-14T00:17:48.220+0000] {processor.py:925} INFO - DAG(s) 'WeatherToronto_ETL' retrieved from /opt/airflow/dags/Shi_HW 3.py
[2026-09-14T00:17:48.230+0000] {logging_mixin.py:190} INFO - [2026-09-14T00:17:48.230+0000] {dag.py:3229} INFO - Sync 1 DAGs
[2026-09-14T00:17:48.241+0000] {logging_mixin.py:190} INFO - [2026-09-14T00:17:48.241+0000] {dag.py:4156} INFO - Setting next_dagrun for WeatherToronto_ETL to 2026-09-13 18:00:00+00:00, run_after=2026-09-14 18:00:00+00:00
[2026-09-14T00:17:48.247+0000] {processor.py:208} INFO - Processing /opt/airflow/dags/Shi_HW 3.py took 0.059 seconds
[2026-09-14T00:18:18.607+0000] {processor.py:186} INFO - Started process (PID=39933) to work on /opt/airflow/dags/Shi_HW 3.py
[2026-09-14T00:18:18.609+0000] {processor.py:914} INFO - Processing file /opt/airflow/dags/Shi_HW 3.py for tasks to queue
[2026-09-14T00:18:18.610+0000] {logging_mixin.py:190} INFO - [2026-09-14T00:18:18.610+0000] {dagbag.py:587} INFO - Filling up the DagBag from /opt/airflow/dags/Shi_HW 3.py
[2026-09-14T00:18:18.629+0000] {processor.py:925} INFO - DAG(s) 'WeatherToronto_ETL' retrieved from /opt/airflow/dags/Shi_HW 3.py
[2026-09-14T00:18:18.638+0000] {logging_mixin.py:190} INFO - [2026-09-14T00:18:18.637+0000] {dag.py:3229} INFO - Sync 1 DAGs
[2026-09-14T00:18:18.648+0000] {logging_mixin.py:190} INFO - [2026-09-14T00:18:18.648+0000] {dag.py:4156} INFO - Setting next_dagrun for WeatherToronto_ETL to 2026-09-13 18:00:00+00:00, run_after=2026-09-14 18:00:00+00:00
[2026-09-14T00:18:18.654+0000] {processor.py:208} INFO - Processing /opt/airflow/dags/Shi_HW 3.py took 0.054 seconds
[2026-09-14T00:18:49.069+0000] {processor.py:186} INFO - Started process (PID=39944) to work on /opt/airflow/dags/Shi_HW 3.py
[2026-09-14T00:18:49.071+0000] {processor.py:914} INFO - Processing file /opt/airflow/dags/Shi_HW 3.py for tasks to queue
[2026-09-14T00:18:49.073+0000] {logging_mixin.py:190} INFO - [2026-09-14T00:18:49.072+0000] {dagbag.py:587} INFO - Filling up the DagBag from /opt/airflow/dags/Shi_HW 3.py
[2026-09-14T00:18:49.096+0000] {processor.py:925} INFO - DAG(s) 'WeatherToronto_ETL' retrieved from /opt/airflow/dags/Shi_HW 3.py
[2026-09-14T00:18:49.108+0000] {logging_mixin.py:190} INFO - [2026-09-14T00:18:49.107+0000] {dag.py:3229} INFO - Sync 1 DAGs
[2026-09-14T00:18:49.120+0000] {logging_mixin.py:190} INFO - [2026-09-14T00:18:49.120+0000] {dag.py:4156} INFO - Setting next_dagrun for WeatherToronto_ETL to 2026-09-13 18:00:00+00:00, run_after=2026-09-14 18:00:00+00:00
[2026-09-14T00:18:49.126+0000] {processor.py:208} INFO - Processing /opt/airflow/dags/Shi_HW 3.py took 0.065 seconds
[2026-09-14T00:19:19.531+0000] {processor.py:186} INFO - Started process (PID=39955) to work on /opt/airflow/dags/Shi_HW 3.py
[2026-09-14T00:19:19.532+0000] {processor.py:914} INFO - Processing file /opt/airflow/dags/Shi_HW 3.py for tasks to queue
[2026-09-14T00:19:19.533+0000] {logging_mixin.py:190} INFO - [2026-09-14T00:19:19.533+0000] {dagbag.py:587} INFO - Filling up the DagBag from /opt/airflow/dags/Shi_HW 3.py
[2026-09-14T00:19:19.554+0000] {processor.py:925} INFO - DAG(s) 'WeatherToronto_ETL' retrieved from /opt/airflow/dags/Shi_HW 3.py
[2026-09-14T00:19:19.563+0000] {logging_mixin.py:190} INFO - [2026-09-14T00:19:19.563+0000] {dag.py:3229} INFO - Sync 1 DAGs
[2026-09-14T00:19:19.575+0000] {logging_mixin.py:190} INFO - [2026-09-14T00:19:19.574+0000] {dag.py:4156} INFO - Setting next_dagrun for WeatherToronto_ETL to 2026-09-13 18:00:00+00:00, run_after=2026-09-14 18:00:00+00:00
[2026-09-14T00:19:19.581+0000] {processor.py:208} INFO - Processing /opt/airflow/dags/Shi_HW 3.py took 0.056 seconds
[2026-09-14T00:19:49.974+0000] {processor.py:186} INFO - Started process (PID=39966) to work on /opt/airflow/dags/Shi_HW 3.py
[2026-09-14T00:19:49.976+0000] {processor.py:914} INFO - Processing file /opt/airflow/dags/Shi_HW 3.py for tasks to queue
[2026-09-14T00:19:49.977+0000] {logging_mixin.py:190} INFO - [2026-09-14T00:19:49.976+0000] {dagbag.py:587} INFO - Filling up the DagBag from /opt/airflow/dags/Shi_HW 3.py
[2026-09-14T00:19:50.021+0000] {processor.py:925} INFO - DAG(s) 'WeatherToronto_ETL' retrieved from /opt/airflow/dags/Shi_HW 3.py
[2026-09-14T00:19:50.047+0000] {logging_mixin.py:190} INFO - [2026-09-14T00:19:50.043+0000] {dag.py:3229} INFO - Sync 1 DAGs
[2026-09-14T00:19:50.069+0000] {logging_mixin.py:190} INFO - [2026-09-14T00:19:50.068+0000] {dag.py:4156} INFO - Setting next_dagrun for WeatherToronto_ETL to 2026-09-13 18:00:00+00:00, run_after=2026-09-14 18:00:00+00:00
[2026-09-14T00:19:50.077+0000] {processor.py:208} INFO - Processing /opt/airflow/dags/Shi_HW 3.py took 0.116 seconds
[2026-09-14T00:20:20.361+0000] {processor.py:186} INFO - Started process (PID=39977) to work on /opt/airflow/dags/Shi_HW 3.py
[2026-09-14T00:20:20.363+0000] {processor.py:914} INFO - Processing file /opt/airflow/dags/Shi_HW 3.py for tasks to queue
[2026-09-14T00:20:20.365+0000] {logging_mixin.py:190} INFO - [2026-09-14T00:20:20.364+0000] {dagbag.py:587} INFO - Filling up the DagBag from /opt/airflow/dags/Shi_HW 3.py
[2026-09-14T00:20:20.387+0000] {processor.py:925} INFO - DAG(s) 'WeatherToronto_ETL' retrieved from /opt/airflow/dags/Shi_HW 3.py
[2026-09-14T00:20:20.396+0000] {logging_mixin.py:190} INFO - [2026-09-14T00:20:20.396+0000] {dag.py:3229} INFO - Sync 1 DAGs
[2026-09-14T00:20:20.407+0000] {logging_mixin.py:190} INFO - [2026-09-14T00:20:20.407+0000] {dag.py:4156} INFO - Setting next_dagrun for WeatherToronto_ETL to 2026-09-13 18:00:00+00:00, run_after=2026-09-14 18:00:00+00:00
[2026-09-14T00:20:20.414+0000] {processor.py:208} INFO - Processing /opt/airflow/dags/Shi_HW 3.py took 0.061 seconds
[2026-09-14T00:20:50.730+0000] {processor.py:186} INFO - Started process (PID=39988) to work on /opt/airflow/dags/Shi_HW 3.py
[2026-09-14T00:20:50.733+0000] {processor.py:914} INFO - Processing file /opt/airflow/dags/Shi_HW 3.py for tasks to queue
[2026-09-14T00:20:50.735+0000] {logging_mixin.py:190} INFO - [2026-09-14T00:20:50.734+0000] {dagbag.py:587} INFO - Filling up the DagBag from /opt/airflow/dags/Shi_HW 3.py
[2026-09-14T00:20:50.766+0000] {processor.py:925} INFO - DAG(s) 'WeatherToronto_ETL' retrieved from /opt/airflow/dags/Shi_HW 3.py
[2026-09-14T00:20:50.783+0000] {logging_mixin.py:190} INFO - [2026-09-14T00:20:50.781+0000] {dag.py:3229} INFO - Sync 1 DAGs
[2026-09-14T00:20:50.798+0000] {logging_mixin.py:190} INFO - [2026-09-14T00:20:50.798+0000] {dag.py:4156} INFO - Setting next_dagrun for WeatherToronto_ETL to 2026-09-13 18:00:00+00:00, run_after=2026-09-14 18:00:00+00:00
[2026-09-14T00:20:50.806+0000] {processor.py:208} INFO - Processing /opt/airflow/dags/Shi_HW 3.py took 0.087 seconds
[2026-09-14T00:21:21.122+0000] {processor.py:186} INFO - Started process (PID=39999) to work on /opt/airflow/dags/Shi_HW 3.py
[2026-09-14T00:21:21.124+0000] {processor.py:914} INFO - Processing file /opt/airflow/dags/Shi_HW 3.py for tasks to queue
[2026-09-14T00:21:21.125+0000] {logging_mixin.py:190} INFO - [2026-09-14T00:21:21.125+0000] {dagbag.py:587} INFO - Filling up the DagBag from /opt/airflow/dags/Shi_HW 3.py
[2026-09-14T00:21:21.156+0000] {processor.py:925} INFO - DAG(s) 'WeatherToronto_ETL' retrieved from /opt/airflow/dags/Shi_HW 3.py
[2026-09-14T00:21:21.173+0000] {logging_mixin.py:190} INFO - [2026-09-14T00:21:21.171+0000] {dag.py:3229} INFO - Sync 1 DAGs
[2026-09-14T00:21:21.190+0000] {logging_mixin.py:190} INFO - [2026-09-14T00:21:21.190+0000] {dag.py:4156} INFO - Setting next_dagrun for WeatherToronto_ETL to 2026-09-13 18:00:00+00:00, run_after=2026-09-14 18:00:00+00:00
[2026-09-14T00:21:21.199+0000] {processor.py:208} INFO - Processing /opt/airflow/dags/Shi_HW 3.py took 0.086 seconds
[2026-09-14T00:21:51.478+0000] {processor.py:186} INFO - Started process (PID=40010) to work on /opt/airflow/dags/Shi_HW 3.py
[2026-09-14T00:21:51.480+0000] {processor.py:914} INFO - Processing file /opt/airflow/dags/Shi_HW 3.py for tasks to queue
[2026-09-14T00:21:51.480+0000] {logging_mixin.py:190} INFO - [2026-09-14T00:21:51.480+0000] {dagbag.py:587} INFO - Filling up the DagBag from /opt/airflow/dags/Shi_HW 3.py
[2026-09-14T00:21:51.497+0000] {processor.py:925} INFO - DAG(s) 'WeatherToronto_ETL' retrieved from /opt/airflow/dags/Shi_HW 3.py
[2026-09-14T00:21:51.507+0000] {logging_mixin.py:190} INFO - [2026-09-14T00:21:51.506+0000] {dag.py:3229} INFO - Sync 1 DAGs
[2026-09-14T00:21:51.517+0000] {logging_mixin.py:190} INFO - [2026-09-14T00:21:51.517+0000] {dag.py:4156} INFO - Setting next_dagrun for WeatherToronto_ETL to 2026-09-13 18:00:00+00:00, run_after=2026-09-14 18:00:00+00:00
[2026-09-14T00:21:51.523+0000] {processor.py:208} INFO - Processing /opt/airflow/dags/Shi_HW 3.py took 0.055 seconds
[2026-09-14T00:22:21.839+0000] {processor.py:186} INFO - Started process (PID=40021) to work on /opt/airflow/dags/Shi_HW 3.py
[2026-09-14T00:22:21.841+0000] {processor.py:914} INFO - Processing file /opt/airflow/dags/Shi_HW 3.py for tasks to queue
[2026-09-14T00:22:21.842+0000] {logging_mixin.py:190} INFO - [2026-09-14T00:22:21.841+0000] {dagbag.py:587} INFO - Filling up the DagBag from /opt/airflow/dags/Shi_HW 3.py
[2026-09-14T00:22:21.860+0000] {processor.py:925} INFO - DAG(s) 'WeatherToronto_ETL' retrieved from /opt/airflow/dags/Shi_HW 3.py
[2026-09-14T00:22:21.868+0000] {logging_mixin.py:190} INFO - [2026-09-14T00:22:21.868+0000] {dag.py:3229} INFO - Sync 1 DAGs
[2026-09-14T00:22:21.877+0000] {logging_mixin.py:190} INFO - [2026-09-14T00:22:21.877+0000] {dag.py:4156} INFO - Setting next_dagrun for WeatherToronto_ETL to 2026-09-13 18:00:00+00:00, run_after=2026-09-14 18:00:00+00:00
[2026-09-14T00:22:21.883+0000] {processor.py:208} INFO - Processing /opt/airflow/dags/Shi_HW 3.py took 0.049 seconds
[2026-09-14T00:22:52.275+0000] {processor.py:186} INFO - Started process (PID=40032) to work on /opt/airflow/dags/Shi_HW 3.py
[2026-09-14T00:22:52.277+0000] {processor.py:914} INFO - Processing file /opt/airflow/dags/Shi_HW 3.py for tasks to queue
[2026-09-14T00:22:52.278+0000] {logging_mixin.py:190} INFO - [2026-09-14T00:22:52.278+0000] {dagbag.py:587} INFO - Filling up the DagBag from /opt/airflow/dags/Shi_HW 3.py
[2026-09-14T00:22:52.311+0000] {processor.py:925} INFO - DAG(s) 'WeatherToronto_ETL' retrieved from /opt/airflow/dags/Shi_HW 3.py
[2026-09-14T00:22:52.330+0000] {logging_mixin.py:190} INFO - [2026-09-14T00:22:52.328+0000] {dag.py:3229} INFO - Sync 1 DAGs
[2026-09-14T00:22:52.348+0000] {logging_mixin.py:190} INFO - [2026-09-14T00:22:52.348+0000] {dag.py:4156} INFO - Setting next_dagrun for WeatherToronto_ETL to 2026-09-13 18:00:00+00:00, run_after=2026-09-14 18:00:00+00:00
[2026-09-14T00:22:52.357+0000] {processor.py:208} INFO - Processing /opt/airflow/dags/Shi_HW 3.py took 0.094 seconds
[2026-09-14T00:23:22.637+0000] {processor.py:186} INFO - Started process (PID=40043) to work on /opt/airflow/dags/Shi_HW 3.py
[2026-09-14T00:23:22.638+0000] {processor.py:914} INFO - Processing file /opt/airflow/dags/Shi_HW 3.py for tasks to queue
[2026-09-14T00:23:22.639+0000] {logging_mixin.py:190} INFO - [2026-09-14T00:23:22.639+0000] {dagbag.py:587} INFO - Filling up the DagBag from /opt/airflow/dags/Shi_HW 3.py
[2026-09-14T00:23:22.660+0000] {processor.py:925} INFO - DAG(s) 'WeatherToronto_ETL' retrieved from /opt/airflow/dags/Shi_HW 3.py
[2026-09-14T00:23:22.670+0000] {logging_mixin.py:190} INFO - [2026-09-14T00:23:22.669+0000] {dag.py:3229} INFO - Sync 1 DAGs
[2026-09-14T00:23:22.681+0000] {logging_mixin.py:190} INFO - [2026-09-14T00:23:22.681+0000] {dag.py:4156} INFO - Setting next_dagrun for WeatherToronto_ETL to 2026-09-13 18:00:00+00:00, run_after=2026-09-14 18:00:00+00:00
[2026-09-14T00:23:22.688+0000] {processor.py:208} INFO - Processing /opt/airflow/dags/Shi_HW 3.py took 0.057 seconds
[2026-09-14T00:23:52.995+0000] {processor.py:186} INFO - Started process (PID=40054) to work on /opt/airflow/dags/Shi_HW 3.py
[2026-09-14T00:23:52.997+0000] {processor.py:914} INFO - Processing file /opt/airflow/dags/Shi_HW 3.py for tasks to queue
[2026-09-14T00:23:52.998+0000] {logging_mixin.py:190} INFO - [2026-09-14T00:23:52.998+0000] {dagbag.py:587} INFO - Filling up the DagBag from /opt/airflow/dags/Shi_HW 3.py
[2026-09-14T00:23:53.016+0000] {processor.py:925} INFO - DAG(s) 'WeatherToronto_ETL' retrieved from /opt/airflow/dags/Shi_HW 3.py
[2026-09-14T00:23:53.025+0000] {logging_mixin.py:190} INFO - [2026-09-14T00:23:53.024+0000] {dag.py:3229} INFO - Sync 1 DAGs
[2026-09-14T00:23:53.035+0000] {logging_mixin.py:190} INFO - [2026-09-14T00:23:53.035+0000] {dag.py:4156} INFO - Setting next_dagrun for WeatherToronto_ETL to 2026-09-13 18:00:00+00:00, run_after=2026-09-14 18:00:00+00:00
[2026-09-14T00:23:53.041+0000] {processor.py:208} INFO - Processing /opt/airflow/dags/Shi_HW 3.py took 0.053 seconds
[2026-09-14T00:24:23.297+0000] {processor.py:186} INFO - Started process (PID=40065) to work on /opt/airflow/dags/Shi_HW 3.py
[2026-09-14T00:24:23.299+0000] {processor.py:914} INFO - Processing file /opt/airflow/dags/Shi_HW 3.py for tasks to queue
[2026-09-14T00:24:23.300+0000] {logging_mixin.py:190} INFO - [2026-09-14T00:24:23.300+0000] {dagbag.py:587} INFO - Filling up the DagBag from /opt/airflow/dags/Shi_HW 3.py
[2026-09-14T00:24:23.319+0000] {processor.py:925} INFO - DAG(s) 'WeatherToronto_ETL' retrieved from /opt/airflow/dags/Shi_HW 3.py
[2026-09-14T00:24:23.328+0000] {logging_mixin.py:190} INFO - [2026-09-14T00:24:23.328+0000] {dag.py:3229} INFO - Sync 1 DAGs
[2026-09-14T00:24:23.339+0000] {logging_mixin.py:190} INFO - [2026-09-14T00:24:23.339+0000] {dag.py:4156} INFO - Setting next_dagrun for WeatherToronto_ETL to 2026-09-13 18:00:00+00:00, run_after=2026-09-14 18:00:00+00:00
[2026-09-14T00:24:23.345+0000] {processor.py:208} INFO - Processing /opt/airflow/dags/Shi_HW 3.py took 0.054 seconds
[2026-09-14T00:24:53.662+0000] {processor.py:186} INFO - Started process (PID=40076) to work on /opt/airflow/dags/Shi_HW 3.py
[2026-09-14T00:24:53.664+0000] {processor.py:914} INFO - Processing file /opt/airflow/dags/Shi_HW 3.py for tasks to queue
[2026-09-14T00:24:53.665+0000] {logging_mixin.py:190} INFO - [2026-09-14T00:24:53.664+0000] {dagbag.py:587} INFO - Filling up the DagBag from /opt/airflow/dags/Shi_HW 3.py
[2026-09-14T00:24:53.688+0000] {processor.py:925} INFO - DAG(s) 'WeatherToronto_ETL' retrieved from /opt/airflow/dags/Shi_HW 3.py
[2026-09-14T00:24:53.700+0000] {logging_mixin.py:190} INFO - [2026-09-14T00:24:53.699+0000] {dag.py:3229} INFO - Sync 1 DAGs
[2026-09-14T00:24:53.712+0000] {logging_mixin.py:190} INFO - [2026-09-14T00:24:53.712+0000] {dag.py:4156} INFO - Setting next_dagrun for WeatherToronto_ETL to 2026-09-13 18:00:00+00:00, run_after=2026-09-14 18:00:00+00:00
[2026-09-14T00:24:53.719+0000] {processor.py:208} INFO - Processing /opt/airflow/dags/Shi_HW 3.py took 0.064 seconds
[2026-09-14T00:25:24.023+0000] {processor.py:186} INFO - Started process (PID=40087) to work on /opt/airflow/dags/Shi_HW 3.py
[2026-09-14T00:25:24.024+0000] {processor.py:914} INFO - Processing file /opt/airflow/dags/Shi_HW 3.py for tasks to queue
[2026-09-14T00:25:24.025+0000] {logging_mixin.py:190} INFO - [2026-09-14T00:25:24.025+0000] {dagbag.py:587} INFO - Filling up the DagBag from /opt/airflow/dags/Shi_HW 3.py
[2026-09-14T00:25:24.043+0000] {processor.py:925} INFO - DAG(s) 'WeatherToronto_ETL' retrieved from /opt/airflow/dags/Shi_HW 3.py
[2026-09-14T00:25:24.053+0000] {logging_mixin.py:190} INFO - [2026-09-14T00:25:24.052+0000] {dag.py:3229} INFO - Sync 1 DAGs
[2026-09-14T00:25:24.065+0000] {logging_mixin.py:190} INFO - [2026-09-14T00:25:24.065+0000] {dag.py:4156} INFO - Setting next_dagrun for WeatherToronto_ETL to 2026-09-13 18:00:00+00:00, run_after=2026-09-14 18:00:00+00:00
[2026-09-14T00:25:24.071+0000] {processor.py:208} INFO - Processing /opt/airflow/dags/Shi_HW 3.py took 0.056 seconds
[2026-09-14T00:25:54.400+0000] {processor.py:186} INFO - Started process (PID=40098) to work on /opt/airflow/dags/Shi_HW 3.py
[2026-09-14T00:25:54.402+0000] {processor.py:914} INFO - Processing file /opt/airflow/dags/Shi_HW 3.py for tasks to queue
[2026-09-14T00:25:54.404+0000] {logging_mixin.py:190} INFO - [2026-09-14T00:25:54.403+0000] {dagbag.py:587} INFO - Filling up the DagBag from /opt/airflow/dags/Shi_HW 3.py
[2026-09-14T00:25:54.431+0000] {processor.py:925} INFO - DAG(s) 'WeatherToronto_ETL' retrieved from /opt/airflow/dags/Shi_HW 3.py
[2026-09-14T00:25:54.445+0000] {logging_mixin.py:190} INFO - [2026-09-14T00:25:54.444+0000] {dag.py:3229} INFO - Sync 1 DAGs
[2026-09-14T00:25:54.459+0000] {logging_mixin.py:190} INFO - [2026-09-14T00:25:54.459+0000] {dag.py:4156} INFO - Setting next_dagrun for WeatherToronto_ETL to 2026-09-13 18:00:00+00:00, run_after=2026-09-14 18:00:00+00:00
[2026-09-14T00:25:54.466+0000] {processor.py:208} INFO - Processing /opt/airflow/dags/Shi_HW 3.py took 0.074 seconds
[2026-09-14T00:26:24.884+0000] {processor.py:186} INFO - Started process (PID=40109) to work on /opt/airflow/dags/Shi_HW 3.py
[2026-09-14T00:26:24.886+0000] {processor.py:914} INFO - Processing file /opt/airflow/dags/Shi_HW 3.py for tasks to queue
[2026-09-14T00:26:24.887+0000] {logging_mixin.py:190} INFO - [2026-09-14T00:26:24.887+0000] {dagbag.py:587} INFO - Filling up the DagBag from /opt/airflow/dags/Shi_HW 3.py
[2026-09-14T00:26:24.906+0000] {processor.py:925} INFO - DAG(s) 'WeatherToronto_ETL' retrieved from /opt/airflow/dags/Shi_HW 3.py
[2026-09-14T00:26:24.915+0000] {logging_mixin.py:190} INFO - [2026-09-14T00:26:24.914+0000] {dag.py:3229} INFO - Sync 1 DAGs
[2026-09-14T00:26:24.926+0000] {logging_mixin.py:190} INFO - [2026-09-14T00:26:24.926+0000] {dag.py:4156} INFO - Setting next_dagrun for WeatherToronto_ETL to 2026-09-13 18:00:00+00:00, run_after=2026-09-14 18:00:00+00:00
[2026-09-14T00:26:24.932+0000] {processor.py:208} INFO - Processing /opt/airflow/dags/Shi_HW 3.py took 0.057 seconds
[2026-09-14T00:26:55.311+0000] {processor.py:186} INFO - Started process (PID=40120) to work on /opt/airflow/dags/Shi_HW 3.py
[2026-09-14T00:26:55.313+0000] {processor.py:914} INFO - Processing file /opt/airflow/dags/Shi_HW 3.py for tasks to queue
[2026-09-14T00:26:55.313+0000] {logging_mixin.py:190} INFO - [2026-09-14T00:26:55.313+0000] {dagbag.py:587} INFO - Filling up the DagBag from /opt/airflow/dags/Shi_HW 3.py
[2026-09-14T00:26:55.329+0000] {processor.py:925} INFO - DAG(s) 'WeatherToronto_ETL' retrieved from /opt/airflow/dags/Shi_HW 3.py
[2026-09-14T00:26:55.338+0000] {logging_mixin.py:190} INFO - [2026-09-14T00:26:55.337+0000] {dag.py:3229} INFO - Sync 1 DAGs
[2026-09-14T00:26:55.349+0000] {logging_mixin.py:190} INFO - [2026-09-14T00:26:55.349+0000] {dag.py:4156} INFO - Setting next_dagrun for WeatherToronto_ETL to 2026-09-13 18:00:00+00:00, run_after=2026-09-14 18:00:00+00:00
[2026-09-14T00:26:55.360+0000] {processor.py:208} INFO - Processing /opt/airflow/dags/Shi_HW 3.py took 0.054 seconds
[2026-09-14T00:27:25.733+0000] {processor.py:186} INFO - Started process (PID=40137) to work on /opt/airflow/dags/Shi_HW 3.py
[2026-09-14T00:27:25.734+0000] {processor.py:914} INFO - Processing file /opt/airflow/dags/Shi_HW 3.py for tasks to queue
[2026-09-14T00:27:25.736+0000] {logging_mixin.py:190} INFO - [2026-09-14T00:27:25.735+0000] {dagbag.py:587} INFO - Filling up the DagBag from /opt/airflow/dags/Shi_HW 3.py
[2026-09-14T00:27:25.760+0000] {processor.py:925} INFO - DAG(s) 'WeatherToronto_ETL' retrieved from /opt/airflow/dags/Shi_HW 3.py
[2026-09-14T00:27:25.772+0000] {logging_mixin.py:190} INFO - [2026-09-14T00:27:25.771+0000] {dag.py:3229} INFO - Sync 1 DAGs
[2026-09-14T00:27:25.784+0000] {logging_mixin.py:190} INFO - [2026-09-14T00:27:25.784+0000] {dag.py:4156} INFO - Setting next_dagrun for WeatherToronto_ETL to 2026-09-13 18:00:00+00:00, run_after=2026-09-14 18:00:00+00:00
[2026-09-14T00:27:25.791+0000] {processor.py:208} INFO - Processing /opt/airflow/dags/Shi_HW 3.py took 0.067 seconds
[2026-09-14T00:27:56.082+0000] {processor.py:186} INFO - Started process (PID=40148) to work on /opt/airflow/dags/Shi_HW 3.py
[2026-09-14T00:27:56.084+0000] {processor.py:914} INFO - Processing file /opt/airflow/dags/Shi_HW 3.py for tasks to queue
[2026-09-14T00:27:56.085+0000] {logging_mixin.py:190} INFO - [2026-09-14T00:27:56.085+0000] {dagbag.py:587} INFO - Filling up the DagBag from /opt/airflow/dags/Shi_HW 3.py
[2026-09-14T00:27:56.103+0000] {processor.py:925} INFO - DAG(s) 'WeatherToronto_ETL' retrieved from /opt/airflow/dags/Shi_HW 3.py
[2026-09-14T00:27:56.115+0000] {logging_mixin.py:190} INFO - [2026-09-14T00:27:56.114+0000] {dag.py:3229} INFO - Sync 1 DAGs
[2026-09-14T00:27:56.126+0000] {logging_mixin.py:190} INFO - [2026-09-14T00:27:56.126+0000] {dag.py:4156} INFO - Setting next_dagrun for WeatherToronto_ETL to 2026-09-13 18:00:00+00:00, run_after=2026-09-14 18:00:00+00:00
[2026-09-14T00:27:56.133+0000] {processor.py:208} INFO - Processing /opt/airflow/dags/Shi_HW 3.py took 0.056 seconds
[2026-09-14T00:28:26.446+0000] {processor.py:186} INFO - Started process (PID=40159) to work on /opt/airflow/dags/Shi_HW 3.py
[2026-09-14T00:28:26.448+0000] {processor.py:914} INFO - Processing file /opt/airflow/dags/Shi_HW 3.py for tasks to queue
[2026-09-14T00:28:26.450+0000] {logging_mixin.py:190} INFO - [2026-09-14T00:28:26.449+0000] {dagbag.py:587} INFO - Filling up the DagBag from /opt/airflow/dags/Shi_HW 3.py
[2026-09-14T00:28:26.490+0000] {processor.py:925} INFO - DAG(s) 'WeatherToronto_ETL' retrieved from /opt/airflow/dags/Shi_HW 3.py
[2026-09-14T00:28:26.506+0000] {logging_mixin.py:190} INFO - [2026-09-14T00:28:26.505+0000] {dag.py:3229} INFO - Sync 1 DAGs
[2026-09-14T00:28:26.524+0000] {logging_mixin.py:190} INFO - [2026-09-14T00:28:26.524+0000] {dag.py:4156} INFO - Setting next_dagrun for WeatherToronto_ETL to 2026-09-13 18:00:00+00:00, run_after=2026-09-14 18:00:00+00:00
[2026-09-14T00:28:26.532+0000] {processor.py:208} INFO - Processing /opt/airflow/dags/Shi_HW 3.py took 0.101 seconds
[2026-09-14T00:28:56.881+0000] {processor.py:186} INFO - Started process (PID=40170) to work on /opt/airflow/dags/Shi_HW 3.py
[2026-09-14T00:28:56.883+0000] {processor.py:914} INFO - Processing file /opt/airflow/dags/Shi_HW 3.py for tasks to queue
[2026-09-14T00:28:56.885+0000] {logging_mixin.py:190} INFO - [2026-09-14T00:28:56.884+0000] {dagbag.py:587} INFO - Filling up the DagBag from /opt/airflow/dags/Shi_HW 3.py
[2026-09-14T00:28:56.921+0000] {processor.py:925} INFO - DAG(s) 'WeatherToronto_ETL' retrieved from /opt/airflow/dags/Shi_HW 3.py
[2026-09-14T00:28:56.947+0000] {logging_mixin.py:190} INFO - [2026-09-14T00:28:56.945+0000] {dag.py:3229} INFO - Sync 1 DAGs
[2026-09-14T00:28:56.965+0000] {logging_mixin.py:190} INFO - [2026-09-14T00:28:56.965+0000] {dag.py:4156} INFO - Setting next_dagrun for WeatherToronto_ETL to 2026-09-13 18:00:00+00:00, run_after=2026-09-14 18:00:00+00:00
[2026-09-14T00:28:56.974+0000] {processor.py:208} INFO - Processing /opt/airflow/dags/Shi_HW 3.py took 0.101 seconds
[2026-09-14T00:29:27.244+0000] {processor.py:186} INFO - Started process (PID=40181) to work on /opt/airflow/dags/Shi_HW 3.py
[2026-09-14T00:29:27.246+0000] {processor.py:914} INFO - Processing file /opt/airflow/dags/Shi_HW 3.py for tasks to queue
[2026-09-14T00:29:27.247+0000] {logging_mixin.py:190} INFO - [2026-09-14T00:29:27.247+0000] {dagbag.py:587} INFO - Filling up the DagBag from /opt/airflow/dags/Shi_HW 3.py
[2026-09-14T00:29:27.269+0000] {processor.py:925} INFO - DAG(s) 'WeatherToronto_ETL' retrieved from /opt/airflow/dags/Shi_HW 3.py
[2026-09-14T00:29:27.277+0000] {logging_mixin.py:190} INFO - [2026-09-14T00:29:27.277+0000] {dag.py:3229} INFO - Sync 1 DAGs
[2026-09-14T00:29:27.288+0000] {logging_mixin.py:190} INFO - [2026-09-14T00:29:27.288+0000] {dag.py:4156} INFO - Setting next_dagrun for WeatherToronto_ETL to 2026-09-13 18:00:00+00:00, run_after=2026-09-14 18:00:00+00:00
[2026-09-14T00:29:27.294+0000] {processor.py:208} INFO - Processing /opt/airflow/dags/Shi_HW 3.py took 0.060 seconds
[2026-09-14T00:29:57.689+0000] {processor.py:186} INFO - Started process (PID=40192) to work on /opt/airflow/dags/Shi_HW 3.py
[2026-09-14T00:29:57.692+0000] {processor.py:914} INFO - Processing file /opt/airflow/dags/Shi_HW 3.py for tasks to queue
[2026-09-14T00:29:57.693+0000] {logging_mixin.py:190} INFO - [2026-09-14T00:29:57.693+0000] {dagbag.py:587} INFO - Filling up the DagBag from /opt/airflow/dags/Shi_HW 3.py
[2026-09-14T00:29:57.719+0000] {processor.py:925} INFO - DAG(s) 'WeatherToronto_ETL' retrieved from /opt/airflow/dags/Shi_HW 3.py
[2026-09-14T00:29:57.731+0000] {logging_mixin.py:190} INFO - [2026-09-14T00:29:57.729+0000] {dag.py:3229} INFO - Sync 1 DAGs
[2026-09-14T00:29:57.743+0000] {logging_mixin.py:190} INFO - [2026-09-14T00:29:57.743+0000] {dag.py:4156} INFO - Setting next_dagrun for WeatherToronto_ETL to 2026-09-13 18:00:00+00:00, run_after=2026-09-14 18:00:00+00:00
[2026-09-14T00:29:57.750+0000] {processor.py:208} INFO - Processing /opt/airflow/dags/Shi_HW 3.py took 0.069 seconds
[2026-09-14T00:30:28.073+0000] {processor.py:186} INFO - Started process (PID=40203) to work on /opt/airflow/dags/Shi_HW 3.py
[2026-09-14T00:30:28.075+0000] {processor.py:914} INFO - Processing file /opt/airflow/dags/Shi_HW 3.py for tasks to queue
[2026-09-14T00:30:28.076+0000] {logging_mixin.py:190} INFO - [2026-09-14T00:30:28.076+0000] {dagbag.py:587} INFO - Filling up the DagBag from /opt/airflow/dags/Shi_HW 3.py
[2026-09-14T00:30:28.094+0000] {processor.py:925} INFO - DAG(s) 'WeatherToronto_ETL' retrieved from /opt/airflow/dags/Shi_HW 3.py
[2026-09-14T00:30:28.103+0000] {logging_mixin.py:190} INFO - [2026-09-14T00:30:28.102+0000] {dag.py:3229} INFO - Sync 1 DAGs
[2026-09-14T00:30:28.113+0000] {logging_mixin.py:190} INFO - [2026-09-14T00:30:28.113+0000] {dag.py:4156} INFO - Setting next_dagrun for WeatherToronto_ETL to 2026-09-13 18:00:00+00:00, run_after=2026-09-14 18:00:00+00:00
[2026-09-14T00:30:28.119+0000] {processor.py:208} INFO - Processing /opt/airflow/dags/Shi_HW 3.py took 0.053 seconds
[2026-09-14T00:30:58.483+0000] {processor.py:186} INFO - Started process (PID=40214) to work on /opt/airflow/dags/Shi_HW 3.py
[2026-09-14T00:30:58.486+0000] {processor.py:914} INFO - Processing file /opt/airflow/dags/Shi_HW 3.py for tasks to queue
[2026-09-14T00:30:58.488+0000] {logging_mixin.py:190} INFO - [2026-09-14T00:30:58.488+0000] {dagbag.py:587} INFO - Filling up the DagBag from /opt/airflow/dags/Shi_HW 3.py
[2026-09-14T00:30:58.533+0000] {processor.py:925} INFO - DAG(s) 'WeatherToronto_ETL' retrieved from /opt/airflow/dags/Shi_HW 3.py
[2026-09-14T00:30:58.549+0000] {logging_mixin.py:190} INFO - [2026-09-14T00:30:58.547+0000] {dag.py:3229} INFO - Sync 1 DAGs
[2026-09-14T00:30:58.568+0000] {logging_mixin.py:190} INFO - [2026-09-14T00:30:58.568+0000] {dag.py:4156} INFO - Setting next_dagrun for WeatherToronto_ETL to 2026-09-13 18:00:00+00:00, run_after=2026-09-14 18:00:00+00:00
[2026-09-14T00:30:58.576+0000] {processor.py:208} INFO - Processing /opt/airflow/dags/Shi_HW 3.py took 0.103 seconds
[2026-09-14T00:31:28.802+0000] {processor.py:186} INFO - Started process (PID=40225) to work on /opt/airflow/dags/Shi_HW 3.py
[2026-09-14T00:31:28.803+0000] {processor.py:914} INFO - Processing file /opt/airflow/dags/Shi_HW 3.py for tasks to queue
[2026-09-14T00:31:28.804+0000] {logging_mixin.py:190} INFO - [2026-09-14T00:31:28.804+0000] {dagbag.py:587} INFO - Filling up the DagBag from /opt/airflow/dags/Shi_HW 3.py
[2026-09-14T00:31:28.822+0000] {processor.py:925} INFO - DAG(s) 'WeatherToronto_ETL' retrieved from /opt/airflow/dags/Shi_HW 3.py
[2026-09-14T00:31:28.831+0000] {logging_mixin.py:190} INFO - [2026-09-14T00:31:28.830+0000] {dag.py:3229} INFO - Sync 1 DAGs
[2026-09-14T00:31:28.842+0000] {logging_mixin.py:190} INFO - [2026-09-14T00:31:28.842+0000] {dag.py:4156} INFO - Setting next_dagrun for WeatherToronto_ETL to 2026-09-13 18:00:00+00:00, run_after=2026-09-14 18:00:00+00:00
[2026-09-14T00:31:28.848+0000] {processor.py:208} INFO - Processing /opt/airflow/dags/Shi_HW 3.py took 0.052 seconds
[2026-09-14T00:31:59.239+0000] {processor.py:186} INFO - Started process (PID=40236) to work on /opt/airflow/dags/Shi_HW 3.py
[2026-09-14T00:31:59.242+0000] {processor.py:914} INFO - Processing file /opt/airflow/dags/Shi_HW 3.py for tasks to queue
[2026-09-14T00:31:59.243+0000] {logging_mixin.py:190} INFO - [2026-09-14T00:31:59.243+0000] {dagbag.py:587} INFO - Filling up the DagBag from /opt/airflow/dags/Shi_HW 3.py
[2026-09-14T00:31:59.270+0000] {processor.py:925} INFO - DAG(s) 'WeatherToronto_ETL' retrieved from /opt/airflow/dags/Shi_HW 3.py
[2026-09-14T00:31:59.282+0000] {logging_mixin.py:190} INFO - [2026-09-14T00:31:59.281+0000] {dag.py:3229} INFO - Sync 1 DAGs
[2026-09-14T00:31:59.294+0000] {logging_mixin.py:190} INFO - [2026-09-14T00:31:59.294+0000] {dag.py:4156} INFO - Setting next_dagrun for WeatherToronto_ETL to 2026-09-13 18:00:00+00:00, run_after=2026-09-14 18:00:00+00:00
[2026-09-14T00:31:59.301+0000] {processor.py:208} INFO - Processing /opt/airflow/dags/Shi_HW 3.py took 0.069 seconds
[2026-09-14T00:32:29.597+0000] {processor.py:186} INFO - Started process (PID=40247) to work on /opt/airflow/dags/Shi_HW 3.py
[2026-09-14T00:32:29.599+0000] {processor.py:914} INFO - Processing file /opt/airflow/dags/Shi_HW 3.py for tasks to queue
[2026-09-14T00:32:29.600+0000] {logging_mixin.py:190} INFO - [2026-09-14T00:32:29.599+0000] {dagbag.py:587} INFO - Filling up the DagBag from /opt/airflow/dags/Shi_HW 3.py
[2026-09-14T00:32:29.616+0000] {processor.py:925} INFO - DAG(s) 'WeatherToronto_ETL' retrieved from /opt/airflow/dags/Shi_HW 3.py
[2026-09-14T00:32:29.625+0000] {logging_mixin.py:190} INFO - [2026-09-14T00:32:29.625+0000] {dag.py:3229} INFO - Sync 1 DAGs
[2026-09-14T00:32:29.636+0000] {logging_mixin.py:190} INFO - [2026-09-14T00:32:29.636+0000] {dag.py:4156} INFO - Setting next_dagrun for WeatherToronto_ETL to 2026-09-13 18:00:00+00:00, run_after=2026-09-14 18:00:00+00:00
[2026-09-14T00:32:29.642+0000] {processor.py:208} INFO - Processing /opt/airflow/dags/Shi_HW 3.py took 0.052 seconds
[2026-09-14T00:32:59.993+0000] {processor.py:186} INFO - Started process (PID=40258) to work on /opt/airflow/dags/Shi_HW 3.py
[2026-09-14T00:32:59.995+0000] {processor.py:914} INFO - Processing file /opt/airflow/dags/Shi_HW 3.py for tasks to queue
[2026-09-14T00:32:59.996+0000] {logging_mixin.py:190} INFO - [2026-09-14T00:32:59.996+0000] {dagbag.py:587} INFO - Filling up the DagBag from /opt/airflow/dags/Shi_HW 3.py
[2026-09-14T00:33:00.023+0000] {processor.py:925} INFO - DAG(s) 'WeatherToronto_ETL' retrieved from /opt/airflow/dags/Shi_HW 3.py
[2026-09-14T00:33:00.034+0000] {logging_mixin.py:190} INFO - [2026-09-14T00:33:00.033+0000] {dag.py:3229} INFO - Sync 1 DAGs
[2026-09-14T00:33:00.046+0000] {logging_mixin.py:190} INFO - [2026-09-14T00:33:00.046+0000] {dag.py:4156} INFO - Setting next_dagrun for WeatherToronto_ETL to 2026-09-13 18:00:00+00:00, run_after=2026-09-14 18:00:00+00:00
[2026-09-14T00:33:00.052+0000] {processor.py:208} INFO - Processing /opt/airflow/dags/Shi_HW 3.py took 0.068 seconds
[2026-09-14T00:33:30.362+0000] {processor.py:186} INFO - Started process (PID=40269) to work on /opt/airflow/dags/Shi_HW 3.py
[2026-09-14T00:33:30.364+0000] {processor.py:914} INFO - Processing file /opt/airflow/dags/Shi_HW 3.py for tasks to queue
[2026-09-14T00:33:30.365+0000] {logging_mixin.py:190} INFO - [2026-09-14T00:33:30.364+0000] {dagbag.py:587} INFO - Filling up the DagBag from /opt/airflow/dags/Shi_HW 3.py
[2026-09-14T00:33:30.383+0000] {processor.py:925} INFO - DAG(s) 'WeatherToronto_ETL' retrieved from /opt/airflow/dags/Shi_HW 3.py
[2026-09-14T00:33:30.392+0000] {logging_mixin.py:190} INFO - [2026-09-14T00:33:30.392+0000] {dag.py:3229} INFO - Sync 1 DAGs
[2026-09-14T00:33:30.403+0000] {logging_mixin.py:190} INFO - [2026-09-14T00:33:30.403+0000] {dag.py:4156} INFO - Setting next_dagrun for WeatherToronto_ETL to 2026-09-13 18:00:00+00:00, run_after=2026-09-14 18:00:00+00:00
[2026-09-14T00:33:30.410+0000] {processor.py:208} INFO - Processing /opt/airflow/dags/Shi_HW 3.py took 0.054 seconds
[2026-09-14T00:34:00.761+0000] {processor.py:186} INFO - Started process (PID=40280) to work on /opt/airflow/dags/Shi_HW 3.py
[2026-09-14T00:34:00.762+0000] {processor.py:914} INFO - Processing file /opt/airflow/dags/Shi_HW 3.py for tasks to queue
[2026-09-14T00:34:00.764+0000] {logging_mixin.py:190} INFO - [2026-09-14T00:34:00.763+0000] {dagbag.py:587} INFO - Filling up the DagBag from /opt/airflow/dags/Shi_HW 3.py
[2026-09-14T00:34:00.788+0000] {processor.py:925} INFO - DAG(s) 'WeatherToronto_ETL' retrieved from /opt/airflow/dags/Shi_HW 3.py
[2026-09-14T00:34:00.800+0000] {logging_mixin.py:190} INFO - [2026-09-14T00:34:00.799+0000] {dag.py:3229} INFO - Sync 1 DAGs
[2026-09-14T00:34:00.813+0000] {logging_mixin.py:190} INFO - [2026-09-14T00:34:00.812+0000] {dag.py:4156} INFO - Setting next_dagrun for WeatherToronto_ETL to 2026-09-13 18:00:00+00:00, run_after=2026-09-14 18:00:00+00:00
[2026-09-14T00:34:00.819+0000] {processor.py:208} INFO - Processing /opt/airflow/dags/Shi_HW 3.py took 0.067 seconds
[2026-09-14T00:34:31.132+0000] {processor.py:186} INFO - Started process (PID=40291) to work on /opt/airflow/dags/Shi_HW 3.py
[2026-09-14T00:34:31.135+0000] {processor.py:914} INFO - Processing file /opt/airflow/dags/Shi_HW 3.py for tasks to queue
[2026-09-14T00:34:31.137+0000] {logging_mixin.py:190} INFO - [2026-09-14T00:34:31.136+0000] {dagbag.py:587} INFO - Filling up the DagBag from /opt/airflow/dags/Shi_HW 3.py
[2026-09-14T00:34:31.158+0000] {processor.py:925} INFO - DAG(s) 'WeatherToronto_ETL' retrieved from /opt/airflow/dags/Shi_HW 3.py
[2026-09-14T00:34:31.168+0000] {logging_mixin.py:190} INFO - [2026-09-14T00:34:31.167+0000] {dag.py:3229} INFO - Sync 1 DAGs
[2026-09-14T00:34:31.179+0000] {logging_mixin.py:190} INFO - [2026-09-14T00:34:31.179+0000] {dag.py:4156} INFO - Setting next_dagrun for WeatherToronto_ETL to 2026-09-13 18:00:00+00:00, run_after=2026-09-14 18:00:00+00:00
[2026-09-14T00:34:31.186+0000] {processor.py:208} INFO - Processing /opt/airflow/dags/Shi_HW 3.py took 0.060 seconds
[2026-09-14T00:35:01.496+0000] {processor.py:186} INFO - Started process (PID=40302) to work on /opt/airflow/dags/Shi_HW 3.py
[2026-09-14T00:35:01.498+0000] {processor.py:914} INFO - Processing file /opt/airflow/dags/Shi_HW 3.py for tasks to queue
[2026-09-14T00:35:01.499+0000] {logging_mixin.py:190} INFO - [2026-09-14T00:35:01.499+0000] {dagbag.py:587} INFO - Filling up the DagBag from /opt/airflow/dags/Shi_HW 3.py
[2026-09-14T00:35:01.514+0000] {processor.py:925} INFO - DAG(s) 'WeatherToronto_ETL' retrieved from /opt/airflow/dags/Shi_HW 3.py
[2026-09-14T00:35:01.523+0000] {logging_mixin.py:190} INFO - [2026-09-14T00:35:01.522+0000] {dag.py:3229} INFO - Sync 1 DAGs
[2026-09-14T00:35:01.533+0000] {logging_mixin.py:190} INFO - [2026-09-14T00:35:01.533+0000] {dag.py:4156} INFO - Setting next_dagrun for WeatherToronto_ETL to 2026-09-13 18:00:00+00:00, run_after=2026-09-14 18:00:00+00:00
[2026-09-14T00:35:01.539+0000] {processor.py:208} INFO - Processing /opt/airflow/dags/Shi_HW 3.py took 0.048 seconds
[2026-09-14T00:35:31.844+0000] {processor.py:186} INFO - Started process (PID=40313) to work on /opt/airflow/dags/Shi_HW 3.py
[2026-09-14T00:35:31.845+0000] {processor.py:914} INFO - Processing file /opt/airflow/dags/Shi_HW 3.py for tasks to queue
[2026-09-14T00:35:31.847+0000] {logging_mixin.py:190} INFO - [2026-09-14T00:35:31.846+0000] {dagbag.py:587} INFO - Filling up the DagBag from /opt/airflow/dags/Shi_HW 3.py
[2026-09-14T00:35:31.871+0000] {processor.py:925} INFO - DAG(s) 'WeatherToronto_ETL' retrieved from /opt/airflow/dags/Shi_HW 3.py
[2026-09-14T00:35:31.882+0000] {logging_mixin.py:190} INFO - [2026-09-14T00:35:31.881+0000] {dag.py:3229} INFO - Sync 1 DAGs
[2026-09-14T00:35:31.895+0000] {logging_mixin.py:190} INFO - [2026-09-14T00:35:31.895+0000] {dag.py:4156} INFO - Setting next_dagrun for WeatherToronto_ETL to 2026-09-13 18:00:00+00:00, run_after=2026-09-14 18:00:00+00:00
[2026-09-14T00:35:31.902+0000] {processor.py:208} INFO - Processing /opt/airflow/dags/Shi_HW 3.py took 0.065 seconds
[2026-09-14T00:36:02.217+0000] {processor.py:186} INFO - Started process (PID=40324) to work on /opt/airflow/dags/Shi_HW 3.py
[2026-09-14T00:36:02.220+0000] {processor.py:914} INFO - Processing file /opt/airflow/dags/Shi_HW 3.py for tasks to queue
[2026-09-14T00:36:02.221+0000] {logging_mixin.py:190} INFO - [2026-09-14T00:36:02.221+0000] {dagbag.py:587} INFO - Filling up the DagBag from /opt/airflow/dags/Shi_HW 3.py
[2026-09-14T00:36:02.239+0000] {processor.py:925} INFO - DAG(s) 'WeatherToronto_ETL' retrieved from /opt/airflow/dags/Shi_HW 3.py
[2026-09-14T00:36:02.247+0000] {logging_mixin.py:190} INFO - [2026-09-14T00:36:02.247+0000] {dag.py:3229} INFO - Sync 1 DAGs
[2026-09-14T00:36:02.256+0000] {logging_mixin.py:190} INFO - [2026-09-14T00:36:02.256+0000] {dag.py:4156} INFO - Setting next_dagrun for WeatherToronto_ETL to 2026-09-13 18:00:00+00:00, run_after=2026-09-14 18:00:00+00:00
[2026-09-14T00:36:02.262+0000] {processor.py:208} INFO - Processing /opt/airflow/dags/Shi_HW 3.py took 0.051 seconds
[2026-09-14T00:36:32.578+0000] {processor.py:186} INFO - Started process (PID=40335) to work on /opt/airflow/dags/Shi_HW 3.py
[2026-09-14T00:36:32.580+0000] {processor.py:914} INFO - Processing file /opt/airflow/dags/Shi_HW 3.py for tasks to queue
[2026-09-14T00:36:32.581+0000] {logging_mixin.py:190} INFO - [2026-09-14T00:36:32.581+0000] {dagbag.py:587} INFO - Filling up the DagBag from /opt/airflow/dags/Shi_HW 3.py
[2026-09-14T00:36:32.600+0000] {processor.py:925} INFO - DAG(s) 'WeatherToronto_ETL' retrieved from /opt/airflow/dags/Shi_HW 3.py
[2026-09-14T00:36:32.609+0000] {logging_mixin.py:190} INFO - [2026-09-14T00:36:32.608+0000] {dag.py:3229} INFO - Sync 1 DAGs
[2026-09-14T00:36:32.619+0000] {logging_mixin.py:190} INFO - [2026-09-14T00:36:32.619+0000] {dag.py:4156} INFO - Setting next_dagrun for WeatherToronto_ETL to 2026-09-13 18:00:00+00:00, run_after=2026-09-14 18:00:00+00:00
[2026-09-14T00:36:32.626+0000] {processor.py:208} INFO - Processing /opt/airflow/dags/Shi_HW 3.py took 0.054 seconds
[2026-09-14T00:37:02.930+0000] {processor.py:186} INFO - Started process (PID=40346) to work on /opt/airflow/dags/Shi_HW 3.py
[2026-09-14T00:37:02.933+0000] {processor.py:914} INFO - Processing file /opt/airflow/dags/Shi_HW 3.py for tasks to queue
[2026-09-14T00:37:02.934+0000] {logging_mixin.py:190} INFO - [2026-09-14T00:37:02.934+0000] {dagbag.py:587} INFO - Filling up the DagBag from /opt/airflow/dags/Shi_HW 3.py
[2026-09-14T00:37:02.951+0000] {processor.py:925} INFO - DAG(s) 'WeatherToronto_ETL' retrieved from /opt/airflow/dags/Shi_HW 3.py
[2026-09-14T00:37:02.960+0000] {logging_mixin.py:190} INFO - [2026-09-14T00:37:02.960+0000] {dag.py:3229} INFO - Sync 1 DAGs
[2026-09-14T00:37:02.971+0000] {logging_mixin.py:190} INFO - [2026-09-14T00:37:02.970+0000] {dag.py:4156} INFO - Setting next_dagrun for WeatherToronto_ETL to 2026-09-13 18:00:00+00:00, run_after=2026-09-14 18:00:00+00:00
[2026-09-14T00:37:02.977+0000] {processor.py:208} INFO - Processing /opt/airflow/dags/Shi_HW 3.py took 0.052 seconds
[2026-09-14T00:37:33.300+0000] {processor.py:186} INFO - Started process (PID=40357) to work on /opt/airflow/dags/Shi_HW 3.py
[2026-09-14T00:37:33.302+0000] {processor.py:914} INFO - Processing file /opt/airflow/dags/Shi_HW 3.py for tasks to queue
[2026-09-14T00:37:33.303+0000] {logging_mixin.py:190} INFO - [2026-09-14T00:37:33.303+0000] {dagbag.py:587} INFO - Filling up the DagBag from /opt/airflow/dags/Shi_HW 3.py
[2026-09-14T00:37:33.321+0000] {processor.py:925} INFO - DAG(s) 'WeatherToronto_ETL' retrieved from /opt/airflow/dags/Shi_HW 3.py
[2026-09-14T00:37:33.330+0000] {logging_mixin.py:190} INFO - [2026-09-14T00:37:33.329+0000] {dag.py:3229} INFO - Sync 1 DAGs
[2026-09-14T00:37:33.341+0000] {logging_mixin.py:190} INFO - [2026-09-14T00:37:33.341+0000] {dag.py:4156} INFO - Setting next_dagrun for WeatherToronto_ETL to 2026-09-13 18:00:00+00:00, run_after=2026-09-14 18:00:00+00:00
[2026-09-14T00:37:33.348+0000] {processor.py:208} INFO - Processing /opt/airflow/dags/Shi_HW 3.py took 0.054 seconds
[2026-09-14T00:38:03.658+0000] {processor.py:186} INFO - Started process (PID=40368) to work on /opt/airflow/dags/Shi_HW 3.py
[2026-09-14T00:38:03.661+0000] {processor.py:914} INFO - Processing file /opt/airflow/dags/Shi_HW 3.py for tasks to queue
[2026-09-14T00:38:03.662+0000] {logging_mixin.py:190} INFO - [2026-09-14T00:38:03.661+0000] {dagbag.py:587} INFO - Filling up the DagBag from /opt/airflow/dags/Shi_HW 3.py
[2026-09-14T00:38:03.679+0000] {processor.py:925} INFO - DAG(s) 'WeatherToronto_ETL' retrieved from /opt/airflow/dags/Shi_HW 3.py
[2026-09-14T00:38:03.687+0000] {logging_mixin.py:190} INFO - [2026-09-14T00:38:03.686+0000] {dag.py:3229} INFO - Sync 1 DAGs
[2026-09-14T00:38:03.696+0000] {logging_mixin.py:190} INFO - [2026-09-14T00:38:03.696+0000] {dag.py:4156} INFO - Setting next_dagrun for WeatherToronto_ETL to 2026-09-13 18:00:00+00:00, run_after=2026-09-14 18:00:00+00:00
[2026-09-14T00:38:03.702+0000] {processor.py:208} INFO - Processing /opt/airflow/dags/Shi_HW 3.py took 0.049 seconds
[2026-09-14T00:38:34.041+0000] {processor.py:186} INFO - Started process (PID=40379) to work on /opt/airflow/dags/Shi_HW 3.py
[2026-09-14T00:38:34.044+0000] {processor.py:914} INFO - Processing file /opt/airflow/dags/Shi_HW 3.py for tasks to queue
[2026-09-14T00:38:34.045+0000] {logging_mixin.py:190} INFO - [2026-09-14T00:38:34.045+0000] {dagbag.py:587} INFO - Filling up the DagBag from /opt/airflow/dags/Shi_HW 3.py
[2026-09-14T00:38:34.062+0000] {processor.py:925} INFO - DAG(s) 'WeatherToronto_ETL' retrieved from /opt/airflow/dags/Shi_HW 3.py
[2026-09-14T00:38:34.071+0000] {logging_mixin.py:190} INFO - [2026-09-14T00:38:34.070+0000] {dag.py:3229} INFO - Sync 1 DAGs
[2026-09-14T00:38:34.081+0000] {logging_mixin.py:190} INFO - [2026-09-14T00:38:34.081+0000] {dag.py:4156} INFO - Setting next_dagrun for WeatherToronto_ETL to 2026-09-13 18:00:00+00:00, run_after=2026-09-14 18:00:00+00:00
[2026-09-14T00:38:34.087+0000] {processor.py:208} INFO - Processing /opt/airflow/dags/Shi_HW 3.py took 0.051 seconds
[2026-09-14T00:39:04.334+0000] {processor.py:186} INFO - Started process (PID=40390) to work on /opt/airflow/dags/Shi_HW 3.py
[2026-09-14T00:39:04.336+0000] {processor.py:914} INFO - Processing file /opt/airflow/dags/Shi_HW 3.py for tasks to queue
[2026-09-14T00:39:04.337+0000] {logging_mixin.py:190} INFO - [2026-09-14T00:39:04.337+0000] {dagbag.py:587} INFO - Filling up the DagBag from /opt/airflow/dags/Shi_HW 3.py
[2026-09-14T00:39:04.353+0000] {processor.py:925} INFO - DAG(s) 'WeatherToronto_ETL' retrieved from /opt/airflow/dags/Shi_HW 3.py
[2026-09-14T00:39:04.362+0000] {logging_mixin.py:190} INFO - [2026-09-14T00:39:04.362+0000] {dag.py:3229} INFO - Sync 1 DAGs
[2026-09-14T00:39:04.373+0000] {logging_mixin.py:190} INFO - [2026-09-14T00:39:04.373+0000] {dag.py:4156} INFO - Setting next_dagrun for WeatherToronto_ETL to 2026-09-13 18:00:00+00:00, run_after=2026-09-14 18:00:00+00:00
[2026-09-14T00:39:04.379+0000] {processor.py:208} INFO - Processing /opt/airflow/dags/Shi_HW 3.py took 0.051 seconds
[2026-09-14T00:39:34.702+0000] {processor.py:186} INFO - Started process (PID=40401) to work on /opt/airflow/dags/Shi_HW 3.py
[2026-09-14T00:39:34.703+0000] {processor.py:914} INFO - Processing file /opt/airflow/dags/Shi_HW 3.py for tasks to queue
[2026-09-14T00:39:34.704+0000] {logging_mixin.py:190} INFO - [2026-09-14T00:39:34.704+0000] {dagbag.py:587} INFO - Filling up the DagBag from /opt/airflow/dags/Shi_HW 3.py
[2026-09-14T00:39:34.722+0000] {processor.py:925} INFO - DAG(s) 'WeatherToronto_ETL' retrieved from /opt/airflow/dags/Shi_HW 3.py
[2026-09-14T00:39:34.730+0000] {logging_mixin.py:190} INFO - [2026-09-14T00:39:34.730+0000] {dag.py:3229} INFO - Sync 1 DAGs
[2026-09-14T00:39:34.740+0000] {logging_mixin.py:190} INFO - [2026-09-14T00:39:34.740+0000] {dag.py:4156} INFO - Setting next_dagrun for WeatherToronto_ETL to 2026-09-13 18:00:00+00:00, run_after=2026-09-14 18:00:00+00:00
[2026-09-14T00:39:34.745+0000] {processor.py:208} INFO - Processing /opt/airflow/dags/Shi_HW 3.py took 0.053 seconds
[2026-09-14T00:40:05.050+0000] {processor.py:186} INFO - Started process (PID=40412) to work on /opt/airflow/dags/Shi_HW 3.py
[2026-09-14T00:40:05.052+0000] {processor.py:914} INFO - Processing file /opt/airflow/dags/Shi_HW 3.py for tasks to queue
[2026-09-14T00:40:05.053+0000] {logging_mixin.py:190} INFO - [2026-09-14T00:40:05.053+0000] {dagbag.py:587} INFO - Filling up the DagBag from /opt/airflow/dags/Shi_HW 3.py
[2026-09-14T00:40:05.077+0000] {processor.py:925} INFO - DAG(s) 'WeatherToronto_ETL' retrieved from /opt/airflow/dags/Shi_HW 3.py
[2026-09-14T00:40:05.088+0000] {logging_mixin.py:190} INFO - [2026-09-14T00:40:05.087+0000] {dag.py:3229} INFO - Sync 1 DAGs
[2026-09-14T00:40:05.100+0000] {logging_mixin.py:190} INFO - [2026-09-14T00:40:05.099+0000] {dag.py:4156} INFO - Setting next_dagrun for WeatherToronto_ETL to 2026-09-13 18:00:00+00:00, run_after=2026-09-14 18:00:00+00:00
[2026-09-14T00:40:05.105+0000] {processor.py:208} INFO - Processing /opt/airflow/dags/Shi_HW 3.py took 0.063 seconds
[2026-09-14T00:40:35.497+0000] {processor.py:186} INFO - Started process (PID=40423) to work on /opt/airflow/dags/Shi_HW 3.py
[2026-09-14T00:40:35.501+0000] {processor.py:914} INFO - Processing file /opt/airflow/dags/Shi_HW 3.py for tasks to queue
[2026-09-14T00:40:35.502+0000] {logging_mixin.py:190} INFO - [2026-09-14T00:40:35.502+0000] {dagbag.py:587} INFO - Filling up the DagBag from /opt/airflow/dags/Shi_HW 3.py
[2026-09-14T00:40:35.524+0000] {processor.py:925} INFO - DAG(s) 'WeatherToronto_ETL' retrieved from /opt/airflow/dags/Shi_HW 3.py
[2026-09-14T00:40:35.533+0000] {logging_mixin.py:190} INFO - [2026-09-14T00:40:35.533+0000] {dag.py:3229} INFO - Sync 1 DAGs
[2026-09-14T00:40:35.545+0000] {logging_mixin.py:190} INFO - [2026-09-14T00:40:35.545+0000] {dag.py:4156} INFO - Setting next_dagrun for WeatherToronto_ETL to 2026-09-13 18:00:00+00:00, run_after=2026-09-14 18:00:00+00:00
[2026-09-14T00:40:35.551+0000] {processor.py:208} INFO - Processing /opt/airflow/dags/Shi_HW 3.py took 0.063 seconds
[2026-09-14T00:41:05.919+0000] {processor.py:186} INFO - Started process (PID=40434) to work on /opt/airflow/dags/Shi_HW 3.py
[2026-09-14T00:41:05.922+0000] {processor.py:914} INFO - Processing file /opt/airflow/dags/Shi_HW 3.py for tasks to queue
[2026-09-14T00:41:05.923+0000] {logging_mixin.py:190} INFO - [2026-09-14T00:41:05.922+0000] {dagbag.py:587} INFO - Filling up the DagBag from /opt/airflow/dags/Shi_HW 3.py
[2026-09-14T00:41:05.942+0000] {processor.py:925} INFO - DAG(s) 'WeatherToronto_ETL' retrieved from /opt/airflow/dags/Shi_HW 3.py
[2026-09-14T00:41:05.951+0000] {logging_mixin.py:190} INFO - [2026-09-14T00:41:05.950+0000] {dag.py:3229} INFO - Sync 1 DAGs
[2026-09-14T00:41:05.961+0000] {logging_mixin.py:190} INFO - [2026-09-14T00:41:05.961+0000] {dag.py:4156} INFO - Setting next_dagrun for WeatherToronto_ETL to 2026-09-13 18:00:00+00:00, run_after=2026-09-14 18:00:00+00:00
[2026-09-14T00:41:05.967+0000] {processor.py:208} INFO - Processing /opt/airflow/dags/Shi_HW 3.py took 0.055 seconds
[2026-09-14T00:41:36.369+0000] {processor.py:186} INFO - Started process (PID=40445) to work on /opt/airflow/dags/Shi_HW 3.py
[2026-09-14T00:41:36.370+0000] {processor.py:914} INFO - Processing file /opt/airflow/dags/Shi_HW 3.py for tasks to queue
[2026-09-14T00:41:36.371+0000] {logging_mixin.py:190} INFO - [2026-09-14T00:41:36.371+0000] {dagbag.py:587} INFO - Filling up the DagBag from /opt/airflow/dags/Shi_HW 3.py
[2026-09-14T00:41:36.390+0000] {processor.py:925} INFO - DAG(s) 'WeatherToronto_ETL' retrieved from /opt/airflow/dags/Shi_HW 3.py
[2026-09-14T00:41:36.398+0000] {logging_mixin.py:190} INFO - [2026-09-14T00:41:36.398+0000] {dag.py:3229} INFO - Sync 1 DAGs
[2026-09-14T00:41:36.409+0000] {logging_mixin.py:190} INFO - [2026-09-14T00:41:36.409+0000] {dag.py:4156} INFO - Setting next_dagrun for WeatherToronto_ETL to 2026-09-13 18:00:00+00:00, run_after=2026-09-14 18:00:00+00:00
[2026-09-14T00:41:36.415+0000] {processor.py:208} INFO - Processing /opt/airflow/dags/Shi_HW 3.py took 0.052 seconds
[2026-09-14T00:42:06.824+0000] {processor.py:186} INFO - Started process (PID=40456) to work on /opt/airflow/dags/Shi_HW 3.py
[2026-09-14T00:42:06.826+0000] {processor.py:914} INFO - Processing file /opt/airflow/dags/Shi_HW 3.py for tasks to queue
[2026-09-14T00:42:06.827+0000] {logging_mixin.py:190} INFO - [2026-09-14T00:42:06.827+0000] {dagbag.py:587} INFO - Filling up the DagBag from /opt/airflow/dags/Shi_HW 3.py
[2026-09-14T00:42:06.851+0000] {processor.py:925} INFO - DAG(s) 'WeatherToronto_ETL' retrieved from /opt/airflow/dags/Shi_HW 3.py
[2026-09-14T00:42:06.863+0000] {logging_mixin.py:190} INFO - [2026-09-14T00:42:06.862+0000] {dag.py:3229} INFO - Sync 1 DAGs
[2026-09-14T00:42:06.875+0000] {logging_mixin.py:190} INFO - [2026-09-14T00:42:06.874+0000] {dag.py:4156} INFO - Setting next_dagrun for WeatherToronto_ETL to 2026-09-13 18:00:00+00:00, run_after=2026-09-14 18:00:00+00:00
[2026-09-14T00:42:06.881+0000] {processor.py:208} INFO - Processing /opt/airflow/dags/Shi_HW 3.py took 0.063 seconds
[2026-09-14T00:42:37.233+0000] {processor.py:186} INFO - Started process (PID=40467) to work on /opt/airflow/dags/Shi_HW 3.py
[2026-09-14T00:42:37.234+0000] {processor.py:914} INFO - Processing file /opt/airflow/dags/Shi_HW 3.py for tasks to queue
[2026-09-14T00:42:37.235+0000] {logging_mixin.py:190} INFO - [2026-09-14T00:42:37.235+0000] {dagbag.py:587} INFO - Filling up the DagBag from /opt/airflow/dags/Shi_HW 3.py
[2026-09-14T00:42:37.254+0000] {processor.py:925} INFO - DAG(s) 'WeatherToronto_ETL' retrieved from /opt/airflow/dags/Shi_HW 3.py
[2026-09-14T00:42:37.263+0000] {logging_mixin.py:190} INFO - [2026-09-14T00:42:37.262+0000] {dag.py:3229} INFO - Sync 1 DAGs
[2026-09-14T00:42:37.273+0000] {logging_mixin.py:190} INFO - [2026-09-14T00:42:37.273+0000] {dag.py:4156} INFO - Setting next_dagrun for WeatherToronto_ETL to 2026-09-13 18:00:00+00:00, run_after=2026-09-14 18:00:00+00:00
[2026-09-14T00:42:37.278+0000] {processor.py:208} INFO - Processing /opt/airflow/dags/Shi_HW 3.py took 0.052 seconds
[2026-09-14T00:43:07.646+0000] {processor.py:186} INFO - Started process (PID=40478) to work on /opt/airflow/dags/Shi_HW 3.py
[2026-09-14T00:43:07.648+0000] {processor.py:914} INFO - Processing file /opt/airflow/dags/Shi_HW 3.py for tasks to queue
[2026-09-14T00:43:07.650+0000] {logging_mixin.py:190} INFO - [2026-09-14T00:43:07.649+0000] {dagbag.py:587} INFO - Filling up the DagBag from /opt/airflow/dags/Shi_HW 3.py
[2026-09-14T00:43:07.667+0000] {processor.py:925} INFO - DAG(s) 'WeatherToronto_ETL' retrieved from /opt/airflow/dags/Shi_HW 3.py
[2026-09-14T00:43:07.677+0000] {logging_mixin.py:190} INFO - [2026-09-14T00:43:07.676+0000] {dag.py:3229} INFO - Sync 1 DAGs
[2026-09-14T00:43:07.687+0000] {logging_mixin.py:190} INFO - [2026-09-14T00:43:07.687+0000] {dag.py:4156} INFO - Setting next_dagrun for WeatherToronto_ETL to 2026-09-13 18:00:00+00:00, run_after=2026-09-14 18:00:00+00:00
[2026-09-14T00:43:07.694+0000] {processor.py:208} INFO - Processing /opt/airflow/dags/Shi_HW 3.py took 0.056 seconds
[2026-09-14T00:43:37.976+0000] {processor.py:186} INFO - Started process (PID=40489) to work on /opt/airflow/dags/Shi_HW 3.py
[2026-09-14T00:43:37.977+0000] {processor.py:914} INFO - Processing file /opt/airflow/dags/Shi_HW 3.py for tasks to queue
[2026-09-14T00:43:37.978+0000] {logging_mixin.py:190} INFO - [2026-09-14T00:43:37.978+0000] {dagbag.py:587} INFO - Filling up the DagBag from /opt/airflow/dags/Shi_HW 3.py
[2026-09-14T00:43:37.999+0000] {processor.py:925} INFO - DAG(s) 'WeatherToronto_ETL' retrieved from /opt/airflow/dags/Shi_HW 3.py
[2026-09-14T00:43:38.007+0000] {logging_mixin.py:190} INFO - [2026-09-14T00:43:38.006+0000] {dag.py:3229} INFO - Sync 1 DAGs
[2026-09-14T00:43:38.016+0000] {logging_mixin.py:190} INFO - [2026-09-14T00:43:38.016+0000] {dag.py:4156} INFO - Setting next_dagrun for WeatherToronto_ETL to 2026-09-13 18:00:00+00:00, run_after=2026-09-14 18:00:00+00:00
[2026-09-14T00:43:38.024+0000] {processor.py:208} INFO - Processing /opt/airflow/dags/Shi_HW 3.py took 0.055 seconds
[2026-09-14T00:44:08.442+0000] {processor.py:186} INFO - Started process (PID=40500) to work on /opt/airflow/dags/Shi_HW 3.py
[2026-09-14T00:44:08.445+0000] {processor.py:914} INFO - Processing file /opt/airflow/dags/Shi_HW 3.py for tasks to queue
[2026-09-14T00:44:08.446+0000] {logging_mixin.py:190} INFO - [2026-09-14T00:44:08.446+0000] {dagbag.py:587} INFO - Filling up the DagBag from /opt/airflow/dags/Shi_HW 3.py
[2026-09-14T00:44:08.465+0000] {processor.py:925} INFO - DAG(s) 'WeatherToronto_ETL' retrieved from /opt/airflow/dags/Shi_HW 3.py
[2026-09-14T00:44:08.473+0000] {logging_mixin.py:190} INFO - [2026-09-14T00:44:08.473+0000] {dag.py:3229} INFO - Sync 1 DAGs
[2026-09-14T00:44:08.484+0000] {logging_mixin.py:190} INFO - [2026-09-14T00:44:08.484+0000] {dag.py:4156} INFO - Setting next_dagrun for WeatherToronto_ETL to 2026-09-13 18:00:00+00:00, run_after=2026-09-14 18:00:00+00:00
[2026-09-14T00:44:08.492+0000] {processor.py:208} INFO - Processing /opt/airflow/dags/Shi_HW 3.py took 0.055 seconds
[2026-09-14T00:44:38.848+0000] {processor.py:186} INFO - Started process (PID=40511) to work on /opt/airflow/dags/Shi_HW 3.py
[2026-09-14T00:44:38.850+0000] {processor.py:914} INFO - Processing file /opt/airflow/dags/Shi_HW 3.py for tasks to queue
[2026-09-14T00:44:38.851+0000] {logging_mixin.py:190} INFO - [2026-09-14T00:44:38.851+0000] {dagbag.py:587} INFO - Filling up the DagBag from /opt/airflow/dags/Shi_HW 3.py
[2026-09-14T00:44:38.870+0000] {processor.py:925} INFO - DAG(s) 'WeatherToronto_ETL' retrieved from /opt/airflow/dags/Shi_HW 3.py
[2026-09-14T00:44:38.879+0000] {logging_mixin.py:190} INFO - [2026-09-14T00:44:38.878+0000] {dag.py:3229} INFO - Sync 1 DAGs
[2026-09-14T00:44:38.890+0000] {logging_mixin.py:190} INFO - [2026-09-14T00:44:38.889+0000] {dag.py:4156} INFO - Setting next_dagrun for WeatherToronto_ETL to 2026-09-13 18:00:00+00:00, run_after=2026-09-14 18:00:00+00:00
[2026-09-14T00:44:38.895+0000] {processor.py:208} INFO - Processing /opt/airflow/dags/Shi_HW 3.py took 0.053 seconds
[2026-09-14T00:45:09.342+0000] {processor.py:186} INFO - Started process (PID=40522) to work on /opt/airflow/dags/Shi_HW 3.py
[2026-09-14T00:45:09.346+0000] {processor.py:914} INFO - Processing file /opt/airflow/dags/Shi_HW 3.py for tasks to queue
[2026-09-14T00:45:09.351+0000] {logging_mixin.py:190} INFO - [2026-09-14T00:45:09.349+0000] {dagbag.py:587} INFO - Filling up the DagBag from /opt/airflow/dags/Shi_HW 3.py
[2026-09-14T00:45:09.393+0000] {processor.py:925} INFO - DAG(s) 'WeatherToronto_ETL' retrieved from /opt/airflow/dags/Shi_HW 3.py
[2026-09-14T00:45:09.413+0000] {logging_mixin.py:190} INFO - [2026-09-14T00:45:09.411+0000] {dag.py:3229} INFO - Sync 1 DAGs
[2026-09-14T00:45:09.427+0000] {logging_mixin.py:190} INFO - [2026-09-14T00:45:09.427+0000] {dag.py:4156} INFO - Setting next_dagrun for WeatherToronto_ETL to 2026-09-13 18:00:00+00:00, run_after=2026-09-14 18:00:00+00:00
[2026-09-14T00:45:09.437+0000] {processor.py:208} INFO - Processing /opt/airflow/dags/Shi_HW 3.py took 0.110 seconds
[2026-09-14T00:45:39.713+0000] {processor.py:186} INFO - Started process (PID=40533) to work on /opt/airflow/dags/Shi_HW 3.py
[2026-09-14T00:45:39.714+0000] {processor.py:914} INFO - Processing file /opt/airflow/dags/Shi_HW 3.py for tasks to queue
[2026-09-14T00:45:39.715+0000] {logging_mixin.py:190} INFO - [2026-09-14T00:45:39.715+0000] {dagbag.py:587} INFO - Filling up the DagBag from /opt/airflow/dags/Shi_HW 3.py
[2026-09-14T00:45:39.737+0000] {processor.py:925} INFO - DAG(s) 'WeatherToronto_ETL' retrieved from /opt/airflow/dags/Shi_HW 3.py
[2026-09-14T00:45:39.748+0000] {logging_mixin.py:190} INFO - [2026-09-14T00:45:39.747+0000] {dag.py:3229} INFO - Sync 1 DAGs
[2026-09-14T00:45:39.759+0000] {logging_mixin.py:190} INFO - [2026-09-14T00:45:39.759+0000] {dag.py:4156} INFO - Setting next_dagrun for WeatherToronto_ETL to 2026-09-13 18:00:00+00:00, run_after=2026-09-14 18:00:00+00:00
[2026-09-14T00:45:39.765+0000] {processor.py:208} INFO - Processing /opt/airflow/dags/Shi_HW 3.py took 0.060 seconds
[2026-09-14T00:46:10.095+0000] {processor.py:186} INFO - Started process (PID=40544) to work on /opt/airflow/dags/Shi_HW 3.py
[2026-09-14T00:46:10.097+0000] {processor.py:914} INFO - Processing file /opt/airflow/dags/Shi_HW 3.py for tasks to queue
[2026-09-14T00:46:10.099+0000] {logging_mixin.py:190} INFO - [2026-09-14T00:46:10.098+0000] {dagbag.py:587} INFO - Filling up the DagBag from /opt/airflow/dags/Shi_HW 3.py
[2026-09-14T00:46:10.123+0000] {processor.py:925} INFO - DAG(s) 'WeatherToronto_ETL' retrieved from /opt/airflow/dags/Shi_HW 3.py
[2026-09-14T00:46:10.134+0000] {logging_mixin.py:190} INFO - [2026-09-14T00:46:10.133+0000] {dag.py:3229} INFO - Sync 1 DAGs
[2026-09-14T00:46:10.147+0000] {logging_mixin.py:190} INFO - [2026-09-14T00:46:10.147+0000] {dag.py:4156} INFO - Setting next_dagrun for WeatherToronto_ETL to 2026-09-13 18:00:00+00:00, run_after=2026-09-14 18:00:00+00:00
[2026-09-14T00:46:10.155+0000] {processor.py:208} INFO - Processing /opt/airflow/dags/Shi_HW 3.py took 0.067 seconds
[2026-09-14T00:46:40.449+0000] {processor.py:186} INFO - Started process (PID=40555) to work on /opt/airflow/dags/Shi_HW 3.py
[2026-09-14T00:46:40.452+0000] {processor.py:914} INFO - Processing file /opt/airflow/dags/Shi_HW 3.py for tasks to queue
[2026-09-14T00:46:40.453+0000] {logging_mixin.py:190} INFO - [2026-09-14T00:46:40.452+0000] {dagbag.py:587} INFO - Filling up the DagBag from /opt/airflow/dags/Shi_HW 3.py
[2026-09-14T00:46:40.472+0000] {processor.py:925} INFO - DAG(s) 'WeatherToronto_ETL' retrieved from /opt/airflow/dags/Shi_HW 3.py
[2026-09-14T00:46:40.481+0000] {logging_mixin.py:190} INFO - [2026-09-14T00:46:40.480+0000] {dag.py:3229} INFO - Sync 1 DAGs
[2026-09-14T00:46:40.494+0000] {logging_mixin.py:190} INFO - [2026-09-14T00:46:40.494+0000] {dag.py:4156} INFO - Setting next_dagrun for WeatherToronto_ETL to 2026-09-13 18:00:00+00:00, run_after=2026-09-14 18:00:00+00:00
[2026-09-14T00:46:40.501+0000] {processor.py:208} INFO - Processing /opt/airflow/dags/Shi_HW 3.py took 0.057 seconds
[2026-09-14T00:47:10.789+0000] {processor.py:186} INFO - Started process (PID=40566) to work on /opt/airflow/dags/Shi_HW 3.py
[2026-09-14T00:47:10.790+0000] {processor.py:914} INFO - Processing file /opt/airflow/dags/Shi_HW 3.py for tasks to queue
[2026-09-14T00:47:10.791+0000] {logging_mixin.py:190} INFO - [2026-09-14T00:47:10.791+0000] {dagbag.py:587} INFO - Filling up the DagBag from /opt/airflow/dags/Shi_HW 3.py
[2026-09-14T00:47:10.809+0000] {processor.py:925} INFO - DAG(s) 'WeatherToronto_ETL' retrieved from /opt/airflow/dags/Shi_HW 3.py
[2026-09-14T00:47:10.818+0000] {logging_mixin.py:190} INFO - [2026-09-14T00:47:10.818+0000] {dag.py:3229} INFO - Sync 1 DAGs
[2026-09-14T00:47:10.828+0000] {logging_mixin.py:190} INFO - [2026-09-14T00:47:10.827+0000] {dag.py:4156} INFO - Setting next_dagrun for WeatherToronto_ETL to 2026-09-13 18:00:00+00:00, run_after=2026-09-14 18:00:00+00:00
[2026-09-14T00:47:10.834+0000] {processor.py:208} INFO - Processing /opt/airflow/dags/Shi_HW 3.py took 0.050 seconds
[2026-09-14T00:47:41.116+0000] {processor.py:186} INFO - Started process (PID=40577) to work on /opt/airflow/dags/Shi_HW 3.py
[2026-09-14T00:47:41.118+0000] {processor.py:914} INFO - Processing file /opt/airflow/dags/Shi_HW 3.py for tasks to queue
[2026-09-14T00:47:41.119+0000] {logging_mixin.py:190} INFO - [2026-09-14T00:47:41.119+0000] {dagbag.py:587} INFO - Filling up the DagBag from /opt/airflow/dags/Shi_HW 3.py
[2026-09-14T00:47:41.139+0000] {processor.py:925} INFO - DAG(s) 'WeatherToronto_ETL' retrieved from /opt/airflow/dags/Shi_HW 3.py
[2026-09-14T00:47:41.149+0000] {logging_mixin.py:190} INFO - [2026-09-14T00:47:41.148+0000] {dag.py:3229} INFO - Sync 1 DAGs
[2026-09-14T00:47:41.159+0000] {logging_mixin.py:190} INFO - [2026-09-14T00:47:41.159+0000] {dag.py:4156} INFO - Setting next_dagrun for WeatherToronto_ETL to 2026-09-13 18:00:00+00:00, run_after=2026-09-14 18:00:00+00:00
[2026-09-14T00:47:41.166+0000] {processor.py:208} INFO - Processing /opt/airflow/dags/Shi_HW 3.py took 0.058 seconds
[2026-09-14T00:48:11.481+0000] {processor.py:186} INFO - Started process (PID=40588) to work on /opt/airflow/dags/Shi_HW 3.py
[2026-09-14T00:48:11.483+0000] {processor.py:914} INFO - Processing file /opt/airflow/dags/Shi_HW 3.py for tasks to queue
[2026-09-14T00:48:11.484+0000] {logging_mixin.py:190} INFO - [2026-09-14T00:48:11.483+0000] {dagbag.py:587} INFO - Filling up the DagBag from /opt/airflow/dags/Shi_HW 3.py
[2026-09-14T00:48:11.503+0000] {processor.py:925} INFO - DAG(s) 'WeatherToronto_ETL' retrieved from /opt/airflow/dags/Shi_HW 3.py
[2026-09-14T00:48:11.511+0000] {logging_mixin.py:190} INFO - [2026-09-14T00:48:11.511+0000] {dag.py:3229} INFO - Sync 1 DAGs
[2026-09-14T00:48:11.521+0000] {logging_mixin.py:190} INFO - [2026-09-14T00:48:11.521+0000] {dag.py:4156} INFO - Setting next_dagrun for WeatherToronto_ETL to 2026-09-13 18:00:00+00:00, run_after=2026-09-14 18:00:00+00:00
[2026-09-14T00:48:11.527+0000] {processor.py:208} INFO - Processing /opt/airflow/dags/Shi_HW 3.py took 0.052 seconds
[2026-09-14T00:48:41.818+0000] {processor.py:186} INFO - Started process (PID=40599) to work on /opt/airflow/dags/Shi_HW 3.py
[2026-09-14T00:48:41.820+0000] {processor.py:914} INFO - Processing file /opt/airflow/dags/Shi_HW 3.py for tasks to queue
[2026-09-14T00:48:41.821+0000] {logging_mixin.py:190} INFO - [2026-09-14T00:48:41.821+0000] {dagbag.py:587} INFO - Filling up the DagBag from /opt/airflow/dags/Shi_HW 3.py
[2026-09-14T00:48:41.845+0000] {processor.py:925} INFO - DAG(s) 'WeatherToronto_ETL' retrieved from /opt/airflow/dags/Shi_HW 3.py
[2026-09-14T00:48:41.857+0000] {logging_mixin.py:190} INFO - [2026-09-14T00:48:41.856+0000] {dag.py:3229} INFO - Sync 1 DAGs
[2026-09-14T00:48:41.870+0000] {logging_mixin.py:190} INFO - [2026-09-14T00:48:41.870+0000] {dag.py:4156} INFO - Setting next_dagrun for WeatherToronto_ETL to 2026-09-13 18:00:00+00:00, run_after=2026-09-14 18:00:00+00:00
[2026-09-14T00:48:41.878+0000] {processor.py:208} INFO - Processing /opt/airflow/dags/Shi_HW 3.py took 0.066 seconds
[2026-09-14T00:49:12.192+0000] {processor.py:186} INFO - Started process (PID=40610) to work on /opt/airflow/dags/Shi_HW 3.py
[2026-09-14T00:49:12.194+0000] {processor.py:914} INFO - Processing file /opt/airflow/dags/Shi_HW 3.py for tasks to queue
[2026-09-14T00:49:12.195+0000] {logging_mixin.py:190} INFO - [2026-09-14T00:49:12.195+0000] {dagbag.py:587} INFO - Filling up the DagBag from /opt/airflow/dags/Shi_HW 3.py
[2026-09-14T00:49:12.215+0000] {processor.py:925} INFO - DAG(s) 'WeatherToronto_ETL' retrieved from /opt/airflow/dags/Shi_HW 3.py
[2026-09-14T00:49:12.224+0000] {logging_mixin.py:190} INFO - [2026-09-14T00:49:12.223+0000] {dag.py:3229} INFO - Sync 1 DAGs
[2026-09-14T00:49:12.234+0000] {logging_mixin.py:190} INFO - [2026-09-14T00:49:12.234+0000] {dag.py:4156} INFO - Setting next_dagrun for WeatherToronto_ETL to 2026-09-13 18:00:00+00:00, run_after=2026-09-14 18:00:00+00:00
[2026-09-14T00:49:12.241+0000] {processor.py:208} INFO - Processing /opt/airflow/dags/Shi_HW 3.py took 0.057 seconds
[2026-09-14T00:49:42.598+0000] {processor.py:186} INFO - Started process (PID=40621) to work on /opt/airflow/dags/Shi_HW 3.py
[2026-09-14T00:49:42.601+0000] {processor.py:914} INFO - Processing file /opt/airflow/dags/Shi_HW 3.py for tasks to queue
[2026-09-14T00:49:42.602+0000] {logging_mixin.py:190} INFO - [2026-09-14T00:49:42.601+0000] {dagbag.py:587} INFO - Filling up the DagBag from /opt/airflow/dags/Shi_HW 3.py
[2026-09-14T00:49:42.620+0000] {processor.py:925} INFO - DAG(s) 'WeatherToronto_ETL' retrieved from /opt/airflow/dags/Shi_HW 3.py
[2026-09-14T00:49:42.629+0000] {logging_mixin.py:190} INFO - [2026-09-14T00:49:42.629+0000] {dag.py:3229} INFO - Sync 1 DAGs
[2026-09-14T00:49:42.639+0000] {logging_mixin.py:190} INFO - [2026-09-14T00:49:42.639+0000] {dag.py:4156} INFO - Setting next_dagrun for WeatherToronto_ETL to 2026-09-13 18:00:00+00:00, run_after=2026-09-14 18:00:00+00:00
[2026-09-14T00:49:42.645+0000] {processor.py:208} INFO - Processing /opt/airflow/dags/Shi_HW 3.py took 0.053 seconds
[2026-09-14T00:50:12.967+0000] {processor.py:186} INFO - Started process (PID=40632) to work on /opt/airflow/dags/Shi_HW 3.py
[2026-09-14T00:50:12.969+0000] {processor.py:914} INFO - Processing file /opt/airflow/dags/Shi_HW 3.py for tasks to queue
[2026-09-14T00:50:12.970+0000] {logging_mixin.py:190} INFO - [2026-09-14T00:50:12.970+0000] {dagbag.py:587} INFO - Filling up the DagBag from /opt/airflow/dags/Shi_HW 3.py
[2026-09-14T00:50:12.988+0000] {processor.py:925} INFO - DAG(s) 'WeatherToronto_ETL' retrieved from /opt/airflow/dags/Shi_HW 3.py
[2026-09-14T00:50:12.997+0000] {logging_mixin.py:190} INFO - [2026-09-14T00:50:12.996+0000] {dag.py:3229} INFO - Sync 1 DAGs
[2026-09-14T00:50:13.007+0000] {logging_mixin.py:190} INFO - [2026-09-14T00:50:13.007+0000] {dag.py:4156} INFO - Setting next_dagrun for WeatherToronto_ETL to 2026-09-13 18:00:00+00:00, run_after=2026-09-14 18:00:00+00:00
[2026-09-14T00:50:13.013+0000] {processor.py:208} INFO - Processing /opt/airflow/dags/Shi_HW 3.py took 0.051 seconds
[2026-09-14T00:50:43.481+0000] {processor.py:186} INFO - Started process (PID=40643) to work on /opt/airflow/dags/Shi_HW 3.py
[2026-09-14T00:50:43.482+0000] {processor.py:914} INFO - Processing file /opt/airflow/dags/Shi_HW 3.py for tasks to queue
[2026-09-14T00:50:43.483+0000] {logging_mixin.py:190} INFO - [2026-09-14T00:50:43.483+0000] {dagbag.py:587} INFO - Filling up the DagBag from /opt/airflow/dags/Shi_HW 3.py
[2026-09-14T00:50:43.509+0000] {processor.py:925} INFO - DAG(s) 'WeatherToronto_ETL' retrieved from /opt/airflow/dags/Shi_HW 3.py
[2026-09-14T00:50:43.523+0000] {logging_mixin.py:190} INFO - [2026-09-14T00:50:43.522+0000] {dag.py:3229} INFO - Sync 1 DAGs
[2026-09-14T00:50:43.536+0000] {logging_mixin.py:190} INFO - [2026-09-14T00:50:43.536+0000] {dag.py:4156} INFO - Setting next_dagrun for WeatherToronto_ETL to 2026-09-13 18:00:00+00:00, run_after=2026-09-14 18:00:00+00:00
[2026-09-14T00:50:43.543+0000] {processor.py:208} INFO - Processing /opt/airflow/dags/Shi_HW 3.py took 0.070 seconds
[2026-09-14T00:51:13.915+0000] {processor.py:186} INFO - Started process (PID=40654) to work on /opt/airflow/dags/Shi_HW 3.py
[2026-09-14T00:51:13.917+0000] {processor.py:914} INFO - Processing file /opt/airflow/dags/Shi_HW 3.py for tasks to queue
[2026-09-14T00:51:13.918+0000] {logging_mixin.py:190} INFO - [2026-09-14T00:51:13.917+0000] {dagbag.py:587} INFO - Filling up the DagBag from /opt/airflow/dags/Shi_HW 3.py
[2026-09-14T00:51:13.938+0000] {processor.py:925} INFO - DAG(s) 'WeatherToronto_ETL' retrieved from /opt/airflow/dags/Shi_HW 3.py
[2026-09-14T00:51:13.947+0000] {logging_mixin.py:190} INFO - [2026-09-14T00:51:13.946+0000] {dag.py:3229} INFO - Sync 1 DAGs
[2026-09-14T00:51:13.957+0000] {logging_mixin.py:190} INFO - [2026-09-14T00:51:13.957+0000] {dag.py:4156} INFO - Setting next_dagrun for WeatherToronto_ETL to 2026-09-13 18:00:00+00:00, run_after=2026-09-14 18:00:00+00:00
[2026-09-14T00:51:13.963+0000] {processor.py:208} INFO - Processing /opt/airflow/dags/Shi_HW 3.py took 0.053 seconds
[2026-09-14T00:51:44.369+0000] {processor.py:186} INFO - Started process (PID=40665) to work on /opt/airflow/dags/Shi_HW 3.py
[2026-09-14T00:51:44.372+0000] {processor.py:914} INFO - Processing file /opt/airflow/dags/Shi_HW 3.py for tasks to queue
[2026-09-14T00:51:44.373+0000] {logging_mixin.py:190} INFO - [2026-09-14T00:51:44.372+0000] {dagbag.py:587} INFO - Filling up the DagBag from /opt/airflow/dags/Shi_HW 3.py
[2026-09-14T00:51:44.391+0000] {processor.py:925} INFO - DAG(s) 'WeatherToronto_ETL' retrieved from /opt/airflow/dags/Shi_HW 3.py
[2026-09-14T00:51:44.399+0000] {logging_mixin.py:190} INFO - [2026-09-14T00:51:44.399+0000] {dag.py:3229} INFO - Sync 1 DAGs
[2026-09-14T00:51:44.410+0000] {logging_mixin.py:190} INFO - [2026-09-14T00:51:44.410+0000] {dag.py:4156} INFO - Setting next_dagrun for WeatherToronto_ETL to 2026-09-13 18:00:00+00:00, run_after=2026-09-14 18:00:00+00:00
[2026-09-14T00:51:44.415+0000] {processor.py:208} INFO - Processing /opt/airflow/dags/Shi_HW 3.py took 0.053 seconds
[2026-09-14T00:52:14.796+0000] {processor.py:186} INFO - Started process (PID=40676) to work on /opt/airflow/dags/Shi_HW 3.py
[2026-09-14T00:52:14.798+0000] {processor.py:914} INFO - Processing file /opt/airflow/dags/Shi_HW 3.py for tasks to queue
[2026-09-14T00:52:14.799+0000] {logging_mixin.py:190} INFO - [2026-09-14T00:52:14.799+0000] {dagbag.py:587} INFO - Filling up the DagBag from /opt/airflow/dags/Shi_HW 3.py
[2026-09-14T00:52:14.825+0000] {processor.py:925} INFO - DAG(s) 'WeatherToronto_ETL' retrieved from /opt/airflow/dags/Shi_HW 3.py
[2026-09-14T00:52:14.839+0000] {logging_mixin.py:190} INFO - [2026-09-14T00:52:14.838+0000] {dag.py:3229} INFO - Sync 1 DAGs
[2026-09-14T00:52:14.852+0000] {logging_mixin.py:190} INFO - [2026-09-14T00:52:14.852+0000] {dag.py:4156} INFO - Setting next_dagrun for WeatherToronto_ETL to 2026-09-13 18:00:00+00:00, run_after=2026-09-14 18:00:00+00:00
[2026-09-14T00:52:14.860+0000] {processor.py:208} INFO - Processing /opt/airflow/dags/Shi_HW 3.py took 0.071 seconds
[2026-09-14T00:52:45.238+0000] {processor.py:186} INFO - Started process (PID=40687) to work on /opt/airflow/dags/Shi_HW 3.py
[2026-09-14T00:52:45.241+0000] {processor.py:914} INFO - Processing file /opt/airflow/dags/Shi_HW 3.py for tasks to queue
[2026-09-14T00:52:45.242+0000] {logging_mixin.py:190} INFO - [2026-09-14T00:52:45.242+0000] {dagbag.py:587} INFO - Filling up the DagBag from /opt/airflow/dags/Shi_HW 3.py
[2026-09-14T00:52:45.261+0000] {processor.py:925} INFO - DAG(s) 'WeatherToronto_ETL' retrieved from /opt/airflow/dags/Shi_HW 3.py
[2026-09-14T00:52:45.270+0000] {logging_mixin.py:190} INFO - [2026-09-14T00:52:45.269+0000] {dag.py:3229} INFO - Sync 1 DAGs
[2026-09-14T00:52:45.280+0000] {logging_mixin.py:190} INFO - [2026-09-14T00:52:45.280+0000] {dag.py:4156} INFO - Setting next_dagrun for WeatherToronto_ETL to 2026-09-13 18:00:00+00:00, run_after=2026-09-14 18:00:00+00:00
[2026-09-14T00:52:45.292+0000] {processor.py:208} INFO - Processing /opt/airflow/dags/Shi_HW 3.py took 0.063 seconds
[2026-09-14T00:53:15.667+0000] {processor.py:186} INFO - Started process (PID=40698) to work on /opt/airflow/dags/Shi_HW 3.py
[2026-09-14T00:53:15.668+0000] {processor.py:914} INFO - Processing file /opt/airflow/dags/Shi_HW 3.py for tasks to queue
[2026-09-14T00:53:15.669+0000] {logging_mixin.py:190} INFO - [2026-09-14T00:53:15.669+0000] {dagbag.py:587} INFO - Filling up the DagBag from /opt/airflow/dags/Shi_HW 3.py
[2026-09-14T00:53:15.689+0000] {processor.py:925} INFO - DAG(s) 'WeatherToronto_ETL' retrieved from /opt/airflow/dags/Shi_HW 3.py
[2026-09-14T00:53:15.698+0000] {logging_mixin.py:190} INFO - [2026-09-14T00:53:15.697+0000] {dag.py:3229} INFO - Sync 1 DAGs
[2026-09-14T00:53:15.709+0000] {logging_mixin.py:190} INFO - [2026-09-14T00:53:15.709+0000] {dag.py:4156} INFO - Setting next_dagrun for WeatherToronto_ETL to 2026-09-13 18:00:00+00:00, run_after=2026-09-14 18:00:00+00:00
[2026-09-14T00:53:15.716+0000] {processor.py:208} INFO - Processing /opt/airflow/dags/Shi_HW 3.py took 0.055 seconds
[2026-09-14T00:53:46.102+0000] {processor.py:186} INFO - Started process (PID=40709) to work on /opt/airflow/dags/Shi_HW 3.py
[2026-09-14T00:53:46.103+0000] {processor.py:914} INFO - Processing file /opt/airflow/dags/Shi_HW 3.py for tasks to queue
[2026-09-14T00:53:46.104+0000] {logging_mixin.py:190} INFO - [2026-09-14T00:53:46.104+0000] {dagbag.py:587} INFO - Filling up the DagBag from /opt/airflow/dags/Shi_HW 3.py
[2026-09-14T00:53:46.120+0000] {processor.py:925} INFO - DAG(s) 'WeatherToronto_ETL' retrieved from /opt/airflow/dags/Shi_HW 3.py
[2026-09-14T00:53:46.130+0000] {logging_mixin.py:190} INFO - [2026-09-14T00:53:46.129+0000] {dag.py:3229} INFO - Sync 1 DAGs
[2026-09-14T00:53:46.140+0000] {logging_mixin.py:190} INFO - [2026-09-14T00:53:46.140+0000] {dag.py:4156} INFO - Setting next_dagrun for WeatherToronto_ETL to 2026-09-13 18:00:00+00:00, run_after=2026-09-14 18:00:00+00:00
[2026-09-14T00:53:46.146+0000] {processor.py:208} INFO - Processing /opt/airflow/dags/Shi_HW 3.py took 0.050 seconds
[2026-09-14T00:54:16.517+0000] {processor.py:186} INFO - Started process (PID=40720) to work on /opt/airflow/dags/Shi_HW 3.py
[2026-09-14T00:54:16.519+0000] {processor.py:914} INFO - Processing file /opt/airflow/dags/Shi_HW 3.py for tasks to queue
[2026-09-14T00:54:16.520+0000] {logging_mixin.py:190} INFO - [2026-09-14T00:54:16.520+0000] {dagbag.py:587} INFO - Filling up the DagBag from /opt/airflow/dags/Shi_HW 3.py
[2026-09-14T00:54:16.540+0000] {processor.py:925} INFO - DAG(s) 'WeatherToronto_ETL' retrieved from /opt/airflow/dags/Shi_HW 3.py
[2026-09-14T00:54:16.548+0000] {logging_mixin.py:190} INFO - [2026-09-14T00:54:16.548+0000] {dag.py:3229} INFO - Sync 1 DAGs
[2026-09-14T00:54:16.559+0000] {logging_mixin.py:190} INFO - [2026-09-14T00:54:16.559+0000] {dag.py:4156} INFO - Setting next_dagrun for WeatherToronto_ETL to 2026-09-13 18:00:00+00:00, run_after=2026-09-14 18:00:00+00:00
[2026-09-14T00:54:16.565+0000] {processor.py:208} INFO - Processing /opt/airflow/dags/Shi_HW 3.py took 0.053 seconds
[2026-09-14T00:54:46.957+0000] {processor.py:186} INFO - Started process (PID=40731) to work on /opt/airflow/dags/Shi_HW 3.py
[2026-09-14T00:54:46.959+0000] {processor.py:914} INFO - Processing file /opt/airflow/dags/Shi_HW 3.py for tasks to queue
[2026-09-14T00:54:46.960+0000] {logging_mixin.py:190} INFO - [2026-09-14T00:54:46.960+0000] {dagbag.py:587} INFO - Filling up the DagBag from /opt/airflow/dags/Shi_HW 3.py
[2026-09-14T00:54:46.994+0000] {processor.py:925} INFO - DAG(s) 'WeatherToronto_ETL' retrieved from /opt/airflow/dags/Shi_HW 3.py
[2026-09-14T00:54:47.016+0000] {logging_mixin.py:190} INFO - [2026-09-14T00:54:47.014+0000] {dag.py:3229} INFO - Sync 1 DAGs
[2026-09-14T00:54:47.038+0000] {logging_mixin.py:190} INFO - [2026-09-14T00:54:47.038+0000] {dag.py:4156} INFO - Setting next_dagrun for WeatherToronto_ETL to 2026-09-13 18:00:00+00:00, run_after=2026-09-14 18:00:00+00:00
[2026-09-14T00:54:47.047+0000] {processor.py:208} INFO - Processing /opt/airflow/dags/Shi_HW 3.py took 0.099 seconds
[2026-09-14T00:55:17.455+0000] {processor.py:186} INFO - Started process (PID=40742) to work on /opt/airflow/dags/Shi_HW 3.py
[2026-09-14T00:55:17.458+0000] {processor.py:914} INFO - Processing file /opt/airflow/dags/Shi_HW 3.py for tasks to queue
[2026-09-14T00:55:17.459+0000] {logging_mixin.py:190} INFO - [2026-09-14T00:55:17.459+0000] {dagbag.py:587} INFO - Filling up the DagBag from /opt/airflow/dags/Shi_HW 3.py
[2026-09-14T00:55:17.488+0000] {processor.py:925} INFO - DAG(s) 'WeatherToronto_ETL' retrieved from /opt/airflow/dags/Shi_HW 3.py
[2026-09-14T00:55:17.498+0000] {logging_mixin.py:190} INFO - [2026-09-14T00:55:17.497+0000] {dag.py:3229} INFO - Sync 1 DAGs
[2026-09-14T00:55:17.513+0000] {logging_mixin.py:190} INFO - [2026-09-14T00:55:17.513+0000] {dag.py:4156} INFO - Setting next_dagrun for WeatherToronto_ETL to 2026-09-13 18:00:00+00:00, run_after=2026-09-14 18:00:00+00:00
[2026-09-14T00:55:17.520+0000] {processor.py:208} INFO - Processing /opt/airflow/dags/Shi_HW 3.py took 0.078 seconds
[2026-09-14T00:55:47.970+0000] {processor.py:186} INFO - Started process (PID=40753) to work on /opt/airflow/dags/Shi_HW 3.py
[2026-09-14T00:55:47.973+0000] {processor.py:914} INFO - Processing file /opt/airflow/dags/Shi_HW 3.py for tasks to queue
[2026-09-14T00:55:47.975+0000] {logging_mixin.py:190} INFO - [2026-09-14T00:55:47.974+0000] {dagbag.py:587} INFO - Filling up the DagBag from /opt/airflow/dags/Shi_HW 3.py
[2026-09-14T00:55:48.004+0000] {processor.py:925} INFO - DAG(s) 'WeatherToronto_ETL' retrieved from /opt/airflow/dags/Shi_HW 3.py
[2026-09-14T00:55:48.022+0000] {logging_mixin.py:190} INFO - [2026-09-14T00:55:48.020+0000] {dag.py:3229} INFO - Sync 1 DAGs
[2026-09-14T00:55:48.035+0000] {logging_mixin.py:190} INFO - [2026-09-14T00:55:48.035+0000] {dag.py:4156} INFO - Setting next_dagrun for WeatherToronto_ETL to 2026-09-13 18:00:00+00:00, run_after=2026-09-14 18:00:00+00:00
[2026-09-14T00:55:48.042+0000] {processor.py:208} INFO - Processing /opt/airflow/dags/Shi_HW 3.py took 0.088 seconds
[2026-09-14T00:56:18.408+0000] {processor.py:186} INFO - Started process (PID=40764) to work on /opt/airflow/dags/Shi_HW 3.py
[2026-09-14T00:56:18.410+0000] {processor.py:914} INFO - Processing file /opt/airflow/dags/Shi_HW 3.py for tasks to queue
[2026-09-14T00:56:18.411+0000] {logging_mixin.py:190} INFO - [2026-09-14T00:56:18.411+0000] {dagbag.py:587} INFO - Filling up the DagBag from /opt/airflow/dags/Shi_HW 3.py
[2026-09-14T00:56:18.432+0000] {processor.py:925} INFO - DAG(s) 'WeatherToronto_ETL' retrieved from /opt/airflow/dags/Shi_HW 3.py
[2026-09-14T00:56:18.443+0000] {logging_mixin.py:190} INFO - [2026-09-14T00:56:18.442+0000] {dag.py:3229} INFO - Sync 1 DAGs
[2026-09-14T00:56:18.455+0000] {logging_mixin.py:190} INFO - [2026-09-14T00:56:18.455+0000] {dag.py:4156} INFO - Setting next_dagrun for WeatherToronto_ETL to 2026-09-13 18:00:00+00:00, run_after=2026-09-14 18:00:00+00:00
[2026-09-14T00:56:18.463+0000] {processor.py:208} INFO - Processing /opt/airflow/dags/Shi_HW 3.py took 0.062 seconds
[2026-09-14T00:56:48.756+0000] {processor.py:186} INFO - Started process (PID=40775) to work on /opt/airflow/dags/Shi_HW 3.py
[2026-09-14T00:56:48.758+0000] {processor.py:914} INFO - Processing file /opt/airflow/dags/Shi_HW 3.py for tasks to queue
[2026-09-14T00:56:48.759+0000] {logging_mixin.py:190} INFO - [2026-09-14T00:56:48.759+0000] {dagbag.py:587} INFO - Filling up the DagBag from /opt/airflow/dags/Shi_HW 3.py
[2026-09-14T00:56:48.779+0000] {processor.py:925} INFO - DAG(s) 'WeatherToronto_ETL' retrieved from /opt/airflow/dags/Shi_HW 3.py
[2026-09-14T00:56:48.787+0000] {logging_mixin.py:190} INFO - [2026-09-14T00:56:48.786+0000] {dag.py:3229} INFO - Sync 1 DAGs
[2026-09-14T00:56:48.798+0000] {logging_mixin.py:190} INFO - [2026-09-14T00:56:48.797+0000] {dag.py:4156} INFO - Setting next_dagrun for WeatherToronto_ETL to 2026-09-13 18:00:00+00:00, run_after=2026-09-14 18:00:00+00:00
[2026-09-14T00:56:48.803+0000] {processor.py:208} INFO - Processing /opt/airflow/dags/Shi_HW 3.py took 0.053 seconds
[2026-09-14T00:57:19.253+0000] {processor.py:186} INFO - Started process (PID=40786) to work on /opt/airflow/dags/Shi_HW 3.py
[2026-09-14T00:57:19.255+0000] {processor.py:914} INFO - Processing file /opt/airflow/dags/Shi_HW 3.py for tasks to queue
[2026-09-14T00:57:19.256+0000] {logging_mixin.py:190} INFO - [2026-09-14T00:57:19.255+0000] {dagbag.py:587} INFO - Filling up the DagBag from /opt/airflow/dags/Shi_HW 3.py
[2026-09-14T00:57:19.273+0000] {processor.py:925} INFO - DAG(s) 'WeatherToronto_ETL' retrieved from /opt/airflow/dags/Shi_HW 3.py
[2026-09-14T00:57:19.281+0000] {logging_mixin.py:190} INFO - [2026-09-14T00:57:19.281+0000] {dag.py:3229} INFO - Sync 1 DAGs
[2026-09-14T00:57:19.291+0000] {logging_mixin.py:190} INFO - [2026-09-14T00:57:19.291+0000] {dag.py:4156} INFO - Setting next_dagrun for WeatherToronto_ETL to 2026-09-13 18:00:00+00:00, run_after=2026-09-14 18:00:00+00:00
[2026-09-14T00:57:19.297+0000] {processor.py:208} INFO - Processing /opt/airflow/dags/Shi_HW 3.py took 0.053 seconds
[2026-09-14T00:57:49.724+0000] {processor.py:186} INFO - Started process (PID=40797) to work on /opt/airflow/dags/Shi_HW 3.py
[2026-09-14T00:57:49.726+0000] {processor.py:914} INFO - Processing file /opt/airflow/dags/Shi_HW 3.py for tasks to queue
[2026-09-14T00:57:49.728+0000] {logging_mixin.py:190} INFO - [2026-09-14T00:57:49.727+0000] {dagbag.py:587} INFO - Filling up the DagBag from /opt/airflow/dags/Shi_HW 3.py
[2026-09-14T00:57:49.752+0000] {processor.py:925} INFO - DAG(s) 'WeatherToronto_ETL' retrieved from /opt/airflow/dags/Shi_HW 3.py
[2026-09-14T00:57:49.765+0000] {logging_mixin.py:190} INFO - [2026-09-14T00:57:49.764+0000] {dag.py:3229} INFO - Sync 1 DAGs
[2026-09-14T00:57:49.778+0000] {logging_mixin.py:190} INFO - [2026-09-14T00:57:49.778+0000] {dag.py:4156} INFO - Setting next_dagrun for WeatherToronto_ETL to 2026-09-13 18:00:00+00:00, run_after=2026-09-14 18:00:00+00:00
[2026-09-14T00:57:49.785+0000] {processor.py:208} INFO - Processing /opt/airflow/dags/Shi_HW 3.py took 0.070 seconds
[2026-09-14T00:58:20.160+0000] {processor.py:186} INFO - Started process (PID=40808) to work on /opt/airflow/dags/Shi_HW 3.py
[2026-09-14T00:58:20.163+0000] {processor.py:914} INFO - Processing file /opt/airflow/dags/Shi_HW 3.py for tasks to queue
[2026-09-14T00:58:20.164+0000] {logging_mixin.py:190} INFO - [2026-09-14T00:58:20.164+0000] {dagbag.py:587} INFO - Filling up the DagBag from /opt/airflow/dags/Shi_HW 3.py
[2026-09-14T00:58:20.183+0000] {processor.py:925} INFO - DAG(s) 'WeatherToronto_ETL' retrieved from /opt/airflow/dags/Shi_HW 3.py
[2026-09-14T00:58:20.192+0000] {logging_mixin.py:190} INFO - [2026-09-14T00:58:20.191+0000] {dag.py:3229} INFO - Sync 1 DAGs
[2026-09-14T00:58:20.205+0000] {logging_mixin.py:190} INFO - [2026-09-14T00:58:20.205+0000] {dag.py:4156} INFO - Setting next_dagrun for WeatherToronto_ETL to 2026-09-13 18:00:00+00:00, run_after=2026-09-14 18:00:00+00:00
[2026-09-14T00:58:20.212+0000] {processor.py:208} INFO - Processing /opt/airflow/dags/Shi_HW 3.py took 0.058 seconds
[2026-09-14T00:58:50.629+0000] {processor.py:186} INFO - Started process (PID=40819) to work on /opt/airflow/dags/Shi_HW 3.py
[2026-09-14T00:58:50.632+0000] {processor.py:914} INFO - Processing file /opt/airflow/dags/Shi_HW 3.py for tasks to queue
[2026-09-14T00:58:50.633+0000] {logging_mixin.py:190} INFO - [2026-09-14T00:58:50.632+0000] {dagbag.py:587} INFO - Filling up the DagBag from /opt/airflow/dags/Shi_HW 3.py
[2026-09-14T00:58:50.653+0000] {processor.py:925} INFO - DAG(s) 'WeatherToronto_ETL' retrieved from /opt/airflow/dags/Shi_HW 3.py
[2026-09-14T00:58:50.663+0000] {logging_mixin.py:190} INFO - [2026-09-14T00:58:50.662+0000] {dag.py:3229} INFO - Sync 1 DAGs
[2026-09-14T00:58:50.674+0000] {logging_mixin.py:190} INFO - [2026-09-14T00:58:50.674+0000] {dag.py:4156} INFO - Setting next_dagrun for WeatherToronto_ETL to 2026-09-13 18:00:00+00:00, run_after=2026-09-14 18:00:00+00:00
[2026-09-14T00:58:50.680+0000] {processor.py:208} INFO - Processing /opt/airflow/dags/Shi_HW 3.py took 0.057 seconds
[2026-09-14T00:59:21.090+0000] {processor.py:186} INFO - Started process (PID=40830) to work on /opt/airflow/dags/Shi_HW 3.py
[2026-09-14T00:59:21.091+0000] {processor.py:914} INFO - Processing file /opt/airflow/dags/Shi_HW 3.py for tasks to queue
[2026-09-14T00:59:21.093+0000] {logging_mixin.py:190} INFO - [2026-09-14T00:59:21.092+0000] {dagbag.py:587} INFO - Filling up the DagBag from /opt/airflow/dags/Shi_HW 3.py
[2026-09-14T00:59:21.111+0000] {processor.py:925} INFO - DAG(s) 'WeatherToronto_ETL' retrieved from /opt/airflow/dags/Shi_HW 3.py
[2026-09-14T00:59:21.120+0000] {logging_mixin.py:190} INFO - [2026-09-14T00:59:21.120+0000] {dag.py:3229} INFO - Sync 1 DAGs
[2026-09-14T00:59:21.131+0000] {logging_mixin.py:190} INFO - [2026-09-14T00:59:21.131+0000] {dag.py:4156} INFO - Setting next_dagrun for WeatherToronto_ETL to 2026-09-13 18:00:00+00:00, run_after=2026-09-14 18:00:00+00:00
[2026-09-14T00:59:21.138+0000] {processor.py:208} INFO - Processing /opt/airflow/dags/Shi_HW 3.py took 0.053 seconds
[2026-09-14T00:59:51.548+0000] {processor.py:186} INFO - Started process (PID=40841) to work on /opt/airflow/dags/Shi_HW 3.py
[2026-09-14T00:59:51.551+0000] {processor.py:914} INFO - Processing file /opt/airflow/dags/Shi_HW 3.py for tasks to queue
[2026-09-14T00:59:51.552+0000] {logging_mixin.py:190} INFO - [2026-09-14T00:59:51.551+0000] {dagbag.py:587} INFO - Filling up the DagBag from /opt/airflow/dags/Shi_HW 3.py
[2026-09-14T00:59:51.587+0000] {processor.py:925} INFO - DAG(s) 'WeatherToronto_ETL' retrieved from /opt/airflow/dags/Shi_HW 3.py
[2026-09-14T00:59:51.604+0000] {logging_mixin.py:190} INFO - [2026-09-14T00:59:51.602+0000] {dag.py:3229} INFO - Sync 1 DAGs
[2026-09-14T00:59:51.620+0000] {logging_mixin.py:190} INFO - [2026-09-14T00:59:51.620+0000] {dag.py:4156} INFO - Setting next_dagrun for WeatherToronto_ETL to 2026-09-13 18:00:00+00:00, run_after=2026-09-14 18:00:00+00:00
[2026-09-14T00:59:51.627+0000] {processor.py:208} INFO - Processing /opt/airflow/dags/Shi_HW 3.py took 0.087 seconds
[2026-09-14T01:00:22.003+0000] {processor.py:186} INFO - Started process (PID=40852) to work on /opt/airflow/dags/Shi_HW 3.py
[2026-09-14T01:00:22.006+0000] {processor.py:914} INFO - Processing file /opt/airflow/dags/Shi_HW 3.py for tasks to queue
[2026-09-14T01:00:22.007+0000] {logging_mixin.py:190} INFO - [2026-09-14T01:00:22.007+0000] {dagbag.py:587} INFO - Filling up the DagBag from /opt/airflow/dags/Shi_HW 3.py
[2026-09-14T01:00:22.027+0000] {processor.py:925} INFO - DAG(s) 'WeatherToronto_ETL' retrieved from /opt/airflow/dags/Shi_HW 3.py
[2026-09-14T01:00:22.037+0000] {logging_mixin.py:190} INFO - [2026-09-14T01:00:22.037+0000] {dag.py:3229} INFO - Sync 1 DAGs
[2026-09-14T01:00:22.050+0000] {logging_mixin.py:190} INFO - [2026-09-14T01:00:22.049+0000] {dag.py:4156} INFO - Setting next_dagrun for WeatherToronto_ETL to 2026-09-13 18:00:00+00:00, run_after=2026-09-14 18:00:00+00:00
[2026-09-14T01:00:22.058+0000] {processor.py:208} INFO - Processing /opt/airflow/dags/Shi_HW 3.py took 0.063 seconds
[2026-09-14T01:00:52.410+0000] {processor.py:186} INFO - Started process (PID=40863) to work on /opt/airflow/dags/Shi_HW 3.py
[2026-09-14T01:00:52.413+0000] {processor.py:914} INFO - Processing file /opt/airflow/dags/Shi_HW 3.py for tasks to queue
[2026-09-14T01:00:52.414+0000] {logging_mixin.py:190} INFO - [2026-09-14T01:00:52.413+0000] {dagbag.py:587} INFO - Filling up the DagBag from /opt/airflow/dags/Shi_HW 3.py
[2026-09-14T01:00:52.434+0000] {processor.py:925} INFO - DAG(s) 'WeatherToronto_ETL' retrieved from /opt/airflow/dags/Shi_HW 3.py
[2026-09-14T01:00:52.443+0000] {logging_mixin.py:190} INFO - [2026-09-14T01:00:52.442+0000] {dag.py:3229} INFO - Sync 1 DAGs
[2026-09-14T01:00:52.453+0000] {logging_mixin.py:190} INFO - [2026-09-14T01:00:52.453+0000] {dag.py:4156} INFO - Setting next_dagrun for WeatherToronto_ETL to 2026-09-13 18:00:00+00:00, run_after=2026-09-14 18:00:00+00:00
[2026-09-14T01:00:52.459+0000] {processor.py:208} INFO - Processing /opt/airflow/dags/Shi_HW 3.py took 0.056 seconds
[2026-09-14T01:01:22.874+0000] {processor.py:186} INFO - Started process (PID=40874) to work on /opt/airflow/dags/Shi_HW 3.py
[2026-09-14T01:01:22.876+0000] {processor.py:914} INFO - Processing file /opt/airflow/dags/Shi_HW 3.py for tasks to queue
[2026-09-14T01:01:22.877+0000] {logging_mixin.py:190} INFO - [2026-09-14T01:01:22.877+0000] {dagbag.py:587} INFO - Filling up the DagBag from /opt/airflow/dags/Shi_HW 3.py
[2026-09-14T01:01:22.899+0000] {processor.py:925} INFO - DAG(s) 'WeatherToronto_ETL' retrieved from /opt/airflow/dags/Shi_HW 3.py
[2026-09-14T01:01:22.911+0000] {logging_mixin.py:190} INFO - [2026-09-14T01:01:22.910+0000] {dag.py:3229} INFO - Sync 1 DAGs
[2026-09-14T01:01:22.923+0000] {logging_mixin.py:190} INFO - [2026-09-14T01:01:22.923+0000] {dag.py:4156} INFO - Setting next_dagrun for WeatherToronto_ETL to 2026-09-13 18:00:00+00:00, run_after=2026-09-14 18:00:00+00:00
[2026-09-14T01:01:22.930+0000] {processor.py:208} INFO - Processing /opt/airflow/dags/Shi_HW 3.py took 0.065 seconds
[2026-09-14T01:01:53.322+0000] {processor.py:186} INFO - Started process (PID=40885) to work on /opt/airflow/dags/Shi_HW 3.py
[2026-09-14T01:01:53.323+0000] {processor.py:914} INFO - Processing file /opt/airflow/dags/Shi_HW 3.py for tasks to queue
[2026-09-14T01:01:53.324+0000] {logging_mixin.py:190} INFO - [2026-09-14T01:01:53.324+0000] {dagbag.py:587} INFO - Filling up the DagBag from /opt/airflow/dags/Shi_HW 3.py
[2026-09-14T01:01:53.338+0000] {processor.py:925} INFO - DAG(s) 'WeatherToronto_ETL' retrieved from /opt/airflow/dags/Shi_HW 3.py
[2026-09-14T01:01:53.347+0000] {logging_mixin.py:190} INFO - [2026-09-14T01:01:53.346+0000] {dag.py:3229} INFO - Sync 1 DAGs
[2026-09-14T01:01:53.358+0000] {logging_mixin.py:190} INFO - [2026-09-14T01:01:53.358+0000] {dag.py:4156} INFO - Setting next_dagrun for WeatherToronto_ETL to 2026-09-13 18:00:00+00:00, run_after=2026-09-14 18:00:00+00:00
[2026-09-14T01:01:53.365+0000] {processor.py:208} INFO - Processing /opt/airflow/dags/Shi_HW 3.py took 0.048 seconds
[2026-09-14T01:02:23.795+0000] {processor.py:186} INFO - Started process (PID=40896) to work on /opt/airflow/dags/Shi_HW 3.py
[2026-09-14T01:02:23.798+0000] {processor.py:914} INFO - Processing file /opt/airflow/dags/Shi_HW 3.py for tasks to queue
[2026-09-14T01:02:23.799+0000] {logging_mixin.py:190} INFO - [2026-09-14T01:02:23.798+0000] {dagbag.py:587} INFO - Filling up the DagBag from /opt/airflow/dags/Shi_HW 3.py
[2026-09-14T01:02:23.821+0000] {processor.py:925} INFO - DAG(s) 'WeatherToronto_ETL' retrieved from /opt/airflow/dags/Shi_HW 3.py
[2026-09-14T01:02:23.830+0000] {logging_mixin.py:190} INFO - [2026-09-14T01:02:23.829+0000] {dag.py:3229} INFO - Sync 1 DAGs
[2026-09-14T01:02:23.840+0000] {logging_mixin.py:190} INFO - [2026-09-14T01:02:23.840+0000] {dag.py:4156} INFO - Setting next_dagrun for WeatherToronto_ETL to 2026-09-13 18:00:00+00:00, run_after=2026-09-14 18:00:00+00:00
[2026-09-14T01:02:23.847+0000] {processor.py:208} INFO - Processing /opt/airflow/dags/Shi_HW 3.py took 0.058 seconds
[2026-09-14T01:02:54.215+0000] {processor.py:186} INFO - Started process (PID=40907) to work on /opt/airflow/dags/Shi_HW 3.py
[2026-09-14T01:02:54.216+0000] {processor.py:914} INFO - Processing file /opt/airflow/dags/Shi_HW 3.py for tasks to queue
[2026-09-14T01:02:54.217+0000] {logging_mixin.py:190} INFO - [2026-09-14T01:02:54.217+0000] {dagbag.py:587} INFO - Filling up the DagBag from /opt/airflow/dags/Shi_HW 3.py
[2026-09-14T01:02:54.234+0000] {processor.py:925} INFO - DAG(s) 'WeatherToronto_ETL' retrieved from /opt/airflow/dags/Shi_HW 3.py
[2026-09-14T01:02:54.243+0000] {logging_mixin.py:190} INFO - [2026-09-14T01:02:54.243+0000] {dag.py:3229} INFO - Sync 1 DAGs
[2026-09-14T01:02:54.254+0000] {logging_mixin.py:190} INFO - [2026-09-14T01:02:54.254+0000] {dag.py:4156} INFO - Setting next_dagrun for WeatherToronto_ETL to 2026-09-13 18:00:00+00:00, run_after=2026-09-14 18:00:00+00:00
[2026-09-14T01:02:54.261+0000] {processor.py:208} INFO - Processing /opt/airflow/dags/Shi_HW 3.py took 0.053 seconds
[2026-09-14T01:03:24.659+0000] {processor.py:186} INFO - Started process (PID=40918) to work on /opt/airflow/dags/Shi_HW 3.py
[2026-09-14T01:03:24.660+0000] {processor.py:914} INFO - Processing file /opt/airflow/dags/Shi_HW 3.py for tasks to queue
[2026-09-14T01:03:24.661+0000] {logging_mixin.py:190} INFO - [2026-09-14T01:03:24.661+0000] {dagbag.py:587} INFO - Filling up the DagBag from /opt/airflow/dags/Shi_HW 3.py
[2026-09-14T01:03:24.680+0000] {processor.py:925} INFO - DAG(s) 'WeatherToronto_ETL' retrieved from /opt/airflow/dags/Shi_HW 3.py
[2026-09-14T01:03:24.689+0000] {logging_mixin.py:190} INFO - [2026-09-14T01:03:24.688+0000] {dag.py:3229} INFO - Sync 1 DAGs
[2026-09-14T01:03:24.699+0000] {logging_mixin.py:190} INFO - [2026-09-14T01:03:24.699+0000] {dag.py:4156} INFO - Setting next_dagrun for WeatherToronto_ETL to 2026-09-13 18:00:00+00:00, run_after=2026-09-14 18:00:00+00:00
[2026-09-14T01:03:24.705+0000] {processor.py:208} INFO - Processing /opt/airflow/dags/Shi_HW 3.py took 0.051 seconds
[2026-09-14T01:03:55.177+0000] {processor.py:186} INFO - Started process (PID=40929) to work on /opt/airflow/dags/Shi_HW 3.py
[2026-09-14T01:03:55.180+0000] {processor.py:914} INFO - Processing file /opt/airflow/dags/Shi_HW 3.py for tasks to queue
[2026-09-14T01:03:55.181+0000] {logging_mixin.py:190} INFO - [2026-09-14T01:03:55.181+0000] {dagbag.py:587} INFO - Filling up the DagBag from /opt/airflow/dags/Shi_HW 3.py
[2026-09-14T01:03:55.205+0000] {processor.py:925} INFO - DAG(s) 'WeatherToronto_ETL' retrieved from /opt/airflow/dags/Shi_HW 3.py
[2026-09-14T01:03:55.217+0000] {logging_mixin.py:190} INFO - [2026-09-14T01:03:55.216+0000] {dag.py:3229} INFO - Sync 1 DAGs
[2026-09-14T01:03:55.230+0000] {logging_mixin.py:190} INFO - [2026-09-14T01:03:55.229+0000] {dag.py:4156} INFO - Setting next_dagrun for WeatherToronto_ETL to 2026-09-13 18:00:00+00:00, run_after=2026-09-14 18:00:00+00:00
[2026-09-14T01:03:55.237+0000] {processor.py:208} INFO - Processing /opt/airflow/dags/Shi_HW 3.py took 0.068 seconds
[2026-09-14T01:04:25.632+0000] {processor.py:186} INFO - Started process (PID=40940) to work on /opt/airflow/dags/Shi_HW 3.py
[2026-09-14T01:04:25.635+0000] {processor.py:914} INFO - Processing file /opt/airflow/dags/Shi_HW 3.py for tasks to queue
[2026-09-14T01:04:25.636+0000] {logging_mixin.py:190} INFO - [2026-09-14T01:04:25.635+0000] {dagbag.py:587} INFO - Filling up the DagBag from /opt/airflow/dags/Shi_HW 3.py
[2026-09-14T01:04:25.654+0000] {processor.py:925} INFO - DAG(s) 'WeatherToronto_ETL' retrieved from /opt/airflow/dags/Shi_HW 3.py
[2026-09-14T01:04:25.663+0000] {logging_mixin.py:190} INFO - [2026-09-14T01:04:25.662+0000] {dag.py:3229} INFO - Sync 1 DAGs
[2026-09-14T01:04:25.673+0000] {logging_mixin.py:190} INFO - [2026-09-14T01:04:25.673+0000] {dag.py:4156} INFO - Setting next_dagrun for WeatherToronto_ETL to 2026-09-13 18:00:00+00:00, run_after=2026-09-14 18:00:00+00:00
[2026-09-14T01:04:25.679+0000] {processor.py:208} INFO - Processing /opt/airflow/dags/Shi_HW 3.py took 0.053 seconds
[2026-09-14T01:04:56.096+0000] {processor.py:186} INFO - Started process (PID=40951) to work on /opt/airflow/dags/Shi_HW 3.py
[2026-09-14T01:04:56.099+0000] {processor.py:914} INFO - Processing file /opt/airflow/dags/Shi_HW 3.py for tasks to queue
[2026-09-14T01:04:56.100+0000] {logging_mixin.py:190} INFO - [2026-09-14T01:04:56.099+0000] {dagbag.py:587} INFO - Filling up the DagBag from /opt/airflow/dags/Shi_HW 3.py
[2026-09-14T01:04:56.118+0000] {processor.py:925} INFO - DAG(s) 'WeatherToronto_ETL' retrieved from /opt/airflow/dags/Shi_HW 3.py
[2026-09-14T01:04:56.126+0000] {logging_mixin.py:190} INFO - [2026-09-14T01:04:56.126+0000] {dag.py:3229} INFO - Sync 1 DAGs
[2026-09-14T01:04:56.137+0000] {logging_mixin.py:190} INFO - [2026-09-14T01:04:56.137+0000] {dag.py:4156} INFO - Setting next_dagrun for WeatherToronto_ETL to 2026-09-13 18:00:00+00:00, run_after=2026-09-14 18:00:00+00:00
[2026-09-14T01:04:56.143+0000] {processor.py:208} INFO - Processing /opt/airflow/dags/Shi_HW 3.py took 0.054 seconds
[2026-09-14T01:05:26.513+0000] {processor.py:186} INFO - Started process (PID=40962) to work on /opt/airflow/dags/Shi_HW 3.py
[2026-09-14T01:05:26.514+0000] {processor.py:914} INFO - Processing file /opt/airflow/dags/Shi_HW 3.py for tasks to queue
[2026-09-14T01:05:26.516+0000] {logging_mixin.py:190} INFO - [2026-09-14T01:05:26.515+0000] {dagbag.py:587} INFO - Filling up the DagBag from /opt/airflow/dags/Shi_HW 3.py
[2026-09-14T01:05:26.543+0000] {processor.py:925} INFO - DAG(s) 'WeatherToronto_ETL' retrieved from /opt/airflow/dags/Shi_HW 3.py
[2026-09-14T01:05:26.558+0000] {logging_mixin.py:190} INFO - [2026-09-14T01:05:26.557+0000] {dag.py:3229} INFO - Sync 1 DAGs
[2026-09-14T01:05:26.573+0000] {logging_mixin.py:190} INFO - [2026-09-14T01:05:26.573+0000] {dag.py:4156} INFO - Setting next_dagrun for WeatherToronto_ETL to 2026-09-13 18:00:00+00:00, run_after=2026-09-14 18:00:00+00:00
[2026-09-14T01:05:26.580+0000] {processor.py:208} INFO - Processing /opt/airflow/dags/Shi_HW 3.py took 0.075 seconds
[2026-09-14T01:05:56.854+0000] {processor.py:186} INFO - Started process (PID=40973) to work on /opt/airflow/dags/Shi_HW 3.py
[2026-09-14T01:05:56.856+0000] {processor.py:914} INFO - Processing file /opt/airflow/dags/Shi_HW 3.py for tasks to queue
[2026-09-14T01:05:56.856+0000] {logging_mixin.py:190} INFO - [2026-09-14T01:05:56.856+0000] {dagbag.py:587} INFO - Filling up the DagBag from /opt/airflow/dags/Shi_HW 3.py
[2026-09-14T01:05:56.871+0000] {processor.py:925} INFO - DAG(s) 'WeatherToronto_ETL' retrieved from /opt/airflow/dags/Shi_HW 3.py
[2026-09-14T01:05:56.879+0000] {logging_mixin.py:190} INFO - [2026-09-14T01:05:56.878+0000] {dag.py:3229} INFO - Sync 1 DAGs
[2026-09-14T01:05:56.889+0000] {logging_mixin.py:190} INFO - [2026-09-14T01:05:56.888+0000] {dag.py:4156} INFO - Setting next_dagrun for WeatherToronto_ETL to 2026-09-13 18:00:00+00:00, run_after=2026-09-14 18:00:00+00:00
[2026-09-14T01:05:56.894+0000] {processor.py:208} INFO - Processing /opt/airflow/dags/Shi_HW 3.py took 0.045 seconds
[2026-09-14T01:06:27.123+0000] {processor.py:186} INFO - Started process (PID=40984) to work on /opt/airflow/dags/Shi_HW 3.py
[2026-09-14T01:06:27.125+0000] {processor.py:914} INFO - Processing file /opt/airflow/dags/Shi_HW 3.py for tasks to queue
[2026-09-14T01:06:27.126+0000] {logging_mixin.py:190} INFO - [2026-09-14T01:06:27.126+0000] {dagbag.py:587} INFO - Filling up the DagBag from /opt/airflow/dags/Shi_HW 3.py
[2026-09-14T01:06:27.145+0000] {processor.py:925} INFO - DAG(s) 'WeatherToronto_ETL' retrieved from /opt/airflow/dags/Shi_HW 3.py
[2026-09-14T01:06:27.153+0000] {logging_mixin.py:190} INFO - [2026-09-14T01:06:27.153+0000] {dag.py:3229} INFO - Sync 1 DAGs
[2026-09-14T01:06:27.164+0000] {logging_mixin.py:190} INFO - [2026-09-14T01:06:27.164+0000] {dag.py:4156} INFO - Setting next_dagrun for WeatherToronto_ETL to 2026-09-13 18:00:00+00:00, run_after=2026-09-14 18:00:00+00:00
[2026-09-14T01:06:27.171+0000] {processor.py:208} INFO - Processing /opt/airflow/dags/Shi_HW 3.py took 0.056 seconds
[2026-09-14T01:06:57.513+0000] {processor.py:186} INFO - Started process (PID=40995) to work on /opt/airflow/dags/Shi_HW 3.py
[2026-09-14T01:06:57.515+0000] {processor.py:914} INFO - Processing file /opt/airflow/dags/Shi_HW 3.py for tasks to queue
[2026-09-14T01:06:57.516+0000] {logging_mixin.py:190} INFO - [2026-09-14T01:06:57.516+0000] {dagbag.py:587} INFO - Filling up the DagBag from /opt/airflow/dags/Shi_HW 3.py
[2026-09-14T01:06:57.535+0000] {processor.py:925} INFO - DAG(s) 'WeatherToronto_ETL' retrieved from /opt/airflow/dags/Shi_HW 3.py
[2026-09-14T01:06:57.543+0000] {logging_mixin.py:190} INFO - [2026-09-14T01:06:57.543+0000] {dag.py:3229} INFO - Sync 1 DAGs
[2026-09-14T01:06:57.554+0000] {logging_mixin.py:190} INFO - [2026-09-14T01:06:57.554+0000] {dag.py:4156} INFO - Setting next_dagrun for WeatherToronto_ETL to 2026-09-13 18:00:00+00:00, run_after=2026-09-14 18:00:00+00:00
[2026-09-14T01:06:57.560+0000] {processor.py:208} INFO - Processing /opt/airflow/dags/Shi_HW 3.py took 0.056 seconds
[2026-09-14T01:07:27.904+0000] {processor.py:186} INFO - Started process (PID=41006) to work on /opt/airflow/dags/Shi_HW 3.py
[2026-09-14T01:07:27.905+0000] {processor.py:914} INFO - Processing file /opt/airflow/dags/Shi_HW 3.py for tasks to queue
[2026-09-14T01:07:27.906+0000] {logging_mixin.py:190} INFO - [2026-09-14T01:07:27.906+0000] {dagbag.py:587} INFO - Filling up the DagBag from /opt/airflow/dags/Shi_HW 3.py
[2026-09-14T01:07:27.931+0000] {processor.py:925} INFO - DAG(s) 'WeatherToronto_ETL' retrieved from /opt/airflow/dags/Shi_HW 3.py
[2026-09-14T01:07:27.945+0000] {logging_mixin.py:190} INFO - [2026-09-14T01:07:27.943+0000] {dag.py:3229} INFO - Sync 1 DAGs
[2026-09-14T01:07:27.959+0000] {logging_mixin.py:190} INFO - [2026-09-14T01:07:27.959+0000] {dag.py:4156} INFO - Setting next_dagrun for WeatherToronto_ETL to 2026-09-13 18:00:00+00:00, run_after=2026-09-14 18:00:00+00:00
[2026-09-14T01:07:27.966+0000] {processor.py:208} INFO - Processing /opt/airflow/dags/Shi_HW 3.py took 0.070 seconds
[2026-09-14T01:07:58.314+0000] {processor.py:186} INFO - Started process (PID=41017) to work on /opt/airflow/dags/Shi_HW 3.py
[2026-09-14T01:07:58.316+0000] {processor.py:914} INFO - Processing file /opt/airflow/dags/Shi_HW 3.py for tasks to queue
[2026-09-14T01:07:58.317+0000] {logging_mixin.py:190} INFO - [2026-09-14T01:07:58.317+0000] {dagbag.py:587} INFO - Filling up the DagBag from /opt/airflow/dags/Shi_HW 3.py
[2026-09-14T01:07:58.351+0000] {processor.py:925} INFO - DAG(s) 'WeatherToronto_ETL' retrieved from /opt/airflow/dags/Shi_HW 3.py
[2026-09-14T01:07:58.371+0000] {logging_mixin.py:190} INFO - [2026-09-14T01:07:58.366+0000] {dag.py:3229} INFO - Sync 1 DAGs
[2026-09-14T01:07:58.389+0000] {logging_mixin.py:190} INFO - [2026-09-14T01:07:58.389+0000] {dag.py:4156} INFO - Setting next_dagrun for WeatherToronto_ETL to 2026-09-13 18:00:00+00:00, run_after=2026-09-14 18:00:00+00:00
[2026-09-14T01:07:58.397+0000] {processor.py:208} INFO - Processing /opt/airflow/dags/Shi_HW 3.py took 0.092 seconds
[2026-09-14T01:08:28.685+0000] {processor.py:186} INFO - Started process (PID=41028) to work on /opt/airflow/dags/Shi_HW 3.py
[2026-09-14T01:08:28.686+0000] {processor.py:914} INFO - Processing file /opt/airflow/dags/Shi_HW 3.py for tasks to queue
[2026-09-14T01:08:28.688+0000] {logging_mixin.py:190} INFO - [2026-09-14T01:08:28.687+0000] {dagbag.py:587} INFO - Filling up the DagBag from /opt/airflow/dags/Shi_HW 3.py
[2026-09-14T01:08:28.714+0000] {processor.py:925} INFO - DAG(s) 'WeatherToronto_ETL' retrieved from /opt/airflow/dags/Shi_HW 3.py
[2026-09-14T01:08:28.727+0000] {logging_mixin.py:190} INFO - [2026-09-14T01:08:28.726+0000] {dag.py:3229} INFO - Sync 1 DAGs
[2026-09-14T01:08:28.740+0000] {logging_mixin.py:190} INFO - [2026-09-14T01:08:28.740+0000] {dag.py:4156} INFO - Setting next_dagrun for WeatherToronto_ETL to 2026-09-13 18:00:00+00:00, run_after=2026-09-14 18:00:00+00:00
[2026-09-14T01:08:28.748+0000] {processor.py:208} INFO - Processing /opt/airflow/dags/Shi_HW 3.py took 0.070 seconds
[2026-09-14T01:08:59.045+0000] {processor.py:186} INFO - Started process (PID=41039) to work on /opt/airflow/dags/Shi_HW 3.py
[2026-09-14T01:08:59.047+0000] {processor.py:914} INFO - Processing file /opt/airflow/dags/Shi_HW 3.py for tasks to queue
[2026-09-14T01:08:59.048+0000] {logging_mixin.py:190} INFO - [2026-09-14T01:08:59.047+0000] {dagbag.py:587} INFO - Filling up the DagBag from /opt/airflow/dags/Shi_HW 3.py
[2026-09-14T01:08:59.063+0000] {processor.py:925} INFO - DAG(s) 'WeatherToronto_ETL' retrieved from /opt/airflow/dags/Shi_HW 3.py
[2026-09-14T01:08:59.071+0000] {logging_mixin.py:190} INFO - [2026-09-14T01:08:59.071+0000] {dag.py:3229} INFO - Sync 1 DAGs
[2026-09-14T01:08:59.083+0000] {logging_mixin.py:190} INFO - [2026-09-14T01:08:59.083+0000] {dag.py:4156} INFO - Setting next_dagrun for WeatherToronto_ETL to 2026-09-13 18:00:00+00:00, run_after=2026-09-14 18:00:00+00:00
[2026-09-14T01:08:59.090+0000] {processor.py:208} INFO - Processing /opt/airflow/dags/Shi_HW 3.py took 0.051 seconds
[2026-09-14T01:09:29.390+0000] {processor.py:186} INFO - Started process (PID=41050) to work on /opt/airflow/dags/Shi_HW 3.py
[2026-09-14T01:09:29.391+0000] {processor.py:914} INFO - Processing file /opt/airflow/dags/Shi_HW 3.py for tasks to queue
[2026-09-14T01:09:29.392+0000] {logging_mixin.py:190} INFO - [2026-09-14T01:09:29.392+0000] {dagbag.py:587} INFO - Filling up the DagBag from /opt/airflow/dags/Shi_HW 3.py
[2026-09-14T01:09:29.410+0000] {processor.py:925} INFO - DAG(s) 'WeatherToronto_ETL' retrieved from /opt/airflow/dags/Shi_HW 3.py
[2026-09-14T01:09:29.419+0000] {logging_mixin.py:190} INFO - [2026-09-14T01:09:29.418+0000] {dag.py:3229} INFO - Sync 1 DAGs
[2026-09-14T01:09:29.429+0000] {logging_mixin.py:190} INFO - [2026-09-14T01:09:29.429+0000] {dag.py:4156} INFO - Setting next_dagrun for WeatherToronto_ETL to 2026-09-13 18:00:00+00:00, run_after=2026-09-14 18:00:00+00:00
[2026-09-14T01:09:29.438+0000] {processor.py:208} INFO - Processing /opt/airflow/dags/Shi_HW 3.py took 0.054 seconds
[2026-09-14T01:09:59.763+0000] {processor.py:186} INFO - Started process (PID=41061) to work on /opt/airflow/dags/Shi_HW 3.py
[2026-09-14T01:09:59.765+0000] {processor.py:914} INFO - Processing file /opt/airflow/dags/Shi_HW 3.py for tasks to queue
[2026-09-14T01:09:59.770+0000] {logging_mixin.py:190} INFO - [2026-09-14T01:09:59.769+0000] {dagbag.py:587} INFO - Filling up the DagBag from /opt/airflow/dags/Shi_HW 3.py
[2026-09-14T01:09:59.799+0000] {processor.py:925} INFO - DAG(s) 'WeatherToronto_ETL' retrieved from /opt/airflow/dags/Shi_HW 3.py
[2026-09-14T01:09:59.812+0000] {logging_mixin.py:190} INFO - [2026-09-14T01:09:59.810+0000] {dag.py:3229} INFO - Sync 1 DAGs
[2026-09-14T01:09:59.824+0000] {logging_mixin.py:190} INFO - [2026-09-14T01:09:59.824+0000] {dag.py:4156} INFO - Setting next_dagrun for WeatherToronto_ETL to 2026-09-13 18:00:00+00:00, run_after=2026-09-14 18:00:00+00:00
[2026-09-14T01:09:59.831+0000] {processor.py:208} INFO - Processing /opt/airflow/dags/Shi_HW 3.py took 0.082 seconds
[2026-09-14T01:10:30.072+0000] {processor.py:186} INFO - Started process (PID=41072) to work on /opt/airflow/dags/Shi_HW 3.py
[2026-09-14T01:10:30.074+0000] {processor.py:914} INFO - Processing file /opt/airflow/dags/Shi_HW 3.py for tasks to queue
[2026-09-14T01:10:30.075+0000] {logging_mixin.py:190} INFO - [2026-09-14T01:10:30.075+0000] {dagbag.py:587} INFO - Filling up the DagBag from /opt/airflow/dags/Shi_HW 3.py
[2026-09-14T01:10:30.095+0000] {processor.py:925} INFO - DAG(s) 'WeatherToronto_ETL' retrieved from /opt/airflow/dags/Shi_HW 3.py
[2026-09-14T01:10:30.106+0000] {logging_mixin.py:190} INFO - [2026-09-14T01:10:30.106+0000] {dag.py:3229} INFO - Sync 1 DAGs
[2026-09-14T01:10:30.120+0000] {logging_mixin.py:190} INFO - [2026-09-14T01:10:30.120+0000] {dag.py:4156} INFO - Setting next_dagrun for WeatherToronto_ETL to 2026-09-13 18:00:00+00:00, run_after=2026-09-14 18:00:00+00:00
[2026-09-14T01:10:30.128+0000] {processor.py:208} INFO - Processing /opt/airflow/dags/Shi_HW 3.py took 0.062 seconds
[2026-09-14T01:11:00.505+0000] {processor.py:186} INFO - Started process (PID=41089) to work on /opt/airflow/dags/Shi_HW 3.py
[2026-09-14T01:11:00.507+0000] {processor.py:914} INFO - Processing file /opt/airflow/dags/Shi_HW 3.py for tasks to queue
[2026-09-14T01:11:00.509+0000] {logging_mixin.py:190} INFO - [2026-09-14T01:11:00.508+0000] {dagbag.py:587} INFO - Filling up the DagBag from /opt/airflow/dags/Shi_HW 3.py
[2026-09-14T01:11:00.550+0000] {processor.py:925} INFO - DAG(s) 'WeatherToronto_ETL' retrieved from /opt/airflow/dags/Shi_HW 3.py
[2026-09-14T01:11:00.571+0000] {logging_mixin.py:190} INFO - [2026-09-14T01:11:00.570+0000] {dag.py:3229} INFO - Sync 1 DAGs
[2026-09-14T01:11:00.592+0000] {logging_mixin.py:190} INFO - [2026-09-14T01:11:00.592+0000] {dag.py:4156} INFO - Setting next_dagrun for WeatherToronto_ETL to 2026-09-13 18:00:00+00:00, run_after=2026-09-14 18:00:00+00:00
[2026-09-14T01:11:00.599+0000] {processor.py:208} INFO - Processing /opt/airflow/dags/Shi_HW 3.py took 0.100 seconds
[2026-09-14T01:11:30.902+0000] {processor.py:186} INFO - Started process (PID=41100) to work on /opt/airflow/dags/Shi_HW 3.py
[2026-09-14T01:11:30.904+0000] {processor.py:914} INFO - Processing file /opt/airflow/dags/Shi_HW 3.py for tasks to queue
[2026-09-14T01:11:30.905+0000] {logging_mixin.py:190} INFO - [2026-09-14T01:11:30.904+0000] {dagbag.py:587} INFO - Filling up the DagBag from /opt/airflow/dags/Shi_HW 3.py
[2026-09-14T01:11:30.924+0000] {processor.py:925} INFO - DAG(s) 'WeatherToronto_ETL' retrieved from /opt/airflow/dags/Shi_HW 3.py
[2026-09-14T01:11:30.933+0000] {logging_mixin.py:190} INFO - [2026-09-14T01:11:30.933+0000] {dag.py:3229} INFO - Sync 1 DAGs
[2026-09-14T01:11:30.945+0000] {logging_mixin.py:190} INFO - [2026-09-14T01:11:30.945+0000] {dag.py:4156} INFO - Setting next_dagrun for WeatherToronto_ETL to 2026-09-13 18:00:00+00:00, run_after=2026-09-14 18:00:00+00:00
[2026-09-14T01:11:30.952+0000] {processor.py:208} INFO - Processing /opt/airflow/dags/Shi_HW 3.py took 0.056 seconds
[2026-09-14T01:12:01.291+0000] {processor.py:186} INFO - Started process (PID=41111) to work on /opt/airflow/dags/Shi_HW 3.py
[2026-09-14T01:12:01.294+0000] {processor.py:914} INFO - Processing file /opt/airflow/dags/Shi_HW 3.py for tasks to queue
[2026-09-14T01:12:01.296+0000] {logging_mixin.py:190} INFO - [2026-09-14T01:12:01.295+0000] {dagbag.py:587} INFO - Filling up the DagBag from /opt/airflow/dags/Shi_HW 3.py
[2026-09-14T01:12:01.320+0000] {processor.py:925} INFO - DAG(s) 'WeatherToronto_ETL' retrieved from /opt/airflow/dags/Shi_HW 3.py
[2026-09-14T01:12:01.333+0000] {logging_mixin.py:190} INFO - [2026-09-14T01:12:01.331+0000] {dag.py:3229} INFO - Sync 1 DAGs
[2026-09-14T01:12:01.346+0000] {logging_mixin.py:190} INFO - [2026-09-14T01:12:01.346+0000] {dag.py:4156} INFO - Setting next_dagrun for WeatherToronto_ETL to 2026-09-13 18:00:00+00:00, run_after=2026-09-14 18:00:00+00:00
[2026-09-14T01:12:01.353+0000] {processor.py:208} INFO - Processing /opt/airflow/dags/Shi_HW 3.py took 0.072 seconds
[2026-09-14T01:12:31.612+0000] {processor.py:186} INFO - Started process (PID=41122) to work on /opt/airflow/dags/Shi_HW 3.py
[2026-09-14T01:12:31.615+0000] {processor.py:914} INFO - Processing file /opt/airflow/dags/Shi_HW 3.py for tasks to queue
[2026-09-14T01:12:31.616+0000] {logging_mixin.py:190} INFO - [2026-09-14T01:12:31.616+0000] {dagbag.py:587} INFO - Filling up the DagBag from /opt/airflow/dags/Shi_HW 3.py
[2026-09-14T01:12:31.637+0000] {processor.py:925} INFO - DAG(s) 'WeatherToronto_ETL' retrieved from /opt/airflow/dags/Shi_HW 3.py
[2026-09-14T01:12:31.646+0000] {logging_mixin.py:190} INFO - [2026-09-14T01:12:31.645+0000] {dag.py:3229} INFO - Sync 1 DAGs
[2026-09-14T01:12:31.657+0000] {logging_mixin.py:190} INFO - [2026-09-14T01:12:31.657+0000] {dag.py:4156} INFO - Setting next_dagrun for WeatherToronto_ETL to 2026-09-13 18:00:00+00:00, run_after=2026-09-14 18:00:00+00:00
[2026-09-14T01:12:31.663+0000] {processor.py:208} INFO - Processing /opt/airflow/dags/Shi_HW 3.py took 0.057 seconds
[2026-09-14T01:13:02.029+0000] {processor.py:186} INFO - Started process (PID=41133) to work on /opt/airflow/dags/Shi_HW 3.py
[2026-09-14T01:13:02.031+0000] {processor.py:914} INFO - Processing file /opt/airflow/dags/Shi_HW 3.py for tasks to queue
[2026-09-14T01:13:02.033+0000] {logging_mixin.py:190} INFO - [2026-09-14T01:13:02.032+0000] {dagbag.py:587} INFO - Filling up the DagBag from /opt/airflow/dags/Shi_HW 3.py
[2026-09-14T01:13:02.076+0000] {processor.py:925} INFO - DAG(s) 'WeatherToronto_ETL' retrieved from /opt/airflow/dags/Shi_HW 3.py
[2026-09-14T01:13:02.118+0000] {logging_mixin.py:190} INFO - [2026-09-14T01:13:02.116+0000] {dag.py:3229} INFO - Sync 1 DAGs
[2026-09-14T01:13:02.138+0000] {logging_mixin.py:190} INFO - [2026-09-14T01:13:02.138+0000] {dag.py:4156} INFO - Setting next_dagrun for WeatherToronto_ETL to 2026-09-13 18:00:00+00:00, run_after=2026-09-14 18:00:00+00:00
[2026-09-14T01:13:02.150+0000] {processor.py:208} INFO - Processing /opt/airflow/dags/Shi_HW 3.py took 0.131 seconds
[2026-09-14T01:13:32.398+0000] {processor.py:186} INFO - Started process (PID=41144) to work on /opt/airflow/dags/Shi_HW 3.py
[2026-09-14T01:13:32.400+0000] {processor.py:914} INFO - Processing file /opt/airflow/dags/Shi_HW 3.py for tasks to queue
[2026-09-14T01:13:32.401+0000] {logging_mixin.py:190} INFO - [2026-09-14T01:13:32.401+0000] {dagbag.py:587} INFO - Filling up the DagBag from /opt/airflow/dags/Shi_HW 3.py
[2026-09-14T01:13:32.428+0000] {processor.py:925} INFO - DAG(s) 'WeatherToronto_ETL' retrieved from /opt/airflow/dags/Shi_HW 3.py
[2026-09-14T01:13:32.447+0000] {logging_mixin.py:190} INFO - [2026-09-14T01:13:32.445+0000] {dag.py:3229} INFO - Sync 1 DAGs
[2026-09-14T01:13:32.467+0000] {logging_mixin.py:190} INFO - [2026-09-14T01:13:32.467+0000] {dag.py:4156} INFO - Setting next_dagrun for WeatherToronto_ETL to 2026-09-13 18:00:00+00:00, run_after=2026-09-14 18:00:00+00:00
[2026-09-14T01:13:32.478+0000] {processor.py:208} INFO - Processing /opt/airflow/dags/Shi_HW 3.py took 0.088 seconds
[2026-09-14T01:14:02.743+0000] {processor.py:186} INFO - Started process (PID=41155) to work on /opt/airflow/dags/Shi_HW 3.py
[2026-09-14T01:14:02.748+0000] {processor.py:914} INFO - Processing file /opt/airflow/dags/Shi_HW 3.py for tasks to queue
[2026-09-14T01:14:02.749+0000] {logging_mixin.py:190} INFO - [2026-09-14T01:14:02.749+0000] {dagbag.py:587} INFO - Filling up the DagBag from /opt/airflow/dags/Shi_HW 3.py
[2026-09-14T01:14:02.785+0000] {processor.py:925} INFO - DAG(s) 'WeatherToronto_ETL' retrieved from /opt/airflow/dags/Shi_HW 3.py
[2026-09-14T01:14:02.810+0000] {logging_mixin.py:190} INFO - [2026-09-14T01:14:02.808+0000] {dag.py:3229} INFO - Sync 1 DAGs
[2026-09-14T01:14:02.833+0000] {logging_mixin.py:190} INFO - [2026-09-14T01:14:02.832+0000] {dag.py:4156} INFO - Setting next_dagrun for WeatherToronto_ETL to 2026-09-13 18:00:00+00:00, run_after=2026-09-14 18:00:00+00:00
[2026-09-14T01:14:02.842+0000] {processor.py:208} INFO - Processing /opt/airflow/dags/Shi_HW 3.py took 0.115 seconds
[2026-09-14T01:14:33.154+0000] {processor.py:186} INFO - Started process (PID=41166) to work on /opt/airflow/dags/Shi_HW 3.py
[2026-09-14T01:14:33.155+0000] {processor.py:914} INFO - Processing file /opt/airflow/dags/Shi_HW 3.py for tasks to queue
[2026-09-14T01:14:33.157+0000] {logging_mixin.py:190} INFO - [2026-09-14T01:14:33.156+0000] {dagbag.py:587} INFO - Filling up the DagBag from /opt/airflow/dags/Shi_HW 3.py
[2026-09-14T01:14:33.203+0000] {processor.py:925} INFO - DAG(s) 'WeatherToronto_ETL' retrieved from /opt/airflow/dags/Shi_HW 3.py
[2026-09-14T01:14:33.227+0000] {logging_mixin.py:190} INFO - [2026-09-14T01:14:33.224+0000] {dag.py:3229} INFO - Sync 1 DAGs
[2026-09-14T01:14:33.247+0000] {logging_mixin.py:190} INFO - [2026-09-14T01:14:33.247+0000] {dag.py:4156} INFO - Setting next_dagrun for WeatherToronto_ETL to 2026-09-13 18:00:00+00:00, run_after=2026-09-14 18:00:00+00:00
[2026-09-14T01:14:33.258+0000] {processor.py:208} INFO - Processing /opt/airflow/dags/Shi_HW 3.py took 0.116 seconds
[2026-09-14T01:15:03.540+0000] {processor.py:186} INFO - Started process (PID=41177) to work on /opt/airflow/dags/Shi_HW 3.py
[2026-09-14T01:15:03.541+0000] {processor.py:914} INFO - Processing file /opt/airflow/dags/Shi_HW 3.py for tasks to queue
[2026-09-14T01:15:03.543+0000] {logging_mixin.py:190} INFO - [2026-09-14T01:15:03.542+0000] {dagbag.py:587} INFO - Filling up the DagBag from /opt/airflow/dags/Shi_HW 3.py
[2026-09-14T01:15:03.573+0000] {processor.py:925} INFO - DAG(s) 'WeatherToronto_ETL' retrieved from /opt/airflow/dags/Shi_HW 3.py
[2026-09-14T01:15:03.595+0000] {logging_mixin.py:190} INFO - [2026-09-14T01:15:03.592+0000] {dag.py:3229} INFO - Sync 1 DAGs
[2026-09-14T01:15:03.622+0000] {logging_mixin.py:190} INFO - [2026-09-14T01:15:03.622+0000] {dag.py:4156} INFO - Setting next_dagrun for WeatherToronto_ETL to 2026-09-13 18:00:00+00:00, run_after=2026-09-14 18:00:00+00:00
[2026-09-14T01:15:03.641+0000] {processor.py:208} INFO - Processing /opt/airflow/dags/Shi_HW 3.py took 0.108 seconds
[2026-09-14T01:15:33.939+0000] {processor.py:186} INFO - Started process (PID=41188) to work on /opt/airflow/dags/Shi_HW 3.py
[2026-09-14T01:15:33.941+0000] {processor.py:914} INFO - Processing file /opt/airflow/dags/Shi_HW 3.py for tasks to queue
[2026-09-14T01:15:33.945+0000] {logging_mixin.py:190} INFO - [2026-09-14T01:15:33.945+0000] {dagbag.py:587} INFO - Filling up the DagBag from /opt/airflow/dags/Shi_HW 3.py
[2026-09-14T01:15:33.999+0000] {processor.py:925} INFO - DAG(s) 'WeatherToronto_ETL' retrieved from /opt/airflow/dags/Shi_HW 3.py
[2026-09-14T01:15:34.027+0000] {logging_mixin.py:190} INFO - [2026-09-14T01:15:34.019+0000] {dag.py:3229} INFO - Sync 1 DAGs
[2026-09-14T01:15:34.048+0000] {logging_mixin.py:190} INFO - [2026-09-14T01:15:34.048+0000] {dag.py:4156} INFO - Setting next_dagrun for WeatherToronto_ETL to 2026-09-13 18:00:00+00:00, run_after=2026-09-14 18:00:00+00:00
[2026-09-14T01:15:34.058+0000] {processor.py:208} INFO - Processing /opt/airflow/dags/Shi_HW 3.py took 0.126 seconds
[2026-09-14T01:16:04.337+0000] {processor.py:186} INFO - Started process (PID=41199) to work on /opt/airflow/dags/Shi_HW 3.py
[2026-09-14T01:16:04.340+0000] {processor.py:914} INFO - Processing file /opt/airflow/dags/Shi_HW 3.py for tasks to queue
[2026-09-14T01:16:04.341+0000] {logging_mixin.py:190} INFO - [2026-09-14T01:16:04.340+0000] {dagbag.py:587} INFO - Filling up the DagBag from /opt/airflow/dags/Shi_HW 3.py
[2026-09-14T01:16:04.359+0000] {processor.py:925} INFO - DAG(s) 'WeatherToronto_ETL' retrieved from /opt/airflow/dags/Shi_HW 3.py
[2026-09-14T01:16:04.375+0000] {logging_mixin.py:190} INFO - [2026-09-14T01:16:04.371+0000] {dag.py:3229} INFO - Sync 1 DAGs
[2026-09-14T01:16:04.392+0000] {logging_mixin.py:190} INFO - [2026-09-14T01:16:04.392+0000] {dag.py:4156} INFO - Setting next_dagrun for WeatherToronto_ETL to 2026-09-13 18:00:00+00:00, run_after=2026-09-14 18:00:00+00:00
[2026-09-14T01:16:04.399+0000] {processor.py:208} INFO - Processing /opt/airflow/dags/Shi_HW 3.py took 0.073 seconds
[2026-09-14T01:16:34.701+0000] {processor.py:186} INFO - Started process (PID=41210) to work on /opt/airflow/dags/Shi_HW 3.py
[2026-09-14T01:16:34.702+0000] {processor.py:914} INFO - Processing file /opt/airflow/dags/Shi_HW 3.py for tasks to queue
[2026-09-14T01:16:34.704+0000] {logging_mixin.py:190} INFO - [2026-09-14T01:16:34.703+0000] {dagbag.py:587} INFO - Filling up the DagBag from /opt/airflow/dags/Shi_HW 3.py
[2026-09-14T01:16:34.731+0000] {processor.py:925} INFO - DAG(s) 'WeatherToronto_ETL' retrieved from /opt/airflow/dags/Shi_HW 3.py
[2026-09-14T01:16:34.745+0000] {logging_mixin.py:190} INFO - [2026-09-14T01:16:34.744+0000] {dag.py:3229} INFO - Sync 1 DAGs
[2026-09-14T01:16:34.760+0000] {logging_mixin.py:190} INFO - [2026-09-14T01:16:34.760+0000] {dag.py:4156} INFO - Setting next_dagrun for WeatherToronto_ETL to 2026-09-13 18:00:00+00:00, run_after=2026-09-14 18:00:00+00:00
[2026-09-14T01:16:34.767+0000] {processor.py:208} INFO - Processing /opt/airflow/dags/Shi_HW 3.py took 0.073 seconds
[2026-09-14T01:17:05.123+0000] {processor.py:186} INFO - Started process (PID=41221) to work on /opt/airflow/dags/Shi_HW 3.py
[2026-09-14T01:17:05.126+0000] {processor.py:914} INFO - Processing file /opt/airflow/dags/Shi_HW 3.py for tasks to queue
[2026-09-14T01:17:05.127+0000] {logging_mixin.py:190} INFO - [2026-09-14T01:17:05.127+0000] {dagbag.py:587} INFO - Filling up the DagBag from /opt/airflow/dags/Shi_HW 3.py
[2026-09-14T01:17:05.154+0000] {processor.py:925} INFO - DAG(s) 'WeatherToronto_ETL' retrieved from /opt/airflow/dags/Shi_HW 3.py
[2026-09-14T01:17:05.170+0000] {logging_mixin.py:190} INFO - [2026-09-14T01:17:05.168+0000] {dag.py:3229} INFO - Sync 1 DAGs
[2026-09-14T01:17:05.187+0000] {logging_mixin.py:190} INFO - [2026-09-14T01:17:05.187+0000] {dag.py:4156} INFO - Setting next_dagrun for WeatherToronto_ETL to 2026-09-13 18:00:00+00:00, run_after=2026-09-14 18:00:00+00:00
[2026-09-14T01:17:05.194+0000] {processor.py:208} INFO - Processing /opt/airflow/dags/Shi_HW 3.py took 0.078 seconds
[2026-09-14T01:17:35.531+0000] {processor.py:186} INFO - Started process (PID=41232) to work on /opt/airflow/dags/Shi_HW 3.py
[2026-09-14T01:17:35.533+0000] {processor.py:914} INFO - Processing file /opt/airflow/dags/Shi_HW 3.py for tasks to queue
[2026-09-14T01:17:35.534+0000] {logging_mixin.py:190} INFO - [2026-09-14T01:17:35.534+0000] {dagbag.py:587} INFO - Filling up the DagBag from /opt/airflow/dags/Shi_HW 3.py
[2026-09-14T01:17:35.577+0000] {processor.py:925} INFO - DAG(s) 'WeatherToronto_ETL' retrieved from /opt/airflow/dags/Shi_HW 3.py
[2026-09-14T01:17:35.619+0000] {logging_mixin.py:190} INFO - [2026-09-14T01:17:35.614+0000] {dag.py:3229} INFO - Sync 1 DAGs
[2026-09-14T01:17:35.651+0000] {logging_mixin.py:190} INFO - [2026-09-14T01:17:35.651+0000] {dag.py:4156} INFO - Setting next_dagrun for WeatherToronto_ETL to 2026-09-13 18:00:00+00:00, run_after=2026-09-14 18:00:00+00:00
[2026-09-14T01:17:35.659+0000] {processor.py:208} INFO - Processing /opt/airflow/dags/Shi_HW 3.py took 0.139 seconds
[2026-09-14T01:18:05.907+0000] {processor.py:186} INFO - Started process (PID=41243) to work on /opt/airflow/dags/Shi_HW 3.py
[2026-09-14T01:18:05.910+0000] {processor.py:914} INFO - Processing file /opt/airflow/dags/Shi_HW 3.py for tasks to queue
[2026-09-14T01:18:05.912+0000] {logging_mixin.py:190} INFO - [2026-09-14T01:18:05.911+0000] {dagbag.py:587} INFO - Filling up the DagBag from /opt/airflow/dags/Shi_HW 3.py
[2026-09-14T01:18:05.982+0000] {processor.py:925} INFO - DAG(s) 'WeatherToronto_ETL' retrieved from /opt/airflow/dags/Shi_HW 3.py
[2026-09-14T01:18:06.012+0000] {logging_mixin.py:190} INFO - [2026-09-14T01:18:06.008+0000] {dag.py:3229} INFO - Sync 1 DAGs
[2026-09-14T01:18:06.032+0000] {logging_mixin.py:190} INFO - [2026-09-14T01:18:06.032+0000] {dag.py:4156} INFO - Setting next_dagrun for WeatherToronto_ETL to 2026-09-13 18:00:00+00:00, run_after=2026-09-14 18:00:00+00:00
[2026-09-14T01:18:06.047+0000] {processor.py:208} INFO - Processing /opt/airflow/dags/Shi_HW 3.py took 0.161 seconds
[2026-09-14T01:18:36.378+0000] {processor.py:186} INFO - Started process (PID=41254) to work on /opt/airflow/dags/Shi_HW 3.py
[2026-09-14T01:18:36.381+0000] {processor.py:914} INFO - Processing file /opt/airflow/dags/Shi_HW 3.py for tasks to queue
[2026-09-14T01:18:36.382+0000] {logging_mixin.py:190} INFO - [2026-09-14T01:18:36.382+0000] {dagbag.py:587} INFO - Filling up the DagBag from /opt/airflow/dags/Shi_HW 3.py
[2026-09-14T01:18:36.408+0000] {processor.py:925} INFO - DAG(s) 'WeatherToronto_ETL' retrieved from /opt/airflow/dags/Shi_HW 3.py
[2026-09-14T01:18:36.422+0000] {logging_mixin.py:190} INFO - [2026-09-14T01:18:36.421+0000] {dag.py:3229} INFO - Sync 1 DAGs
[2026-09-14T01:18:36.436+0000] {logging_mixin.py:190} INFO - [2026-09-14T01:18:36.436+0000] {dag.py:4156} INFO - Setting next_dagrun for WeatherToronto_ETL to 2026-09-13 18:00:00+00:00, run_after=2026-09-14 18:00:00+00:00
[2026-09-14T01:18:36.444+0000] {processor.py:208} INFO - Processing /opt/airflow/dags/Shi_HW 3.py took 0.074 seconds
[2026-09-14T01:19:06.805+0000] {processor.py:186} INFO - Started process (PID=41266) to work on /opt/airflow/dags/Shi_HW 3.py
[2026-09-14T01:19:06.807+0000] {processor.py:914} INFO - Processing file /opt/airflow/dags/Shi_HW 3.py for tasks to queue
[2026-09-14T01:19:06.810+0000] {logging_mixin.py:190} INFO - [2026-09-14T01:19:06.809+0000] {dagbag.py:587} INFO - Filling up the DagBag from /opt/airflow/dags/Shi_HW 3.py
[2026-09-14T01:19:06.866+0000] {processor.py:925} INFO - DAG(s) 'WeatherToronto_ETL' retrieved from /opt/airflow/dags/Shi_HW 3.py
[2026-09-14T01:19:06.895+0000] {logging_mixin.py:190} INFO - [2026-09-14T01:19:06.893+0000] {dag.py:3229} INFO - Sync 1 DAGs
[2026-09-14T01:19:06.922+0000] {logging_mixin.py:190} INFO - [2026-09-14T01:19:06.922+0000] {dag.py:4156} INFO - Setting next_dagrun for WeatherToronto_ETL to 2026-09-13 18:00:00+00:00, run_after=2026-09-14 18:00:00+00:00
[2026-09-14T01:19:06.934+0000] {processor.py:208} INFO - Processing /opt/airflow/dags/Shi_HW 3.py took 0.141 seconds
[2026-09-14T01:19:37.228+0000] {processor.py:186} INFO - Started process (PID=41277) to work on /opt/airflow/dags/Shi_HW 3.py
[2026-09-14T01:19:37.229+0000] {processor.py:914} INFO - Processing file /opt/airflow/dags/Shi_HW 3.py for tasks to queue
[2026-09-14T01:19:37.231+0000] {logging_mixin.py:190} INFO - [2026-09-14T01:19:37.230+0000] {dagbag.py:587} INFO - Filling up the DagBag from /opt/airflow/dags/Shi_HW 3.py
[2026-09-14T01:19:37.277+0000] {processor.py:925} INFO - DAG(s) 'WeatherToronto_ETL' retrieved from /opt/airflow/dags/Shi_HW 3.py
[2026-09-14T01:19:37.303+0000] {logging_mixin.py:190} INFO - [2026-09-14T01:19:37.297+0000] {dag.py:3229} INFO - Sync 1 DAGs
[2026-09-14T01:19:37.323+0000] {logging_mixin.py:190} INFO - [2026-09-14T01:19:37.323+0000] {dag.py:4156} INFO - Setting next_dagrun for WeatherToronto_ETL to 2026-09-13 18:00:00+00:00, run_after=2026-09-14 18:00:00+00:00
[2026-09-14T01:19:37.335+0000] {processor.py:208} INFO - Processing /opt/airflow/dags/Shi_HW 3.py took 0.135 seconds
[2026-09-14T01:20:07.653+0000] {processor.py:186} INFO - Started process (PID=41288) to work on /opt/airflow/dags/Shi_HW 3.py
[2026-09-14T01:20:07.656+0000] {processor.py:914} INFO - Processing file /opt/airflow/dags/Shi_HW 3.py for tasks to queue
[2026-09-14T01:20:07.657+0000] {logging_mixin.py:190} INFO - [2026-09-14T01:20:07.657+0000] {dagbag.py:587} INFO - Filling up the DagBag from /opt/airflow/dags/Shi_HW 3.py
[2026-09-14T01:20:07.704+0000] {processor.py:925} INFO - DAG(s) 'WeatherToronto_ETL' retrieved from /opt/airflow/dags/Shi_HW 3.py
[2026-09-14T01:20:07.728+0000] {logging_mixin.py:190} INFO - [2026-09-14T01:20:07.725+0000] {dag.py:3229} INFO - Sync 1 DAGs
[2026-09-14T01:20:07.747+0000] {logging_mixin.py:190} INFO - [2026-09-14T01:20:07.747+0000] {dag.py:4156} INFO - Setting next_dagrun for WeatherToronto_ETL to 2026-09-13 18:00:00+00:00, run_after=2026-09-14 18:00:00+00:00
[2026-09-14T01:20:07.758+0000] {processor.py:208} INFO - Processing /opt/airflow/dags/Shi_HW 3.py took 0.113 seconds
[2026-09-14T01:20:38.023+0000] {processor.py:186} INFO - Started process (PID=41299) to work on /opt/airflow/dags/Shi_HW 3.py
[2026-09-14T01:20:38.025+0000] {processor.py:914} INFO - Processing file /opt/airflow/dags/Shi_HW 3.py for tasks to queue
[2026-09-14T01:20:38.026+0000] {logging_mixin.py:190} INFO - [2026-09-14T01:20:38.026+0000] {dagbag.py:587} INFO - Filling up the DagBag from /opt/airflow/dags/Shi_HW 3.py
[2026-09-14T01:20:38.072+0000] {processor.py:925} INFO - DAG(s) 'WeatherToronto_ETL' retrieved from /opt/airflow/dags/Shi_HW 3.py
[2026-09-14T01:20:38.087+0000] {logging_mixin.py:190} INFO - [2026-09-14T01:20:38.085+0000] {dag.py:3229} INFO - Sync 1 DAGs
[2026-09-14T01:20:38.106+0000] {logging_mixin.py:190} INFO - [2026-09-14T01:20:38.106+0000] {dag.py:4156} INFO - Setting next_dagrun for WeatherToronto_ETL to 2026-09-13 18:00:00+00:00, run_after=2026-09-14 18:00:00+00:00
[2026-09-14T01:20:38.115+0000] {processor.py:208} INFO - Processing /opt/airflow/dags/Shi_HW 3.py took 0.109 seconds
[2026-09-14T01:21:08.365+0000] {processor.py:186} INFO - Started process (PID=41310) to work on /opt/airflow/dags/Shi_HW 3.py
[2026-09-14T01:21:08.368+0000] {processor.py:914} INFO - Processing file /opt/airflow/dags/Shi_HW 3.py for tasks to queue
[2026-09-14T01:21:08.371+0000] {logging_mixin.py:190} INFO - [2026-09-14T01:21:08.369+0000] {dagbag.py:587} INFO - Filling up the DagBag from /opt/airflow/dags/Shi_HW 3.py
[2026-09-14T01:21:08.410+0000] {processor.py:925} INFO - DAG(s) 'WeatherToronto_ETL' retrieved from /opt/airflow/dags/Shi_HW 3.py
[2026-09-14T01:21:08.430+0000] {logging_mixin.py:190} INFO - [2026-09-14T01:21:08.428+0000] {dag.py:3229} INFO - Sync 1 DAGs
[2026-09-14T01:21:08.447+0000] {logging_mixin.py:190} INFO - [2026-09-14T01:21:08.447+0000] {dag.py:4156} INFO - Setting next_dagrun for WeatherToronto_ETL to 2026-09-13 18:00:00+00:00, run_after=2026-09-14 18:00:00+00:00
[2026-09-14T01:21:08.454+0000] {processor.py:208} INFO - Processing /opt/airflow/dags/Shi_HW 3.py took 0.101 seconds
[2026-09-14T01:21:38.835+0000] {processor.py:186} INFO - Started process (PID=41321) to work on /opt/airflow/dags/Shi_HW 3.py
[2026-09-14T01:21:38.838+0000] {processor.py:914} INFO - Processing file /opt/airflow/dags/Shi_HW 3.py for tasks to queue
[2026-09-14T01:21:38.842+0000] {logging_mixin.py:190} INFO - [2026-09-14T01:21:38.839+0000] {dagbag.py:587} INFO - Filling up the DagBag from /opt/airflow/dags/Shi_HW 3.py
[2026-09-14T01:21:38.895+0000] {processor.py:925} INFO - DAG(s) 'WeatherToronto_ETL' retrieved from /opt/airflow/dags/Shi_HW 3.py
[2026-09-14T01:21:38.925+0000] {logging_mixin.py:190} INFO - [2026-09-14T01:21:38.923+0000] {dag.py:3229} INFO - Sync 1 DAGs
[2026-09-14T01:21:38.948+0000] {logging_mixin.py:190} INFO - [2026-09-14T01:21:38.948+0000] {dag.py:4156} INFO - Setting next_dagrun for WeatherToronto_ETL to 2026-09-13 18:00:00+00:00, run_after=2026-09-14 18:00:00+00:00
[2026-09-14T01:21:38.959+0000] {processor.py:208} INFO - Processing /opt/airflow/dags/Shi_HW 3.py took 0.135 seconds
[2026-09-14T01:22:09.233+0000] {processor.py:186} INFO - Started process (PID=41332) to work on /opt/airflow/dags/Shi_HW 3.py
[2026-09-14T01:22:09.236+0000] {processor.py:914} INFO - Processing file /opt/airflow/dags/Shi_HW 3.py for tasks to queue
[2026-09-14T01:22:09.238+0000] {logging_mixin.py:190} INFO - [2026-09-14T01:22:09.237+0000] {dagbag.py:587} INFO - Filling up the DagBag from /opt/airflow/dags/Shi_HW 3.py
[2026-09-14T01:22:09.270+0000] {processor.py:925} INFO - DAG(s) 'WeatherToronto_ETL' retrieved from /opt/airflow/dags/Shi_HW 3.py
[2026-09-14T01:22:09.285+0000] {logging_mixin.py:190} INFO - [2026-09-14T01:22:09.283+0000] {dag.py:3229} INFO - Sync 1 DAGs
[2026-09-14T01:22:09.300+0000] {logging_mixin.py:190} INFO - [2026-09-14T01:22:09.300+0000] {dag.py:4156} INFO - Setting next_dagrun for WeatherToronto_ETL to 2026-09-13 18:00:00+00:00, run_after=2026-09-14 18:00:00+00:00
[2026-09-14T01:22:09.309+0000] {processor.py:208} INFO - Processing /opt/airflow/dags/Shi_HW 3.py took 0.085 seconds
[2026-09-14T01:22:39.599+0000] {processor.py:186} INFO - Started process (PID=41343) to work on /opt/airflow/dags/Shi_HW 3.py
[2026-09-14T01:22:39.602+0000] {processor.py:914} INFO - Processing file /opt/airflow/dags/Shi_HW 3.py for tasks to queue
[2026-09-14T01:22:39.603+0000] {logging_mixin.py:190} INFO - [2026-09-14T01:22:39.603+0000] {dagbag.py:587} INFO - Filling up the DagBag from /opt/airflow/dags/Shi_HW 3.py
[2026-09-14T01:22:39.623+0000] {processor.py:925} INFO - DAG(s) 'WeatherToronto_ETL' retrieved from /opt/airflow/dags/Shi_HW 3.py
[2026-09-14T01:22:39.632+0000] {logging_mixin.py:190} INFO - [2026-09-14T01:22:39.631+0000] {dag.py:3229} INFO - Sync 1 DAGs
[2026-09-14T01:22:39.643+0000] {logging_mixin.py:190} INFO - [2026-09-14T01:22:39.643+0000] {dag.py:4156} INFO - Setting next_dagrun for WeatherToronto_ETL to 2026-09-13 18:00:00+00:00, run_after=2026-09-14 18:00:00+00:00
[2026-09-14T01:22:39.649+0000] {processor.py:208} INFO - Processing /opt/airflow/dags/Shi_HW 3.py took 0.056 seconds
[2026-09-14T01:23:10.004+0000] {processor.py:186} INFO - Started process (PID=41354) to work on /opt/airflow/dags/Shi_HW 3.py
[2026-09-14T01:23:10.007+0000] {processor.py:914} INFO - Processing file /opt/airflow/dags/Shi_HW 3.py for tasks to queue
[2026-09-14T01:23:10.009+0000] {logging_mixin.py:190} INFO - [2026-09-14T01:23:10.008+0000] {dagbag.py:587} INFO - Filling up the DagBag from /opt/airflow/dags/Shi_HW 3.py
[2026-09-14T01:23:10.037+0000] {processor.py:925} INFO - DAG(s) 'WeatherToronto_ETL' retrieved from /opt/airflow/dags/Shi_HW 3.py
[2026-09-14T01:23:10.050+0000] {logging_mixin.py:190} INFO - [2026-09-14T01:23:10.049+0000] {dag.py:3229} INFO - Sync 1 DAGs
[2026-09-14T01:23:10.063+0000] {logging_mixin.py:190} INFO - [2026-09-14T01:23:10.063+0000] {dag.py:4156} INFO - Setting next_dagrun for WeatherToronto_ETL to 2026-09-13 18:00:00+00:00, run_after=2026-09-14 18:00:00+00:00
[2026-09-14T01:23:10.071+0000] {processor.py:208} INFO - Processing /opt/airflow/dags/Shi_HW 3.py took 0.076 seconds
[2026-09-14T01:23:40.360+0000] {processor.py:186} INFO - Started process (PID=41365) to work on /opt/airflow/dags/Shi_HW 3.py
[2026-09-14T01:23:40.362+0000] {processor.py:914} INFO - Processing file /opt/airflow/dags/Shi_HW 3.py for tasks to queue
[2026-09-14T01:23:40.363+0000] {logging_mixin.py:190} INFO - [2026-09-14T01:23:40.363+0000] {dagbag.py:587} INFO - Filling up the DagBag from /opt/airflow/dags/Shi_HW 3.py
[2026-09-14T01:23:40.383+0000] {processor.py:925} INFO - DAG(s) 'WeatherToronto_ETL' retrieved from /opt/airflow/dags/Shi_HW 3.py
[2026-09-14T01:23:40.394+0000] {logging_mixin.py:190} INFO - [2026-09-14T01:23:40.393+0000] {dag.py:3229} INFO - Sync 1 DAGs
[2026-09-14T01:23:40.407+0000] {logging_mixin.py:190} INFO - [2026-09-14T01:23:40.407+0000] {dag.py:4156} INFO - Setting next_dagrun for WeatherToronto_ETL to 2026-09-13 18:00:00+00:00, run_after=2026-09-14 18:00:00+00:00
[2026-09-14T01:23:40.415+0000] {processor.py:208} INFO - Processing /opt/airflow/dags/Shi_HW 3.py took 0.061 seconds
[2026-09-14T01:24:10.709+0000] {processor.py:186} INFO - Started process (PID=41376) to work on /opt/airflow/dags/Shi_HW 3.py
[2026-09-14T01:24:10.711+0000] {processor.py:914} INFO - Processing file /opt/airflow/dags/Shi_HW 3.py for tasks to queue
[2026-09-14T01:24:10.713+0000] {logging_mixin.py:190} INFO - [2026-09-14T01:24:10.712+0000] {dagbag.py:587} INFO - Filling up the DagBag from /opt/airflow/dags/Shi_HW 3.py
[2026-09-14T01:24:10.745+0000] {processor.py:925} INFO - DAG(s) 'WeatherToronto_ETL' retrieved from /opt/airflow/dags/Shi_HW 3.py
[2026-09-14T01:24:10.759+0000] {logging_mixin.py:190} INFO - [2026-09-14T01:24:10.757+0000] {dag.py:3229} INFO - Sync 1 DAGs
[2026-09-14T01:24:10.773+0000] {logging_mixin.py:190} INFO - [2026-09-14T01:24:10.773+0000] {dag.py:4156} INFO - Setting next_dagrun for WeatherToronto_ETL to 2026-09-13 18:00:00+00:00, run_after=2026-09-14 18:00:00+00:00
[2026-09-14T01:24:10.780+0000] {processor.py:208} INFO - Processing /opt/airflow/dags/Shi_HW 3.py took 0.077 seconds
[2026-09-14T01:24:41.113+0000] {processor.py:186} INFO - Started process (PID=41387) to work on /opt/airflow/dags/Shi_HW 3.py
[2026-09-14T01:24:41.115+0000] {processor.py:914} INFO - Processing file /opt/airflow/dags/Shi_HW 3.py for tasks to queue
[2026-09-14T01:24:41.116+0000] {logging_mixin.py:190} INFO - [2026-09-14T01:24:41.116+0000] {dagbag.py:587} INFO - Filling up the DagBag from /opt/airflow/dags/Shi_HW 3.py
[2026-09-14T01:24:41.138+0000] {processor.py:925} INFO - DAG(s) 'WeatherToronto_ETL' retrieved from /opt/airflow/dags/Shi_HW 3.py
[2026-09-14T01:24:41.149+0000] {logging_mixin.py:190} INFO - [2026-09-14T01:24:41.148+0000] {dag.py:3229} INFO - Sync 1 DAGs
[2026-09-14T01:24:41.161+0000] {logging_mixin.py:190} INFO - [2026-09-14T01:24:41.161+0000] {dag.py:4156} INFO - Setting next_dagrun for WeatherToronto_ETL to 2026-09-13 18:00:00+00:00, run_after=2026-09-14 18:00:00+00:00
[2026-09-14T01:24:41.167+0000] {processor.py:208} INFO - Processing /opt/airflow/dags/Shi_HW 3.py took 0.062 seconds
[2026-09-14T01:25:11.483+0000] {processor.py:186} INFO - Started process (PID=41398) to work on /opt/airflow/dags/Shi_HW 3.py
[2026-09-14T01:25:11.485+0000] {processor.py:914} INFO - Processing file /opt/airflow/dags/Shi_HW 3.py for tasks to queue
[2026-09-14T01:25:11.487+0000] {logging_mixin.py:190} INFO - [2026-09-14T01:25:11.486+0000] {dagbag.py:587} INFO - Filling up the DagBag from /opt/airflow/dags/Shi_HW 3.py
[2026-09-14T01:25:11.518+0000] {processor.py:925} INFO - DAG(s) 'WeatherToronto_ETL' retrieved from /opt/airflow/dags/Shi_HW 3.py
[2026-09-14T01:25:11.542+0000] {logging_mixin.py:190} INFO - [2026-09-14T01:25:11.540+0000] {dag.py:3229} INFO - Sync 1 DAGs
[2026-09-14T01:25:11.560+0000] {logging_mixin.py:190} INFO - [2026-09-14T01:25:11.559+0000] {dag.py:4156} INFO - Setting next_dagrun for WeatherToronto_ETL to 2026-09-13 18:00:00+00:00, run_after=2026-09-14 18:00:00+00:00
[2026-09-14T01:25:11.569+0000] {processor.py:208} INFO - Processing /opt/airflow/dags/Shi_HW 3.py took 0.096 seconds
[2026-09-14T01:25:41.777+0000] {processor.py:186} INFO - Started process (PID=41409) to work on /opt/airflow/dags/Shi_HW 3.py
[2026-09-14T01:25:41.780+0000] {processor.py:914} INFO - Processing file /opt/airflow/dags/Shi_HW 3.py for tasks to queue
[2026-09-14T01:25:41.781+0000] {logging_mixin.py:190} INFO - [2026-09-14T01:25:41.781+0000] {dagbag.py:587} INFO - Filling up the DagBag from /opt/airflow/dags/Shi_HW 3.py
[2026-09-14T01:25:41.804+0000] {processor.py:925} INFO - DAG(s) 'WeatherToronto_ETL' retrieved from /opt/airflow/dags/Shi_HW 3.py
[2026-09-14T01:25:41.813+0000] {logging_mixin.py:190} INFO - [2026-09-14T01:25:41.812+0000] {dag.py:3229} INFO - Sync 1 DAGs
[2026-09-14T01:25:41.823+0000] {logging_mixin.py:190} INFO - [2026-09-14T01:25:41.823+0000] {dag.py:4156} INFO - Setting next_dagrun for WeatherToronto_ETL to 2026-09-13 18:00:00+00:00, run_after=2026-09-14 18:00:00+00:00
[2026-09-14T01:25:41.829+0000] {processor.py:208} INFO - Processing /opt/airflow/dags/Shi_HW 3.py took 0.060 seconds
[2026-09-14T01:26:12.143+0000] {processor.py:186} INFO - Started process (PID=41420) to work on /opt/airflow/dags/Shi_HW 3.py
[2026-09-14T01:26:12.145+0000] {processor.py:914} INFO - Processing file /opt/airflow/dags/Shi_HW 3.py for tasks to queue
[2026-09-14T01:26:12.147+0000] {logging_mixin.py:190} INFO - [2026-09-14T01:26:12.146+0000] {dagbag.py:587} INFO - Filling up the DagBag from /opt/airflow/dags/Shi_HW 3.py
[2026-09-14T01:26:12.190+0000] {processor.py:925} INFO - DAG(s) 'WeatherToronto_ETL' retrieved from /opt/airflow/dags/Shi_HW 3.py
[2026-09-14T01:26:12.206+0000] {logging_mixin.py:190} INFO - [2026-09-14T01:26:12.204+0000] {dag.py:3229} INFO - Sync 1 DAGs
[2026-09-14T01:26:12.228+0000] {logging_mixin.py:190} INFO - [2026-09-14T01:26:12.228+0000] {dag.py:4156} INFO - Setting next_dagrun for WeatherToronto_ETL to 2026-09-13 18:00:00+00:00, run_after=2026-09-14 18:00:00+00:00
[2026-09-14T01:26:12.237+0000] {processor.py:208} INFO - Processing /opt/airflow/dags/Shi_HW 3.py took 0.104 seconds
[2026-09-14T01:26:42.559+0000] {processor.py:186} INFO - Started process (PID=41431) to work on /opt/airflow/dags/Shi_HW 3.py
[2026-09-14T01:26:42.562+0000] {processor.py:914} INFO - Processing file /opt/airflow/dags/Shi_HW 3.py for tasks to queue
[2026-09-14T01:26:42.566+0000] {logging_mixin.py:190} INFO - [2026-09-14T01:26:42.564+0000] {dagbag.py:587} INFO - Filling up the DagBag from /opt/airflow/dags/Shi_HW 3.py
[2026-09-14T01:26:42.605+0000] {processor.py:925} INFO - DAG(s) 'WeatherToronto_ETL' retrieved from /opt/airflow/dags/Shi_HW 3.py
[2026-09-14T01:26:42.622+0000] {logging_mixin.py:190} INFO - [2026-09-14T01:26:42.620+0000] {dag.py:3229} INFO - Sync 1 DAGs
[2026-09-14T01:26:42.636+0000] {logging_mixin.py:190} INFO - [2026-09-14T01:26:42.636+0000] {dag.py:4156} INFO - Setting next_dagrun for WeatherToronto_ETL to 2026-09-13 18:00:00+00:00, run_after=2026-09-14 18:00:00+00:00
[2026-09-14T01:26:42.646+0000] {processor.py:208} INFO - Processing /opt/airflow/dags/Shi_HW 3.py took 0.097 seconds
[2026-09-14T01:27:12.980+0000] {processor.py:186} INFO - Started process (PID=41442) to work on /opt/airflow/dags/Shi_HW 3.py
[2026-09-14T01:27:12.983+0000] {processor.py:914} INFO - Processing file /opt/airflow/dags/Shi_HW 3.py for tasks to queue
[2026-09-14T01:27:12.985+0000] {logging_mixin.py:190} INFO - [2026-09-14T01:27:12.984+0000] {dagbag.py:587} INFO - Filling up the DagBag from /opt/airflow/dags/Shi_HW 3.py
[2026-09-14T01:27:13.064+0000] {processor.py:925} INFO - DAG(s) 'WeatherToronto_ETL' retrieved from /opt/airflow/dags/Shi_HW 3.py
[2026-09-14T01:27:13.088+0000] {logging_mixin.py:190} INFO - [2026-09-14T01:27:13.087+0000] {dag.py:3229} INFO - Sync 1 DAGs
[2026-09-14T01:27:13.107+0000] {logging_mixin.py:190} INFO - [2026-09-14T01:27:13.107+0000] {dag.py:4156} INFO - Setting next_dagrun for WeatherToronto_ETL to 2026-09-13 18:00:00+00:00, run_after=2026-09-14 18:00:00+00:00
[2026-09-14T01:27:13.118+0000] {processor.py:208} INFO - Processing /opt/airflow/dags/Shi_HW 3.py took 0.151 seconds
[2026-09-14T01:27:43.324+0000] {processor.py:186} INFO - Started process (PID=41453) to work on /opt/airflow/dags/Shi_HW 3.py
[2026-09-14T01:27:43.327+0000] {processor.py:914} INFO - Processing file /opt/airflow/dags/Shi_HW 3.py for tasks to queue
[2026-09-14T01:27:43.328+0000] {logging_mixin.py:190} INFO - [2026-09-14T01:27:43.328+0000] {dagbag.py:587} INFO - Filling up the DagBag from /opt/airflow/dags/Shi_HW 3.py
[2026-09-14T01:27:43.358+0000] {processor.py:925} INFO - DAG(s) 'WeatherToronto_ETL' retrieved from /opt/airflow/dags/Shi_HW 3.py
[2026-09-14T01:27:43.372+0000] {logging_mixin.py:190} INFO - [2026-09-14T01:27:43.370+0000] {dag.py:3229} INFO - Sync 1 DAGs
[2026-09-14T01:27:43.386+0000] {logging_mixin.py:190} INFO - [2026-09-14T01:27:43.386+0000] {dag.py:4156} INFO - Setting next_dagrun for WeatherToronto_ETL to 2026-09-13 18:00:00+00:00, run_after=2026-09-14 18:00:00+00:00
[2026-09-14T01:27:43.394+0000] {processor.py:208} INFO - Processing /opt/airflow/dags/Shi_HW 3.py took 0.080 seconds
[2026-09-14T01:28:13.726+0000] {processor.py:186} INFO - Started process (PID=41464) to work on /opt/airflow/dags/Shi_HW 3.py
[2026-09-14T01:28:13.729+0000] {processor.py:914} INFO - Processing file /opt/airflow/dags/Shi_HW 3.py for tasks to queue
[2026-09-14T01:28:13.730+0000] {logging_mixin.py:190} INFO - [2026-09-14T01:28:13.729+0000] {dagbag.py:587} INFO - Filling up the DagBag from /opt/airflow/dags/Shi_HW 3.py
[2026-09-14T01:28:13.747+0000] {processor.py:925} INFO - DAG(s) 'WeatherToronto_ETL' retrieved from /opt/airflow/dags/Shi_HW 3.py
[2026-09-14T01:28:13.757+0000] {logging_mixin.py:190} INFO - [2026-09-14T01:28:13.756+0000] {dag.py:3229} INFO - Sync 1 DAGs
[2026-09-14T01:28:13.768+0000] {logging_mixin.py:190} INFO - [2026-09-14T01:28:13.768+0000] {dag.py:4156} INFO - Setting next_dagrun for WeatherToronto_ETL to 2026-09-13 18:00:00+00:00, run_after=2026-09-14 18:00:00+00:00
[2026-09-14T01:28:13.774+0000] {processor.py:208} INFO - Processing /opt/airflow/dags/Shi_HW 3.py took 0.053 seconds
[2026-09-14T01:28:44.076+0000] {processor.py:186} INFO - Started process (PID=41475) to work on /opt/airflow/dags/Shi_HW 3.py
[2026-09-14T01:28:44.079+0000] {processor.py:914} INFO - Processing file /opt/airflow/dags/Shi_HW 3.py for tasks to queue
[2026-09-14T01:28:44.081+0000] {logging_mixin.py:190} INFO - [2026-09-14T01:28:44.080+0000] {dagbag.py:587} INFO - Filling up the DagBag from /opt/airflow/dags/Shi_HW 3.py
[2026-09-14T01:28:44.108+0000] {processor.py:925} INFO - DAG(s) 'WeatherToronto_ETL' retrieved from /opt/airflow/dags/Shi_HW 3.py
[2026-09-14T01:28:44.121+0000] {logging_mixin.py:190} INFO - [2026-09-14T01:28:44.120+0000] {dag.py:3229} INFO - Sync 1 DAGs
[2026-09-14T01:28:44.134+0000] {logging_mixin.py:190} INFO - [2026-09-14T01:28:44.134+0000] {dag.py:4156} INFO - Setting next_dagrun for WeatherToronto_ETL to 2026-09-13 18:00:00+00:00, run_after=2026-09-14 18:00:00+00:00
[2026-09-14T01:28:44.141+0000] {processor.py:208} INFO - Processing /opt/airflow/dags/Shi_HW 3.py took 0.073 seconds
[2026-09-14T01:29:14.457+0000] {processor.py:186} INFO - Started process (PID=41486) to work on /opt/airflow/dags/Shi_HW 3.py
[2026-09-14T01:29:14.459+0000] {processor.py:914} INFO - Processing file /opt/airflow/dags/Shi_HW 3.py for tasks to queue
[2026-09-14T01:29:14.460+0000] {logging_mixin.py:190} INFO - [2026-09-14T01:29:14.460+0000] {dagbag.py:587} INFO - Filling up the DagBag from /opt/airflow/dags/Shi_HW 3.py
[2026-09-14T01:29:14.506+0000] {processor.py:925} INFO - DAG(s) 'WeatherToronto_ETL' retrieved from /opt/airflow/dags/Shi_HW 3.py
[2026-09-14T01:29:14.542+0000] {logging_mixin.py:190} INFO - [2026-09-14T01:29:14.538+0000] {dag.py:3229} INFO - Sync 1 DAGs
[2026-09-14T01:29:14.575+0000] {logging_mixin.py:190} INFO - [2026-09-14T01:29:14.575+0000] {dag.py:4156} INFO - Setting next_dagrun for WeatherToronto_ETL to 2026-09-13 18:00:00+00:00, run_after=2026-09-14 18:00:00+00:00
[2026-09-14T01:29:14.593+0000] {processor.py:208} INFO - Processing /opt/airflow/dags/Shi_HW 3.py took 0.154 seconds
[2026-09-14T01:29:44.784+0000] {processor.py:186} INFO - Started process (PID=41497) to work on /opt/airflow/dags/Shi_HW 3.py
[2026-09-14T01:29:44.787+0000] {processor.py:914} INFO - Processing file /opt/airflow/dags/Shi_HW 3.py for tasks to queue
[2026-09-14T01:29:44.789+0000] {logging_mixin.py:190} INFO - [2026-09-14T01:29:44.788+0000] {dagbag.py:587} INFO - Filling up the DagBag from /opt/airflow/dags/Shi_HW 3.py
[2026-09-14T01:29:44.816+0000] {processor.py:925} INFO - DAG(s) 'WeatherToronto_ETL' retrieved from /opt/airflow/dags/Shi_HW 3.py
[2026-09-14T01:29:44.830+0000] {logging_mixin.py:190} INFO - [2026-09-14T01:29:44.828+0000] {dag.py:3229} INFO - Sync 1 DAGs
[2026-09-14T01:29:44.843+0000] {logging_mixin.py:190} INFO - [2026-09-14T01:29:44.843+0000] {dag.py:4156} INFO - Setting next_dagrun for WeatherToronto_ETL to 2026-09-13 18:00:00+00:00, run_after=2026-09-14 18:00:00+00:00
[2026-09-14T01:29:44.851+0000] {processor.py:208} INFO - Processing /opt/airflow/dags/Shi_HW 3.py took 0.079 seconds
[2026-09-14T01:30:15.171+0000] {processor.py:186} INFO - Started process (PID=41508) to work on /opt/airflow/dags/Shi_HW 3.py
[2026-09-14T01:30:15.174+0000] {processor.py:914} INFO - Processing file /opt/airflow/dags/Shi_HW 3.py for tasks to queue
[2026-09-14T01:30:15.176+0000] {logging_mixin.py:190} INFO - [2026-09-14T01:30:15.175+0000] {dagbag.py:587} INFO - Filling up the DagBag from /opt/airflow/dags/Shi_HW 3.py
[2026-09-14T01:30:15.200+0000] {processor.py:925} INFO - DAG(s) 'WeatherToronto_ETL' retrieved from /opt/airflow/dags/Shi_HW 3.py
[2026-09-14T01:30:15.213+0000] {logging_mixin.py:190} INFO - [2026-09-14T01:30:15.211+0000] {dag.py:3229} INFO - Sync 1 DAGs
[2026-09-14T01:30:15.226+0000] {logging_mixin.py:190} INFO - [2026-09-14T01:30:15.226+0000] {dag.py:4156} INFO - Setting next_dagrun for WeatherToronto_ETL to 2026-09-13 18:00:00+00:00, run_after=2026-09-14 18:00:00+00:00
[2026-09-14T01:30:15.233+0000] {processor.py:208} INFO - Processing /opt/airflow/dags/Shi_HW 3.py took 0.070 seconds
[2026-09-14T01:30:45.568+0000] {processor.py:186} INFO - Started process (PID=41519) to work on /opt/airflow/dags/Shi_HW 3.py
[2026-09-14T01:30:45.571+0000] {processor.py:914} INFO - Processing file /opt/airflow/dags/Shi_HW 3.py for tasks to queue
[2026-09-14T01:30:45.572+0000] {logging_mixin.py:190} INFO - [2026-09-14T01:30:45.572+0000] {dagbag.py:587} INFO - Filling up the DagBag from /opt/airflow/dags/Shi_HW 3.py
[2026-09-14T01:30:45.591+0000] {processor.py:925} INFO - DAG(s) 'WeatherToronto_ETL' retrieved from /opt/airflow/dags/Shi_HW 3.py
[2026-09-14T01:30:45.601+0000] {logging_mixin.py:190} INFO - [2026-09-14T01:30:45.600+0000] {dag.py:3229} INFO - Sync 1 DAGs
[2026-09-14T01:30:45.611+0000] {logging_mixin.py:190} INFO - [2026-09-14T01:30:45.611+0000] {dag.py:4156} INFO - Setting next_dagrun for WeatherToronto_ETL to 2026-09-13 18:00:00+00:00, run_after=2026-09-14 18:00:00+00:00
[2026-09-14T01:30:45.618+0000] {processor.py:208} INFO - Processing /opt/airflow/dags/Shi_HW 3.py took 0.058 seconds
[2026-09-14T01:31:15.980+0000] {processor.py:186} INFO - Started process (PID=41530) to work on /opt/airflow/dags/Shi_HW 3.py
[2026-09-14T01:31:15.982+0000] {processor.py:914} INFO - Processing file /opt/airflow/dags/Shi_HW 3.py for tasks to queue
[2026-09-14T01:31:15.983+0000] {logging_mixin.py:190} INFO - [2026-09-14T01:31:15.983+0000] {dagbag.py:587} INFO - Filling up the DagBag from /opt/airflow/dags/Shi_HW 3.py
[2026-09-14T01:31:16.009+0000] {processor.py:925} INFO - DAG(s) 'WeatherToronto_ETL' retrieved from /opt/airflow/dags/Shi_HW 3.py
[2026-09-14T01:31:16.023+0000] {logging_mixin.py:190} INFO - [2026-09-14T01:31:16.021+0000] {dag.py:3229} INFO - Sync 1 DAGs
[2026-09-14T01:31:16.035+0000] {logging_mixin.py:190} INFO - [2026-09-14T01:31:16.035+0000] {dag.py:4156} INFO - Setting next_dagrun for WeatherToronto_ETL to 2026-09-13 18:00:00+00:00, run_after=2026-09-14 18:00:00+00:00
[2026-09-14T01:31:16.042+0000] {processor.py:208} INFO - Processing /opt/airflow/dags/Shi_HW 3.py took 0.069 seconds
[2026-09-14T01:31:46.355+0000] {processor.py:186} INFO - Started process (PID=41541) to work on /opt/airflow/dags/Shi_HW 3.py
[2026-09-14T01:31:46.357+0000] {processor.py:914} INFO - Processing file /opt/airflow/dags/Shi_HW 3.py for tasks to queue
[2026-09-14T01:31:46.358+0000] {logging_mixin.py:190} INFO - [2026-09-14T01:31:46.357+0000] {dagbag.py:587} INFO - Filling up the DagBag from /opt/airflow/dags/Shi_HW 3.py
[2026-09-14T01:31:46.376+0000] {processor.py:925} INFO - DAG(s) 'WeatherToronto_ETL' retrieved from /opt/airflow/dags/Shi_HW 3.py
[2026-09-14T01:31:46.387+0000] {logging_mixin.py:190} INFO - [2026-09-14T01:31:46.386+0000] {dag.py:3229} INFO - Sync 1 DAGs
[2026-09-14T01:31:46.401+0000] {logging_mixin.py:190} INFO - [2026-09-14T01:31:46.401+0000] {dag.py:4156} INFO - Setting next_dagrun for WeatherToronto_ETL to 2026-09-13 18:00:00+00:00, run_after=2026-09-14 18:00:00+00:00
[2026-09-14T01:31:46.411+0000] {processor.py:208} INFO - Processing /opt/airflow/dags/Shi_HW 3.py took 0.062 seconds
[2026-09-14T01:32:16.740+0000] {processor.py:186} INFO - Started process (PID=41552) to work on /opt/airflow/dags/Shi_HW 3.py
[2026-09-14T01:32:16.742+0000] {processor.py:914} INFO - Processing file /opt/airflow/dags/Shi_HW 3.py for tasks to queue
[2026-09-14T01:32:16.744+0000] {logging_mixin.py:190} INFO - [2026-09-14T01:32:16.743+0000] {dagbag.py:587} INFO - Filling up the DagBag from /opt/airflow/dags/Shi_HW 3.py
[2026-09-14T01:32:16.768+0000] {processor.py:925} INFO - DAG(s) 'WeatherToronto_ETL' retrieved from /opt/airflow/dags/Shi_HW 3.py
[2026-09-14T01:32:16.781+0000] {logging_mixin.py:190} INFO - [2026-09-14T01:32:16.780+0000] {dag.py:3229} INFO - Sync 1 DAGs
[2026-09-14T01:32:16.794+0000] {logging_mixin.py:190} INFO - [2026-09-14T01:32:16.794+0000] {dag.py:4156} INFO - Setting next_dagrun for WeatherToronto_ETL to 2026-09-13 18:00:00+00:00, run_after=2026-09-14 18:00:00+00:00
[2026-09-14T01:32:16.801+0000] {processor.py:208} INFO - Processing /opt/airflow/dags/Shi_HW 3.py took 0.068 seconds
[2026-09-14T01:32:47.103+0000] {processor.py:186} INFO - Started process (PID=41563) to work on /opt/airflow/dags/Shi_HW 3.py
[2026-09-14T01:32:47.106+0000] {processor.py:914} INFO - Processing file /opt/airflow/dags/Shi_HW 3.py for tasks to queue
[2026-09-14T01:32:47.107+0000] {logging_mixin.py:190} INFO - [2026-09-14T01:32:47.107+0000] {dagbag.py:587} INFO - Filling up the DagBag from /opt/airflow/dags/Shi_HW 3.py
[2026-09-14T01:32:47.127+0000] {processor.py:925} INFO - DAG(s) 'WeatherToronto_ETL' retrieved from /opt/airflow/dags/Shi_HW 3.py
[2026-09-14T01:32:47.140+0000] {logging_mixin.py:190} INFO - [2026-09-14T01:32:47.139+0000] {dag.py:3229} INFO - Sync 1 DAGs
[2026-09-14T01:32:47.156+0000] {logging_mixin.py:190} INFO - [2026-09-14T01:32:47.156+0000] {dag.py:4156} INFO - Setting next_dagrun for WeatherToronto_ETL to 2026-09-13 18:00:00+00:00, run_after=2026-09-14 18:00:00+00:00
[2026-09-14T01:32:47.172+0000] {processor.py:208} INFO - Processing /opt/airflow/dags/Shi_HW 3.py took 0.074 seconds
[2026-09-14T01:33:17.540+0000] {processor.py:186} INFO - Started process (PID=41574) to work on /opt/airflow/dags/Shi_HW 3.py
[2026-09-14T01:33:17.542+0000] {processor.py:914} INFO - Processing file /opt/airflow/dags/Shi_HW 3.py for tasks to queue
[2026-09-14T01:33:17.544+0000] {logging_mixin.py:190} INFO - [2026-09-14T01:33:17.543+0000] {dagbag.py:587} INFO - Filling up the DagBag from /opt/airflow/dags/Shi_HW 3.py
[2026-09-14T01:33:17.575+0000] {processor.py:925} INFO - DAG(s) 'WeatherToronto_ETL' retrieved from /opt/airflow/dags/Shi_HW 3.py
[2026-09-14T01:33:17.594+0000] {logging_mixin.py:190} INFO - [2026-09-14T01:33:17.593+0000] {dag.py:3229} INFO - Sync 1 DAGs
[2026-09-14T01:33:17.612+0000] {logging_mixin.py:190} INFO - [2026-09-14T01:33:17.611+0000] {dag.py:4156} INFO - Setting next_dagrun for WeatherToronto_ETL to 2026-09-13 18:00:00+00:00, run_after=2026-09-14 18:00:00+00:00
[2026-09-14T01:33:17.620+0000] {processor.py:208} INFO - Processing /opt/airflow/dags/Shi_HW 3.py took 0.091 seconds
[2026-09-14T01:33:47.931+0000] {processor.py:186} INFO - Started process (PID=41585) to work on /opt/airflow/dags/Shi_HW 3.py
[2026-09-14T01:33:47.934+0000] {processor.py:914} INFO - Processing file /opt/airflow/dags/Shi_HW 3.py for tasks to queue
[2026-09-14T01:33:47.935+0000] {logging_mixin.py:190} INFO - [2026-09-14T01:33:47.935+0000] {dagbag.py:587} INFO - Filling up the DagBag from /opt/airflow/dags/Shi_HW 3.py
[2026-09-14T01:33:47.965+0000] {processor.py:925} INFO - DAG(s) 'WeatherToronto_ETL' retrieved from /opt/airflow/dags/Shi_HW 3.py
[2026-09-14T01:33:47.980+0000] {logging_mixin.py:190} INFO - [2026-09-14T01:33:47.979+0000] {dag.py:3229} INFO - Sync 1 DAGs
[2026-09-14T01:33:47.996+0000] {logging_mixin.py:190} INFO - [2026-09-14T01:33:47.996+0000] {dag.py:4156} INFO - Setting next_dagrun for WeatherToronto_ETL to 2026-09-13 18:00:00+00:00, run_after=2026-09-14 18:00:00+00:00
[2026-09-14T01:33:48.004+0000] {processor.py:208} INFO - Processing /opt/airflow/dags/Shi_HW 3.py took 0.081 seconds
[2026-09-14T01:34:18.354+0000] {processor.py:186} INFO - Started process (PID=41596) to work on /opt/airflow/dags/Shi_HW 3.py
[2026-09-14T01:34:18.356+0000] {processor.py:914} INFO - Processing file /opt/airflow/dags/Shi_HW 3.py for tasks to queue
[2026-09-14T01:34:18.357+0000] {logging_mixin.py:190} INFO - [2026-09-14T01:34:18.357+0000] {dagbag.py:587} INFO - Filling up the DagBag from /opt/airflow/dags/Shi_HW 3.py
[2026-09-14T01:34:18.386+0000] {processor.py:925} INFO - DAG(s) 'WeatherToronto_ETL' retrieved from /opt/airflow/dags/Shi_HW 3.py
[2026-09-14T01:34:18.401+0000] {logging_mixin.py:190} INFO - [2026-09-14T01:34:18.399+0000] {dag.py:3229} INFO - Sync 1 DAGs
[2026-09-14T01:34:18.414+0000] {logging_mixin.py:190} INFO - [2026-09-14T01:34:18.414+0000] {dag.py:4156} INFO - Setting next_dagrun for WeatherToronto_ETL to 2026-09-13 18:00:00+00:00, run_after=2026-09-14 18:00:00+00:00
[2026-09-14T01:34:18.422+0000] {processor.py:208} INFO - Processing /opt/airflow/dags/Shi_HW 3.py took 0.075 seconds
[2026-09-14T01:34:48.729+0000] {processor.py:186} INFO - Started process (PID=41607) to work on /opt/airflow/dags/Shi_HW 3.py
[2026-09-14T01:34:48.732+0000] {processor.py:914} INFO - Processing file /opt/airflow/dags/Shi_HW 3.py for tasks to queue
[2026-09-14T01:34:48.736+0000] {logging_mixin.py:190} INFO - [2026-09-14T01:34:48.735+0000] {dagbag.py:587} INFO - Filling up the DagBag from /opt/airflow/dags/Shi_HW 3.py
[2026-09-14T01:34:48.780+0000] {processor.py:925} INFO - DAG(s) 'WeatherToronto_ETL' retrieved from /opt/airflow/dags/Shi_HW 3.py
[2026-09-14T01:34:48.808+0000] {logging_mixin.py:190} INFO - [2026-09-14T01:34:48.806+0000] {dag.py:3229} INFO - Sync 1 DAGs
[2026-09-14T01:34:48.833+0000] {logging_mixin.py:190} INFO - [2026-09-14T01:34:48.832+0000] {dag.py:4156} INFO - Setting next_dagrun for WeatherToronto_ETL to 2026-09-13 18:00:00+00:00, run_after=2026-09-14 18:00:00+00:00
[2026-09-14T01:34:48.842+0000] {processor.py:208} INFO - Processing /opt/airflow/dags/Shi_HW 3.py took 0.122 seconds
[2026-09-14T01:35:19.098+0000] {processor.py:186} INFO - Started process (PID=41618) to work on /opt/airflow/dags/Shi_HW 3.py
[2026-09-14T01:35:19.102+0000] {processor.py:914} INFO - Processing file /opt/airflow/dags/Shi_HW 3.py for tasks to queue
[2026-09-14T01:35:19.104+0000] {logging_mixin.py:190} INFO - [2026-09-14T01:35:19.104+0000] {dagbag.py:587} INFO - Filling up the DagBag from /opt/airflow/dags/Shi_HW 3.py
[2026-09-14T01:35:19.143+0000] {processor.py:925} INFO - DAG(s) 'WeatherToronto_ETL' retrieved from /opt/airflow/dags/Shi_HW 3.py
[2026-09-14T01:35:19.166+0000] {logging_mixin.py:190} INFO - [2026-09-14T01:35:19.161+0000] {dag.py:3229} INFO - Sync 1 DAGs
[2026-09-14T01:35:19.190+0000] {logging_mixin.py:190} INFO - [2026-09-14T01:35:19.190+0000] {dag.py:4156} INFO - Setting next_dagrun for WeatherToronto_ETL to 2026-09-13 18:00:00+00:00, run_after=2026-09-14 18:00:00+00:00
[2026-09-14T01:35:19.199+0000] {processor.py:208} INFO - Processing /opt/airflow/dags/Shi_HW 3.py took 0.120 seconds
[2026-09-14T01:35:49.517+0000] {processor.py:186} INFO - Started process (PID=41629) to work on /opt/airflow/dags/Shi_HW 3.py
[2026-09-14T01:35:49.520+0000] {processor.py:914} INFO - Processing file /opt/airflow/dags/Shi_HW 3.py for tasks to queue
[2026-09-14T01:35:49.521+0000] {logging_mixin.py:190} INFO - [2026-09-14T01:35:49.521+0000] {dagbag.py:587} INFO - Filling up the DagBag from /opt/airflow/dags/Shi_HW 3.py
[2026-09-14T01:35:49.546+0000] {processor.py:925} INFO - DAG(s) 'WeatherToronto_ETL' retrieved from /opt/airflow/dags/Shi_HW 3.py
[2026-09-14T01:35:49.559+0000] {logging_mixin.py:190} INFO - [2026-09-14T01:35:49.558+0000] {dag.py:3229} INFO - Sync 1 DAGs
[2026-09-14T01:35:49.573+0000] {logging_mixin.py:190} INFO - [2026-09-14T01:35:49.573+0000] {dag.py:4156} INFO - Setting next_dagrun for WeatherToronto_ETL to 2026-09-13 18:00:00+00:00, run_after=2026-09-14 18:00:00+00:00
[2026-09-14T01:35:49.580+0000] {processor.py:208} INFO - Processing /opt/airflow/dags/Shi_HW 3.py took 0.071 seconds
[2026-09-14T01:36:19.918+0000] {processor.py:186} INFO - Started process (PID=41640) to work on /opt/airflow/dags/Shi_HW 3.py
[2026-09-14T01:36:19.921+0000] {processor.py:914} INFO - Processing file /opt/airflow/dags/Shi_HW 3.py for tasks to queue
[2026-09-14T01:36:19.922+0000] {logging_mixin.py:190} INFO - [2026-09-14T01:36:19.921+0000] {dagbag.py:587} INFO - Filling up the DagBag from /opt/airflow/dags/Shi_HW 3.py
[2026-09-14T01:36:19.943+0000] {processor.py:925} INFO - DAG(s) 'WeatherToronto_ETL' retrieved from /opt/airflow/dags/Shi_HW 3.py
[2026-09-14T01:36:19.956+0000] {logging_mixin.py:190} INFO - [2026-09-14T01:36:19.955+0000] {dag.py:3229} INFO - Sync 1 DAGs
[2026-09-14T01:36:19.969+0000] {logging_mixin.py:190} INFO - [2026-09-14T01:36:19.969+0000] {dag.py:4156} INFO - Setting next_dagrun for WeatherToronto_ETL to 2026-09-13 18:00:00+00:00, run_after=2026-09-14 18:00:00+00:00
[2026-09-14T01:36:19.978+0000] {processor.py:208} INFO - Processing /opt/airflow/dags/Shi_HW 3.py took 0.068 seconds
[2026-09-14T01:36:50.307+0000] {processor.py:186} INFO - Started process (PID=41651) to work on /opt/airflow/dags/Shi_HW 3.py
[2026-09-14T01:36:50.310+0000] {processor.py:914} INFO - Processing file /opt/airflow/dags/Shi_HW 3.py for tasks to queue
[2026-09-14T01:36:50.311+0000] {logging_mixin.py:190} INFO - [2026-09-14T01:36:50.310+0000] {dagbag.py:587} INFO - Filling up the DagBag from /opt/airflow/dags/Shi_HW 3.py
[2026-09-14T01:36:50.339+0000] {processor.py:925} INFO - DAG(s) 'WeatherToronto_ETL' retrieved from /opt/airflow/dags/Shi_HW 3.py
[2026-09-14T01:36:50.355+0000] {logging_mixin.py:190} INFO - [2026-09-14T01:36:50.353+0000] {dag.py:3229} INFO - Sync 1 DAGs
[2026-09-14T01:36:50.374+0000] {logging_mixin.py:190} INFO - [2026-09-14T01:36:50.374+0000] {dag.py:4156} INFO - Setting next_dagrun for WeatherToronto_ETL to 2026-09-13 18:00:00+00:00, run_after=2026-09-14 18:00:00+00:00
[2026-09-14T01:36:50.383+0000] {processor.py:208} INFO - Processing /opt/airflow/dags/Shi_HW 3.py took 0.084 seconds
[2026-09-14T01:37:20.892+0000] {processor.py:186} INFO - Started process (PID=41662) to work on /opt/airflow/dags/Shi_HW 3.py
[2026-09-14T01:37:20.894+0000] {processor.py:914} INFO - Processing file /opt/airflow/dags/Shi_HW 3.py for tasks to queue
[2026-09-14T01:37:20.896+0000] {logging_mixin.py:190} INFO - [2026-09-14T01:37:20.895+0000] {dagbag.py:587} INFO - Filling up the DagBag from /opt/airflow/dags/Shi_HW 3.py
[2026-09-14T01:37:20.944+0000] {processor.py:925} INFO - DAG(s) 'WeatherToronto_ETL' retrieved from /opt/airflow/dags/Shi_HW 3.py
[2026-09-14T01:37:20.967+0000] {logging_mixin.py:190} INFO - [2026-09-14T01:37:20.965+0000] {dag.py:3229} INFO - Sync 1 DAGs
[2026-09-14T01:37:20.988+0000] {logging_mixin.py:190} INFO - [2026-09-14T01:37:20.988+0000] {dag.py:4156} INFO - Setting next_dagrun for WeatherToronto_ETL to 2026-09-13 18:00:00+00:00, run_after=2026-09-14 18:00:00+00:00
[2026-09-14T01:37:20.998+0000] {processor.py:208} INFO - Processing /opt/airflow/dags/Shi_HW 3.py took 0.117 seconds
[2026-09-14T01:38:25.799+0000] {processor.py:186} INFO - Started process (PID=41673) to work on /opt/airflow/dags/Shi_HW 3.py
[2026-09-14T01:38:25.802+0000] {processor.py:914} INFO - Processing file /opt/airflow/dags/Shi_HW 3.py for tasks to queue
[2026-09-14T01:38:25.804+0000] {logging_mixin.py:190} INFO - [2026-09-14T01:38:25.803+0000] {dagbag.py:587} INFO - Filling up the DagBag from /opt/airflow/dags/Shi_HW 3.py
[2026-09-14T01:38:25.830+0000] {processor.py:925} INFO - DAG(s) 'WeatherToronto_ETL' retrieved from /opt/airflow/dags/Shi_HW 3.py
[2026-09-14T01:38:25.840+0000] {logging_mixin.py:190} INFO - [2026-09-14T01:38:25.839+0000] {dag.py:3229} INFO - Sync 1 DAGs
[2026-09-14T01:38:25.855+0000] {logging_mixin.py:190} INFO - [2026-09-14T01:38:25.855+0000] {dag.py:4156} INFO - Setting next_dagrun for WeatherToronto_ETL to 2026-09-13 18:00:00+00:00, run_after=2026-09-14 18:00:00+00:00
[2026-09-14T01:38:25.864+0000] {processor.py:208} INFO - Processing /opt/airflow/dags/Shi_HW 3.py took 0.085 seconds
[2026-09-14T01:38:56.233+0000] {processor.py:186} INFO - Started process (PID=41684) to work on /opt/airflow/dags/Shi_HW 3.py
[2026-09-14T01:38:56.234+0000] {processor.py:914} INFO - Processing file /opt/airflow/dags/Shi_HW 3.py for tasks to queue
[2026-09-14T01:38:56.236+0000] {logging_mixin.py:190} INFO - [2026-09-14T01:38:56.235+0000] {dagbag.py:587} INFO - Filling up the DagBag from /opt/airflow/dags/Shi_HW 3.py
[2026-09-14T01:38:56.259+0000] {processor.py:925} INFO - DAG(s) 'WeatherToronto_ETL' retrieved from /opt/airflow/dags/Shi_HW 3.py
[2026-09-14T01:38:56.273+0000] {logging_mixin.py:190} INFO - [2026-09-14T01:38:56.271+0000] {dag.py:3229} INFO - Sync 1 DAGs
[2026-09-14T01:38:56.284+0000] {logging_mixin.py:190} INFO - [2026-09-14T01:38:56.284+0000] {dag.py:4156} INFO - Setting next_dagrun for WeatherToronto_ETL to 2026-09-13 18:00:00+00:00, run_after=2026-09-14 18:00:00+00:00
[2026-09-14T01:38:56.292+0000] {processor.py:208} INFO - Processing /opt/airflow/dags/Shi_HW 3.py took 0.067 seconds
[2026-09-14T01:39:26.596+0000] {processor.py:186} INFO - Started process (PID=41695) to work on /opt/airflow/dags/Shi_HW 3.py
[2026-09-14T01:39:26.600+0000] {processor.py:914} INFO - Processing file /opt/airflow/dags/Shi_HW 3.py for tasks to queue
[2026-09-14T01:39:26.602+0000] {logging_mixin.py:190} INFO - [2026-09-14T01:39:26.601+0000] {dagbag.py:587} INFO - Filling up the DagBag from /opt/airflow/dags/Shi_HW 3.py
[2026-09-14T01:39:26.624+0000] {processor.py:925} INFO - DAG(s) 'WeatherToronto_ETL' retrieved from /opt/airflow/dags/Shi_HW 3.py
[2026-09-14T01:39:26.633+0000] {logging_mixin.py:190} INFO - [2026-09-14T01:39:26.632+0000] {dag.py:3229} INFO - Sync 1 DAGs
[2026-09-14T01:39:26.644+0000] {logging_mixin.py:190} INFO - [2026-09-14T01:39:26.644+0000] {dag.py:4156} INFO - Setting next_dagrun for WeatherToronto_ETL to 2026-09-13 18:00:00+00:00, run_after=2026-09-14 18:00:00+00:00
[2026-09-14T01:39:26.651+0000] {processor.py:208} INFO - Processing /opt/airflow/dags/Shi_HW 3.py took 0.063 seconds
[2026-09-14T01:39:56.955+0000] {processor.py:186} INFO - Started process (PID=41706) to work on /opt/airflow/dags/Shi_HW 3.py
[2026-09-14T01:39:56.956+0000] {processor.py:914} INFO - Processing file /opt/airflow/dags/Shi_HW 3.py for tasks to queue
[2026-09-14T01:39:56.957+0000] {logging_mixin.py:190} INFO - [2026-09-14T01:39:56.957+0000] {dagbag.py:587} INFO - Filling up the DagBag from /opt/airflow/dags/Shi_HW 3.py
[2026-09-14T01:39:56.976+0000] {processor.py:925} INFO - DAG(s) 'WeatherToronto_ETL' retrieved from /opt/airflow/dags/Shi_HW 3.py
[2026-09-14T01:39:56.984+0000] {logging_mixin.py:190} INFO - [2026-09-14T01:39:56.984+0000] {dag.py:3229} INFO - Sync 1 DAGs
[2026-09-14T01:39:56.994+0000] {logging_mixin.py:190} INFO - [2026-09-14T01:39:56.994+0000] {dag.py:4156} INFO - Setting next_dagrun for WeatherToronto_ETL to 2026-09-13 18:00:00+00:00, run_after=2026-09-14 18:00:00+00:00
[2026-09-14T01:39:57.000+0000] {processor.py:208} INFO - Processing /opt/airflow/dags/Shi_HW 3.py took 0.052 seconds
[2026-09-14T01:40:27.341+0000] {processor.py:186} INFO - Started process (PID=41717) to work on /opt/airflow/dags/Shi_HW 3.py
[2026-09-14T01:40:27.344+0000] {processor.py:914} INFO - Processing file /opt/airflow/dags/Shi_HW 3.py for tasks to queue
[2026-09-14T01:40:27.346+0000] {logging_mixin.py:190} INFO - [2026-09-14T01:40:27.345+0000] {dagbag.py:587} INFO - Filling up the DagBag from /opt/airflow/dags/Shi_HW 3.py
[2026-09-14T01:40:27.372+0000] {processor.py:925} INFO - DAG(s) 'WeatherToronto_ETL' retrieved from /opt/airflow/dags/Shi_HW 3.py
[2026-09-14T01:40:27.384+0000] {logging_mixin.py:190} INFO - [2026-09-14T01:40:27.383+0000] {dag.py:3229} INFO - Sync 1 DAGs
[2026-09-14T01:40:27.397+0000] {logging_mixin.py:190} INFO - [2026-09-14T01:40:27.397+0000] {dag.py:4156} INFO - Setting next_dagrun for WeatherToronto_ETL to 2026-09-13 18:00:00+00:00, run_after=2026-09-14 18:00:00+00:00
[2026-09-14T01:40:27.404+0000] {processor.py:208} INFO - Processing /opt/airflow/dags/Shi_HW 3.py took 0.071 seconds
[2026-09-14T01:56:30.960+0000] {processor.py:186} INFO - Started process (PID=41728) to work on /opt/airflow/dags/Shi_HW 3.py
[2026-09-14T01:56:30.963+0000] {processor.py:914} INFO - Processing file /opt/airflow/dags/Shi_HW 3.py for tasks to queue
[2026-09-14T01:56:30.966+0000] {logging_mixin.py:190} INFO - [2026-09-14T01:56:30.965+0000] {dagbag.py:587} INFO - Filling up the DagBag from /opt/airflow/dags/Shi_HW 3.py
[2026-09-14T01:56:31.032+0000] {processor.py:925} INFO - DAG(s) 'WeatherToronto_ETL' retrieved from /opt/airflow/dags/Shi_HW 3.py
[2026-09-14T01:56:31.083+0000] {logging_mixin.py:190} INFO - [2026-09-14T01:56:31.079+0000] {dag.py:3229} INFO - Sync 1 DAGs
[2026-09-14T01:56:31.284+0000] {logging_mixin.py:190} INFO - [2026-09-14T01:56:31.284+0000] {dag.py:4156} INFO - Setting next_dagrun for WeatherToronto_ETL to 2026-09-13 18:00:00+00:00, run_after=2026-09-14 18:00:00+00:00
[2026-09-14T01:56:31.789+0000] {processor.py:208} INFO - Processing /opt/airflow/dags/Shi_HW 3.py took 0.849 seconds
[2026-09-14T02:13:32.040+0000] {processor.py:186} INFO - Started process (PID=41739) to work on /opt/airflow/dags/Shi_HW 3.py
[2026-09-14T02:13:32.043+0000] {processor.py:914} INFO - Processing file /opt/airflow/dags/Shi_HW 3.py for tasks to queue
[2026-09-14T02:13:32.045+0000] {logging_mixin.py:190} INFO - [2026-09-14T02:13:32.044+0000] {dagbag.py:587} INFO - Filling up the DagBag from /opt/airflow/dags/Shi_HW 3.py
[2026-09-14T02:13:32.075+0000] {processor.py:925} INFO - DAG(s) 'WeatherToronto_ETL' retrieved from /opt/airflow/dags/Shi_HW 3.py
[2026-09-14T02:13:32.096+0000] {logging_mixin.py:190} INFO - [2026-09-14T02:13:32.094+0000] {dag.py:3229} INFO - Sync 1 DAGs
[2026-09-14T02:13:32.110+0000] {logging_mixin.py:190} INFO - [2026-09-14T02:13:32.109+0000] {dag.py:4156} INFO - Setting next_dagrun for WeatherToronto_ETL to 2026-09-13 18:00:00+00:00, run_after=2026-09-14 18:00:00+00:00
[2026-09-14T02:13:32.118+0000] {processor.py:208} INFO - Processing /opt/airflow/dags/Shi_HW 3.py took 0.090 seconds
[2026-09-14T02:14:05.082+0000] {processor.py:186} INFO - Started process (PID=41750) to work on /opt/airflow/dags/Shi_HW 3.py
[2026-09-14T02:14:05.084+0000] {processor.py:914} INFO - Processing file /opt/airflow/dags/Shi_HW 3.py for tasks to queue
[2026-09-14T02:14:05.085+0000] {logging_mixin.py:190} INFO - [2026-09-14T02:14:05.084+0000] {dagbag.py:587} INFO - Filling up the DagBag from /opt/airflow/dags/Shi_HW 3.py
[2026-09-14T02:14:05.102+0000] {processor.py:925} INFO - DAG(s) 'WeatherToronto_ETL' retrieved from /opt/airflow/dags/Shi_HW 3.py
[2026-09-14T02:14:05.111+0000] {logging_mixin.py:190} INFO - [2026-09-14T02:14:05.110+0000] {dag.py:3229} INFO - Sync 1 DAGs
[2026-09-14T02:14:05.121+0000] {logging_mixin.py:190} INFO - [2026-09-14T02:14:05.121+0000] {dag.py:4156} INFO - Setting next_dagrun for WeatherToronto_ETL to 2026-09-13 18:00:00+00:00, run_after=2026-09-14 18:00:00+00:00
[2026-09-14T02:14:05.127+0000] {processor.py:208} INFO - Processing /opt/airflow/dags/Shi_HW 3.py took 0.055 seconds
[2026-09-14T02:48:37.667+0000] {processor.py:186} INFO - Started process (PID=41761) to work on /opt/airflow/dags/Shi_HW 3.py
[2026-09-14T02:48:37.669+0000] {processor.py:914} INFO - Processing file /opt/airflow/dags/Shi_HW 3.py for tasks to queue
[2026-09-14T02:48:37.672+0000] {logging_mixin.py:190} INFO - [2026-09-14T02:48:37.671+0000] {dagbag.py:587} INFO - Filling up the DagBag from /opt/airflow/dags/Shi_HW 3.py
[2026-09-14T02:48:37.706+0000] {processor.py:925} INFO - DAG(s) 'WeatherToronto_ETL' retrieved from /opt/airflow/dags/Shi_HW 3.py
[2026-09-14T02:48:37.728+0000] {logging_mixin.py:190} INFO - [2026-09-14T02:48:37.726+0000] {dag.py:3229} INFO - Sync 1 DAGs
[2026-09-14T02:48:37.750+0000] {logging_mixin.py:190} INFO - [2026-09-14T02:48:37.750+0000] {dag.py:4156} INFO - Setting next_dagrun for WeatherToronto_ETL to 2026-09-13 18:00:00+00:00, run_after=2026-09-14 18:00:00+00:00
[2026-09-14T02:48:37.761+0000] {processor.py:208} INFO - Processing /opt/airflow/dags/Shi_HW 3.py took 0.104 seconds
[2026-09-14T02:49:08.214+0000] {processor.py:186} INFO - Started process (PID=41772) to work on /opt/airflow/dags/Shi_HW 3.py
[2026-09-14T02:49:08.217+0000] {processor.py:914} INFO - Processing file /opt/airflow/dags/Shi_HW 3.py for tasks to queue
[2026-09-14T02:49:08.219+0000] {logging_mixin.py:190} INFO - [2026-09-14T02:49:08.218+0000] {dagbag.py:587} INFO - Filling up the DagBag from /opt/airflow/dags/Shi_HW 3.py
[2026-09-14T02:49:08.283+0000] {processor.py:925} INFO - DAG(s) 'WeatherToronto_ETL' retrieved from /opt/airflow/dags/Shi_HW 3.py
[2026-09-14T02:49:08.317+0000] {logging_mixin.py:190} INFO - [2026-09-14T02:49:08.314+0000] {dag.py:3229} INFO - Sync 1 DAGs
[2026-09-14T02:49:08.348+0000] {logging_mixin.py:190} INFO - [2026-09-14T02:49:08.348+0000] {dag.py:4156} INFO - Setting next_dagrun for WeatherToronto_ETL to 2026-09-13 18:00:00+00:00, run_after=2026-09-14 18:00:00+00:00
[2026-09-14T02:49:08.357+0000] {processor.py:208} INFO - Processing /opt/airflow/dags/Shi_HW 3.py took 0.183 seconds
[2026-09-14T02:49:38.736+0000] {processor.py:186} INFO - Started process (PID=41783) to work on /opt/airflow/dags/Shi_HW 3.py
[2026-09-14T02:49:38.739+0000] {processor.py:914} INFO - Processing file /opt/airflow/dags/Shi_HW 3.py for tasks to queue
[2026-09-14T02:49:38.740+0000] {logging_mixin.py:190} INFO - [2026-09-14T02:49:38.740+0000] {dagbag.py:587} INFO - Filling up the DagBag from /opt/airflow/dags/Shi_HW 3.py
[2026-09-14T02:49:38.768+0000] {processor.py:925} INFO - DAG(s) 'WeatherToronto_ETL' retrieved from /opt/airflow/dags/Shi_HW 3.py
[2026-09-14T02:49:38.780+0000] {logging_mixin.py:190} INFO - [2026-09-14T02:49:38.779+0000] {dag.py:3229} INFO - Sync 1 DAGs
[2026-09-14T02:49:38.792+0000] {logging_mixin.py:190} INFO - [2026-09-14T02:49:38.791+0000] {dag.py:4156} INFO - Setting next_dagrun for WeatherToronto_ETL to 2026-09-13 18:00:00+00:00, run_after=2026-09-14 18:00:00+00:00
[2026-09-14T02:49:38.798+0000] {processor.py:208} INFO - Processing /opt/airflow/dags/Shi_HW 3.py took 0.073 seconds
[2026-09-14T02:50:28.702+0000] {processor.py:186} INFO - Started process (PID=41794) to work on /opt/airflow/dags/Shi_HW 3.py
[2026-09-14T02:50:28.718+0000] {processor.py:914} INFO - Processing file /opt/airflow/dags/Shi_HW 3.py for tasks to queue
[2026-09-14T02:50:28.728+0000] {logging_mixin.py:190} INFO - [2026-09-14T02:50:28.721+0000] {dagbag.py:587} INFO - Filling up the DagBag from /opt/airflow/dags/Shi_HW 3.py
[2026-09-14T02:50:28.980+0000] {processor.py:925} INFO - DAG(s) 'WeatherToronto_ETL' retrieved from /opt/airflow/dags/Shi_HW 3.py
[2026-09-14T02:50:29.022+0000] {logging_mixin.py:190} INFO - [2026-09-14T02:50:29.013+0000] {dag.py:3229} INFO - Sync 1 DAGs
[2026-09-14T02:50:29.095+0000] {logging_mixin.py:190} INFO - [2026-09-14T02:50:29.094+0000] {dag.py:4156} INFO - Setting next_dagrun for WeatherToronto_ETL to 2026-09-13 18:00:00+00:00, run_after=2026-09-14 18:00:00+00:00
[2026-09-14T02:50:29.113+0000] {processor.py:208} INFO - Processing /opt/airflow/dags/Shi_HW 3.py took 0.468 seconds
[2026-09-14T02:50:59.518+0000] {processor.py:186} INFO - Started process (PID=41806) to work on /opt/airflow/dags/Shi_HW 3.py
[2026-09-14T02:50:59.520+0000] {processor.py:914} INFO - Processing file /opt/airflow/dags/Shi_HW 3.py for tasks to queue
[2026-09-14T02:50:59.522+0000] {logging_mixin.py:190} INFO - [2026-09-14T02:50:59.521+0000] {dagbag.py:587} INFO - Filling up the DagBag from /opt/airflow/dags/Shi_HW 3.py
[2026-09-14T02:50:59.549+0000] {processor.py:925} INFO - DAG(s) 'WeatherToronto_ETL' retrieved from /opt/airflow/dags/Shi_HW 3.py
[2026-09-14T02:50:59.562+0000] {logging_mixin.py:190} INFO - [2026-09-14T02:50:59.561+0000] {dag.py:3229} INFO - Sync 1 DAGs
[2026-09-14T02:50:59.583+0000] {logging_mixin.py:190} INFO - [2026-09-14T02:50:59.582+0000] {dag.py:4156} INFO - Setting next_dagrun for WeatherToronto_ETL to 2026-09-13 18:00:00+00:00, run_after=2026-09-14 18:00:00+00:00
[2026-09-14T02:50:59.593+0000] {processor.py:208} INFO - Processing /opt/airflow/dags/Shi_HW 3.py took 0.083 seconds
[2026-09-14T02:51:29.884+0000] {processor.py:186} INFO - Started process (PID=41817) to work on /opt/airflow/dags/Shi_HW 3.py
[2026-09-14T02:51:29.887+0000] {processor.py:914} INFO - Processing file /opt/airflow/dags/Shi_HW 3.py for tasks to queue
[2026-09-14T02:51:29.888+0000] {logging_mixin.py:190} INFO - [2026-09-14T02:51:29.888+0000] {dagbag.py:587} INFO - Filling up the DagBag from /opt/airflow/dags/Shi_HW 3.py
[2026-09-14T02:51:29.908+0000] {processor.py:925} INFO - DAG(s) 'WeatherToronto_ETL' retrieved from /opt/airflow/dags/Shi_HW 3.py
[2026-09-14T02:51:29.919+0000] {logging_mixin.py:190} INFO - [2026-09-14T02:51:29.918+0000] {dag.py:3229} INFO - Sync 1 DAGs
[2026-09-14T02:51:29.930+0000] {logging_mixin.py:190} INFO - [2026-09-14T02:51:29.930+0000] {dag.py:4156} INFO - Setting next_dagrun for WeatherToronto_ETL to 2026-09-13 18:00:00+00:00, run_after=2026-09-14 18:00:00+00:00
[2026-09-14T02:51:29.937+0000] {processor.py:208} INFO - Processing /opt/airflow/dags/Shi_HW 3.py took 0.062 seconds
[2026-09-14T02:52:00.260+0000] {processor.py:186} INFO - Started process (PID=41828) to work on /opt/airflow/dags/Shi_HW 3.py
[2026-09-14T02:52:00.263+0000] {processor.py:914} INFO - Processing file /opt/airflow/dags/Shi_HW 3.py for tasks to queue
[2026-09-14T02:52:00.264+0000] {logging_mixin.py:190} INFO - [2026-09-14T02:52:00.264+0000] {dagbag.py:587} INFO - Filling up the DagBag from /opt/airflow/dags/Shi_HW 3.py
[2026-09-14T02:52:00.286+0000] {processor.py:925} INFO - DAG(s) 'WeatherToronto_ETL' retrieved from /opt/airflow/dags/Shi_HW 3.py
[2026-09-14T02:52:00.298+0000] {logging_mixin.py:190} INFO - [2026-09-14T02:52:00.296+0000] {dag.py:3229} INFO - Sync 1 DAGs
[2026-09-14T02:52:00.311+0000] {logging_mixin.py:190} INFO - [2026-09-14T02:52:00.310+0000] {dag.py:4156} INFO - Setting next_dagrun for WeatherToronto_ETL to 2026-09-13 18:00:00+00:00, run_after=2026-09-14 18:00:00+00:00
[2026-09-14T02:52:00.318+0000] {processor.py:208} INFO - Processing /opt/airflow/dags/Shi_HW 3.py took 0.066 seconds
[2026-09-14T02:52:30.607+0000] {processor.py:186} INFO - Started process (PID=41839) to work on /opt/airflow/dags/Shi_HW 3.py
[2026-09-14T02:52:30.609+0000] {processor.py:914} INFO - Processing file /opt/airflow/dags/Shi_HW 3.py for tasks to queue
[2026-09-14T02:52:30.610+0000] {logging_mixin.py:190} INFO - [2026-09-14T02:52:30.609+0000] {dagbag.py:587} INFO - Filling up the DagBag from /opt/airflow/dags/Shi_HW 3.py
[2026-09-14T02:52:30.623+0000] {processor.py:925} INFO - DAG(s) 'WeatherToronto_ETL' retrieved from /opt/airflow/dags/Shi_HW 3.py
[2026-09-14T02:52:30.632+0000] {logging_mixin.py:190} INFO - [2026-09-14T02:52:30.631+0000] {dag.py:3229} INFO - Sync 1 DAGs
[2026-09-14T02:52:30.642+0000] {logging_mixin.py:190} INFO - [2026-09-14T02:52:30.642+0000] {dag.py:4156} INFO - Setting next_dagrun for WeatherToronto_ETL to 2026-09-13 18:00:00+00:00, run_after=2026-09-14 18:00:00+00:00
[2026-09-14T02:52:30.648+0000] {processor.py:208} INFO - Processing /opt/airflow/dags/Shi_HW 3.py took 0.047 seconds
[2026-09-14T02:53:00.983+0000] {processor.py:186} INFO - Started process (PID=41850) to work on /opt/airflow/dags/Shi_HW 3.py
[2026-09-14T02:53:00.985+0000] {processor.py:914} INFO - Processing file /opt/airflow/dags/Shi_HW 3.py for tasks to queue
[2026-09-14T02:53:00.986+0000] {logging_mixin.py:190} INFO - [2026-09-14T02:53:00.986+0000] {dagbag.py:587} INFO - Filling up the DagBag from /opt/airflow/dags/Shi_HW 3.py
[2026-09-14T02:53:01.020+0000] {processor.py:925} INFO - DAG(s) 'WeatherToronto_ETL' retrieved from /opt/airflow/dags/Shi_HW 3.py
[2026-09-14T02:53:01.041+0000] {logging_mixin.py:190} INFO - [2026-09-14T02:53:01.037+0000] {dag.py:3229} INFO - Sync 1 DAGs
[2026-09-14T02:53:01.061+0000] {logging_mixin.py:190} INFO - [2026-09-14T02:53:01.061+0000] {dag.py:4156} INFO - Setting next_dagrun for WeatherToronto_ETL to 2026-09-13 18:00:00+00:00, run_after=2026-09-14 18:00:00+00:00
[2026-09-14T02:53:01.074+0000] {processor.py:208} INFO - Processing /opt/airflow/dags/Shi_HW 3.py took 0.102 seconds
[2026-09-14T02:53:31.350+0000] {processor.py:186} INFO - Started process (PID=41861) to work on /opt/airflow/dags/Shi_HW 3.py
[2026-09-14T02:53:31.353+0000] {processor.py:914} INFO - Processing file /opt/airflow/dags/Shi_HW 3.py for tasks to queue
[2026-09-14T02:53:31.355+0000] {logging_mixin.py:190} INFO - [2026-09-14T02:53:31.354+0000] {dagbag.py:587} INFO - Filling up the DagBag from /opt/airflow/dags/Shi_HW 3.py
[2026-09-14T02:53:31.384+0000] {processor.py:925} INFO - DAG(s) 'WeatherToronto_ETL' retrieved from /opt/airflow/dags/Shi_HW 3.py
[2026-09-14T02:53:31.401+0000] {logging_mixin.py:190} INFO - [2026-09-14T02:53:31.400+0000] {dag.py:3229} INFO - Sync 1 DAGs
[2026-09-14T02:53:31.417+0000] {logging_mixin.py:190} INFO - [2026-09-14T02:53:31.417+0000] {dag.py:4156} INFO - Setting next_dagrun for WeatherToronto_ETL to 2026-09-13 18:00:00+00:00, run_after=2026-09-14 18:00:00+00:00
[2026-09-14T02:53:31.425+0000] {processor.py:208} INFO - Processing /opt/airflow/dags/Shi_HW 3.py took 0.085 seconds
[2026-09-14T02:54:01.798+0000] {processor.py:186} INFO - Started process (PID=41873) to work on /opt/airflow/dags/Shi_HW 3.py
[2026-09-14T02:54:01.804+0000] {processor.py:914} INFO - Processing file /opt/airflow/dags/Shi_HW 3.py for tasks to queue
[2026-09-14T02:54:01.806+0000] {logging_mixin.py:190} INFO - [2026-09-14T02:54:01.805+0000] {dagbag.py:587} INFO - Filling up the DagBag from /opt/airflow/dags/Shi_HW 3.py
[2026-09-14T02:54:01.861+0000] {processor.py:925} INFO - DAG(s) 'WeatherToronto_ETL' retrieved from /opt/airflow/dags/Shi_HW 3.py
[2026-09-14T02:54:01.877+0000] {logging_mixin.py:190} INFO - [2026-09-14T02:54:01.875+0000] {dag.py:3229} INFO - Sync 1 DAGs
[2026-09-14T02:54:01.892+0000] {logging_mixin.py:190} INFO - [2026-09-14T02:54:01.892+0000] {dag.py:4156} INFO - Setting next_dagrun for WeatherToronto_ETL to 2026-09-13 18:00:00+00:00, run_after=2026-09-14 18:00:00+00:00
[2026-09-14T02:54:01.900+0000] {processor.py:208} INFO - Processing /opt/airflow/dags/Shi_HW 3.py took 0.111 seconds
[2026-09-14T02:54:32.168+0000] {processor.py:186} INFO - Started process (PID=41884) to work on /opt/airflow/dags/Shi_HW 3.py
[2026-09-14T02:54:32.171+0000] {processor.py:914} INFO - Processing file /opt/airflow/dags/Shi_HW 3.py for tasks to queue
[2026-09-14T02:54:32.173+0000] {logging_mixin.py:190} INFO - [2026-09-14T02:54:32.172+0000] {dagbag.py:587} INFO - Filling up the DagBag from /opt/airflow/dags/Shi_HW 3.py
[2026-09-14T02:54:32.229+0000] {processor.py:925} INFO - DAG(s) 'WeatherToronto_ETL' retrieved from /opt/airflow/dags/Shi_HW 3.py
[2026-09-14T02:54:32.264+0000] {logging_mixin.py:190} INFO - [2026-09-14T02:54:32.261+0000] {dag.py:3229} INFO - Sync 1 DAGs
[2026-09-14T02:54:32.284+0000] {logging_mixin.py:190} INFO - [2026-09-14T02:54:32.284+0000] {dag.py:4156} INFO - Setting next_dagrun for WeatherToronto_ETL to 2026-09-13 18:00:00+00:00, run_after=2026-09-14 18:00:00+00:00
[2026-09-14T02:54:32.299+0000] {processor.py:208} INFO - Processing /opt/airflow/dags/Shi_HW 3.py took 0.144 seconds
[2026-09-14T02:55:02.645+0000] {processor.py:186} INFO - Started process (PID=41895) to work on /opt/airflow/dags/Shi_HW 3.py
[2026-09-14T02:55:02.648+0000] {processor.py:914} INFO - Processing file /opt/airflow/dags/Shi_HW 3.py for tasks to queue
[2026-09-14T02:55:02.649+0000] {logging_mixin.py:190} INFO - [2026-09-14T02:55:02.649+0000] {dagbag.py:587} INFO - Filling up the DagBag from /opt/airflow/dags/Shi_HW 3.py
[2026-09-14T02:55:02.674+0000] {processor.py:925} INFO - DAG(s) 'WeatherToronto_ETL' retrieved from /opt/airflow/dags/Shi_HW 3.py
[2026-09-14T02:55:02.688+0000] {logging_mixin.py:190} INFO - [2026-09-14T02:55:02.686+0000] {dag.py:3229} INFO - Sync 1 DAGs
[2026-09-14T02:55:02.702+0000] {logging_mixin.py:190} INFO - [2026-09-14T02:55:02.701+0000] {dag.py:4156} INFO - Setting next_dagrun for WeatherToronto_ETL to 2026-09-13 18:00:00+00:00, run_after=2026-09-14 18:00:00+00:00
[2026-09-14T02:55:02.709+0000] {processor.py:208} INFO - Processing /opt/airflow/dags/Shi_HW 3.py took 0.073 seconds
[2026-09-14T02:55:33.024+0000] {processor.py:186} INFO - Started process (PID=41906) to work on /opt/airflow/dags/Shi_HW 3.py
[2026-09-14T02:55:33.027+0000] {processor.py:914} INFO - Processing file /opt/airflow/dags/Shi_HW 3.py for tasks to queue
[2026-09-14T02:55:33.028+0000] {logging_mixin.py:190} INFO - [2026-09-14T02:55:33.028+0000] {dagbag.py:587} INFO - Filling up the DagBag from /opt/airflow/dags/Shi_HW 3.py
[2026-09-14T02:55:33.046+0000] {processor.py:925} INFO - DAG(s) 'WeatherToronto_ETL' retrieved from /opt/airflow/dags/Shi_HW 3.py
[2026-09-14T02:55:33.055+0000] {logging_mixin.py:190} INFO - [2026-09-14T02:55:33.054+0000] {dag.py:3229} INFO - Sync 1 DAGs
[2026-09-14T02:55:33.065+0000] {logging_mixin.py:190} INFO - [2026-09-14T02:55:33.065+0000] {dag.py:4156} INFO - Setting next_dagrun for WeatherToronto_ETL to 2026-09-13 18:00:00+00:00, run_after=2026-09-14 18:00:00+00:00
[2026-09-14T02:55:33.071+0000] {processor.py:208} INFO - Processing /opt/airflow/dags/Shi_HW 3.py took 0.051 seconds
[2026-09-14T02:56:03.414+0000] {processor.py:186} INFO - Started process (PID=41917) to work on /opt/airflow/dags/Shi_HW 3.py
[2026-09-14T02:56:03.417+0000] {processor.py:914} INFO - Processing file /opt/airflow/dags/Shi_HW 3.py for tasks to queue
[2026-09-14T02:56:03.418+0000] {logging_mixin.py:190} INFO - [2026-09-14T02:56:03.418+0000] {dagbag.py:587} INFO - Filling up the DagBag from /opt/airflow/dags/Shi_HW 3.py
[2026-09-14T02:56:03.445+0000] {processor.py:925} INFO - DAG(s) 'WeatherToronto_ETL' retrieved from /opt/airflow/dags/Shi_HW 3.py
[2026-09-14T02:56:03.460+0000] {logging_mixin.py:190} INFO - [2026-09-14T02:56:03.458+0000] {dag.py:3229} INFO - Sync 1 DAGs
[2026-09-14T02:56:03.474+0000] {logging_mixin.py:190} INFO - [2026-09-14T02:56:03.474+0000] {dag.py:4156} INFO - Setting next_dagrun for WeatherToronto_ETL to 2026-09-13 18:00:00+00:00, run_after=2026-09-14 18:00:00+00:00
[2026-09-14T02:56:03.482+0000] {processor.py:208} INFO - Processing /opt/airflow/dags/Shi_HW 3.py took 0.076 seconds
[2026-09-14T02:56:33.787+0000] {processor.py:186} INFO - Started process (PID=41928) to work on /opt/airflow/dags/Shi_HW 3.py
[2026-09-14T02:56:33.789+0000] {processor.py:914} INFO - Processing file /opt/airflow/dags/Shi_HW 3.py for tasks to queue
[2026-09-14T02:56:33.791+0000] {logging_mixin.py:190} INFO - [2026-09-14T02:56:33.790+0000] {dagbag.py:587} INFO - Filling up the DagBag from /opt/airflow/dags/Shi_HW 3.py
[2026-09-14T02:56:33.819+0000] {processor.py:925} INFO - DAG(s) 'WeatherToronto_ETL' retrieved from /opt/airflow/dags/Shi_HW 3.py
[2026-09-14T02:56:33.836+0000] {logging_mixin.py:190} INFO - [2026-09-14T02:56:33.834+0000] {dag.py:3229} INFO - Sync 1 DAGs
[2026-09-14T02:56:33.851+0000] {logging_mixin.py:190} INFO - [2026-09-14T02:56:33.851+0000] {dag.py:4156} INFO - Setting next_dagrun for WeatherToronto_ETL to 2026-09-13 18:00:00+00:00, run_after=2026-09-14 18:00:00+00:00
[2026-09-14T02:56:33.861+0000] {processor.py:208} INFO - Processing /opt/airflow/dags/Shi_HW 3.py took 0.085 seconds
[2026-09-14T02:57:04.186+0000] {processor.py:186} INFO - Started process (PID=41939) to work on /opt/airflow/dags/Shi_HW 3.py
[2026-09-14T02:57:04.189+0000] {processor.py:914} INFO - Processing file /opt/airflow/dags/Shi_HW 3.py for tasks to queue
[2026-09-14T02:57:04.190+0000] {logging_mixin.py:190} INFO - [2026-09-14T02:57:04.190+0000] {dagbag.py:587} INFO - Filling up the DagBag from /opt/airflow/dags/Shi_HW 3.py
[2026-09-14T02:57:04.263+0000] {processor.py:925} INFO - DAG(s) 'WeatherToronto_ETL' retrieved from /opt/airflow/dags/Shi_HW 3.py
[2026-09-14T02:57:04.292+0000] {logging_mixin.py:190} INFO - [2026-09-14T02:57:04.286+0000] {dag.py:3229} INFO - Sync 1 DAGs
[2026-09-14T02:57:04.318+0000] {logging_mixin.py:190} INFO - [2026-09-14T02:57:04.318+0000] {dag.py:4156} INFO - Setting next_dagrun for WeatherToronto_ETL to 2026-09-13 18:00:00+00:00, run_after=2026-09-14 18:00:00+00:00
[2026-09-14T02:57:04.327+0000] {processor.py:208} INFO - Processing /opt/airflow/dags/Shi_HW 3.py took 0.157 seconds
[2026-09-14T02:57:34.616+0000] {processor.py:186} INFO - Started process (PID=41950) to work on /opt/airflow/dags/Shi_HW 3.py
[2026-09-14T02:57:34.624+0000] {processor.py:914} INFO - Processing file /opt/airflow/dags/Shi_HW 3.py for tasks to queue
[2026-09-14T02:57:34.628+0000] {logging_mixin.py:190} INFO - [2026-09-14T02:57:34.627+0000] {dagbag.py:587} INFO - Filling up the DagBag from /opt/airflow/dags/Shi_HW 3.py
[2026-09-14T02:57:34.671+0000] {processor.py:925} INFO - DAG(s) 'WeatherToronto_ETL' retrieved from /opt/airflow/dags/Shi_HW 3.py
[2026-09-14T02:57:34.686+0000] {logging_mixin.py:190} INFO - [2026-09-14T02:57:34.685+0000] {dag.py:3229} INFO - Sync 1 DAGs
[2026-09-14T02:57:34.702+0000] {logging_mixin.py:190} INFO - [2026-09-14T02:57:34.701+0000] {dag.py:4156} INFO - Setting next_dagrun for WeatherToronto_ETL to 2026-09-13 18:00:00+00:00, run_after=2026-09-14 18:00:00+00:00
[2026-09-14T02:57:34.709+0000] {processor.py:208} INFO - Processing /opt/airflow/dags/Shi_HW 3.py took 0.117 seconds
[2026-09-14T02:58:05.145+0000] {processor.py:186} INFO - Started process (PID=41961) to work on /opt/airflow/dags/Shi_HW 3.py
[2026-09-14T02:58:05.146+0000] {processor.py:914} INFO - Processing file /opt/airflow/dags/Shi_HW 3.py for tasks to queue
[2026-09-14T02:58:05.148+0000] {logging_mixin.py:190} INFO - [2026-09-14T02:58:05.147+0000] {dagbag.py:587} INFO - Filling up the DagBag from /opt/airflow/dags/Shi_HW 3.py
[2026-09-14T02:58:05.193+0000] {processor.py:925} INFO - DAG(s) 'WeatherToronto_ETL' retrieved from /opt/airflow/dags/Shi_HW 3.py
[2026-09-14T02:58:05.212+0000] {logging_mixin.py:190} INFO - [2026-09-14T02:58:05.210+0000] {dag.py:3229} INFO - Sync 1 DAGs
[2026-09-14T02:58:05.230+0000] {logging_mixin.py:190} INFO - [2026-09-14T02:58:05.230+0000] {dag.py:4156} INFO - Setting next_dagrun for WeatherToronto_ETL to 2026-09-13 18:00:00+00:00, run_after=2026-09-14 18:00:00+00:00
[2026-09-14T02:58:05.238+0000] {processor.py:208} INFO - Processing /opt/airflow/dags/Shi_HW 3.py took 0.105 seconds
[2026-09-14T02:58:35.520+0000] {processor.py:186} INFO - Started process (PID=41972) to work on /opt/airflow/dags/Shi_HW 3.py
[2026-09-14T02:58:35.522+0000] {processor.py:914} INFO - Processing file /opt/airflow/dags/Shi_HW 3.py for tasks to queue
[2026-09-14T02:58:35.523+0000] {logging_mixin.py:190} INFO - [2026-09-14T02:58:35.523+0000] {dagbag.py:587} INFO - Filling up the DagBag from /opt/airflow/dags/Shi_HW 3.py
[2026-09-14T02:58:35.565+0000] {processor.py:925} INFO - DAG(s) 'WeatherToronto_ETL' retrieved from /opt/airflow/dags/Shi_HW 3.py
[2026-09-14T02:58:35.586+0000] {logging_mixin.py:190} INFO - [2026-09-14T02:58:35.582+0000] {dag.py:3229} INFO - Sync 1 DAGs
[2026-09-14T02:58:35.600+0000] {logging_mixin.py:190} INFO - [2026-09-14T02:58:35.600+0000] {dag.py:4156} INFO - Setting next_dagrun for WeatherToronto_ETL to 2026-09-13 18:00:00+00:00, run_after=2026-09-14 18:00:00+00:00
[2026-09-14T02:58:35.611+0000] {processor.py:208} INFO - Processing /opt/airflow/dags/Shi_HW 3.py took 0.111 seconds
[2026-09-14T02:59:05.906+0000] {processor.py:186} INFO - Started process (PID=41983) to work on /opt/airflow/dags/Shi_HW 3.py
[2026-09-14T02:59:05.915+0000] {processor.py:914} INFO - Processing file /opt/airflow/dags/Shi_HW 3.py for tasks to queue
[2026-09-14T02:59:05.916+0000] {logging_mixin.py:190} INFO - [2026-09-14T02:59:05.916+0000] {dagbag.py:587} INFO - Filling up the DagBag from /opt/airflow/dags/Shi_HW 3.py
[2026-09-14T02:59:05.933+0000] {processor.py:925} INFO - DAG(s) 'WeatherToronto_ETL' retrieved from /opt/airflow/dags/Shi_HW 3.py
[2026-09-14T02:59:05.943+0000] {logging_mixin.py:190} INFO - [2026-09-14T02:59:05.942+0000] {dag.py:3229} INFO - Sync 1 DAGs
[2026-09-14T02:59:05.954+0000] {logging_mixin.py:190} INFO - [2026-09-14T02:59:05.954+0000] {dag.py:4156} INFO - Setting next_dagrun for WeatherToronto_ETL to 2026-09-13 18:00:00+00:00, run_after=2026-09-14 18:00:00+00:00
[2026-09-14T02:59:05.960+0000] {processor.py:208} INFO - Processing /opt/airflow/dags/Shi_HW 3.py took 0.060 seconds
[2026-09-14T02:59:36.316+0000] {processor.py:186} INFO - Started process (PID=41994) to work on /opt/airflow/dags/Shi_HW 3.py
[2026-09-14T02:59:36.319+0000] {processor.py:914} INFO - Processing file /opt/airflow/dags/Shi_HW 3.py for tasks to queue
[2026-09-14T02:59:36.321+0000] {logging_mixin.py:190} INFO - [2026-09-14T02:59:36.320+0000] {dagbag.py:587} INFO - Filling up the DagBag from /opt/airflow/dags/Shi_HW 3.py
[2026-09-14T02:59:36.347+0000] {processor.py:925} INFO - DAG(s) 'WeatherToronto_ETL' retrieved from /opt/airflow/dags/Shi_HW 3.py
[2026-09-14T02:59:36.362+0000] {logging_mixin.py:190} INFO - [2026-09-14T02:59:36.360+0000] {dag.py:3229} INFO - Sync 1 DAGs
[2026-09-14T02:59:36.375+0000] {logging_mixin.py:190} INFO - [2026-09-14T02:59:36.374+0000] {dag.py:4156} INFO - Setting next_dagrun for WeatherToronto_ETL to 2026-09-13 18:00:00+00:00, run_after=2026-09-14 18:00:00+00:00
[2026-09-14T02:59:36.383+0000] {processor.py:208} INFO - Processing /opt/airflow/dags/Shi_HW 3.py took 0.075 seconds
[2026-09-14T03:00:06.704+0000] {processor.py:186} INFO - Started process (PID=42005) to work on /opt/airflow/dags/Shi_HW 3.py
[2026-09-14T03:00:06.707+0000] {processor.py:914} INFO - Processing file /opt/airflow/dags/Shi_HW 3.py for tasks to queue
[2026-09-14T03:00:06.709+0000] {logging_mixin.py:190} INFO - [2026-09-14T03:00:06.709+0000] {dagbag.py:587} INFO - Filling up the DagBag from /opt/airflow/dags/Shi_HW 3.py
[2026-09-14T03:00:06.729+0000] {processor.py:925} INFO - DAG(s) 'WeatherToronto_ETL' retrieved from /opt/airflow/dags/Shi_HW 3.py
[2026-09-14T03:00:06.740+0000] {logging_mixin.py:190} INFO - [2026-09-14T03:00:06.739+0000] {dag.py:3229} INFO - Sync 1 DAGs
[2026-09-14T03:00:06.752+0000] {logging_mixin.py:190} INFO - [2026-09-14T03:00:06.752+0000] {dag.py:4156} INFO - Setting next_dagrun for WeatherToronto_ETL to 2026-09-13 18:00:00+00:00, run_after=2026-09-14 18:00:00+00:00
[2026-09-14T03:00:06.759+0000] {processor.py:208} INFO - Processing /opt/airflow/dags/Shi_HW 3.py took 0.061 seconds
[2026-09-14T03:00:37.155+0000] {processor.py:186} INFO - Started process (PID=42016) to work on /opt/airflow/dags/Shi_HW 3.py
[2026-09-14T03:00:37.157+0000] {processor.py:914} INFO - Processing file /opt/airflow/dags/Shi_HW 3.py for tasks to queue
[2026-09-14T03:00:37.158+0000] {logging_mixin.py:190} INFO - [2026-09-14T03:00:37.158+0000] {dagbag.py:587} INFO - Filling up the DagBag from /opt/airflow/dags/Shi_HW 3.py
[2026-09-14T03:00:37.185+0000] {processor.py:925} INFO - DAG(s) 'WeatherToronto_ETL' retrieved from /opt/airflow/dags/Shi_HW 3.py
[2026-09-14T03:00:37.199+0000] {logging_mixin.py:190} INFO - [2026-09-14T03:00:37.197+0000] {dag.py:3229} INFO - Sync 1 DAGs
[2026-09-14T03:00:37.212+0000] {logging_mixin.py:190} INFO - [2026-09-14T03:00:37.212+0000] {dag.py:4156} INFO - Setting next_dagrun for WeatherToronto_ETL to 2026-09-13 18:00:00+00:00, run_after=2026-09-14 18:00:00+00:00
[2026-09-14T03:00:37.221+0000] {processor.py:208} INFO - Processing /opt/airflow/dags/Shi_HW 3.py took 0.073 seconds
[2026-09-14T03:01:07.545+0000] {processor.py:186} INFO - Started process (PID=42027) to work on /opt/airflow/dags/Shi_HW 3.py
[2026-09-14T03:01:07.548+0000] {processor.py:914} INFO - Processing file /opt/airflow/dags/Shi_HW 3.py for tasks to queue
[2026-09-14T03:01:07.550+0000] {logging_mixin.py:190} INFO - [2026-09-14T03:01:07.550+0000] {dagbag.py:587} INFO - Filling up the DagBag from /opt/airflow/dags/Shi_HW 3.py
[2026-09-14T03:01:07.588+0000] {processor.py:925} INFO - DAG(s) 'WeatherToronto_ETL' retrieved from /opt/airflow/dags/Shi_HW 3.py
[2026-09-14T03:01:07.616+0000] {logging_mixin.py:190} INFO - [2026-09-14T03:01:07.612+0000] {dag.py:3229} INFO - Sync 1 DAGs
[2026-09-14T03:01:07.637+0000] {logging_mixin.py:190} INFO - [2026-09-14T03:01:07.637+0000] {dag.py:4156} INFO - Setting next_dagrun for WeatherToronto_ETL to 2026-09-13 18:00:00+00:00, run_after=2026-09-14 18:00:00+00:00
[2026-09-14T03:01:07.651+0000] {processor.py:208} INFO - Processing /opt/airflow/dags/Shi_HW 3.py took 0.116 seconds
[2026-09-14T03:01:37.929+0000] {processor.py:186} INFO - Started process (PID=42038) to work on /opt/airflow/dags/Shi_HW 3.py
[2026-09-14T03:01:37.933+0000] {processor.py:914} INFO - Processing file /opt/airflow/dags/Shi_HW 3.py for tasks to queue
[2026-09-14T03:01:37.935+0000] {logging_mixin.py:190} INFO - [2026-09-14T03:01:37.935+0000] {dagbag.py:587} INFO - Filling up the DagBag from /opt/airflow/dags/Shi_HW 3.py
[2026-09-14T03:01:37.953+0000] {processor.py:925} INFO - DAG(s) 'WeatherToronto_ETL' retrieved from /opt/airflow/dags/Shi_HW 3.py
[2026-09-14T03:01:37.961+0000] {logging_mixin.py:190} INFO - [2026-09-14T03:01:37.960+0000] {dag.py:3229} INFO - Sync 1 DAGs
[2026-09-14T03:01:37.971+0000] {logging_mixin.py:190} INFO - [2026-09-14T03:01:37.971+0000] {dag.py:4156} INFO - Setting next_dagrun for WeatherToronto_ETL to 2026-09-13 18:00:00+00:00, run_after=2026-09-14 18:00:00+00:00
[2026-09-14T03:01:37.976+0000] {processor.py:208} INFO - Processing /opt/airflow/dags/Shi_HW 3.py took 0.057 seconds
[2026-09-14T03:02:08.259+0000] {processor.py:186} INFO - Started process (PID=42049) to work on /opt/airflow/dags/Shi_HW 3.py
[2026-09-14T03:02:08.261+0000] {processor.py:914} INFO - Processing file /opt/airflow/dags/Shi_HW 3.py for tasks to queue
[2026-09-14T03:02:08.263+0000] {logging_mixin.py:190} INFO - [2026-09-14T03:02:08.262+0000] {dagbag.py:587} INFO - Filling up the DagBag from /opt/airflow/dags/Shi_HW 3.py
[2026-09-14T03:02:08.292+0000] {processor.py:925} INFO - DAG(s) 'WeatherToronto_ETL' retrieved from /opt/airflow/dags/Shi_HW 3.py
[2026-09-14T03:02:08.307+0000] {logging_mixin.py:190} INFO - [2026-09-14T03:02:08.306+0000] {dag.py:3229} INFO - Sync 1 DAGs
[2026-09-14T03:02:08.321+0000] {logging_mixin.py:190} INFO - [2026-09-14T03:02:08.321+0000] {dag.py:4156} INFO - Setting next_dagrun for WeatherToronto_ETL to 2026-09-13 18:00:00+00:00, run_after=2026-09-14 18:00:00+00:00
[2026-09-14T03:02:08.329+0000] {processor.py:208} INFO - Processing /opt/airflow/dags/Shi_HW 3.py took 0.077 seconds
[2026-09-14T03:02:38.616+0000] {processor.py:186} INFO - Started process (PID=42060) to work on /opt/airflow/dags/Shi_HW 3.py
[2026-09-14T03:02:38.618+0000] {processor.py:914} INFO - Processing file /opt/airflow/dags/Shi_HW 3.py for tasks to queue
[2026-09-14T03:02:38.619+0000] {logging_mixin.py:190} INFO - [2026-09-14T03:02:38.619+0000] {dagbag.py:587} INFO - Filling up the DagBag from /opt/airflow/dags/Shi_HW 3.py
[2026-09-14T03:02:38.649+0000] {processor.py:925} INFO - DAG(s) 'WeatherToronto_ETL' retrieved from /opt/airflow/dags/Shi_HW 3.py
[2026-09-14T03:02:38.668+0000] {logging_mixin.py:190} INFO - [2026-09-14T03:02:38.666+0000] {dag.py:3229} INFO - Sync 1 DAGs
[2026-09-14T03:02:38.687+0000] {logging_mixin.py:190} INFO - [2026-09-14T03:02:38.687+0000] {dag.py:4156} INFO - Setting next_dagrun for WeatherToronto_ETL to 2026-09-13 18:00:00+00:00, run_after=2026-09-14 18:00:00+00:00
[2026-09-14T03:02:38.699+0000] {processor.py:208} INFO - Processing /opt/airflow/dags/Shi_HW 3.py took 0.091 seconds
[2026-09-14T03:03:09.028+0000] {processor.py:186} INFO - Started process (PID=42071) to work on /opt/airflow/dags/Shi_HW 3.py
[2026-09-14T03:03:09.030+0000] {processor.py:914} INFO - Processing file /opt/airflow/dags/Shi_HW 3.py for tasks to queue
[2026-09-14T03:03:09.032+0000] {logging_mixin.py:190} INFO - [2026-09-14T03:03:09.031+0000] {dagbag.py:587} INFO - Filling up the DagBag from /opt/airflow/dags/Shi_HW 3.py
[2026-09-14T03:03:09.058+0000] {processor.py:925} INFO - DAG(s) 'WeatherToronto_ETL' retrieved from /opt/airflow/dags/Shi_HW 3.py
[2026-09-14T03:03:09.073+0000] {logging_mixin.py:190} INFO - [2026-09-14T03:03:09.072+0000] {dag.py:3229} INFO - Sync 1 DAGs
[2026-09-14T03:03:09.088+0000] {logging_mixin.py:190} INFO - [2026-09-14T03:03:09.088+0000] {dag.py:4156} INFO - Setting next_dagrun for WeatherToronto_ETL to 2026-09-13 18:00:00+00:00, run_after=2026-09-14 18:00:00+00:00
[2026-09-14T03:03:09.095+0000] {processor.py:208} INFO - Processing /opt/airflow/dags/Shi_HW 3.py took 0.076 seconds
[2026-09-14T03:03:39.395+0000] {processor.py:186} INFO - Started process (PID=42082) to work on /opt/airflow/dags/Shi_HW 3.py
[2026-09-14T03:03:39.396+0000] {processor.py:914} INFO - Processing file /opt/airflow/dags/Shi_HW 3.py for tasks to queue
[2026-09-14T03:03:39.397+0000] {logging_mixin.py:190} INFO - [2026-09-14T03:03:39.396+0000] {dagbag.py:587} INFO - Filling up the DagBag from /opt/airflow/dags/Shi_HW 3.py
[2026-09-14T03:03:39.410+0000] {processor.py:925} INFO - DAG(s) 'WeatherToronto_ETL' retrieved from /opt/airflow/dags/Shi_HW 3.py
[2026-09-14T03:03:39.419+0000] {logging_mixin.py:190} INFO - [2026-09-14T03:03:39.418+0000] {dag.py:3229} INFO - Sync 1 DAGs
[2026-09-14T03:03:39.431+0000] {logging_mixin.py:190} INFO - [2026-09-14T03:03:39.431+0000] {dag.py:4156} INFO - Setting next_dagrun for WeatherToronto_ETL to 2026-09-13 18:00:00+00:00, run_after=2026-09-14 18:00:00+00:00
[2026-09-14T03:03:39.438+0000] {processor.py:208} INFO - Processing /opt/airflow/dags/Shi_HW 3.py took 0.046 seconds
[2026-09-14T03:04:09.738+0000] {processor.py:186} INFO - Started process (PID=42093) to work on /opt/airflow/dags/Shi_HW 3.py
[2026-09-14T03:04:09.741+0000] {processor.py:914} INFO - Processing file /opt/airflow/dags/Shi_HW 3.py for tasks to queue
[2026-09-14T03:04:09.742+0000] {logging_mixin.py:190} INFO - [2026-09-14T03:04:09.742+0000] {dagbag.py:587} INFO - Filling up the DagBag from /opt/airflow/dags/Shi_HW 3.py
[2026-09-14T03:04:09.756+0000] {processor.py:925} INFO - DAG(s) 'WeatherToronto_ETL' retrieved from /opt/airflow/dags/Shi_HW 3.py
[2026-09-14T03:04:09.764+0000] {logging_mixin.py:190} INFO - [2026-09-14T03:04:09.763+0000] {dag.py:3229} INFO - Sync 1 DAGs
[2026-09-14T03:04:09.773+0000] {logging_mixin.py:190} INFO - [2026-09-14T03:04:09.773+0000] {dag.py:4156} INFO - Setting next_dagrun for WeatherToronto_ETL to 2026-09-13 18:00:00+00:00, run_after=2026-09-14 18:00:00+00:00
[2026-09-14T03:04:09.779+0000] {processor.py:208} INFO - Processing /opt/airflow/dags/Shi_HW 3.py took 0.053 seconds
[2026-09-14T03:04:40.147+0000] {processor.py:186} INFO - Started process (PID=42104) to work on /opt/airflow/dags/Shi_HW 3.py
[2026-09-14T03:04:40.148+0000] {processor.py:914} INFO - Processing file /opt/airflow/dags/Shi_HW 3.py for tasks to queue
[2026-09-14T03:04:40.150+0000] {logging_mixin.py:190} INFO - [2026-09-14T03:04:40.149+0000] {dagbag.py:587} INFO - Filling up the DagBag from /opt/airflow/dags/Shi_HW 3.py
[2026-09-14T03:04:40.186+0000] {processor.py:925} INFO - DAG(s) 'WeatherToronto_ETL' retrieved from /opt/airflow/dags/Shi_HW 3.py
[2026-09-14T03:04:40.204+0000] {logging_mixin.py:190} INFO - [2026-09-14T03:04:40.202+0000] {dag.py:3229} INFO - Sync 1 DAGs
[2026-09-14T03:04:40.228+0000] {logging_mixin.py:190} INFO - [2026-09-14T03:04:40.228+0000] {dag.py:4156} INFO - Setting next_dagrun for WeatherToronto_ETL to 2026-09-13 18:00:00+00:00, run_after=2026-09-14 18:00:00+00:00
[2026-09-14T03:04:40.236+0000] {processor.py:208} INFO - Processing /opt/airflow/dags/Shi_HW 3.py took 0.102 seconds
[2026-09-14T03:05:10.548+0000] {processor.py:186} INFO - Started process (PID=42115) to work on /opt/airflow/dags/Shi_HW 3.py
[2026-09-14T03:05:10.554+0000] {processor.py:914} INFO - Processing file /opt/airflow/dags/Shi_HW 3.py for tasks to queue
[2026-09-14T03:05:10.558+0000] {logging_mixin.py:190} INFO - [2026-09-14T03:05:10.557+0000] {dagbag.py:587} INFO - Filling up the DagBag from /opt/airflow/dags/Shi_HW 3.py
[2026-09-14T03:05:10.611+0000] {processor.py:925} INFO - DAG(s) 'WeatherToronto_ETL' retrieved from /opt/airflow/dags/Shi_HW 3.py
[2026-09-14T03:05:10.630+0000] {logging_mixin.py:190} INFO - [2026-09-14T03:05:10.626+0000] {dag.py:3229} INFO - Sync 1 DAGs
[2026-09-14T03:05:10.646+0000] {logging_mixin.py:190} INFO - [2026-09-14T03:05:10.646+0000] {dag.py:4156} INFO - Setting next_dagrun for WeatherToronto_ETL to 2026-09-13 18:00:00+00:00, run_after=2026-09-14 18:00:00+00:00
[2026-09-14T03:05:10.654+0000] {processor.py:208} INFO - Processing /opt/airflow/dags/Shi_HW 3.py took 0.119 seconds
[2026-09-14T03:05:40.965+0000] {processor.py:186} INFO - Started process (PID=42126) to work on /opt/airflow/dags/Shi_HW 3.py
[2026-09-14T03:05:40.968+0000] {processor.py:914} INFO - Processing file /opt/airflow/dags/Shi_HW 3.py for tasks to queue
[2026-09-14T03:05:40.973+0000] {logging_mixin.py:190} INFO - [2026-09-14T03:05:40.971+0000] {dagbag.py:587} INFO - Filling up the DagBag from /opt/airflow/dags/Shi_HW 3.py
[2026-09-14T03:05:41.006+0000] {processor.py:925} INFO - DAG(s) 'WeatherToronto_ETL' retrieved from /opt/airflow/dags/Shi_HW 3.py
[2026-09-14T03:05:41.022+0000] {logging_mixin.py:190} INFO - [2026-09-14T03:05:41.020+0000] {dag.py:3229} INFO - Sync 1 DAGs
[2026-09-14T03:05:41.036+0000] {logging_mixin.py:190} INFO - [2026-09-14T03:05:41.036+0000] {dag.py:4156} INFO - Setting next_dagrun for WeatherToronto_ETL to 2026-09-13 18:00:00+00:00, run_after=2026-09-14 18:00:00+00:00
[2026-09-14T03:05:41.044+0000] {processor.py:208} INFO - Processing /opt/airflow/dags/Shi_HW 3.py took 0.097 seconds
[2026-09-14T03:06:11.393+0000] {processor.py:186} INFO - Started process (PID=42137) to work on /opt/airflow/dags/Shi_HW 3.py
[2026-09-14T03:06:11.396+0000] {processor.py:914} INFO - Processing file /opt/airflow/dags/Shi_HW 3.py for tasks to queue
[2026-09-14T03:06:11.399+0000] {logging_mixin.py:190} INFO - [2026-09-14T03:06:11.398+0000] {dagbag.py:587} INFO - Filling up the DagBag from /opt/airflow/dags/Shi_HW 3.py
[2026-09-14T03:06:11.468+0000] {processor.py:925} INFO - DAG(s) 'WeatherToronto_ETL' retrieved from /opt/airflow/dags/Shi_HW 3.py
[2026-09-14T03:06:11.494+0000] {logging_mixin.py:190} INFO - [2026-09-14T03:06:11.491+0000] {dag.py:3229} INFO - Sync 1 DAGs
[2026-09-14T03:06:11.515+0000] {logging_mixin.py:190} INFO - [2026-09-14T03:06:11.515+0000] {dag.py:4156} INFO - Setting next_dagrun for WeatherToronto_ETL to 2026-09-13 18:00:00+00:00, run_after=2026-09-14 18:00:00+00:00
[2026-09-14T03:06:11.527+0000] {processor.py:208} INFO - Processing /opt/airflow/dags/Shi_HW 3.py took 0.156 seconds
[2026-09-14T03:06:41.708+0000] {processor.py:186} INFO - Started process (PID=42148) to work on /opt/airflow/dags/Shi_HW 3.py
[2026-09-14T03:06:41.710+0000] {processor.py:914} INFO - Processing file /opt/airflow/dags/Shi_HW 3.py for tasks to queue
[2026-09-14T03:06:41.711+0000] {logging_mixin.py:190} INFO - [2026-09-14T03:06:41.711+0000] {dagbag.py:587} INFO - Filling up the DagBag from /opt/airflow/dags/Shi_HW 3.py
[2026-09-14T03:06:41.737+0000] {processor.py:925} INFO - DAG(s) 'WeatherToronto_ETL' retrieved from /opt/airflow/dags/Shi_HW 3.py
[2026-09-14T03:06:41.751+0000] {logging_mixin.py:190} INFO - [2026-09-14T03:06:41.750+0000] {dag.py:3229} INFO - Sync 1 DAGs
[2026-09-14T03:06:41.765+0000] {logging_mixin.py:190} INFO - [2026-09-14T03:06:41.764+0000] {dag.py:4156} INFO - Setting next_dagrun for WeatherToronto_ETL to 2026-09-13 18:00:00+00:00, run_after=2026-09-14 18:00:00+00:00
[2026-09-14T03:06:41.772+0000] {processor.py:208} INFO - Processing /opt/airflow/dags/Shi_HW 3.py took 0.076 seconds
[2026-09-14T03:07:12.102+0000] {processor.py:186} INFO - Started process (PID=42159) to work on /opt/airflow/dags/Shi_HW 3.py
[2026-09-14T03:07:12.105+0000] {processor.py:914} INFO - Processing file /opt/airflow/dags/Shi_HW 3.py for tasks to queue
[2026-09-14T03:07:12.107+0000] {logging_mixin.py:190} INFO - [2026-09-14T03:07:12.106+0000] {dagbag.py:587} INFO - Filling up the DagBag from /opt/airflow/dags/Shi_HW 3.py
[2026-09-14T03:07:12.150+0000] {processor.py:925} INFO - DAG(s) 'WeatherToronto_ETL' retrieved from /opt/airflow/dags/Shi_HW 3.py
[2026-09-14T03:07:12.177+0000] {logging_mixin.py:190} INFO - [2026-09-14T03:07:12.174+0000] {dag.py:3229} INFO - Sync 1 DAGs
[2026-09-14T03:07:12.193+0000] {logging_mixin.py:190} INFO - [2026-09-14T03:07:12.193+0000] {dag.py:4156} INFO - Setting next_dagrun for WeatherToronto_ETL to 2026-09-13 18:00:00+00:00, run_after=2026-09-14 18:00:00+00:00
[2026-09-14T03:07:12.203+0000] {processor.py:208} INFO - Processing /opt/airflow/dags/Shi_HW 3.py took 0.116 seconds
[2026-09-14T03:07:42.495+0000] {processor.py:186} INFO - Started process (PID=42170) to work on /opt/airflow/dags/Shi_HW 3.py
[2026-09-14T03:07:42.505+0000] {processor.py:914} INFO - Processing file /opt/airflow/dags/Shi_HW 3.py for tasks to queue
[2026-09-14T03:07:42.506+0000] {logging_mixin.py:190} INFO - [2026-09-14T03:07:42.506+0000] {dagbag.py:587} INFO - Filling up the DagBag from /opt/airflow/dags/Shi_HW 3.py
[2026-09-14T03:07:42.558+0000] {processor.py:925} INFO - DAG(s) 'WeatherToronto_ETL' retrieved from /opt/airflow/dags/Shi_HW 3.py
[2026-09-14T03:07:42.592+0000] {logging_mixin.py:190} INFO - [2026-09-14T03:07:42.586+0000] {dag.py:3229} INFO - Sync 1 DAGs
[2026-09-14T03:07:42.627+0000] {logging_mixin.py:190} INFO - [2026-09-14T03:07:42.627+0000] {dag.py:4156} INFO - Setting next_dagrun for WeatherToronto_ETL to 2026-09-13 18:00:00+00:00, run_after=2026-09-14 18:00:00+00:00
[2026-09-14T03:07:42.641+0000] {processor.py:208} INFO - Processing /opt/airflow/dags/Shi_HW 3.py took 0.156 seconds
[2026-09-14T03:08:12.937+0000] {processor.py:186} INFO - Started process (PID=42181) to work on /opt/airflow/dags/Shi_HW 3.py
[2026-09-14T03:08:12.939+0000] {processor.py:914} INFO - Processing file /opt/airflow/dags/Shi_HW 3.py for tasks to queue
[2026-09-14T03:08:12.941+0000] {logging_mixin.py:190} INFO - [2026-09-14T03:08:12.940+0000] {dagbag.py:587} INFO - Filling up the DagBag from /opt/airflow/dags/Shi_HW 3.py
[2026-09-14T03:08:12.978+0000] {processor.py:925} INFO - DAG(s) 'WeatherToronto_ETL' retrieved from /opt/airflow/dags/Shi_HW 3.py
[2026-09-14T03:08:13.000+0000] {logging_mixin.py:190} INFO - [2026-09-14T03:08:12.998+0000] {dag.py:3229} INFO - Sync 1 DAGs
[2026-09-14T03:08:13.015+0000] {logging_mixin.py:190} INFO - [2026-09-14T03:08:13.015+0000] {dag.py:4156} INFO - Setting next_dagrun for WeatherToronto_ETL to 2026-09-13 18:00:00+00:00, run_after=2026-09-14 18:00:00+00:00
[2026-09-14T03:08:13.032+0000] {processor.py:208} INFO - Processing /opt/airflow/dags/Shi_HW 3.py took 0.107 seconds
[2026-09-14T03:08:43.376+0000] {processor.py:186} INFO - Started process (PID=42192) to work on /opt/airflow/dags/Shi_HW 3.py
[2026-09-14T03:08:43.378+0000] {processor.py:914} INFO - Processing file /opt/airflow/dags/Shi_HW 3.py for tasks to queue
[2026-09-14T03:08:43.379+0000] {logging_mixin.py:190} INFO - [2026-09-14T03:08:43.379+0000] {dagbag.py:587} INFO - Filling up the DagBag from /opt/airflow/dags/Shi_HW 3.py
[2026-09-14T03:08:43.417+0000] {processor.py:925} INFO - DAG(s) 'WeatherToronto_ETL' retrieved from /opt/airflow/dags/Shi_HW 3.py
[2026-09-14T03:08:43.440+0000] {logging_mixin.py:190} INFO - [2026-09-14T03:08:43.438+0000] {dag.py:3229} INFO - Sync 1 DAGs
[2026-09-14T03:08:43.459+0000] {logging_mixin.py:190} INFO - [2026-09-14T03:08:43.459+0000] {dag.py:4156} INFO - Setting next_dagrun for WeatherToronto_ETL to 2026-09-13 18:00:00+00:00, run_after=2026-09-14 18:00:00+00:00
[2026-09-14T03:08:43.470+0000] {processor.py:208} INFO - Processing /opt/airflow/dags/Shi_HW 3.py took 0.118 seconds
[2026-09-14T03:09:13.748+0000] {processor.py:186} INFO - Started process (PID=42203) to work on /opt/airflow/dags/Shi_HW 3.py
[2026-09-14T03:09:13.751+0000] {processor.py:914} INFO - Processing file /opt/airflow/dags/Shi_HW 3.py for tasks to queue
[2026-09-14T03:09:13.753+0000] {logging_mixin.py:190} INFO - [2026-09-14T03:09:13.752+0000] {dagbag.py:587} INFO - Filling up the DagBag from /opt/airflow/dags/Shi_HW 3.py
[2026-09-14T03:09:13.804+0000] {processor.py:925} INFO - DAG(s) 'WeatherToronto_ETL' retrieved from /opt/airflow/dags/Shi_HW 3.py
[2026-09-14T03:09:13.829+0000] {logging_mixin.py:190} INFO - [2026-09-14T03:09:13.826+0000] {dag.py:3229} INFO - Sync 1 DAGs
[2026-09-14T03:09:13.853+0000] {logging_mixin.py:190} INFO - [2026-09-14T03:09:13.853+0000] {dag.py:4156} INFO - Setting next_dagrun for WeatherToronto_ETL to 2026-09-13 18:00:00+00:00, run_after=2026-09-14 18:00:00+00:00
[2026-09-14T03:09:13.866+0000] {processor.py:208} INFO - Processing /opt/airflow/dags/Shi_HW 3.py took 0.136 seconds
[2026-09-14T03:09:44.128+0000] {processor.py:186} INFO - Started process (PID=42214) to work on /opt/airflow/dags/Shi_HW 3.py
[2026-09-14T03:09:44.131+0000] {processor.py:914} INFO - Processing file /opt/airflow/dags/Shi_HW 3.py for tasks to queue
[2026-09-14T03:09:44.132+0000] {logging_mixin.py:190} INFO - [2026-09-14T03:09:44.132+0000] {dagbag.py:587} INFO - Filling up the DagBag from /opt/airflow/dags/Shi_HW 3.py
[2026-09-14T03:09:44.157+0000] {processor.py:925} INFO - DAG(s) 'WeatherToronto_ETL' retrieved from /opt/airflow/dags/Shi_HW 3.py
[2026-09-14T03:09:44.170+0000] {logging_mixin.py:190} INFO - [2026-09-14T03:09:44.169+0000] {dag.py:3229} INFO - Sync 1 DAGs
[2026-09-14T03:09:44.183+0000] {logging_mixin.py:190} INFO - [2026-09-14T03:09:44.183+0000] {dag.py:4156} INFO - Setting next_dagrun for WeatherToronto_ETL to 2026-09-13 18:00:00+00:00, run_after=2026-09-14 18:00:00+00:00
[2026-09-14T03:09:44.191+0000] {processor.py:208} INFO - Processing /opt/airflow/dags/Shi_HW 3.py took 0.071 seconds
[2026-09-14T03:10:14.453+0000] {processor.py:186} INFO - Started process (PID=42225) to work on /opt/airflow/dags/Shi_HW 3.py
[2026-09-14T03:10:14.458+0000] {processor.py:914} INFO - Processing file /opt/airflow/dags/Shi_HW 3.py for tasks to queue
[2026-09-14T03:10:14.463+0000] {logging_mixin.py:190} INFO - [2026-09-14T03:10:14.461+0000] {dagbag.py:587} INFO - Filling up the DagBag from /opt/airflow/dags/Shi_HW 3.py
[2026-09-14T03:10:14.507+0000] {processor.py:925} INFO - DAG(s) 'WeatherToronto_ETL' retrieved from /opt/airflow/dags/Shi_HW 3.py
[2026-09-14T03:10:14.533+0000] {logging_mixin.py:190} INFO - [2026-09-14T03:10:14.531+0000] {dag.py:3229} INFO - Sync 1 DAGs
[2026-09-14T03:10:14.561+0000] {logging_mixin.py:190} INFO - [2026-09-14T03:10:14.561+0000] {dag.py:4156} INFO - Setting next_dagrun for WeatherToronto_ETL to 2026-09-13 18:00:00+00:00, run_after=2026-09-14 18:00:00+00:00
[2026-09-14T03:10:14.570+0000] {processor.py:208} INFO - Processing /opt/airflow/dags/Shi_HW 3.py took 0.140 seconds
[2026-09-14T03:10:44.857+0000] {processor.py:186} INFO - Started process (PID=42236) to work on /opt/airflow/dags/Shi_HW 3.py
[2026-09-14T03:10:44.862+0000] {processor.py:914} INFO - Processing file /opt/airflow/dags/Shi_HW 3.py for tasks to queue
[2026-09-14T03:10:44.864+0000] {logging_mixin.py:190} INFO - [2026-09-14T03:10:44.863+0000] {dagbag.py:587} INFO - Filling up the DagBag from /opt/airflow/dags/Shi_HW 3.py
[2026-09-14T03:10:44.892+0000] {processor.py:925} INFO - DAG(s) 'WeatherToronto_ETL' retrieved from /opt/airflow/dags/Shi_HW 3.py
[2026-09-14T03:10:44.905+0000] {logging_mixin.py:190} INFO - [2026-09-14T03:10:44.904+0000] {dag.py:3229} INFO - Sync 1 DAGs
[2026-09-14T03:10:44.918+0000] {logging_mixin.py:190} INFO - [2026-09-14T03:10:44.918+0000] {dag.py:4156} INFO - Setting next_dagrun for WeatherToronto_ETL to 2026-09-13 18:00:00+00:00, run_after=2026-09-14 18:00:00+00:00
[2026-09-14T03:10:44.926+0000] {processor.py:208} INFO - Processing /opt/airflow/dags/Shi_HW 3.py took 0.085 seconds
[2026-09-14T03:11:15.267+0000] {processor.py:186} INFO - Started process (PID=42247) to work on /opt/airflow/dags/Shi_HW 3.py
[2026-09-14T03:11:15.270+0000] {processor.py:914} INFO - Processing file /opt/airflow/dags/Shi_HW 3.py for tasks to queue
[2026-09-14T03:11:15.271+0000] {logging_mixin.py:190} INFO - [2026-09-14T03:11:15.271+0000] {dagbag.py:587} INFO - Filling up the DagBag from /opt/airflow/dags/Shi_HW 3.py
[2026-09-14T03:11:15.306+0000] {processor.py:925} INFO - DAG(s) 'WeatherToronto_ETL' retrieved from /opt/airflow/dags/Shi_HW 3.py
[2026-09-14T03:11:15.334+0000] {logging_mixin.py:190} INFO - [2026-09-14T03:11:15.327+0000] {dag.py:3229} INFO - Sync 1 DAGs
[2026-09-14T03:11:15.355+0000] {logging_mixin.py:190} INFO - [2026-09-14T03:11:15.355+0000] {dag.py:4156} INFO - Setting next_dagrun for WeatherToronto_ETL to 2026-09-13 18:00:00+00:00, run_after=2026-09-14 18:00:00+00:00
[2026-09-14T03:11:15.367+0000] {processor.py:208} INFO - Processing /opt/airflow/dags/Shi_HW 3.py took 0.109 seconds
[2026-09-14T03:11:45.662+0000] {processor.py:186} INFO - Started process (PID=42258) to work on /opt/airflow/dags/Shi_HW 3.py
[2026-09-14T03:11:45.664+0000] {processor.py:914} INFO - Processing file /opt/airflow/dags/Shi_HW 3.py for tasks to queue
[2026-09-14T03:11:45.666+0000] {logging_mixin.py:190} INFO - [2026-09-14T03:11:45.665+0000] {dagbag.py:587} INFO - Filling up the DagBag from /opt/airflow/dags/Shi_HW 3.py
[2026-09-14T03:11:45.693+0000] {processor.py:925} INFO - DAG(s) 'WeatherToronto_ETL' retrieved from /opt/airflow/dags/Shi_HW 3.py
[2026-09-14T03:11:45.708+0000] {logging_mixin.py:190} INFO - [2026-09-14T03:11:45.707+0000] {dag.py:3229} INFO - Sync 1 DAGs
[2026-09-14T03:11:45.723+0000] {logging_mixin.py:190} INFO - [2026-09-14T03:11:45.723+0000] {dag.py:4156} INFO - Setting next_dagrun for WeatherToronto_ETL to 2026-09-13 18:00:00+00:00, run_after=2026-09-14 18:00:00+00:00
[2026-09-14T03:11:45.730+0000] {processor.py:208} INFO - Processing /opt/airflow/dags/Shi_HW 3.py took 0.077 seconds
[2026-09-14T03:12:16.059+0000] {processor.py:186} INFO - Started process (PID=42269) to work on /opt/airflow/dags/Shi_HW 3.py
[2026-09-14T03:12:16.061+0000] {processor.py:914} INFO - Processing file /opt/airflow/dags/Shi_HW 3.py for tasks to queue
[2026-09-14T03:12:16.063+0000] {logging_mixin.py:190} INFO - [2026-09-14T03:12:16.062+0000] {dagbag.py:587} INFO - Filling up the DagBag from /opt/airflow/dags/Shi_HW 3.py
[2026-09-14T03:12:16.093+0000] {processor.py:925} INFO - DAG(s) 'WeatherToronto_ETL' retrieved from /opt/airflow/dags/Shi_HW 3.py
[2026-09-14T03:12:16.111+0000] {logging_mixin.py:190} INFO - [2026-09-14T03:12:16.107+0000] {dag.py:3229} INFO - Sync 1 DAGs
[2026-09-14T03:12:16.134+0000] {logging_mixin.py:190} INFO - [2026-09-14T03:12:16.134+0000] {dag.py:4156} INFO - Setting next_dagrun for WeatherToronto_ETL to 2026-09-13 18:00:00+00:00, run_after=2026-09-14 18:00:00+00:00
[2026-09-14T03:12:16.143+0000] {processor.py:208} INFO - Processing /opt/airflow/dags/Shi_HW 3.py took 0.092 seconds
[2026-09-14T03:12:46.461+0000] {processor.py:186} INFO - Started process (PID=42280) to work on /opt/airflow/dags/Shi_HW 3.py
[2026-09-14T03:12:46.464+0000] {processor.py:914} INFO - Processing file /opt/airflow/dags/Shi_HW 3.py for tasks to queue
[2026-09-14T03:12:46.465+0000] {logging_mixin.py:190} INFO - [2026-09-14T03:12:46.465+0000] {dagbag.py:587} INFO - Filling up the DagBag from /opt/airflow/dags/Shi_HW 3.py
[2026-09-14T03:12:46.492+0000] {processor.py:925} INFO - DAG(s) 'WeatherToronto_ETL' retrieved from /opt/airflow/dags/Shi_HW 3.py
[2026-09-14T03:12:46.505+0000] {logging_mixin.py:190} INFO - [2026-09-14T03:12:46.503+0000] {dag.py:3229} INFO - Sync 1 DAGs
[2026-09-14T03:12:46.518+0000] {logging_mixin.py:190} INFO - [2026-09-14T03:12:46.518+0000] {dag.py:4156} INFO - Setting next_dagrun for WeatherToronto_ETL to 2026-09-13 18:00:00+00:00, run_after=2026-09-14 18:00:00+00:00
[2026-09-14T03:12:46.526+0000] {processor.py:208} INFO - Processing /opt/airflow/dags/Shi_HW 3.py took 0.072 seconds
[2026-09-14T03:13:16.857+0000] {processor.py:186} INFO - Started process (PID=42291) to work on /opt/airflow/dags/Shi_HW 3.py
[2026-09-14T03:13:16.860+0000] {processor.py:914} INFO - Processing file /opt/airflow/dags/Shi_HW 3.py for tasks to queue
[2026-09-14T03:13:16.862+0000] {logging_mixin.py:190} INFO - [2026-09-14T03:13:16.861+0000] {dagbag.py:587} INFO - Filling up the DagBag from /opt/airflow/dags/Shi_HW 3.py
[2026-09-14T03:13:16.894+0000] {processor.py:925} INFO - DAG(s) 'WeatherToronto_ETL' retrieved from /opt/airflow/dags/Shi_HW 3.py
[2026-09-14T03:13:16.911+0000] {logging_mixin.py:190} INFO - [2026-09-14T03:13:16.909+0000] {dag.py:3229} INFO - Sync 1 DAGs
[2026-09-14T03:13:16.926+0000] {logging_mixin.py:190} INFO - [2026-09-14T03:13:16.926+0000] {dag.py:4156} INFO - Setting next_dagrun for WeatherToronto_ETL to 2026-09-13 18:00:00+00:00, run_after=2026-09-14 18:00:00+00:00
[2026-09-14T03:13:16.936+0000] {processor.py:208} INFO - Processing /opt/airflow/dags/Shi_HW 3.py took 0.090 seconds
[2026-09-14T03:13:47.237+0000] {processor.py:186} INFO - Started process (PID=42302) to work on /opt/airflow/dags/Shi_HW 3.py
[2026-09-14T03:13:47.238+0000] {processor.py:914} INFO - Processing file /opt/airflow/dags/Shi_HW 3.py for tasks to queue
[2026-09-14T03:13:47.239+0000] {logging_mixin.py:190} INFO - [2026-09-14T03:13:47.239+0000] {dagbag.py:587} INFO - Filling up the DagBag from /opt/airflow/dags/Shi_HW 3.py
[2026-09-14T03:13:47.263+0000] {processor.py:925} INFO - DAG(s) 'WeatherToronto_ETL' retrieved from /opt/airflow/dags/Shi_HW 3.py
[2026-09-14T03:13:47.279+0000] {logging_mixin.py:190} INFO - [2026-09-14T03:13:47.277+0000] {dag.py:3229} INFO - Sync 1 DAGs
[2026-09-14T03:13:47.293+0000] {logging_mixin.py:190} INFO - [2026-09-14T03:13:47.293+0000] {dag.py:4156} INFO - Setting next_dagrun for WeatherToronto_ETL to 2026-09-13 18:00:00+00:00, run_after=2026-09-14 18:00:00+00:00
[2026-09-14T03:13:47.301+0000] {processor.py:208} INFO - Processing /opt/airflow/dags/Shi_HW 3.py took 0.072 seconds
[2026-09-14T03:14:17.668+0000] {processor.py:186} INFO - Started process (PID=42313) to work on /opt/airflow/dags/Shi_HW 3.py
[2026-09-14T03:14:17.671+0000] {processor.py:914} INFO - Processing file /opt/airflow/dags/Shi_HW 3.py for tasks to queue
[2026-09-14T03:14:17.673+0000] {logging_mixin.py:190} INFO - [2026-09-14T03:14:17.672+0000] {dagbag.py:587} INFO - Filling up the DagBag from /opt/airflow/dags/Shi_HW 3.py
[2026-09-14T03:14:17.711+0000] {processor.py:925} INFO - DAG(s) 'WeatherToronto_ETL' retrieved from /opt/airflow/dags/Shi_HW 3.py
[2026-09-14T03:14:17.729+0000] {logging_mixin.py:190} INFO - [2026-09-14T03:14:17.727+0000] {dag.py:3229} INFO - Sync 1 DAGs
[2026-09-14T03:14:17.747+0000] {logging_mixin.py:190} INFO - [2026-09-14T03:14:17.746+0000] {dag.py:4156} INFO - Setting next_dagrun for WeatherToronto_ETL to 2026-09-13 18:00:00+00:00, run_after=2026-09-14 18:00:00+00:00
[2026-09-14T03:14:17.759+0000] {processor.py:208} INFO - Processing /opt/airflow/dags/Shi_HW 3.py took 0.100 seconds
[2026-09-14T03:14:48.069+0000] {processor.py:186} INFO - Started process (PID=42324) to work on /opt/airflow/dags/Shi_HW 3.py
[2026-09-14T03:14:48.071+0000] {processor.py:914} INFO - Processing file /opt/airflow/dags/Shi_HW 3.py for tasks to queue
[2026-09-14T03:14:48.072+0000] {logging_mixin.py:190} INFO - [2026-09-14T03:14:48.072+0000] {dagbag.py:587} INFO - Filling up the DagBag from /opt/airflow/dags/Shi_HW 3.py
[2026-09-14T03:14:48.125+0000] {processor.py:925} INFO - DAG(s) 'WeatherToronto_ETL' retrieved from /opt/airflow/dags/Shi_HW 3.py
[2026-09-14T03:14:48.152+0000] {logging_mixin.py:190} INFO - [2026-09-14T03:14:48.150+0000] {dag.py:3229} INFO - Sync 1 DAGs
[2026-09-14T03:14:48.176+0000] {logging_mixin.py:190} INFO - [2026-09-14T03:14:48.176+0000] {dag.py:4156} INFO - Setting next_dagrun for WeatherToronto_ETL to 2026-09-13 18:00:00+00:00, run_after=2026-09-14 18:00:00+00:00
[2026-09-14T03:14:48.186+0000] {processor.py:208} INFO - Processing /opt/airflow/dags/Shi_HW 3.py took 0.135 seconds
[2026-09-14T03:15:18.558+0000] {processor.py:186} INFO - Started process (PID=42335) to work on /opt/airflow/dags/Shi_HW 3.py
[2026-09-14T03:15:18.561+0000] {processor.py:914} INFO - Processing file /opt/airflow/dags/Shi_HW 3.py for tasks to queue
[2026-09-14T03:15:18.563+0000] {logging_mixin.py:190} INFO - [2026-09-14T03:15:18.562+0000] {dagbag.py:587} INFO - Filling up the DagBag from /opt/airflow/dags/Shi_HW 3.py
[2026-09-14T03:15:18.618+0000] {processor.py:925} INFO - DAG(s) 'WeatherToronto_ETL' retrieved from /opt/airflow/dags/Shi_HW 3.py
[2026-09-14T03:15:18.649+0000] {logging_mixin.py:190} INFO - [2026-09-14T03:15:18.646+0000] {dag.py:3229} INFO - Sync 1 DAGs
[2026-09-14T03:15:18.675+0000] {logging_mixin.py:190} INFO - [2026-09-14T03:15:18.675+0000] {dag.py:4156} INFO - Setting next_dagrun for WeatherToronto_ETL to 2026-09-13 18:00:00+00:00, run_after=2026-09-14 18:00:00+00:00
[2026-09-14T03:15:18.689+0000] {processor.py:208} INFO - Processing /opt/airflow/dags/Shi_HW 3.py took 0.144 seconds
[2026-09-14T03:15:48.967+0000] {processor.py:186} INFO - Started process (PID=42346) to work on /opt/airflow/dags/Shi_HW 3.py
[2026-09-14T03:15:48.971+0000] {processor.py:914} INFO - Processing file /opt/airflow/dags/Shi_HW 3.py for tasks to queue
[2026-09-14T03:15:48.975+0000] {logging_mixin.py:190} INFO - [2026-09-14T03:15:48.974+0000] {dagbag.py:587} INFO - Filling up the DagBag from /opt/airflow/dags/Shi_HW 3.py
[2026-09-14T03:15:49.011+0000] {processor.py:925} INFO - DAG(s) 'WeatherToronto_ETL' retrieved from /opt/airflow/dags/Shi_HW 3.py
[2026-09-14T03:15:49.029+0000] {logging_mixin.py:190} INFO - [2026-09-14T03:15:49.027+0000] {dag.py:3229} INFO - Sync 1 DAGs
[2026-09-14T03:15:49.045+0000] {logging_mixin.py:190} INFO - [2026-09-14T03:15:49.044+0000] {dag.py:4156} INFO - Setting next_dagrun for WeatherToronto_ETL to 2026-09-13 18:00:00+00:00, run_after=2026-09-14 18:00:00+00:00
[2026-09-14T03:15:49.053+0000] {processor.py:208} INFO - Processing /opt/airflow/dags/Shi_HW 3.py took 0.099 seconds
[2026-09-14T03:16:19.402+0000] {processor.py:186} INFO - Started process (PID=42357) to work on /opt/airflow/dags/Shi_HW 3.py
[2026-09-14T03:16:19.406+0000] {processor.py:914} INFO - Processing file /opt/airflow/dags/Shi_HW 3.py for tasks to queue
[2026-09-14T03:16:19.409+0000] {logging_mixin.py:190} INFO - [2026-09-14T03:16:19.408+0000] {dagbag.py:587} INFO - Filling up the DagBag from /opt/airflow/dags/Shi_HW 3.py
[2026-09-14T03:16:19.468+0000] {processor.py:925} INFO - DAG(s) 'WeatherToronto_ETL' retrieved from /opt/airflow/dags/Shi_HW 3.py
[2026-09-14T03:16:19.486+0000] {logging_mixin.py:190} INFO - [2026-09-14T03:16:19.484+0000] {dag.py:3229} INFO - Sync 1 DAGs
[2026-09-14T03:16:19.519+0000] {logging_mixin.py:190} INFO - [2026-09-14T03:16:19.518+0000] {dag.py:4156} INFO - Setting next_dagrun for WeatherToronto_ETL to 2026-09-13 18:00:00+00:00, run_after=2026-09-14 18:00:00+00:00
[2026-09-14T03:16:19.534+0000] {processor.py:208} INFO - Processing /opt/airflow/dags/Shi_HW 3.py took 0.150 seconds
[2026-09-14T03:16:49.755+0000] {processor.py:186} INFO - Started process (PID=42368) to work on /opt/airflow/dags/Shi_HW 3.py
[2026-09-14T03:16:49.771+0000] {processor.py:914} INFO - Processing file /opt/airflow/dags/Shi_HW 3.py for tasks to queue
[2026-09-14T03:16:49.775+0000] {logging_mixin.py:190} INFO - [2026-09-14T03:16:49.774+0000] {dagbag.py:587} INFO - Filling up the DagBag from /opt/airflow/dags/Shi_HW 3.py
[2026-09-14T03:16:49.828+0000] {processor.py:925} INFO - DAG(s) 'WeatherToronto_ETL' retrieved from /opt/airflow/dags/Shi_HW 3.py
[2026-09-14T03:16:49.847+0000] {logging_mixin.py:190} INFO - [2026-09-14T03:16:49.845+0000] {dag.py:3229} INFO - Sync 1 DAGs
[2026-09-14T03:16:49.866+0000] {logging_mixin.py:190} INFO - [2026-09-14T03:16:49.866+0000] {dag.py:4156} INFO - Setting next_dagrun for WeatherToronto_ETL to 2026-09-13 18:00:00+00:00, run_after=2026-09-14 18:00:00+00:00
[2026-09-14T03:16:49.877+0000] {processor.py:208} INFO - Processing /opt/airflow/dags/Shi_HW 3.py took 0.145 seconds
[2026-09-14T03:17:20.305+0000] {processor.py:186} INFO - Started process (PID=42379) to work on /opt/airflow/dags/Shi_HW 3.py
[2026-09-14T03:17:20.308+0000] {processor.py:914} INFO - Processing file /opt/airflow/dags/Shi_HW 3.py for tasks to queue
[2026-09-14T03:17:20.310+0000] {logging_mixin.py:190} INFO - [2026-09-14T03:17:20.309+0000] {dagbag.py:587} INFO - Filling up the DagBag from /opt/airflow/dags/Shi_HW 3.py
[2026-09-14T03:17:20.335+0000] {processor.py:925} INFO - DAG(s) 'WeatherToronto_ETL' retrieved from /opt/airflow/dags/Shi_HW 3.py
[2026-09-14T03:17:20.349+0000] {logging_mixin.py:190} INFO - [2026-09-14T03:17:20.347+0000] {dag.py:3229} INFO - Sync 1 DAGs
[2026-09-14T03:17:20.363+0000] {logging_mixin.py:190} INFO - [2026-09-14T03:17:20.363+0000] {dag.py:4156} INFO - Setting next_dagrun for WeatherToronto_ETL to 2026-09-13 18:00:00+00:00, run_after=2026-09-14 18:00:00+00:00
[2026-09-14T03:17:20.374+0000] {processor.py:208} INFO - Processing /opt/airflow/dags/Shi_HW 3.py took 0.078 seconds
[2026-09-14T03:17:50.673+0000] {processor.py:186} INFO - Started process (PID=42390) to work on /opt/airflow/dags/Shi_HW 3.py
[2026-09-14T03:17:50.676+0000] {processor.py:914} INFO - Processing file /opt/airflow/dags/Shi_HW 3.py for tasks to queue
[2026-09-14T03:17:50.678+0000] {logging_mixin.py:190} INFO - [2026-09-14T03:17:50.677+0000] {dagbag.py:587} INFO - Filling up the DagBag from /opt/airflow/dags/Shi_HW 3.py
[2026-09-14T03:17:50.703+0000] {processor.py:925} INFO - DAG(s) 'WeatherToronto_ETL' retrieved from /opt/airflow/dags/Shi_HW 3.py
[2026-09-14T03:17:50.713+0000] {logging_mixin.py:190} INFO - [2026-09-14T03:17:50.712+0000] {dag.py:3229} INFO - Sync 1 DAGs
[2026-09-14T03:17:50.725+0000] {logging_mixin.py:190} INFO - [2026-09-14T03:17:50.725+0000] {dag.py:4156} INFO - Setting next_dagrun for WeatherToronto_ETL to 2026-09-13 18:00:00+00:00, run_after=2026-09-14 18:00:00+00:00
[2026-09-14T03:17:50.733+0000] {processor.py:208} INFO - Processing /opt/airflow/dags/Shi_HW 3.py took 0.070 seconds
[2026-09-14T03:18:21.025+0000] {processor.py:186} INFO - Started process (PID=42401) to work on /opt/airflow/dags/Shi_HW 3.py
[2026-09-14T03:18:21.028+0000] {processor.py:914} INFO - Processing file /opt/airflow/dags/Shi_HW 3.py for tasks to queue
[2026-09-14T03:18:21.028+0000] {logging_mixin.py:190} INFO - [2026-09-14T03:18:21.028+0000] {dagbag.py:587} INFO - Filling up the DagBag from /opt/airflow/dags/Shi_HW 3.py
[2026-09-14T03:18:21.044+0000] {processor.py:925} INFO - DAG(s) 'WeatherToronto_ETL' retrieved from /opt/airflow/dags/Shi_HW 3.py
[2026-09-14T03:18:21.056+0000] {logging_mixin.py:190} INFO - [2026-09-14T03:18:21.054+0000] {dag.py:3229} INFO - Sync 1 DAGs
[2026-09-14T03:18:21.072+0000] {logging_mixin.py:190} INFO - [2026-09-14T03:18:21.072+0000] {dag.py:4156} INFO - Setting next_dagrun for WeatherToronto_ETL to 2026-09-13 18:00:00+00:00, run_after=2026-09-14 18:00:00+00:00
[2026-09-14T03:18:21.083+0000] {processor.py:208} INFO - Processing /opt/airflow/dags/Shi_HW 3.py took 0.062 seconds
[2026-09-14T03:18:51.436+0000] {processor.py:186} INFO - Started process (PID=42412) to work on /opt/airflow/dags/Shi_HW 3.py
[2026-09-14T03:18:51.438+0000] {processor.py:914} INFO - Processing file /opt/airflow/dags/Shi_HW 3.py for tasks to queue
[2026-09-14T03:18:51.439+0000] {logging_mixin.py:190} INFO - [2026-09-14T03:18:51.439+0000] {dagbag.py:587} INFO - Filling up the DagBag from /opt/airflow/dags/Shi_HW 3.py
[2026-09-14T03:18:51.465+0000] {processor.py:925} INFO - DAG(s) 'WeatherToronto_ETL' retrieved from /opt/airflow/dags/Shi_HW 3.py
[2026-09-14T03:18:51.480+0000] {logging_mixin.py:190} INFO - [2026-09-14T03:18:51.478+0000] {dag.py:3229} INFO - Sync 1 DAGs
[2026-09-14T03:18:51.494+0000] {logging_mixin.py:190} INFO - [2026-09-14T03:18:51.493+0000] {dag.py:4156} INFO - Setting next_dagrun for WeatherToronto_ETL to 2026-09-13 18:00:00+00:00, run_after=2026-09-14 18:00:00+00:00
[2026-09-14T03:18:51.501+0000] {processor.py:208} INFO - Processing /opt/airflow/dags/Shi_HW 3.py took 0.073 seconds
[2026-09-14T03:19:21.821+0000] {processor.py:186} INFO - Started process (PID=42429) to work on /opt/airflow/dags/Shi_HW 3.py
[2026-09-14T03:19:21.825+0000] {processor.py:914} INFO - Processing file /opt/airflow/dags/Shi_HW 3.py for tasks to queue
[2026-09-14T03:19:21.826+0000] {logging_mixin.py:190} INFO - [2026-09-14T03:19:21.825+0000] {dagbag.py:587} INFO - Filling up the DagBag from /opt/airflow/dags/Shi_HW 3.py
[2026-09-14T03:19:21.852+0000] {processor.py:925} INFO - DAG(s) 'WeatherToronto_ETL' retrieved from /opt/airflow/dags/Shi_HW 3.py
[2026-09-14T03:19:21.866+0000] {logging_mixin.py:190} INFO - [2026-09-14T03:19:21.865+0000] {dag.py:3229} INFO - Sync 1 DAGs
[2026-09-14T03:19:21.880+0000] {logging_mixin.py:190} INFO - [2026-09-14T03:19:21.880+0000] {dag.py:4156} INFO - Setting next_dagrun for WeatherToronto_ETL to 2026-09-13 18:00:00+00:00, run_after=2026-09-14 18:00:00+00:00
[2026-09-14T03:19:21.888+0000] {processor.py:208} INFO - Processing /opt/airflow/dags/Shi_HW 3.py took 0.075 seconds
[2026-09-14T03:19:52.190+0000] {processor.py:186} INFO - Started process (PID=42440) to work on /opt/airflow/dags/Shi_HW 3.py
[2026-09-14T03:19:52.193+0000] {processor.py:914} INFO - Processing file /opt/airflow/dags/Shi_HW 3.py for tasks to queue
[2026-09-14T03:19:52.194+0000] {logging_mixin.py:190} INFO - [2026-09-14T03:19:52.194+0000] {dagbag.py:587} INFO - Filling up the DagBag from /opt/airflow/dags/Shi_HW 3.py
[2026-09-14T03:19:52.212+0000] {processor.py:925} INFO - DAG(s) 'WeatherToronto_ETL' retrieved from /opt/airflow/dags/Shi_HW 3.py
[2026-09-14T03:19:52.220+0000] {logging_mixin.py:190} INFO - [2026-09-14T03:19:52.220+0000] {dag.py:3229} INFO - Sync 1 DAGs
[2026-09-14T03:19:52.230+0000] {logging_mixin.py:190} INFO - [2026-09-14T03:19:52.230+0000] {dag.py:4156} INFO - Setting next_dagrun for WeatherToronto_ETL to 2026-09-13 18:00:00+00:00, run_after=2026-09-14 18:00:00+00:00
[2026-09-14T03:19:52.236+0000] {processor.py:208} INFO - Processing /opt/airflow/dags/Shi_HW 3.py took 0.053 seconds
[2026-09-14T03:20:22.564+0000] {processor.py:186} INFO - Started process (PID=42451) to work on /opt/airflow/dags/Shi_HW 3.py
[2026-09-14T03:20:22.568+0000] {processor.py:914} INFO - Processing file /opt/airflow/dags/Shi_HW 3.py for tasks to queue
[2026-09-14T03:20:22.569+0000] {logging_mixin.py:190} INFO - [2026-09-14T03:20:22.569+0000] {dagbag.py:587} INFO - Filling up the DagBag from /opt/airflow/dags/Shi_HW 3.py
[2026-09-14T03:20:22.602+0000] {processor.py:925} INFO - DAG(s) 'WeatherToronto_ETL' retrieved from /opt/airflow/dags/Shi_HW 3.py
[2026-09-14T03:20:22.620+0000] {logging_mixin.py:190} INFO - [2026-09-14T03:20:22.618+0000] {dag.py:3229} INFO - Sync 1 DAGs
[2026-09-14T03:20:22.635+0000] {logging_mixin.py:190} INFO - [2026-09-14T03:20:22.635+0000] {dag.py:4156} INFO - Setting next_dagrun for WeatherToronto_ETL to 2026-09-13 18:00:00+00:00, run_after=2026-09-14 18:00:00+00:00
[2026-09-14T03:20:22.643+0000] {processor.py:208} INFO - Processing /opt/airflow/dags/Shi_HW 3.py took 0.089 seconds
[2026-09-14T03:20:52.904+0000] {processor.py:186} INFO - Started process (PID=42462) to work on /opt/airflow/dags/Shi_HW 3.py
[2026-09-14T03:20:52.907+0000] {processor.py:914} INFO - Processing file /opt/airflow/dags/Shi_HW 3.py for tasks to queue
[2026-09-14T03:20:52.908+0000] {logging_mixin.py:190} INFO - [2026-09-14T03:20:52.907+0000] {dagbag.py:587} INFO - Filling up the DagBag from /opt/airflow/dags/Shi_HW 3.py
[2026-09-14T03:20:52.925+0000] {processor.py:925} INFO - DAG(s) 'WeatherToronto_ETL' retrieved from /opt/airflow/dags/Shi_HW 3.py
[2026-09-14T03:20:52.934+0000] {logging_mixin.py:190} INFO - [2026-09-14T03:20:52.934+0000] {dag.py:3229} INFO - Sync 1 DAGs
[2026-09-14T03:20:52.945+0000] {logging_mixin.py:190} INFO - [2026-09-14T03:20:52.945+0000] {dag.py:4156} INFO - Setting next_dagrun for WeatherToronto_ETL to 2026-09-13 18:00:00+00:00, run_after=2026-09-14 18:00:00+00:00
[2026-09-14T03:20:52.951+0000] {processor.py:208} INFO - Processing /opt/airflow/dags/Shi_HW 3.py took 0.054 seconds
[2026-09-14T03:21:23.282+0000] {processor.py:186} INFO - Started process (PID=42473) to work on /opt/airflow/dags/Shi_HW 3.py
[2026-09-14T03:21:23.284+0000] {processor.py:914} INFO - Processing file /opt/airflow/dags/Shi_HW 3.py for tasks to queue
[2026-09-14T03:21:23.285+0000] {logging_mixin.py:190} INFO - [2026-09-14T03:21:23.285+0000] {dagbag.py:587} INFO - Filling up the DagBag from /opt/airflow/dags/Shi_HW 3.py
[2026-09-14T03:21:23.305+0000] {processor.py:925} INFO - DAG(s) 'WeatherToronto_ETL' retrieved from /opt/airflow/dags/Shi_HW 3.py
[2026-09-14T03:21:23.315+0000] {logging_mixin.py:190} INFO - [2026-09-14T03:21:23.314+0000] {dag.py:3229} INFO - Sync 1 DAGs
[2026-09-14T03:21:23.326+0000] {logging_mixin.py:190} INFO - [2026-09-14T03:21:23.326+0000] {dag.py:4156} INFO - Setting next_dagrun for WeatherToronto_ETL to 2026-09-13 18:00:00+00:00, run_after=2026-09-14 18:00:00+00:00
[2026-09-14T03:21:23.332+0000] {processor.py:208} INFO - Processing /opt/airflow/dags/Shi_HW 3.py took 0.057 seconds
[2026-09-14T03:21:53.662+0000] {processor.py:186} INFO - Started process (PID=42484) to work on /opt/airflow/dags/Shi_HW 3.py
[2026-09-14T03:21:53.665+0000] {processor.py:914} INFO - Processing file /opt/airflow/dags/Shi_HW 3.py for tasks to queue
[2026-09-14T03:21:53.667+0000] {logging_mixin.py:190} INFO - [2026-09-14T03:21:53.666+0000] {dagbag.py:587} INFO - Filling up the DagBag from /opt/airflow/dags/Shi_HW 3.py
[2026-09-14T03:21:53.691+0000] {processor.py:925} INFO - DAG(s) 'WeatherToronto_ETL' retrieved from /opt/airflow/dags/Shi_HW 3.py
[2026-09-14T03:21:53.704+0000] {logging_mixin.py:190} INFO - [2026-09-14T03:21:53.702+0000] {dag.py:3229} INFO - Sync 1 DAGs
[2026-09-14T03:21:53.716+0000] {logging_mixin.py:190} INFO - [2026-09-14T03:21:53.716+0000] {dag.py:4156} INFO - Setting next_dagrun for WeatherToronto_ETL to 2026-09-13 18:00:00+00:00, run_after=2026-09-14 18:00:00+00:00
[2026-09-14T03:21:53.724+0000] {processor.py:208} INFO - Processing /opt/airflow/dags/Shi_HW 3.py took 0.070 seconds
[2026-09-14T03:22:24.002+0000] {processor.py:186} INFO - Started process (PID=42495) to work on /opt/airflow/dags/Shi_HW 3.py
[2026-09-14T03:22:24.004+0000] {processor.py:914} INFO - Processing file /opt/airflow/dags/Shi_HW 3.py for tasks to queue
[2026-09-14T03:22:24.005+0000] {logging_mixin.py:190} INFO - [2026-09-14T03:22:24.005+0000] {dagbag.py:587} INFO - Filling up the DagBag from /opt/airflow/dags/Shi_HW 3.py
[2026-09-14T03:22:24.027+0000] {processor.py:925} INFO - DAG(s) 'WeatherToronto_ETL' retrieved from /opt/airflow/dags/Shi_HW 3.py
[2026-09-14T03:22:24.036+0000] {logging_mixin.py:190} INFO - [2026-09-14T03:22:24.036+0000] {dag.py:3229} INFO - Sync 1 DAGs
[2026-09-14T03:22:24.047+0000] {logging_mixin.py:190} INFO - [2026-09-14T03:22:24.047+0000] {dag.py:4156} INFO - Setting next_dagrun for WeatherToronto_ETL to 2026-09-13 18:00:00+00:00, run_after=2026-09-14 18:00:00+00:00
[2026-09-14T03:22:24.054+0000] {processor.py:208} INFO - Processing /opt/airflow/dags/Shi_HW 3.py took 0.058 seconds
[2026-09-14T03:22:54.374+0000] {processor.py:186} INFO - Started process (PID=42506) to work on /opt/airflow/dags/Shi_HW 3.py
[2026-09-14T03:22:54.377+0000] {processor.py:914} INFO - Processing file /opt/airflow/dags/Shi_HW 3.py for tasks to queue
[2026-09-14T03:22:54.378+0000] {logging_mixin.py:190} INFO - [2026-09-14T03:22:54.378+0000] {dagbag.py:587} INFO - Filling up the DagBag from /opt/airflow/dags/Shi_HW 3.py
[2026-09-14T03:22:54.403+0000] {processor.py:925} INFO - DAG(s) 'WeatherToronto_ETL' retrieved from /opt/airflow/dags/Shi_HW 3.py
[2026-09-14T03:22:54.415+0000] {logging_mixin.py:190} INFO - [2026-09-14T03:22:54.414+0000] {dag.py:3229} INFO - Sync 1 DAGs
[2026-09-14T03:22:54.428+0000] {logging_mixin.py:190} INFO - [2026-09-14T03:22:54.428+0000] {dag.py:4156} INFO - Setting next_dagrun for WeatherToronto_ETL to 2026-09-13 18:00:00+00:00, run_after=2026-09-14 18:00:00+00:00
[2026-09-14T03:22:54.435+0000] {processor.py:208} INFO - Processing /opt/airflow/dags/Shi_HW 3.py took 0.069 seconds
[2026-09-14T03:23:24.829+0000] {processor.py:186} INFO - Started process (PID=42517) to work on /opt/airflow/dags/Shi_HW 3.py
[2026-09-14T03:23:24.831+0000] {processor.py:914} INFO - Processing file /opt/airflow/dags/Shi_HW 3.py for tasks to queue
[2026-09-14T03:23:24.833+0000] {logging_mixin.py:190} INFO - [2026-09-14T03:23:24.832+0000] {dagbag.py:587} INFO - Filling up the DagBag from /opt/airflow/dags/Shi_HW 3.py
[2026-09-14T03:23:24.862+0000] {processor.py:925} INFO - DAG(s) 'WeatherToronto_ETL' retrieved from /opt/airflow/dags/Shi_HW 3.py
[2026-09-14T03:23:24.877+0000] {logging_mixin.py:190} INFO - [2026-09-14T03:23:24.876+0000] {dag.py:3229} INFO - Sync 1 DAGs
[2026-09-14T03:23:24.892+0000] {logging_mixin.py:190} INFO - [2026-09-14T03:23:24.892+0000] {dag.py:4156} INFO - Setting next_dagrun for WeatherToronto_ETL to 2026-09-13 18:00:00+00:00, run_after=2026-09-14 18:00:00+00:00
[2026-09-14T03:23:24.899+0000] {processor.py:208} INFO - Processing /opt/airflow/dags/Shi_HW 3.py took 0.081 seconds
[2026-09-14T03:23:55.210+0000] {processor.py:186} INFO - Started process (PID=42528) to work on /opt/airflow/dags/Shi_HW 3.py
[2026-09-14T03:23:55.212+0000] {processor.py:914} INFO - Processing file /opt/airflow/dags/Shi_HW 3.py for tasks to queue
[2026-09-14T03:23:55.213+0000] {logging_mixin.py:190} INFO - [2026-09-14T03:23:55.213+0000] {dagbag.py:587} INFO - Filling up the DagBag from /opt/airflow/dags/Shi_HW 3.py
[2026-09-14T03:23:55.229+0000] {processor.py:925} INFO - DAG(s) 'WeatherToronto_ETL' retrieved from /opt/airflow/dags/Shi_HW 3.py
[2026-09-14T03:23:55.238+0000] {logging_mixin.py:190} INFO - [2026-09-14T03:23:55.237+0000] {dag.py:3229} INFO - Sync 1 DAGs
[2026-09-14T03:23:55.249+0000] {logging_mixin.py:190} INFO - [2026-09-14T03:23:55.249+0000] {dag.py:4156} INFO - Setting next_dagrun for WeatherToronto_ETL to 2026-09-13 18:00:00+00:00, run_after=2026-09-14 18:00:00+00:00
[2026-09-14T03:23:55.256+0000] {processor.py:208} INFO - Processing /opt/airflow/dags/Shi_HW 3.py took 0.051 seconds
[2026-09-14T03:24:25.636+0000] {processor.py:186} INFO - Started process (PID=42539) to work on /opt/airflow/dags/Shi_HW 3.py
[2026-09-14T03:24:25.638+0000] {processor.py:914} INFO - Processing file /opt/airflow/dags/Shi_HW 3.py for tasks to queue
[2026-09-14T03:24:25.640+0000] {logging_mixin.py:190} INFO - [2026-09-14T03:24:25.639+0000] {dagbag.py:587} INFO - Filling up the DagBag from /opt/airflow/dags/Shi_HW 3.py
[2026-09-14T03:24:25.669+0000] {processor.py:925} INFO - DAG(s) 'WeatherToronto_ETL' retrieved from /opt/airflow/dags/Shi_HW 3.py
[2026-09-14T03:24:25.686+0000] {logging_mixin.py:190} INFO - [2026-09-14T03:24:25.684+0000] {dag.py:3229} INFO - Sync 1 DAGs
[2026-09-14T03:24:25.700+0000] {logging_mixin.py:190} INFO - [2026-09-14T03:24:25.700+0000] {dag.py:4156} INFO - Setting next_dagrun for WeatherToronto_ETL to 2026-09-13 18:00:00+00:00, run_after=2026-09-14 18:00:00+00:00
[2026-09-14T03:24:25.709+0000] {processor.py:208} INFO - Processing /opt/airflow/dags/Shi_HW 3.py took 0.088 seconds
[2026-09-14T03:24:56.080+0000] {processor.py:186} INFO - Started process (PID=42549) to work on /opt/airflow/dags/Shi_HW 3.py
[2026-09-14T03:24:56.084+0000] {processor.py:914} INFO - Processing file /opt/airflow/dags/Shi_HW 3.py for tasks to queue
[2026-09-14T03:24:56.086+0000] {logging_mixin.py:190} INFO - [2026-09-14T03:24:56.085+0000] {dagbag.py:587} INFO - Filling up the DagBag from /opt/airflow/dags/Shi_HW 3.py
[2026-09-14T03:24:56.118+0000] {processor.py:925} INFO - DAG(s) 'WeatherToronto_ETL' retrieved from /opt/airflow/dags/Shi_HW 3.py
[2026-09-14T03:24:56.141+0000] {logging_mixin.py:190} INFO - [2026-09-14T03:24:56.138+0000] {dag.py:3229} INFO - Sync 1 DAGs
[2026-09-14T03:24:56.164+0000] {logging_mixin.py:190} INFO - [2026-09-14T03:24:56.164+0000] {dag.py:4156} INFO - Setting next_dagrun for WeatherToronto_ETL to 2026-09-13 18:00:00+00:00, run_after=2026-09-14 18:00:00+00:00
[2026-09-14T03:24:56.187+0000] {processor.py:208} INFO - Processing /opt/airflow/dags/Shi_HW 3.py took 0.124 seconds
[2026-09-14T03:25:26.466+0000] {processor.py:186} INFO - Started process (PID=42560) to work on /opt/airflow/dags/Shi_HW 3.py
[2026-09-14T03:25:26.469+0000] {processor.py:914} INFO - Processing file /opt/airflow/dags/Shi_HW 3.py for tasks to queue
[2026-09-14T03:25:26.470+0000] {logging_mixin.py:190} INFO - [2026-09-14T03:25:26.470+0000] {dagbag.py:587} INFO - Filling up the DagBag from /opt/airflow/dags/Shi_HW 3.py
[2026-09-14T03:25:26.517+0000] {processor.py:925} INFO - DAG(s) 'WeatherToronto_ETL' retrieved from /opt/airflow/dags/Shi_HW 3.py
[2026-09-14T03:25:26.546+0000] {logging_mixin.py:190} INFO - [2026-09-14T03:25:26.544+0000] {dag.py:3229} INFO - Sync 1 DAGs
[2026-09-14T03:25:26.564+0000] {logging_mixin.py:190} INFO - [2026-09-14T03:25:26.564+0000] {dag.py:4156} INFO - Setting next_dagrun for WeatherToronto_ETL to 2026-09-13 18:00:00+00:00, run_after=2026-09-14 18:00:00+00:00
[2026-09-14T03:25:26.572+0000] {processor.py:208} INFO - Processing /opt/airflow/dags/Shi_HW 3.py took 0.121 seconds
[2026-09-14T03:25:56.898+0000] {processor.py:186} INFO - Started process (PID=42571) to work on /opt/airflow/dags/Shi_HW 3.py
[2026-09-14T03:25:56.904+0000] {processor.py:914} INFO - Processing file /opt/airflow/dags/Shi_HW 3.py for tasks to queue
[2026-09-14T03:25:56.906+0000] {logging_mixin.py:190} INFO - [2026-09-14T03:25:56.906+0000] {dagbag.py:587} INFO - Filling up the DagBag from /opt/airflow/dags/Shi_HW 3.py
[2026-09-14T03:25:56.965+0000] {processor.py:925} INFO - DAG(s) 'WeatherToronto_ETL' retrieved from /opt/airflow/dags/Shi_HW 3.py
[2026-09-14T03:25:56.988+0000] {logging_mixin.py:190} INFO - [2026-09-14T03:25:56.984+0000] {dag.py:3229} INFO - Sync 1 DAGs
[2026-09-14T03:25:57.004+0000] {logging_mixin.py:190} INFO - [2026-09-14T03:25:57.004+0000] {dag.py:4156} INFO - Setting next_dagrun for WeatherToronto_ETL to 2026-09-13 18:00:00+00:00, run_after=2026-09-14 18:00:00+00:00
[2026-09-14T03:25:57.013+0000] {processor.py:208} INFO - Processing /opt/airflow/dags/Shi_HW 3.py took 0.126 seconds
[2026-09-14T03:26:27.293+0000] {processor.py:186} INFO - Started process (PID=42582) to work on /opt/airflow/dags/Shi_HW 3.py
[2026-09-14T03:26:27.296+0000] {processor.py:914} INFO - Processing file /opt/airflow/dags/Shi_HW 3.py for tasks to queue
[2026-09-14T03:26:27.297+0000] {logging_mixin.py:190} INFO - [2026-09-14T03:26:27.297+0000] {dagbag.py:587} INFO - Filling up the DagBag from /opt/airflow/dags/Shi_HW 3.py
[2026-09-14T03:26:27.327+0000] {processor.py:925} INFO - DAG(s) 'WeatherToronto_ETL' retrieved from /opt/airflow/dags/Shi_HW 3.py
[2026-09-14T03:26:27.354+0000] {logging_mixin.py:190} INFO - [2026-09-14T03:26:27.352+0000] {dag.py:3229} INFO - Sync 1 DAGs
[2026-09-14T03:26:27.372+0000] {logging_mixin.py:190} INFO - [2026-09-14T03:26:27.372+0000] {dag.py:4156} INFO - Setting next_dagrun for WeatherToronto_ETL to 2026-09-13 18:00:00+00:00, run_after=2026-09-14 18:00:00+00:00
[2026-09-14T03:26:27.383+0000] {processor.py:208} INFO - Processing /opt/airflow/dags/Shi_HW 3.py took 0.096 seconds
[2026-09-14T03:26:57.739+0000] {processor.py:186} INFO - Started process (PID=42593) to work on /opt/airflow/dags/Shi_HW 3.py
[2026-09-14T03:26:57.742+0000] {processor.py:914} INFO - Processing file /opt/airflow/dags/Shi_HW 3.py for tasks to queue
[2026-09-14T03:26:57.744+0000] {logging_mixin.py:190} INFO - [2026-09-14T03:26:57.743+0000] {dagbag.py:587} INFO - Filling up the DagBag from /opt/airflow/dags/Shi_HW 3.py
[2026-09-14T03:26:57.773+0000] {processor.py:925} INFO - DAG(s) 'WeatherToronto_ETL' retrieved from /opt/airflow/dags/Shi_HW 3.py
[2026-09-14T03:26:57.787+0000] {logging_mixin.py:190} INFO - [2026-09-14T03:26:57.785+0000] {dag.py:3229} INFO - Sync 1 DAGs
[2026-09-14T03:26:57.809+0000] {logging_mixin.py:190} INFO - [2026-09-14T03:26:57.809+0000] {dag.py:4156} INFO - Setting next_dagrun for WeatherToronto_ETL to 2026-09-13 18:00:00+00:00, run_after=2026-09-14 18:00:00+00:00
[2026-09-14T03:26:57.825+0000] {processor.py:208} INFO - Processing /opt/airflow/dags/Shi_HW 3.py took 0.096 seconds
[2026-09-14T03:27:28.120+0000] {processor.py:186} INFO - Started process (PID=42604) to work on /opt/airflow/dags/Shi_HW 3.py
[2026-09-14T03:27:28.122+0000] {processor.py:914} INFO - Processing file /opt/airflow/dags/Shi_HW 3.py for tasks to queue
[2026-09-14T03:27:28.123+0000] {logging_mixin.py:190} INFO - [2026-09-14T03:27:28.123+0000] {dagbag.py:587} INFO - Filling up the DagBag from /opt/airflow/dags/Shi_HW 3.py
[2026-09-14T03:27:28.155+0000] {processor.py:925} INFO - DAG(s) 'WeatherToronto_ETL' retrieved from /opt/airflow/dags/Shi_HW 3.py
[2026-09-14T03:27:28.179+0000] {logging_mixin.py:190} INFO - [2026-09-14T03:27:28.173+0000] {dag.py:3229} INFO - Sync 1 DAGs
[2026-09-14T03:27:28.204+0000] {logging_mixin.py:190} INFO - [2026-09-14T03:27:28.203+0000] {dag.py:4156} INFO - Setting next_dagrun for WeatherToronto_ETL to 2026-09-13 18:00:00+00:00, run_after=2026-09-14 18:00:00+00:00
[2026-09-14T03:27:28.213+0000] {processor.py:208} INFO - Processing /opt/airflow/dags/Shi_HW 3.py took 0.101 seconds
[2026-09-14T03:27:58.533+0000] {processor.py:186} INFO - Started process (PID=42615) to work on /opt/airflow/dags/Shi_HW 3.py
[2026-09-14T03:27:58.538+0000] {processor.py:914} INFO - Processing file /opt/airflow/dags/Shi_HW 3.py for tasks to queue
[2026-09-14T03:27:58.540+0000] {logging_mixin.py:190} INFO - [2026-09-14T03:27:58.539+0000] {dagbag.py:587} INFO - Filling up the DagBag from /opt/airflow/dags/Shi_HW 3.py
[2026-09-14T03:27:58.589+0000] {processor.py:925} INFO - DAG(s) 'WeatherToronto_ETL' retrieved from /opt/airflow/dags/Shi_HW 3.py
[2026-09-14T03:27:58.620+0000] {logging_mixin.py:190} INFO - [2026-09-14T03:27:58.616+0000] {dag.py:3229} INFO - Sync 1 DAGs
[2026-09-14T03:27:58.643+0000] {logging_mixin.py:190} INFO - [2026-09-14T03:27:58.643+0000] {dag.py:4156} INFO - Setting next_dagrun for WeatherToronto_ETL to 2026-09-13 18:00:00+00:00, run_after=2026-09-14 18:00:00+00:00
[2026-09-14T03:27:58.659+0000] {processor.py:208} INFO - Processing /opt/airflow/dags/Shi_HW 3.py took 0.140 seconds
[2026-09-14T03:28:28.912+0000] {processor.py:186} INFO - Started process (PID=42626) to work on /opt/airflow/dags/Shi_HW 3.py
[2026-09-14T03:28:28.914+0000] {processor.py:914} INFO - Processing file /opt/airflow/dags/Shi_HW 3.py for tasks to queue
[2026-09-14T03:28:28.915+0000] {logging_mixin.py:190} INFO - [2026-09-14T03:28:28.915+0000] {dagbag.py:587} INFO - Filling up the DagBag from /opt/airflow/dags/Shi_HW 3.py
[2026-09-14T03:28:28.936+0000] {processor.py:925} INFO - DAG(s) 'WeatherToronto_ETL' retrieved from /opt/airflow/dags/Shi_HW 3.py
[2026-09-14T03:28:28.945+0000] {logging_mixin.py:190} INFO - [2026-09-14T03:28:28.945+0000] {dag.py:3229} INFO - Sync 1 DAGs
[2026-09-14T03:28:28.956+0000] {logging_mixin.py:190} INFO - [2026-09-14T03:28:28.956+0000] {dag.py:4156} INFO - Setting next_dagrun for WeatherToronto_ETL to 2026-09-13 18:00:00+00:00, run_after=2026-09-14 18:00:00+00:00
[2026-09-14T03:28:28.963+0000] {processor.py:208} INFO - Processing /opt/airflow/dags/Shi_HW 3.py took 0.057 seconds
[2026-09-14T03:28:59.397+0000] {processor.py:186} INFO - Started process (PID=42637) to work on /opt/airflow/dags/Shi_HW 3.py
[2026-09-14T03:28:59.401+0000] {processor.py:914} INFO - Processing file /opt/airflow/dags/Shi_HW 3.py for tasks to queue
[2026-09-14T03:28:59.404+0000] {logging_mixin.py:190} INFO - [2026-09-14T03:28:59.403+0000] {dagbag.py:587} INFO - Filling up the DagBag from /opt/airflow/dags/Shi_HW 3.py
[2026-09-14T03:28:59.450+0000] {processor.py:925} INFO - DAG(s) 'WeatherToronto_ETL' retrieved from /opt/airflow/dags/Shi_HW 3.py
[2026-09-14T03:28:59.476+0000] {logging_mixin.py:190} INFO - [2026-09-14T03:28:59.474+0000] {dag.py:3229} INFO - Sync 1 DAGs
[2026-09-14T03:28:59.500+0000] {logging_mixin.py:190} INFO - [2026-09-14T03:28:59.500+0000] {dag.py:4156} INFO - Setting next_dagrun for WeatherToronto_ETL to 2026-09-13 18:00:00+00:00, run_after=2026-09-14 18:00:00+00:00
[2026-09-14T03:28:59.513+0000] {processor.py:208} INFO - Processing /opt/airflow/dags/Shi_HW 3.py took 0.136 seconds
[2026-09-14T03:29:29.779+0000] {processor.py:186} INFO - Started process (PID=42648) to work on /opt/airflow/dags/Shi_HW 3.py
[2026-09-14T03:29:29.783+0000] {processor.py:914} INFO - Processing file /opt/airflow/dags/Shi_HW 3.py for tasks to queue
[2026-09-14T03:29:29.790+0000] {logging_mixin.py:190} INFO - [2026-09-14T03:29:29.788+0000] {dagbag.py:587} INFO - Filling up the DagBag from /opt/airflow/dags/Shi_HW 3.py
[2026-09-14T03:29:29.839+0000] {processor.py:925} INFO - DAG(s) 'WeatherToronto_ETL' retrieved from /opt/airflow/dags/Shi_HW 3.py
[2026-09-14T03:29:29.855+0000] {logging_mixin.py:190} INFO - [2026-09-14T03:29:29.854+0000] {dag.py:3229} INFO - Sync 1 DAGs
[2026-09-14T03:29:29.871+0000] {logging_mixin.py:190} INFO - [2026-09-14T03:29:29.871+0000] {dag.py:4156} INFO - Setting next_dagrun for WeatherToronto_ETL to 2026-09-13 18:00:00+00:00, run_after=2026-09-14 18:00:00+00:00
[2026-09-14T03:29:29.878+0000] {processor.py:208} INFO - Processing /opt/airflow/dags/Shi_HW 3.py took 0.110 seconds
[2026-09-14T03:30:00.247+0000] {processor.py:186} INFO - Started process (PID=42659) to work on /opt/airflow/dags/Shi_HW 3.py
[2026-09-14T03:30:00.255+0000] {processor.py:914} INFO - Processing file /opt/airflow/dags/Shi_HW 3.py for tasks to queue
[2026-09-14T03:30:00.258+0000] {logging_mixin.py:190} INFO - [2026-09-14T03:30:00.257+0000] {dagbag.py:587} INFO - Filling up the DagBag from /opt/airflow/dags/Shi_HW 3.py
[2026-09-14T03:30:00.299+0000] {processor.py:925} INFO - DAG(s) 'WeatherToronto_ETL' retrieved from /opt/airflow/dags/Shi_HW 3.py
[2026-09-14T03:30:00.317+0000] {logging_mixin.py:190} INFO - [2026-09-14T03:30:00.315+0000] {dag.py:3229} INFO - Sync 1 DAGs
[2026-09-14T03:30:00.336+0000] {logging_mixin.py:190} INFO - [2026-09-14T03:30:00.336+0000] {dag.py:4156} INFO - Setting next_dagrun for WeatherToronto_ETL to 2026-09-13 18:00:00+00:00, run_after=2026-09-14 18:00:00+00:00
[2026-09-14T03:30:00.349+0000] {processor.py:208} INFO - Processing /opt/airflow/dags/Shi_HW 3.py took 0.119 seconds
[2026-09-14T03:30:30.598+0000] {processor.py:186} INFO - Started process (PID=42670) to work on /opt/airflow/dags/Shi_HW 3.py
[2026-09-14T03:30:30.602+0000] {processor.py:914} INFO - Processing file /opt/airflow/dags/Shi_HW 3.py for tasks to queue
[2026-09-14T03:30:30.604+0000] {logging_mixin.py:190} INFO - [2026-09-14T03:30:30.604+0000] {dagbag.py:587} INFO - Filling up the DagBag from /opt/airflow/dags/Shi_HW 3.py
[2026-09-14T03:30:30.631+0000] {processor.py:925} INFO - DAG(s) 'WeatherToronto_ETL' retrieved from /opt/airflow/dags/Shi_HW 3.py
[2026-09-14T03:30:30.646+0000] {logging_mixin.py:190} INFO - [2026-09-14T03:30:30.645+0000] {dag.py:3229} INFO - Sync 1 DAGs
[2026-09-14T03:30:30.661+0000] {logging_mixin.py:190} INFO - [2026-09-14T03:30:30.661+0000] {dag.py:4156} INFO - Setting next_dagrun for WeatherToronto_ETL to 2026-09-13 18:00:00+00:00, run_after=2026-09-14 18:00:00+00:00
[2026-09-14T03:30:30.670+0000] {processor.py:208} INFO - Processing /opt/airflow/dags/Shi_HW 3.py took 0.083 seconds
[2026-09-14T03:31:01.048+0000] {processor.py:186} INFO - Started process (PID=42681) to work on /opt/airflow/dags/Shi_HW 3.py
[2026-09-14T03:31:01.053+0000] {processor.py:914} INFO - Processing file /opt/airflow/dags/Shi_HW 3.py for tasks to queue
[2026-09-14T03:31:01.054+0000] {logging_mixin.py:190} INFO - [2026-09-14T03:31:01.054+0000] {dagbag.py:587} INFO - Filling up the DagBag from /opt/airflow/dags/Shi_HW 3.py
[2026-09-14T03:31:01.088+0000] {processor.py:925} INFO - DAG(s) 'WeatherToronto_ETL' retrieved from /opt/airflow/dags/Shi_HW 3.py
[2026-09-14T03:31:01.107+0000] {logging_mixin.py:190} INFO - [2026-09-14T03:31:01.106+0000] {dag.py:3229} INFO - Sync 1 DAGs
[2026-09-14T03:31:01.124+0000] {logging_mixin.py:190} INFO - [2026-09-14T03:31:01.124+0000] {dag.py:4156} INFO - Setting next_dagrun for WeatherToronto_ETL to 2026-09-13 18:00:00+00:00, run_after=2026-09-14 18:00:00+00:00
[2026-09-14T03:31:01.135+0000] {processor.py:208} INFO - Processing /opt/airflow/dags/Shi_HW 3.py took 0.095 seconds
[2026-09-14T03:31:31.365+0000] {processor.py:186} INFO - Started process (PID=42692) to work on /opt/airflow/dags/Shi_HW 3.py
[2026-09-14T03:31:31.369+0000] {processor.py:914} INFO - Processing file /opt/airflow/dags/Shi_HW 3.py for tasks to queue
[2026-09-14T03:31:31.370+0000] {logging_mixin.py:190} INFO - [2026-09-14T03:31:31.370+0000] {dagbag.py:587} INFO - Filling up the DagBag from /opt/airflow/dags/Shi_HW 3.py
[2026-09-14T03:31:31.392+0000] {processor.py:925} INFO - DAG(s) 'WeatherToronto_ETL' retrieved from /opt/airflow/dags/Shi_HW 3.py
[2026-09-14T03:31:31.402+0000] {logging_mixin.py:190} INFO - [2026-09-14T03:31:31.402+0000] {dag.py:3229} INFO - Sync 1 DAGs
[2026-09-14T03:31:31.413+0000] {logging_mixin.py:190} INFO - [2026-09-14T03:31:31.413+0000] {dag.py:4156} INFO - Setting next_dagrun for WeatherToronto_ETL to 2026-09-13 18:00:00+00:00, run_after=2026-09-14 18:00:00+00:00
[2026-09-14T03:31:31.421+0000] {processor.py:208} INFO - Processing /opt/airflow/dags/Shi_HW 3.py took 0.064 seconds
[2026-09-14T03:32:01.797+0000] {processor.py:186} INFO - Started process (PID=42703) to work on /opt/airflow/dags/Shi_HW 3.py
[2026-09-14T03:32:01.800+0000] {processor.py:914} INFO - Processing file /opt/airflow/dags/Shi_HW 3.py for tasks to queue
[2026-09-14T03:32:01.801+0000] {logging_mixin.py:190} INFO - [2026-09-14T03:32:01.801+0000] {dagbag.py:587} INFO - Filling up the DagBag from /opt/airflow/dags/Shi_HW 3.py
[2026-09-14T03:32:01.837+0000] {processor.py:925} INFO - DAG(s) 'WeatherToronto_ETL' retrieved from /opt/airflow/dags/Shi_HW 3.py
[2026-09-14T03:32:01.851+0000] {logging_mixin.py:190} INFO - [2026-09-14T03:32:01.850+0000] {dag.py:3229} INFO - Sync 1 DAGs
[2026-09-14T03:32:01.869+0000] {logging_mixin.py:190} INFO - [2026-09-14T03:32:01.868+0000] {dag.py:4156} INFO - Setting next_dagrun for WeatherToronto_ETL to 2026-09-13 18:00:00+00:00, run_after=2026-09-14 18:00:00+00:00
[2026-09-14T03:32:01.881+0000] {processor.py:208} INFO - Processing /opt/airflow/dags/Shi_HW 3.py took 0.092 seconds
[2026-09-14T03:32:32.190+0000] {processor.py:186} INFO - Started process (PID=42714) to work on /opt/airflow/dags/Shi_HW 3.py
[2026-09-14T03:32:32.193+0000] {processor.py:914} INFO - Processing file /opt/airflow/dags/Shi_HW 3.py for tasks to queue
[2026-09-14T03:32:32.194+0000] {logging_mixin.py:190} INFO - [2026-09-14T03:32:32.194+0000] {dagbag.py:587} INFO - Filling up the DagBag from /opt/airflow/dags/Shi_HW 3.py
[2026-09-14T03:32:32.214+0000] {processor.py:925} INFO - DAG(s) 'WeatherToronto_ETL' retrieved from /opt/airflow/dags/Shi_HW 3.py
[2026-09-14T03:32:32.224+0000] {logging_mixin.py:190} INFO - [2026-09-14T03:32:32.223+0000] {dag.py:3229} INFO - Sync 1 DAGs
[2026-09-14T03:32:32.237+0000] {logging_mixin.py:190} INFO - [2026-09-14T03:32:32.237+0000] {dag.py:4156} INFO - Setting next_dagrun for WeatherToronto_ETL to 2026-09-13 18:00:00+00:00, run_after=2026-09-14 18:00:00+00:00
[2026-09-14T03:32:32.243+0000] {processor.py:208} INFO - Processing /opt/airflow/dags/Shi_HW 3.py took 0.062 seconds
[2026-09-14T03:33:02.632+0000] {processor.py:186} INFO - Started process (PID=42725) to work on /opt/airflow/dags/Shi_HW 3.py
[2026-09-14T03:33:02.636+0000] {processor.py:914} INFO - Processing file /opt/airflow/dags/Shi_HW 3.py for tasks to queue
[2026-09-14T03:33:02.638+0000] {logging_mixin.py:190} INFO - [2026-09-14T03:33:02.637+0000] {dagbag.py:587} INFO - Filling up the DagBag from /opt/airflow/dags/Shi_HW 3.py
[2026-09-14T03:33:02.668+0000] {processor.py:925} INFO - DAG(s) 'WeatherToronto_ETL' retrieved from /opt/airflow/dags/Shi_HW 3.py
[2026-09-14T03:33:02.685+0000] {logging_mixin.py:190} INFO - [2026-09-14T03:33:02.682+0000] {dag.py:3229} INFO - Sync 1 DAGs
[2026-09-14T03:33:02.698+0000] {logging_mixin.py:190} INFO - [2026-09-14T03:33:02.698+0000] {dag.py:4156} INFO - Setting next_dagrun for WeatherToronto_ETL to 2026-09-13 18:00:00+00:00, run_after=2026-09-14 18:00:00+00:00
[2026-09-14T03:33:02.712+0000] {processor.py:208} INFO - Processing /opt/airflow/dags/Shi_HW 3.py took 0.095 seconds
[2026-09-14T03:33:32.992+0000] {processor.py:186} INFO - Started process (PID=42736) to work on /opt/airflow/dags/Shi_HW 3.py
[2026-09-14T03:33:32.995+0000] {processor.py:914} INFO - Processing file /opt/airflow/dags/Shi_HW 3.py for tasks to queue
[2026-09-14T03:33:32.996+0000] {logging_mixin.py:190} INFO - [2026-09-14T03:33:32.995+0000] {dagbag.py:587} INFO - Filling up the DagBag from /opt/airflow/dags/Shi_HW 3.py
[2026-09-14T03:33:33.013+0000] {processor.py:925} INFO - DAG(s) 'WeatherToronto_ETL' retrieved from /opt/airflow/dags/Shi_HW 3.py
[2026-09-14T03:33:33.024+0000] {logging_mixin.py:190} INFO - [2026-09-14T03:33:33.023+0000] {dag.py:3229} INFO - Sync 1 DAGs
[2026-09-14T03:33:33.037+0000] {logging_mixin.py:190} INFO - [2026-09-14T03:33:33.037+0000] {dag.py:4156} INFO - Setting next_dagrun for WeatherToronto_ETL to 2026-09-13 18:00:00+00:00, run_after=2026-09-14 18:00:00+00:00
[2026-09-14T03:33:33.044+0000] {processor.py:208} INFO - Processing /opt/airflow/dags/Shi_HW 3.py took 0.057 seconds
[2026-09-14T03:34:03.350+0000] {processor.py:186} INFO - Started process (PID=42747) to work on /opt/airflow/dags/Shi_HW 3.py
[2026-09-14T03:34:03.353+0000] {processor.py:914} INFO - Processing file /opt/airflow/dags/Shi_HW 3.py for tasks to queue
[2026-09-14T03:34:03.355+0000] {logging_mixin.py:190} INFO - [2026-09-14T03:34:03.354+0000] {dagbag.py:587} INFO - Filling up the DagBag from /opt/airflow/dags/Shi_HW 3.py
[2026-09-14T03:34:03.385+0000] {processor.py:925} INFO - DAG(s) 'WeatherToronto_ETL' retrieved from /opt/airflow/dags/Shi_HW 3.py
[2026-09-14T03:34:03.402+0000] {logging_mixin.py:190} INFO - [2026-09-14T03:34:03.401+0000] {dag.py:3229} INFO - Sync 1 DAGs
[2026-09-14T03:34:03.422+0000] {logging_mixin.py:190} INFO - [2026-09-14T03:34:03.421+0000] {dag.py:4156} INFO - Setting next_dagrun for WeatherToronto_ETL to 2026-09-13 18:00:00+00:00, run_after=2026-09-14 18:00:00+00:00
[2026-09-14T03:34:03.431+0000] {processor.py:208} INFO - Processing /opt/airflow/dags/Shi_HW 3.py took 0.090 seconds
[2026-09-14T03:34:33.710+0000] {processor.py:186} INFO - Started process (PID=42758) to work on /opt/airflow/dags/Shi_HW 3.py
[2026-09-14T03:34:33.712+0000] {processor.py:914} INFO - Processing file /opt/airflow/dags/Shi_HW 3.py for tasks to queue
[2026-09-14T03:34:33.713+0000] {logging_mixin.py:190} INFO - [2026-09-14T03:34:33.713+0000] {dagbag.py:587} INFO - Filling up the DagBag from /opt/airflow/dags/Shi_HW 3.py
[2026-09-14T03:34:33.732+0000] {processor.py:925} INFO - DAG(s) 'WeatherToronto_ETL' retrieved from /opt/airflow/dags/Shi_HW 3.py
[2026-09-14T03:34:33.743+0000] {logging_mixin.py:190} INFO - [2026-09-14T03:34:33.742+0000] {dag.py:3229} INFO - Sync 1 DAGs
[2026-09-14T03:34:33.755+0000] {logging_mixin.py:190} INFO - [2026-09-14T03:34:33.755+0000] {dag.py:4156} INFO - Setting next_dagrun for WeatherToronto_ETL to 2026-09-13 18:00:00+00:00, run_after=2026-09-14 18:00:00+00:00
[2026-09-14T03:34:33.761+0000] {processor.py:208} INFO - Processing /opt/airflow/dags/Shi_HW 3.py took 0.056 seconds
[2026-09-14T03:35:04.089+0000] {processor.py:186} INFO - Started process (PID=42769) to work on /opt/airflow/dags/Shi_HW 3.py
[2026-09-14T03:35:04.093+0000] {processor.py:914} INFO - Processing file /opt/airflow/dags/Shi_HW 3.py for tasks to queue
[2026-09-14T03:35:04.094+0000] {logging_mixin.py:190} INFO - [2026-09-14T03:35:04.094+0000] {dagbag.py:587} INFO - Filling up the DagBag from /opt/airflow/dags/Shi_HW 3.py
[2026-09-14T03:35:04.122+0000] {processor.py:925} INFO - DAG(s) 'WeatherToronto_ETL' retrieved from /opt/airflow/dags/Shi_HW 3.py
[2026-09-14T03:35:04.135+0000] {logging_mixin.py:190} INFO - [2026-09-14T03:35:04.134+0000] {dag.py:3229} INFO - Sync 1 DAGs
[2026-09-14T03:35:04.149+0000] {logging_mixin.py:190} INFO - [2026-09-14T03:35:04.149+0000] {dag.py:4156} INFO - Setting next_dagrun for WeatherToronto_ETL to 2026-09-13 18:00:00+00:00, run_after=2026-09-14 18:00:00+00:00
[2026-09-14T03:35:04.157+0000] {processor.py:208} INFO - Processing /opt/airflow/dags/Shi_HW 3.py took 0.077 seconds
[2026-09-14T03:35:34.504+0000] {processor.py:186} INFO - Started process (PID=42780) to work on /opt/airflow/dags/Shi_HW 3.py
[2026-09-14T03:35:34.506+0000] {processor.py:914} INFO - Processing file /opt/airflow/dags/Shi_HW 3.py for tasks to queue
[2026-09-14T03:35:34.507+0000] {logging_mixin.py:190} INFO - [2026-09-14T03:35:34.507+0000] {dagbag.py:587} INFO - Filling up the DagBag from /opt/airflow/dags/Shi_HW 3.py
[2026-09-14T03:35:34.525+0000] {processor.py:925} INFO - DAG(s) 'WeatherToronto_ETL' retrieved from /opt/airflow/dags/Shi_HW 3.py
[2026-09-14T03:35:34.537+0000] {logging_mixin.py:190} INFO - [2026-09-14T03:35:34.536+0000] {dag.py:3229} INFO - Sync 1 DAGs
[2026-09-14T03:35:34.548+0000] {logging_mixin.py:190} INFO - [2026-09-14T03:35:34.548+0000] {dag.py:4156} INFO - Setting next_dagrun for WeatherToronto_ETL to 2026-09-13 18:00:00+00:00, run_after=2026-09-14 18:00:00+00:00
[2026-09-14T03:35:34.555+0000] {processor.py:208} INFO - Processing /opt/airflow/dags/Shi_HW 3.py took 0.067 seconds
[2026-09-14T03:36:04.875+0000] {processor.py:186} INFO - Started process (PID=42791) to work on /opt/airflow/dags/Shi_HW 3.py
[2026-09-14T03:36:04.879+0000] {processor.py:914} INFO - Processing file /opt/airflow/dags/Shi_HW 3.py for tasks to queue
[2026-09-14T03:36:04.880+0000] {logging_mixin.py:190} INFO - [2026-09-14T03:36:04.880+0000] {dagbag.py:587} INFO - Filling up the DagBag from /opt/airflow/dags/Shi_HW 3.py
[2026-09-14T03:36:04.909+0000] {processor.py:925} INFO - DAG(s) 'WeatherToronto_ETL' retrieved from /opt/airflow/dags/Shi_HW 3.py
[2026-09-14T03:36:04.929+0000] {logging_mixin.py:190} INFO - [2026-09-14T03:36:04.927+0000] {dag.py:3229} INFO - Sync 1 DAGs
[2026-09-14T03:36:04.952+0000] {logging_mixin.py:190} INFO - [2026-09-14T03:36:04.952+0000] {dag.py:4156} INFO - Setting next_dagrun for WeatherToronto_ETL to 2026-09-13 18:00:00+00:00, run_after=2026-09-14 18:00:00+00:00
[2026-09-14T03:36:04.962+0000] {processor.py:208} INFO - Processing /opt/airflow/dags/Shi_HW 3.py took 0.096 seconds
[2026-09-14T03:36:35.253+0000] {processor.py:186} INFO - Started process (PID=42802) to work on /opt/airflow/dags/Shi_HW 3.py
[2026-09-14T03:36:35.256+0000] {processor.py:914} INFO - Processing file /opt/airflow/dags/Shi_HW 3.py for tasks to queue
[2026-09-14T03:36:35.258+0000] {logging_mixin.py:190} INFO - [2026-09-14T03:36:35.257+0000] {dagbag.py:587} INFO - Filling up the DagBag from /opt/airflow/dags/Shi_HW 3.py
[2026-09-14T03:36:35.283+0000] {processor.py:925} INFO - DAG(s) 'WeatherToronto_ETL' retrieved from /opt/airflow/dags/Shi_HW 3.py
[2026-09-14T03:36:35.297+0000] {logging_mixin.py:190} INFO - [2026-09-14T03:36:35.295+0000] {dag.py:3229} INFO - Sync 1 DAGs
[2026-09-14T03:36:35.310+0000] {logging_mixin.py:190} INFO - [2026-09-14T03:36:35.310+0000] {dag.py:4156} INFO - Setting next_dagrun for WeatherToronto_ETL to 2026-09-13 18:00:00+00:00, run_after=2026-09-14 18:00:00+00:00
[2026-09-14T03:36:35.317+0000] {processor.py:208} INFO - Processing /opt/airflow/dags/Shi_HW 3.py took 0.074 seconds
[2026-09-14T03:37:05.616+0000] {processor.py:186} INFO - Started process (PID=42813) to work on /opt/airflow/dags/Shi_HW 3.py
[2026-09-14T03:37:05.620+0000] {processor.py:914} INFO - Processing file /opt/airflow/dags/Shi_HW 3.py for tasks to queue
[2026-09-14T03:37:05.622+0000] {logging_mixin.py:190} INFO - [2026-09-14T03:37:05.621+0000] {dagbag.py:587} INFO - Filling up the DagBag from /opt/airflow/dags/Shi_HW 3.py
[2026-09-14T03:37:05.641+0000] {processor.py:925} INFO - DAG(s) 'WeatherToronto_ETL' retrieved from /opt/airflow/dags/Shi_HW 3.py
[2026-09-14T03:37:05.650+0000] {logging_mixin.py:190} INFO - [2026-09-14T03:37:05.650+0000] {dag.py:3229} INFO - Sync 1 DAGs
[2026-09-14T03:37:05.661+0000] {logging_mixin.py:190} INFO - [2026-09-14T03:37:05.661+0000] {dag.py:4156} INFO - Setting next_dagrun for WeatherToronto_ETL to 2026-09-13 18:00:00+00:00, run_after=2026-09-14 18:00:00+00:00
[2026-09-14T03:37:05.667+0000] {processor.py:208} INFO - Processing /opt/airflow/dags/Shi_HW 3.py took 0.060 seconds
[2026-09-14T03:37:36.067+0000] {processor.py:186} INFO - Started process (PID=42824) to work on /opt/airflow/dags/Shi_HW 3.py
[2026-09-14T03:37:36.070+0000] {processor.py:914} INFO - Processing file /opt/airflow/dags/Shi_HW 3.py for tasks to queue
[2026-09-14T03:37:36.072+0000] {logging_mixin.py:190} INFO - [2026-09-14T03:37:36.071+0000] {dagbag.py:587} INFO - Filling up the DagBag from /opt/airflow/dags/Shi_HW 3.py
[2026-09-14T03:37:36.098+0000] {processor.py:925} INFO - DAG(s) 'WeatherToronto_ETL' retrieved from /opt/airflow/dags/Shi_HW 3.py
[2026-09-14T03:37:36.115+0000] {logging_mixin.py:190} INFO - [2026-09-14T03:37:36.112+0000] {dag.py:3229} INFO - Sync 1 DAGs
[2026-09-14T03:37:36.134+0000] {logging_mixin.py:190} INFO - [2026-09-14T03:37:36.134+0000] {dag.py:4156} INFO - Setting next_dagrun for WeatherToronto_ETL to 2026-09-13 18:00:00+00:00, run_after=2026-09-14 18:00:00+00:00
[2026-09-14T03:37:36.141+0000] {processor.py:208} INFO - Processing /opt/airflow/dags/Shi_HW 3.py took 0.083 seconds
[2026-09-14T03:38:06.475+0000] {processor.py:186} INFO - Started process (PID=42835) to work on /opt/airflow/dags/Shi_HW 3.py
[2026-09-14T03:38:06.479+0000] {processor.py:914} INFO - Processing file /opt/airflow/dags/Shi_HW 3.py for tasks to queue
[2026-09-14T03:38:06.480+0000] {logging_mixin.py:190} INFO - [2026-09-14T03:38:06.480+0000] {dagbag.py:587} INFO - Filling up the DagBag from /opt/airflow/dags/Shi_HW 3.py
[2026-09-14T03:38:06.531+0000] {processor.py:925} INFO - DAG(s) 'WeatherToronto_ETL' retrieved from /opt/airflow/dags/Shi_HW 3.py
[2026-09-14T03:38:06.549+0000] {logging_mixin.py:190} INFO - [2026-09-14T03:38:06.547+0000] {dag.py:3229} INFO - Sync 1 DAGs
[2026-09-14T03:38:06.563+0000] {logging_mixin.py:190} INFO - [2026-09-14T03:38:06.563+0000] {dag.py:4156} INFO - Setting next_dagrun for WeatherToronto_ETL to 2026-09-13 18:00:00+00:00, run_after=2026-09-14 18:00:00+00:00
[2026-09-14T03:38:06.577+0000] {processor.py:208} INFO - Processing /opt/airflow/dags/Shi_HW 3.py took 0.111 seconds
[2026-09-14T03:38:36.920+0000] {processor.py:186} INFO - Started process (PID=42846) to work on /opt/airflow/dags/Shi_HW 3.py
[2026-09-14T03:38:36.924+0000] {processor.py:914} INFO - Processing file /opt/airflow/dags/Shi_HW 3.py for tasks to queue
[2026-09-14T03:38:36.925+0000] {logging_mixin.py:190} INFO - [2026-09-14T03:38:36.925+0000] {dagbag.py:587} INFO - Filling up the DagBag from /opt/airflow/dags/Shi_HW 3.py
[2026-09-14T03:38:36.953+0000] {processor.py:925} INFO - DAG(s) 'WeatherToronto_ETL' retrieved from /opt/airflow/dags/Shi_HW 3.py
[2026-09-14T03:38:36.966+0000] {logging_mixin.py:190} INFO - [2026-09-14T03:38:36.964+0000] {dag.py:3229} INFO - Sync 1 DAGs
[2026-09-14T03:38:36.979+0000] {logging_mixin.py:190} INFO - [2026-09-14T03:38:36.979+0000] {dag.py:4156} INFO - Setting next_dagrun for WeatherToronto_ETL to 2026-09-13 18:00:00+00:00, run_after=2026-09-14 18:00:00+00:00
[2026-09-14T03:38:36.987+0000] {processor.py:208} INFO - Processing /opt/airflow/dags/Shi_HW 3.py took 0.077 seconds
[2026-09-14T03:39:07.296+0000] {processor.py:186} INFO - Started process (PID=42857) to work on /opt/airflow/dags/Shi_HW 3.py
[2026-09-14T03:39:07.300+0000] {processor.py:914} INFO - Processing file /opt/airflow/dags/Shi_HW 3.py for tasks to queue
[2026-09-14T03:39:07.301+0000] {logging_mixin.py:190} INFO - [2026-09-14T03:39:07.300+0000] {dagbag.py:587} INFO - Filling up the DagBag from /opt/airflow/dags/Shi_HW 3.py
[2026-09-14T03:39:07.318+0000] {processor.py:925} INFO - DAG(s) 'WeatherToronto_ETL' retrieved from /opt/airflow/dags/Shi_HW 3.py
[2026-09-14T03:39:07.326+0000] {logging_mixin.py:190} INFO - [2026-09-14T03:39:07.326+0000] {dag.py:3229} INFO - Sync 1 DAGs
[2026-09-14T03:39:07.336+0000] {logging_mixin.py:190} INFO - [2026-09-14T03:39:07.336+0000] {dag.py:4156} INFO - Setting next_dagrun for WeatherToronto_ETL to 2026-09-13 18:00:00+00:00, run_after=2026-09-14 18:00:00+00:00
[2026-09-14T03:39:07.341+0000] {processor.py:208} INFO - Processing /opt/airflow/dags/Shi_HW 3.py took 0.054 seconds
[2026-09-14T03:39:37.658+0000] {processor.py:186} INFO - Started process (PID=42868) to work on /opt/airflow/dags/Shi_HW 3.py
[2026-09-14T03:39:37.663+0000] {processor.py:914} INFO - Processing file /opt/airflow/dags/Shi_HW 3.py for tasks to queue
[2026-09-14T03:39:37.664+0000] {logging_mixin.py:190} INFO - [2026-09-14T03:39:37.663+0000] {dagbag.py:587} INFO - Filling up the DagBag from /opt/airflow/dags/Shi_HW 3.py
[2026-09-14T03:39:37.681+0000] {processor.py:925} INFO - DAG(s) 'WeatherToronto_ETL' retrieved from /opt/airflow/dags/Shi_HW 3.py
[2026-09-14T03:39:37.690+0000] {logging_mixin.py:190} INFO - [2026-09-14T03:39:37.690+0000] {dag.py:3229} INFO - Sync 1 DAGs
[2026-09-14T03:39:37.700+0000] {logging_mixin.py:190} INFO - [2026-09-14T03:39:37.700+0000] {dag.py:4156} INFO - Setting next_dagrun for WeatherToronto_ETL to 2026-09-13 18:00:00+00:00, run_after=2026-09-14 18:00:00+00:00
[2026-09-14T03:39:37.706+0000] {processor.py:208} INFO - Processing /opt/airflow/dags/Shi_HW 3.py took 0.054 seconds
[2026-09-14T03:40:08.046+0000] {processor.py:186} INFO - Started process (PID=42879) to work on /opt/airflow/dags/Shi_HW 3.py
[2026-09-14T03:40:08.050+0000] {processor.py:914} INFO - Processing file /opt/airflow/dags/Shi_HW 3.py for tasks to queue
[2026-09-14T03:40:08.051+0000] {logging_mixin.py:190} INFO - [2026-09-14T03:40:08.051+0000] {dagbag.py:587} INFO - Filling up the DagBag from /opt/airflow/dags/Shi_HW 3.py
[2026-09-14T03:40:08.079+0000] {processor.py:925} INFO - DAG(s) 'WeatherToronto_ETL' retrieved from /opt/airflow/dags/Shi_HW 3.py
[2026-09-14T03:40:08.097+0000] {logging_mixin.py:190} INFO - [2026-09-14T03:40:08.095+0000] {dag.py:3229} INFO - Sync 1 DAGs
[2026-09-14T03:40:08.114+0000] {logging_mixin.py:190} INFO - [2026-09-14T03:40:08.114+0000] {dag.py:4156} INFO - Setting next_dagrun for WeatherToronto_ETL to 2026-09-13 18:00:00+00:00, run_after=2026-09-14 18:00:00+00:00
[2026-09-14T03:40:08.121+0000] {processor.py:208} INFO - Processing /opt/airflow/dags/Shi_HW 3.py took 0.084 seconds
[2026-09-14T03:40:38.441+0000] {processor.py:186} INFO - Started process (PID=42890) to work on /opt/airflow/dags/Shi_HW 3.py
[2026-09-14T03:40:38.444+0000] {processor.py:914} INFO - Processing file /opt/airflow/dags/Shi_HW 3.py for tasks to queue
[2026-09-14T03:40:38.445+0000] {logging_mixin.py:190} INFO - [2026-09-14T03:40:38.445+0000] {dagbag.py:587} INFO - Filling up the DagBag from /opt/airflow/dags/Shi_HW 3.py
[2026-09-14T03:40:38.463+0000] {processor.py:925} INFO - DAG(s) 'WeatherToronto_ETL' retrieved from /opt/airflow/dags/Shi_HW 3.py
[2026-09-14T03:40:38.473+0000] {logging_mixin.py:190} INFO - [2026-09-14T03:40:38.472+0000] {dag.py:3229} INFO - Sync 1 DAGs
[2026-09-14T03:40:38.486+0000] {logging_mixin.py:190} INFO - [2026-09-14T03:40:38.485+0000] {dag.py:4156} INFO - Setting next_dagrun for WeatherToronto_ETL to 2026-09-13 18:00:00+00:00, run_after=2026-09-14 18:00:00+00:00
[2026-09-14T03:40:38.495+0000] {processor.py:208} INFO - Processing /opt/airflow/dags/Shi_HW 3.py took 0.062 seconds
[2026-09-14T03:41:08.778+0000] {processor.py:186} INFO - Started process (PID=42901) to work on /opt/airflow/dags/Shi_HW 3.py
[2026-09-14T03:41:08.783+0000] {processor.py:914} INFO - Processing file /opt/airflow/dags/Shi_HW 3.py for tasks to queue
[2026-09-14T03:41:08.784+0000] {logging_mixin.py:190} INFO - [2026-09-14T03:41:08.783+0000] {dagbag.py:587} INFO - Filling up the DagBag from /opt/airflow/dags/Shi_HW 3.py
[2026-09-14T03:41:08.808+0000] {processor.py:925} INFO - DAG(s) 'WeatherToronto_ETL' retrieved from /opt/airflow/dags/Shi_HW 3.py
[2026-09-14T03:41:08.821+0000] {logging_mixin.py:190} INFO - [2026-09-14T03:41:08.820+0000] {dag.py:3229} INFO - Sync 1 DAGs
[2026-09-14T03:41:08.834+0000] {logging_mixin.py:190} INFO - [2026-09-14T03:41:08.834+0000] {dag.py:4156} INFO - Setting next_dagrun for WeatherToronto_ETL to 2026-09-13 18:00:00+00:00, run_after=2026-09-14 18:00:00+00:00
[2026-09-14T03:41:08.841+0000] {processor.py:208} INFO - Processing /opt/airflow/dags/Shi_HW 3.py took 0.069 seconds
[2026-09-14T03:41:39.114+0000] {processor.py:186} INFO - Started process (PID=42912) to work on /opt/airflow/dags/Shi_HW 3.py
[2026-09-14T03:41:39.116+0000] {processor.py:914} INFO - Processing file /opt/airflow/dags/Shi_HW 3.py for tasks to queue
[2026-09-14T03:41:39.117+0000] {logging_mixin.py:190} INFO - [2026-09-14T03:41:39.117+0000] {dagbag.py:587} INFO - Filling up the DagBag from /opt/airflow/dags/Shi_HW 3.py
[2026-09-14T03:41:39.136+0000] {processor.py:925} INFO - DAG(s) 'WeatherToronto_ETL' retrieved from /opt/airflow/dags/Shi_HW 3.py
[2026-09-14T03:41:39.147+0000] {logging_mixin.py:190} INFO - [2026-09-14T03:41:39.146+0000] {dag.py:3229} INFO - Sync 1 DAGs
[2026-09-14T03:41:39.158+0000] {logging_mixin.py:190} INFO - [2026-09-14T03:41:39.158+0000] {dag.py:4156} INFO - Setting next_dagrun for WeatherToronto_ETL to 2026-09-13 18:00:00+00:00, run_after=2026-09-14 18:00:00+00:00
[2026-09-14T03:41:39.165+0000] {processor.py:208} INFO - Processing /opt/airflow/dags/Shi_HW 3.py took 0.059 seconds
[2026-09-14T03:42:09.484+0000] {processor.py:186} INFO - Started process (PID=42923) to work on /opt/airflow/dags/Shi_HW 3.py
[2026-09-14T03:42:09.487+0000] {processor.py:914} INFO - Processing file /opt/airflow/dags/Shi_HW 3.py for tasks to queue
[2026-09-14T03:42:09.488+0000] {logging_mixin.py:190} INFO - [2026-09-14T03:42:09.487+0000] {dagbag.py:587} INFO - Filling up the DagBag from /opt/airflow/dags/Shi_HW 3.py
[2026-09-14T03:42:09.511+0000] {processor.py:925} INFO - DAG(s) 'WeatherToronto_ETL' retrieved from /opt/airflow/dags/Shi_HW 3.py
[2026-09-14T03:42:09.532+0000] {logging_mixin.py:190} INFO - [2026-09-14T03:42:09.531+0000] {dag.py:3229} INFO - Sync 1 DAGs
[2026-09-14T03:42:09.548+0000] {logging_mixin.py:190} INFO - [2026-09-14T03:42:09.547+0000] {dag.py:4156} INFO - Setting next_dagrun for WeatherToronto_ETL to 2026-09-13 18:00:00+00:00, run_after=2026-09-14 18:00:00+00:00
[2026-09-14T03:42:09.555+0000] {processor.py:208} INFO - Processing /opt/airflow/dags/Shi_HW 3.py took 0.077 seconds
[2026-09-14T03:42:39.856+0000] {processor.py:186} INFO - Started process (PID=42934) to work on /opt/airflow/dags/Shi_HW 3.py
[2026-09-14T03:42:39.859+0000] {processor.py:914} INFO - Processing file /opt/airflow/dags/Shi_HW 3.py for tasks to queue
[2026-09-14T03:42:39.860+0000] {logging_mixin.py:190} INFO - [2026-09-14T03:42:39.860+0000] {dagbag.py:587} INFO - Filling up the DagBag from /opt/airflow/dags/Shi_HW 3.py
[2026-09-14T03:42:39.880+0000] {processor.py:925} INFO - DAG(s) 'WeatherToronto_ETL' retrieved from /opt/airflow/dags/Shi_HW 3.py
[2026-09-14T03:42:39.890+0000] {logging_mixin.py:190} INFO - [2026-09-14T03:42:39.889+0000] {dag.py:3229} INFO - Sync 1 DAGs
[2026-09-14T03:42:39.903+0000] {logging_mixin.py:190} INFO - [2026-09-14T03:42:39.903+0000] {dag.py:4156} INFO - Setting next_dagrun for WeatherToronto_ETL to 2026-09-13 18:00:00+00:00, run_after=2026-09-14 18:00:00+00:00
[2026-09-14T03:42:39.909+0000] {processor.py:208} INFO - Processing /opt/airflow/dags/Shi_HW 3.py took 0.062 seconds
[2026-09-14T03:43:10.267+0000] {processor.py:186} INFO - Started process (PID=42945) to work on /opt/airflow/dags/Shi_HW 3.py
[2026-09-14T03:43:10.270+0000] {processor.py:914} INFO - Processing file /opt/airflow/dags/Shi_HW 3.py for tasks to queue
[2026-09-14T03:43:10.272+0000] {logging_mixin.py:190} INFO - [2026-09-14T03:43:10.272+0000] {dagbag.py:587} INFO - Filling up the DagBag from /opt/airflow/dags/Shi_HW 3.py
[2026-09-14T03:43:10.300+0000] {processor.py:925} INFO - DAG(s) 'WeatherToronto_ETL' retrieved from /opt/airflow/dags/Shi_HW 3.py
[2026-09-14T03:43:10.315+0000] {logging_mixin.py:190} INFO - [2026-09-14T03:43:10.314+0000] {dag.py:3229} INFO - Sync 1 DAGs
[2026-09-14T03:43:10.330+0000] {logging_mixin.py:190} INFO - [2026-09-14T03:43:10.330+0000] {dag.py:4156} INFO - Setting next_dagrun for WeatherToronto_ETL to 2026-09-13 18:00:00+00:00, run_after=2026-09-14 18:00:00+00:00
[2026-09-14T03:43:10.337+0000] {processor.py:208} INFO - Processing /opt/airflow/dags/Shi_HW 3.py took 0.078 seconds
[2026-09-14T03:43:40.760+0000] {processor.py:186} INFO - Started process (PID=42956) to work on /opt/airflow/dags/Shi_HW 3.py
[2026-09-14T03:43:40.763+0000] {processor.py:914} INFO - Processing file /opt/airflow/dags/Shi_HW 3.py for tasks to queue
[2026-09-14T03:43:40.764+0000] {logging_mixin.py:190} INFO - [2026-09-14T03:43:40.764+0000] {dagbag.py:587} INFO - Filling up the DagBag from /opt/airflow/dags/Shi_HW 3.py
[2026-09-14T03:43:40.802+0000] {processor.py:925} INFO - DAG(s) 'WeatherToronto_ETL' retrieved from /opt/airflow/dags/Shi_HW 3.py
[2026-09-14T03:43:40.823+0000] {logging_mixin.py:190} INFO - [2026-09-14T03:43:40.821+0000] {dag.py:3229} INFO - Sync 1 DAGs
[2026-09-14T03:43:40.841+0000] {logging_mixin.py:190} INFO - [2026-09-14T03:43:40.841+0000] {dag.py:4156} INFO - Setting next_dagrun for WeatherToronto_ETL to 2026-09-13 18:00:00+00:00, run_after=2026-09-14 18:00:00+00:00
[2026-09-14T03:43:40.851+0000] {processor.py:208} INFO - Processing /opt/airflow/dags/Shi_HW 3.py took 0.102 seconds
[2026-09-14T03:44:11.293+0000] {processor.py:186} INFO - Started process (PID=42967) to work on /opt/airflow/dags/Shi_HW 3.py
[2026-09-14T03:44:11.296+0000] {processor.py:914} INFO - Processing file /opt/airflow/dags/Shi_HW 3.py for tasks to queue
[2026-09-14T03:44:11.297+0000] {logging_mixin.py:190} INFO - [2026-09-14T03:44:11.297+0000] {dagbag.py:587} INFO - Filling up the DagBag from /opt/airflow/dags/Shi_HW 3.py
[2026-09-14T03:44:11.343+0000] {processor.py:925} INFO - DAG(s) 'WeatherToronto_ETL' retrieved from /opt/airflow/dags/Shi_HW 3.py
[2026-09-14T03:44:11.362+0000] {logging_mixin.py:190} INFO - [2026-09-14T03:44:11.360+0000] {dag.py:3229} INFO - Sync 1 DAGs
[2026-09-14T03:44:11.392+0000] {logging_mixin.py:190} INFO - [2026-09-14T03:44:11.392+0000] {dag.py:4156} INFO - Setting next_dagrun for WeatherToronto_ETL to 2026-09-13 18:00:00+00:00, run_after=2026-09-14 18:00:00+00:00
[2026-09-14T03:44:11.406+0000] {processor.py:208} INFO - Processing /opt/airflow/dags/Shi_HW 3.py took 0.121 seconds
[2026-09-14T03:44:41.637+0000] {processor.py:186} INFO - Started process (PID=42978) to work on /opt/airflow/dags/Shi_HW 3.py
[2026-09-14T03:44:41.646+0000] {processor.py:914} INFO - Processing file /opt/airflow/dags/Shi_HW 3.py for tasks to queue
[2026-09-14T03:44:41.648+0000] {logging_mixin.py:190} INFO - [2026-09-14T03:44:41.647+0000] {dagbag.py:587} INFO - Filling up the DagBag from /opt/airflow/dags/Shi_HW 3.py
[2026-09-14T03:44:41.697+0000] {processor.py:925} INFO - DAG(s) 'WeatherToronto_ETL' retrieved from /opt/airflow/dags/Shi_HW 3.py
[2026-09-14T03:44:41.722+0000] {logging_mixin.py:190} INFO - [2026-09-14T03:44:41.719+0000] {dag.py:3229} INFO - Sync 1 DAGs
[2026-09-14T03:44:41.741+0000] {logging_mixin.py:190} INFO - [2026-09-14T03:44:41.741+0000] {dag.py:4156} INFO - Setting next_dagrun for WeatherToronto_ETL to 2026-09-13 18:00:00+00:00, run_after=2026-09-14 18:00:00+00:00
[2026-09-14T03:44:41.754+0000] {processor.py:208} INFO - Processing /opt/airflow/dags/Shi_HW 3.py took 0.129 seconds
[2026-09-14T03:45:12.037+0000] {processor.py:186} INFO - Started process (PID=42989) to work on /opt/airflow/dags/Shi_HW 3.py
[2026-09-14T03:45:12.041+0000] {processor.py:914} INFO - Processing file /opt/airflow/dags/Shi_HW 3.py for tasks to queue
[2026-09-14T03:45:12.042+0000] {logging_mixin.py:190} INFO - [2026-09-14T03:45:12.041+0000] {dagbag.py:587} INFO - Filling up the DagBag from /opt/airflow/dags/Shi_HW 3.py
[2026-09-14T03:45:12.075+0000] {processor.py:925} INFO - DAG(s) 'WeatherToronto_ETL' retrieved from /opt/airflow/dags/Shi_HW 3.py
[2026-09-14T03:45:12.091+0000] {logging_mixin.py:190} INFO - [2026-09-14T03:45:12.090+0000] {dag.py:3229} INFO - Sync 1 DAGs
[2026-09-14T03:45:12.109+0000] {logging_mixin.py:190} INFO - [2026-09-14T03:45:12.108+0000] {dag.py:4156} INFO - Setting next_dagrun for WeatherToronto_ETL to 2026-09-13 18:00:00+00:00, run_after=2026-09-14 18:00:00+00:00
[2026-09-14T03:45:12.118+0000] {processor.py:208} INFO - Processing /opt/airflow/dags/Shi_HW 3.py took 0.091 seconds
[2026-09-14T03:45:42.464+0000] {processor.py:186} INFO - Started process (PID=43000) to work on /opt/airflow/dags/Shi_HW 3.py
[2026-09-14T03:45:42.467+0000] {processor.py:914} INFO - Processing file /opt/airflow/dags/Shi_HW 3.py for tasks to queue
[2026-09-14T03:45:42.469+0000] {logging_mixin.py:190} INFO - [2026-09-14T03:45:42.468+0000] {dagbag.py:587} INFO - Filling up the DagBag from /opt/airflow/dags/Shi_HW 3.py
[2026-09-14T03:45:42.501+0000] {processor.py:925} INFO - DAG(s) 'WeatherToronto_ETL' retrieved from /opt/airflow/dags/Shi_HW 3.py
[2026-09-14T03:45:42.517+0000] {logging_mixin.py:190} INFO - [2026-09-14T03:45:42.515+0000] {dag.py:3229} INFO - Sync 1 DAGs
[2026-09-14T03:45:42.532+0000] {logging_mixin.py:190} INFO - [2026-09-14T03:45:42.532+0000] {dag.py:4156} INFO - Setting next_dagrun for WeatherToronto_ETL to 2026-09-13 18:00:00+00:00, run_after=2026-09-14 18:00:00+00:00
[2026-09-14T03:45:42.542+0000] {processor.py:208} INFO - Processing /opt/airflow/dags/Shi_HW 3.py took 0.087 seconds
[2026-09-14T03:46:12.893+0000] {processor.py:186} INFO - Started process (PID=43011) to work on /opt/airflow/dags/Shi_HW 3.py
[2026-09-14T03:46:12.897+0000] {processor.py:914} INFO - Processing file /opt/airflow/dags/Shi_HW 3.py for tasks to queue
[2026-09-14T03:46:12.898+0000] {logging_mixin.py:190} INFO - [2026-09-14T03:46:12.898+0000] {dagbag.py:587} INFO - Filling up the DagBag from /opt/airflow/dags/Shi_HW 3.py
[2026-09-14T03:46:12.928+0000] {processor.py:925} INFO - DAG(s) 'WeatherToronto_ETL' retrieved from /opt/airflow/dags/Shi_HW 3.py
[2026-09-14T03:46:12.947+0000] {logging_mixin.py:190} INFO - [2026-09-14T03:46:12.944+0000] {dag.py:3229} INFO - Sync 1 DAGs
[2026-09-14T03:46:12.965+0000] {logging_mixin.py:190} INFO - [2026-09-14T03:46:12.965+0000] {dag.py:4156} INFO - Setting next_dagrun for WeatherToronto_ETL to 2026-09-13 18:00:00+00:00, run_after=2026-09-14 18:00:00+00:00
[2026-09-14T03:46:12.976+0000] {processor.py:208} INFO - Processing /opt/airflow/dags/Shi_HW 3.py took 0.092 seconds
[2026-09-14T03:46:43.266+0000] {processor.py:186} INFO - Started process (PID=43022) to work on /opt/airflow/dags/Shi_HW 3.py
[2026-09-14T03:46:43.268+0000] {processor.py:914} INFO - Processing file /opt/airflow/dags/Shi_HW 3.py for tasks to queue
[2026-09-14T03:46:43.269+0000] {logging_mixin.py:190} INFO - [2026-09-14T03:46:43.269+0000] {dagbag.py:587} INFO - Filling up the DagBag from /opt/airflow/dags/Shi_HW 3.py
[2026-09-14T03:46:43.295+0000] {processor.py:925} INFO - DAG(s) 'WeatherToronto_ETL' retrieved from /opt/airflow/dags/Shi_HW 3.py
[2026-09-14T03:46:43.310+0000] {logging_mixin.py:190} INFO - [2026-09-14T03:46:43.308+0000] {dag.py:3229} INFO - Sync 1 DAGs
[2026-09-14T03:46:43.325+0000] {logging_mixin.py:190} INFO - [2026-09-14T03:46:43.325+0000] {dag.py:4156} INFO - Setting next_dagrun for WeatherToronto_ETL to 2026-09-13 18:00:00+00:00, run_after=2026-09-14 18:00:00+00:00
[2026-09-14T03:46:43.333+0000] {processor.py:208} INFO - Processing /opt/airflow/dags/Shi_HW 3.py took 0.074 seconds
[2026-09-14T03:47:13.655+0000] {processor.py:186} INFO - Started process (PID=43033) to work on /opt/airflow/dags/Shi_HW 3.py
[2026-09-14T03:47:13.657+0000] {processor.py:914} INFO - Processing file /opt/airflow/dags/Shi_HW 3.py for tasks to queue
[2026-09-14T03:47:13.658+0000] {logging_mixin.py:190} INFO - [2026-09-14T03:47:13.658+0000] {dagbag.py:587} INFO - Filling up the DagBag from /opt/airflow/dags/Shi_HW 3.py
[2026-09-14T03:47:13.675+0000] {processor.py:925} INFO - DAG(s) 'WeatherToronto_ETL' retrieved from /opt/airflow/dags/Shi_HW 3.py
[2026-09-14T03:47:13.683+0000] {logging_mixin.py:190} INFO - [2026-09-14T03:47:13.682+0000] {dag.py:3229} INFO - Sync 1 DAGs
[2026-09-14T03:47:13.692+0000] {logging_mixin.py:190} INFO - [2026-09-14T03:47:13.692+0000] {dag.py:4156} INFO - Setting next_dagrun for WeatherToronto_ETL to 2026-09-13 18:00:00+00:00, run_after=2026-09-14 18:00:00+00:00
[2026-09-14T03:47:13.698+0000] {processor.py:208} INFO - Processing /opt/airflow/dags/Shi_HW 3.py took 0.050 seconds
[2026-09-14T03:47:44.014+0000] {processor.py:186} INFO - Started process (PID=43044) to work on /opt/airflow/dags/Shi_HW 3.py
[2026-09-14T03:47:44.018+0000] {processor.py:914} INFO - Processing file /opt/airflow/dags/Shi_HW 3.py for tasks to queue
[2026-09-14T03:47:44.019+0000] {logging_mixin.py:190} INFO - [2026-09-14T03:47:44.019+0000] {dagbag.py:587} INFO - Filling up the DagBag from /opt/airflow/dags/Shi_HW 3.py
[2026-09-14T03:47:44.038+0000] {processor.py:925} INFO - DAG(s) 'WeatherToronto_ETL' retrieved from /opt/airflow/dags/Shi_HW 3.py
[2026-09-14T03:47:44.049+0000] {logging_mixin.py:190} INFO - [2026-09-14T03:47:44.048+0000] {dag.py:3229} INFO - Sync 1 DAGs
[2026-09-14T03:47:44.061+0000] {logging_mixin.py:190} INFO - [2026-09-14T03:47:44.061+0000] {dag.py:4156} INFO - Setting next_dagrun for WeatherToronto_ETL to 2026-09-13 18:00:00+00:00, run_after=2026-09-14 18:00:00+00:00
[2026-09-14T03:47:44.067+0000] {processor.py:208} INFO - Processing /opt/airflow/dags/Shi_HW 3.py took 0.058 seconds
[2026-09-14T03:48:14.377+0000] {processor.py:186} INFO - Started process (PID=43055) to work on /opt/airflow/dags/Shi_HW 3.py
[2026-09-14T03:48:14.381+0000] {processor.py:914} INFO - Processing file /opt/airflow/dags/Shi_HW 3.py for tasks to queue
[2026-09-14T03:48:14.383+0000] {logging_mixin.py:190} INFO - [2026-09-14T03:48:14.382+0000] {dagbag.py:587} INFO - Filling up the DagBag from /opt/airflow/dags/Shi_HW 3.py
[2026-09-14T03:48:14.411+0000] {processor.py:925} INFO - DAG(s) 'WeatherToronto_ETL' retrieved from /opt/airflow/dags/Shi_HW 3.py
[2026-09-14T03:48:14.430+0000] {logging_mixin.py:190} INFO - [2026-09-14T03:48:14.427+0000] {dag.py:3229} INFO - Sync 1 DAGs
[2026-09-14T03:48:14.448+0000] {logging_mixin.py:190} INFO - [2026-09-14T03:48:14.448+0000] {dag.py:4156} INFO - Setting next_dagrun for WeatherToronto_ETL to 2026-09-13 18:00:00+00:00, run_after=2026-09-14 18:00:00+00:00
[2026-09-14T03:48:14.459+0000] {processor.py:208} INFO - Processing /opt/airflow/dags/Shi_HW 3.py took 0.090 seconds
[2026-09-14T03:48:44.701+0000] {processor.py:186} INFO - Started process (PID=43066) to work on /opt/airflow/dags/Shi_HW 3.py
[2026-09-14T03:48:44.704+0000] {processor.py:914} INFO - Processing file /opt/airflow/dags/Shi_HW 3.py for tasks to queue
[2026-09-14T03:48:44.705+0000] {logging_mixin.py:190} INFO - [2026-09-14T03:48:44.705+0000] {dagbag.py:587} INFO - Filling up the DagBag from /opt/airflow/dags/Shi_HW 3.py
[2026-09-14T03:48:44.725+0000] {processor.py:925} INFO - DAG(s) 'WeatherToronto_ETL' retrieved from /opt/airflow/dags/Shi_HW 3.py
[2026-09-14T03:48:44.735+0000] {logging_mixin.py:190} INFO - [2026-09-14T03:48:44.734+0000] {dag.py:3229} INFO - Sync 1 DAGs
[2026-09-14T03:48:44.746+0000] {logging_mixin.py:190} INFO - [2026-09-14T03:48:44.746+0000] {dag.py:4156} INFO - Setting next_dagrun for WeatherToronto_ETL to 2026-09-13 18:00:00+00:00, run_after=2026-09-14 18:00:00+00:00
[2026-09-14T03:48:44.753+0000] {processor.py:208} INFO - Processing /opt/airflow/dags/Shi_HW 3.py took 0.058 seconds
[2026-09-14T03:49:15.209+0000] {processor.py:186} INFO - Started process (PID=43077) to work on /opt/airflow/dags/Shi_HW 3.py
[2026-09-14T03:49:15.212+0000] {processor.py:914} INFO - Processing file /opt/airflow/dags/Shi_HW 3.py for tasks to queue
[2026-09-14T03:49:15.214+0000] {logging_mixin.py:190} INFO - [2026-09-14T03:49:15.213+0000] {dagbag.py:587} INFO - Filling up the DagBag from /opt/airflow/dags/Shi_HW 3.py
[2026-09-14T03:49:15.249+0000] {processor.py:925} INFO - DAG(s) 'WeatherToronto_ETL' retrieved from /opt/airflow/dags/Shi_HW 3.py
[2026-09-14T03:49:15.269+0000] {logging_mixin.py:190} INFO - [2026-09-14T03:49:15.267+0000] {dag.py:3229} INFO - Sync 1 DAGs
[2026-09-14T03:49:15.288+0000] {logging_mixin.py:190} INFO - [2026-09-14T03:49:15.288+0000] {dag.py:4156} INFO - Setting next_dagrun for WeatherToronto_ETL to 2026-09-13 18:00:00+00:00, run_after=2026-09-14 18:00:00+00:00
[2026-09-14T03:49:15.315+0000] {processor.py:208} INFO - Processing /opt/airflow/dags/Shi_HW 3.py took 0.114 seconds
[2026-09-14T03:49:45.603+0000] {processor.py:186} INFO - Started process (PID=43088) to work on /opt/airflow/dags/Shi_HW 3.py
[2026-09-14T03:49:45.608+0000] {processor.py:914} INFO - Processing file /opt/airflow/dags/Shi_HW 3.py for tasks to queue
[2026-09-14T03:49:45.611+0000] {logging_mixin.py:190} INFO - [2026-09-14T03:49:45.610+0000] {dagbag.py:587} INFO - Filling up the DagBag from /opt/airflow/dags/Shi_HW 3.py
[2026-09-14T03:49:45.650+0000] {processor.py:925} INFO - DAG(s) 'WeatherToronto_ETL' retrieved from /opt/airflow/dags/Shi_HW 3.py
[2026-09-14T03:49:45.680+0000] {logging_mixin.py:190} INFO - [2026-09-14T03:49:45.674+0000] {dag.py:3229} INFO - Sync 1 DAGs
[2026-09-14T03:49:45.695+0000] {logging_mixin.py:190} INFO - [2026-09-14T03:49:45.695+0000] {dag.py:4156} INFO - Setting next_dagrun for WeatherToronto_ETL to 2026-09-13 18:00:00+00:00, run_after=2026-09-14 18:00:00+00:00
[2026-09-14T03:49:45.703+0000] {processor.py:208} INFO - Processing /opt/airflow/dags/Shi_HW 3.py took 0.116 seconds
[2026-09-14T03:50:16.022+0000] {processor.py:186} INFO - Started process (PID=43099) to work on /opt/airflow/dags/Shi_HW 3.py
[2026-09-14T03:50:16.027+0000] {processor.py:914} INFO - Processing file /opt/airflow/dags/Shi_HW 3.py for tasks to queue
[2026-09-14T03:50:16.029+0000] {logging_mixin.py:190} INFO - [2026-09-14T03:50:16.028+0000] {dagbag.py:587} INFO - Filling up the DagBag from /opt/airflow/dags/Shi_HW 3.py
[2026-09-14T03:50:16.063+0000] {processor.py:925} INFO - DAG(s) 'WeatherToronto_ETL' retrieved from /opt/airflow/dags/Shi_HW 3.py
[2026-09-14T03:50:16.079+0000] {logging_mixin.py:190} INFO - [2026-09-14T03:50:16.077+0000] {dag.py:3229} INFO - Sync 1 DAGs
[2026-09-14T03:50:16.094+0000] {logging_mixin.py:190} INFO - [2026-09-14T03:50:16.094+0000] {dag.py:4156} INFO - Setting next_dagrun for WeatherToronto_ETL to 2026-09-13 18:00:00+00:00, run_after=2026-09-14 18:00:00+00:00
[2026-09-14T03:50:16.102+0000] {processor.py:208} INFO - Processing /opt/airflow/dags/Shi_HW 3.py took 0.091 seconds
[2026-09-14T03:50:46.451+0000] {processor.py:186} INFO - Started process (PID=43110) to work on /opt/airflow/dags/Shi_HW 3.py
[2026-09-14T03:50:46.453+0000] {processor.py:914} INFO - Processing file /opt/airflow/dags/Shi_HW 3.py for tasks to queue
[2026-09-14T03:50:46.455+0000] {logging_mixin.py:190} INFO - [2026-09-14T03:50:46.454+0000] {dagbag.py:587} INFO - Filling up the DagBag from /opt/airflow/dags/Shi_HW 3.py
[2026-09-14T03:50:46.483+0000] {processor.py:925} INFO - DAG(s) 'WeatherToronto_ETL' retrieved from /opt/airflow/dags/Shi_HW 3.py
[2026-09-14T03:50:46.499+0000] {logging_mixin.py:190} INFO - [2026-09-14T03:50:46.498+0000] {dag.py:3229} INFO - Sync 1 DAGs
[2026-09-14T03:50:46.514+0000] {logging_mixin.py:190} INFO - [2026-09-14T03:50:46.514+0000] {dag.py:4156} INFO - Setting next_dagrun for WeatherToronto_ETL to 2026-09-13 18:00:00+00:00, run_after=2026-09-14 18:00:00+00:00
[2026-09-14T03:50:46.522+0000] {processor.py:208} INFO - Processing /opt/airflow/dags/Shi_HW 3.py took 0.078 seconds
[2026-09-14T03:51:16.859+0000] {processor.py:186} INFO - Started process (PID=43121) to work on /opt/airflow/dags/Shi_HW 3.py
[2026-09-14T03:51:16.861+0000] {processor.py:914} INFO - Processing file /opt/airflow/dags/Shi_HW 3.py for tasks to queue
[2026-09-14T03:51:16.863+0000] {logging_mixin.py:190} INFO - [2026-09-14T03:51:16.862+0000] {dagbag.py:587} INFO - Filling up the DagBag from /opt/airflow/dags/Shi_HW 3.py
[2026-09-14T03:51:16.893+0000] {processor.py:925} INFO - DAG(s) 'WeatherToronto_ETL' retrieved from /opt/airflow/dags/Shi_HW 3.py
[2026-09-14T03:51:16.911+0000] {logging_mixin.py:190} INFO - [2026-09-14T03:51:16.909+0000] {dag.py:3229} INFO - Sync 1 DAGs
[2026-09-14T03:51:16.930+0000] {logging_mixin.py:190} INFO - [2026-09-14T03:51:16.930+0000] {dag.py:4156} INFO - Setting next_dagrun for WeatherToronto_ETL to 2026-09-13 18:00:00+00:00, run_after=2026-09-14 18:00:00+00:00
[2026-09-14T03:51:16.942+0000] {processor.py:208} INFO - Processing /opt/airflow/dags/Shi_HW 3.py took 0.092 seconds
[2026-09-14T03:51:47.241+0000] {processor.py:186} INFO - Started process (PID=43132) to work on /opt/airflow/dags/Shi_HW 3.py
[2026-09-14T03:51:47.243+0000] {processor.py:914} INFO - Processing file /opt/airflow/dags/Shi_HW 3.py for tasks to queue
[2026-09-14T03:51:47.244+0000] {logging_mixin.py:190} INFO - [2026-09-14T03:51:47.244+0000] {dagbag.py:587} INFO - Filling up the DagBag from /opt/airflow/dags/Shi_HW 3.py
[2026-09-14T03:51:47.261+0000] {processor.py:925} INFO - DAG(s) 'WeatherToronto_ETL' retrieved from /opt/airflow/dags/Shi_HW 3.py
[2026-09-14T03:51:47.272+0000] {logging_mixin.py:190} INFO - [2026-09-14T03:51:47.271+0000] {dag.py:3229} INFO - Sync 1 DAGs
[2026-09-14T03:51:47.283+0000] {logging_mixin.py:190} INFO - [2026-09-14T03:51:47.283+0000] {dag.py:4156} INFO - Setting next_dagrun for WeatherToronto_ETL to 2026-09-13 18:00:00+00:00, run_after=2026-09-14 18:00:00+00:00
[2026-09-14T03:51:47.290+0000] {processor.py:208} INFO - Processing /opt/airflow/dags/Shi_HW 3.py took 0.056 seconds
[2026-09-14T03:52:17.603+0000] {processor.py:186} INFO - Started process (PID=43143) to work on /opt/airflow/dags/Shi_HW 3.py
[2026-09-14T03:52:17.605+0000] {processor.py:914} INFO - Processing file /opt/airflow/dags/Shi_HW 3.py for tasks to queue
[2026-09-14T03:52:17.607+0000] {logging_mixin.py:190} INFO - [2026-09-14T03:52:17.606+0000] {dagbag.py:587} INFO - Filling up the DagBag from /opt/airflow/dags/Shi_HW 3.py
[2026-09-14T03:52:17.638+0000] {processor.py:925} INFO - DAG(s) 'WeatherToronto_ETL' retrieved from /opt/airflow/dags/Shi_HW 3.py
[2026-09-14T03:52:17.653+0000] {logging_mixin.py:190} INFO - [2026-09-14T03:52:17.651+0000] {dag.py:3229} INFO - Sync 1 DAGs
[2026-09-14T03:52:17.667+0000] {logging_mixin.py:190} INFO - [2026-09-14T03:52:17.667+0000] {dag.py:4156} INFO - Setting next_dagrun for WeatherToronto_ETL to 2026-09-13 18:00:00+00:00, run_after=2026-09-14 18:00:00+00:00
[2026-09-14T03:52:17.674+0000] {processor.py:208} INFO - Processing /opt/airflow/dags/Shi_HW 3.py took 0.080 seconds
[2026-09-14T03:52:47.968+0000] {processor.py:186} INFO - Started process (PID=43154) to work on /opt/airflow/dags/Shi_HW 3.py
[2026-09-14T03:52:47.971+0000] {processor.py:914} INFO - Processing file /opt/airflow/dags/Shi_HW 3.py for tasks to queue
[2026-09-14T03:52:47.972+0000] {logging_mixin.py:190} INFO - [2026-09-14T03:52:47.972+0000] {dagbag.py:587} INFO - Filling up the DagBag from /opt/airflow/dags/Shi_HW 3.py
[2026-09-14T03:52:47.998+0000] {processor.py:925} INFO - DAG(s) 'WeatherToronto_ETL' retrieved from /opt/airflow/dags/Shi_HW 3.py
[2026-09-14T03:52:48.012+0000] {logging_mixin.py:190} INFO - [2026-09-14T03:52:48.010+0000] {dag.py:3229} INFO - Sync 1 DAGs
[2026-09-14T03:52:48.025+0000] {logging_mixin.py:190} INFO - [2026-09-14T03:52:48.025+0000] {dag.py:4156} INFO - Setting next_dagrun for WeatherToronto_ETL to 2026-09-13 18:00:00+00:00, run_after=2026-09-14 18:00:00+00:00
[2026-09-14T03:52:48.033+0000] {processor.py:208} INFO - Processing /opt/airflow/dags/Shi_HW 3.py took 0.072 seconds
[2026-09-14T03:53:18.349+0000] {processor.py:186} INFO - Started process (PID=43165) to work on /opt/airflow/dags/Shi_HW 3.py
[2026-09-14T03:53:18.352+0000] {processor.py:914} INFO - Processing file /opt/airflow/dags/Shi_HW 3.py for tasks to queue
[2026-09-14T03:53:18.352+0000] {logging_mixin.py:190} INFO - [2026-09-14T03:53:18.352+0000] {dagbag.py:587} INFO - Filling up the DagBag from /opt/airflow/dags/Shi_HW 3.py
[2026-09-14T03:53:18.376+0000] {processor.py:925} INFO - DAG(s) 'WeatherToronto_ETL' retrieved from /opt/airflow/dags/Shi_HW 3.py
[2026-09-14T03:53:18.385+0000] {logging_mixin.py:190} INFO - [2026-09-14T03:53:18.385+0000] {dag.py:3229} INFO - Sync 1 DAGs
[2026-09-14T03:53:18.395+0000] {logging_mixin.py:190} INFO - [2026-09-14T03:53:18.395+0000] {dag.py:4156} INFO - Setting next_dagrun for WeatherToronto_ETL to 2026-09-13 18:00:00+00:00, run_after=2026-09-14 18:00:00+00:00
[2026-09-14T03:53:18.402+0000] {processor.py:208} INFO - Processing /opt/airflow/dags/Shi_HW 3.py took 0.060 seconds
[2026-09-14T03:53:48.779+0000] {processor.py:186} INFO - Started process (PID=43176) to work on /opt/airflow/dags/Shi_HW 3.py
[2026-09-14T03:53:48.782+0000] {processor.py:914} INFO - Processing file /opt/airflow/dags/Shi_HW 3.py for tasks to queue
[2026-09-14T03:53:48.783+0000] {logging_mixin.py:190} INFO - [2026-09-14T03:53:48.783+0000] {dagbag.py:587} INFO - Filling up the DagBag from /opt/airflow/dags/Shi_HW 3.py
[2026-09-14T03:53:48.809+0000] {processor.py:925} INFO - DAG(s) 'WeatherToronto_ETL' retrieved from /opt/airflow/dags/Shi_HW 3.py
[2026-09-14T03:53:48.824+0000] {logging_mixin.py:190} INFO - [2026-09-14T03:53:48.822+0000] {dag.py:3229} INFO - Sync 1 DAGs
[2026-09-14T03:53:48.838+0000] {logging_mixin.py:190} INFO - [2026-09-14T03:53:48.838+0000] {dag.py:4156} INFO - Setting next_dagrun for WeatherToronto_ETL to 2026-09-13 18:00:00+00:00, run_after=2026-09-14 18:00:00+00:00
[2026-09-14T03:53:48.845+0000] {processor.py:208} INFO - Processing /opt/airflow/dags/Shi_HW 3.py took 0.075 seconds
[2026-09-14T03:54:19.162+0000] {processor.py:186} INFO - Started process (PID=43187) to work on /opt/airflow/dags/Shi_HW 3.py
[2026-09-14T03:54:19.166+0000] {processor.py:914} INFO - Processing file /opt/airflow/dags/Shi_HW 3.py for tasks to queue
[2026-09-14T03:54:19.168+0000] {logging_mixin.py:190} INFO - [2026-09-14T03:54:19.167+0000] {dagbag.py:587} INFO - Filling up the DagBag from /opt/airflow/dags/Shi_HW 3.py
[2026-09-14T03:54:19.195+0000] {processor.py:925} INFO - DAG(s) 'WeatherToronto_ETL' retrieved from /opt/airflow/dags/Shi_HW 3.py
[2026-09-14T03:54:19.209+0000] {logging_mixin.py:190} INFO - [2026-09-14T03:54:19.208+0000] {dag.py:3229} INFO - Sync 1 DAGs
[2026-09-14T03:54:19.223+0000] {logging_mixin.py:190} INFO - [2026-09-14T03:54:19.223+0000] {dag.py:4156} INFO - Setting next_dagrun for WeatherToronto_ETL to 2026-09-13 18:00:00+00:00, run_after=2026-09-14 18:00:00+00:00
[2026-09-14T03:54:19.231+0000] {processor.py:208} INFO - Processing /opt/airflow/dags/Shi_HW 3.py took 0.076 seconds
[2026-09-14T03:54:49.551+0000] {processor.py:186} INFO - Started process (PID=43198) to work on /opt/airflow/dags/Shi_HW 3.py
[2026-09-14T03:54:49.554+0000] {processor.py:914} INFO - Processing file /opt/airflow/dags/Shi_HW 3.py for tasks to queue
[2026-09-14T03:54:49.554+0000] {logging_mixin.py:190} INFO - [2026-09-14T03:54:49.554+0000] {dagbag.py:587} INFO - Filling up the DagBag from /opt/airflow/dags/Shi_HW 3.py
[2026-09-14T03:54:49.577+0000] {processor.py:925} INFO - DAG(s) 'WeatherToronto_ETL' retrieved from /opt/airflow/dags/Shi_HW 3.py
[2026-09-14T03:54:49.589+0000] {logging_mixin.py:190} INFO - [2026-09-14T03:54:49.588+0000] {dag.py:3229} INFO - Sync 1 DAGs
[2026-09-14T03:54:49.604+0000] {logging_mixin.py:190} INFO - [2026-09-14T03:54:49.604+0000] {dag.py:4156} INFO - Setting next_dagrun for WeatherToronto_ETL to 2026-09-13 18:00:00+00:00, run_after=2026-09-14 18:00:00+00:00
[2026-09-14T03:54:49.612+0000] {processor.py:208} INFO - Processing /opt/airflow/dags/Shi_HW 3.py took 0.068 seconds
[2026-09-14T03:55:19.954+0000] {processor.py:186} INFO - Started process (PID=43209) to work on /opt/airflow/dags/Shi_HW 3.py
[2026-09-14T03:55:19.958+0000] {processor.py:914} INFO - Processing file /opt/airflow/dags/Shi_HW 3.py for tasks to queue
[2026-09-14T03:55:19.959+0000] {logging_mixin.py:190} INFO - [2026-09-14T03:55:19.959+0000] {dagbag.py:587} INFO - Filling up the DagBag from /opt/airflow/dags/Shi_HW 3.py
[2026-09-14T03:55:19.987+0000] {processor.py:925} INFO - DAG(s) 'WeatherToronto_ETL' retrieved from /opt/airflow/dags/Shi_HW 3.py
[2026-09-14T03:55:20.003+0000] {logging_mixin.py:190} INFO - [2026-09-14T03:55:20.001+0000] {dag.py:3229} INFO - Sync 1 DAGs
[2026-09-14T03:55:20.019+0000] {logging_mixin.py:190} INFO - [2026-09-14T03:55:20.019+0000] {dag.py:4156} INFO - Setting next_dagrun for WeatherToronto_ETL to 2026-09-13 18:00:00+00:00, run_after=2026-09-14 18:00:00+00:00
[2026-09-14T03:55:20.027+0000] {processor.py:208} INFO - Processing /opt/airflow/dags/Shi_HW 3.py took 0.081 seconds
[2026-09-14T03:55:50.312+0000] {processor.py:186} INFO - Started process (PID=43220) to work on /opt/airflow/dags/Shi_HW 3.py
[2026-09-14T03:55:50.319+0000] {processor.py:914} INFO - Processing file /opt/airflow/dags/Shi_HW 3.py for tasks to queue
[2026-09-14T03:55:50.321+0000] {logging_mixin.py:190} INFO - [2026-09-14T03:55:50.321+0000] {dagbag.py:587} INFO - Filling up the DagBag from /opt/airflow/dags/Shi_HW 3.py
[2026-09-14T03:55:50.350+0000] {processor.py:925} INFO - DAG(s) 'WeatherToronto_ETL' retrieved from /opt/airflow/dags/Shi_HW 3.py
[2026-09-14T03:55:50.364+0000] {logging_mixin.py:190} INFO - [2026-09-14T03:55:50.362+0000] {dag.py:3229} INFO - Sync 1 DAGs
[2026-09-14T03:55:50.377+0000] {logging_mixin.py:190} INFO - [2026-09-14T03:55:50.377+0000] {dag.py:4156} INFO - Setting next_dagrun for WeatherToronto_ETL to 2026-09-13 18:00:00+00:00, run_after=2026-09-14 18:00:00+00:00
[2026-09-14T03:55:50.386+0000] {processor.py:208} INFO - Processing /opt/airflow/dags/Shi_HW 3.py took 0.083 seconds
[2026-09-14T03:56:20.715+0000] {processor.py:186} INFO - Started process (PID=43231) to work on /opt/airflow/dags/Shi_HW 3.py
[2026-09-14T03:56:20.718+0000] {processor.py:914} INFO - Processing file /opt/airflow/dags/Shi_HW 3.py for tasks to queue
[2026-09-14T03:56:20.720+0000] {logging_mixin.py:190} INFO - [2026-09-14T03:56:20.719+0000] {dagbag.py:587} INFO - Filling up the DagBag from /opt/airflow/dags/Shi_HW 3.py
[2026-09-14T03:56:20.750+0000] {processor.py:925} INFO - DAG(s) 'WeatherToronto_ETL' retrieved from /opt/airflow/dags/Shi_HW 3.py
[2026-09-14T03:56:20.766+0000] {logging_mixin.py:190} INFO - [2026-09-14T03:56:20.765+0000] {dag.py:3229} INFO - Sync 1 DAGs
[2026-09-14T03:56:20.780+0000] {logging_mixin.py:190} INFO - [2026-09-14T03:56:20.780+0000] {dag.py:4156} INFO - Setting next_dagrun for WeatherToronto_ETL to 2026-09-13 18:00:00+00:00, run_after=2026-09-14 18:00:00+00:00
[2026-09-14T03:56:20.787+0000] {processor.py:208} INFO - Processing /opt/airflow/dags/Shi_HW 3.py took 0.080 seconds
[2026-09-14T03:56:51.207+0000] {processor.py:186} INFO - Started process (PID=43242) to work on /opt/airflow/dags/Shi_HW 3.py
[2026-09-14T03:56:51.211+0000] {processor.py:914} INFO - Processing file /opt/airflow/dags/Shi_HW 3.py for tasks to queue
[2026-09-14T03:56:51.212+0000] {logging_mixin.py:190} INFO - [2026-09-14T03:56:51.212+0000] {dagbag.py:587} INFO - Filling up the DagBag from /opt/airflow/dags/Shi_HW 3.py
[2026-09-14T03:56:51.238+0000] {processor.py:925} INFO - DAG(s) 'WeatherToronto_ETL' retrieved from /opt/airflow/dags/Shi_HW 3.py
[2026-09-14T03:56:51.253+0000] {logging_mixin.py:190} INFO - [2026-09-14T03:56:51.251+0000] {dag.py:3229} INFO - Sync 1 DAGs
[2026-09-14T03:56:51.266+0000] {logging_mixin.py:190} INFO - [2026-09-14T03:56:51.266+0000] {dag.py:4156} INFO - Setting next_dagrun for WeatherToronto_ETL to 2026-09-13 18:00:00+00:00, run_after=2026-09-14 18:00:00+00:00
[2026-09-14T03:56:51.274+0000] {processor.py:208} INFO - Processing /opt/airflow/dags/Shi_HW 3.py took 0.074 seconds
[2026-09-14T03:57:21.587+0000] {processor.py:186} INFO - Started process (PID=43253) to work on /opt/airflow/dags/Shi_HW 3.py
[2026-09-14T03:57:21.592+0000] {processor.py:914} INFO - Processing file /opt/airflow/dags/Shi_HW 3.py for tasks to queue
[2026-09-14T03:57:21.594+0000] {logging_mixin.py:190} INFO - [2026-09-14T03:57:21.593+0000] {dagbag.py:587} INFO - Filling up the DagBag from /opt/airflow/dags/Shi_HW 3.py
[2026-09-14T03:57:21.610+0000] {processor.py:925} INFO - DAG(s) 'WeatherToronto_ETL' retrieved from /opt/airflow/dags/Shi_HW 3.py
[2026-09-14T03:57:21.618+0000] {logging_mixin.py:190} INFO - [2026-09-14T03:57:21.618+0000] {dag.py:3229} INFO - Sync 1 DAGs
[2026-09-14T03:57:21.628+0000] {logging_mixin.py:190} INFO - [2026-09-14T03:57:21.628+0000] {dag.py:4156} INFO - Setting next_dagrun for WeatherToronto_ETL to 2026-09-13 18:00:00+00:00, run_after=2026-09-14 18:00:00+00:00
[2026-09-14T03:57:21.634+0000] {processor.py:208} INFO - Processing /opt/airflow/dags/Shi_HW 3.py took 0.053 seconds
[2026-09-14T03:57:52.026+0000] {processor.py:186} INFO - Started process (PID=43264) to work on /opt/airflow/dags/Shi_HW 3.py
[2026-09-14T03:57:52.029+0000] {processor.py:914} INFO - Processing file /opt/airflow/dags/Shi_HW 3.py for tasks to queue
[2026-09-14T03:57:52.030+0000] {logging_mixin.py:190} INFO - [2026-09-14T03:57:52.030+0000] {dagbag.py:587} INFO - Filling up the DagBag from /opt/airflow/dags/Shi_HW 3.py
[2026-09-14T03:57:52.056+0000] {processor.py:925} INFO - DAG(s) 'WeatherToronto_ETL' retrieved from /opt/airflow/dags/Shi_HW 3.py
[2026-09-14T03:57:52.070+0000] {logging_mixin.py:190} INFO - [2026-09-14T03:57:52.068+0000] {dag.py:3229} INFO - Sync 1 DAGs
[2026-09-14T03:57:52.083+0000] {logging_mixin.py:190} INFO - [2026-09-14T03:57:52.083+0000] {dag.py:4156} INFO - Setting next_dagrun for WeatherToronto_ETL to 2026-09-13 18:00:00+00:00, run_after=2026-09-14 18:00:00+00:00
[2026-09-14T03:57:52.090+0000] {processor.py:208} INFO - Processing /opt/airflow/dags/Shi_HW 3.py took 0.072 seconds
[2026-09-14T03:58:22.367+0000] {processor.py:186} INFO - Started process (PID=43275) to work on /opt/airflow/dags/Shi_HW 3.py
[2026-09-14T03:58:22.369+0000] {processor.py:914} INFO - Processing file /opt/airflow/dags/Shi_HW 3.py for tasks to queue
[2026-09-14T03:58:22.370+0000] {logging_mixin.py:190} INFO - [2026-09-14T03:58:22.370+0000] {dagbag.py:587} INFO - Filling up the DagBag from /opt/airflow/dags/Shi_HW 3.py
[2026-09-14T03:58:22.388+0000] {processor.py:925} INFO - DAG(s) 'WeatherToronto_ETL' retrieved from /opt/airflow/dags/Shi_HW 3.py
[2026-09-14T03:58:22.396+0000] {logging_mixin.py:190} INFO - [2026-09-14T03:58:22.396+0000] {dag.py:3229} INFO - Sync 1 DAGs
[2026-09-14T03:58:22.407+0000] {logging_mixin.py:190} INFO - [2026-09-14T03:58:22.407+0000] {dag.py:4156} INFO - Setting next_dagrun for WeatherToronto_ETL to 2026-09-13 18:00:00+00:00, run_after=2026-09-14 18:00:00+00:00
[2026-09-14T03:58:22.413+0000] {processor.py:208} INFO - Processing /opt/airflow/dags/Shi_HW 3.py took 0.053 seconds
[2026-09-14T03:58:52.767+0000] {processor.py:186} INFO - Started process (PID=43286) to work on /opt/airflow/dags/Shi_HW 3.py
[2026-09-14T03:58:52.771+0000] {processor.py:914} INFO - Processing file /opt/airflow/dags/Shi_HW 3.py for tasks to queue
[2026-09-14T03:58:52.772+0000] {logging_mixin.py:190} INFO - [2026-09-14T03:58:52.772+0000] {dagbag.py:587} INFO - Filling up the DagBag from /opt/airflow/dags/Shi_HW 3.py
[2026-09-14T03:58:52.794+0000] {processor.py:925} INFO - DAG(s) 'WeatherToronto_ETL' retrieved from /opt/airflow/dags/Shi_HW 3.py
[2026-09-14T03:58:52.805+0000] {logging_mixin.py:190} INFO - [2026-09-14T03:58:52.804+0000] {dag.py:3229} INFO - Sync 1 DAGs
[2026-09-14T03:58:52.816+0000] {logging_mixin.py:190} INFO - [2026-09-14T03:58:52.816+0000] {dag.py:4156} INFO - Setting next_dagrun for WeatherToronto_ETL to 2026-09-13 18:00:00+00:00, run_after=2026-09-14 18:00:00+00:00
[2026-09-14T03:58:52.822+0000] {processor.py:208} INFO - Processing /opt/airflow/dags/Shi_HW 3.py took 0.062 seconds
[2026-09-14T03:59:23.139+0000] {processor.py:186} INFO - Started process (PID=43297) to work on /opt/airflow/dags/Shi_HW 3.py
[2026-09-14T03:59:23.144+0000] {processor.py:914} INFO - Processing file /opt/airflow/dags/Shi_HW 3.py for tasks to queue
[2026-09-14T03:59:23.145+0000] {logging_mixin.py:190} INFO - [2026-09-14T03:59:23.144+0000] {dagbag.py:587} INFO - Filling up the DagBag from /opt/airflow/dags/Shi_HW 3.py
[2026-09-14T03:59:23.165+0000] {processor.py:925} INFO - DAG(s) 'WeatherToronto_ETL' retrieved from /opt/airflow/dags/Shi_HW 3.py
[2026-09-14T03:59:23.175+0000] {logging_mixin.py:190} INFO - [2026-09-14T03:59:23.174+0000] {dag.py:3229} INFO - Sync 1 DAGs
[2026-09-14T03:59:23.186+0000] {logging_mixin.py:190} INFO - [2026-09-14T03:59:23.186+0000] {dag.py:4156} INFO - Setting next_dagrun for WeatherToronto_ETL to 2026-09-13 18:00:00+00:00, run_after=2026-09-14 18:00:00+00:00
[2026-09-14T03:59:23.192+0000] {processor.py:208} INFO - Processing /opt/airflow/dags/Shi_HW 3.py took 0.060 seconds
[2026-09-14T03:59:53.545+0000] {processor.py:186} INFO - Started process (PID=43308) to work on /opt/airflow/dags/Shi_HW 3.py
[2026-09-14T03:59:53.548+0000] {processor.py:914} INFO - Processing file /opt/airflow/dags/Shi_HW 3.py for tasks to queue
[2026-09-14T03:59:53.549+0000] {logging_mixin.py:190} INFO - [2026-09-14T03:59:53.549+0000] {dagbag.py:587} INFO - Filling up the DagBag from /opt/airflow/dags/Shi_HW 3.py
[2026-09-14T03:59:53.573+0000] {processor.py:925} INFO - DAG(s) 'WeatherToronto_ETL' retrieved from /opt/airflow/dags/Shi_HW 3.py
[2026-09-14T03:59:53.583+0000] {logging_mixin.py:190} INFO - [2026-09-14T03:59:53.582+0000] {dag.py:3229} INFO - Sync 1 DAGs
[2026-09-14T03:59:53.594+0000] {logging_mixin.py:190} INFO - [2026-09-14T03:59:53.594+0000] {dag.py:4156} INFO - Setting next_dagrun for WeatherToronto_ETL to 2026-09-13 18:00:00+00:00, run_after=2026-09-14 18:00:00+00:00
[2026-09-14T03:59:53.600+0000] {processor.py:208} INFO - Processing /opt/airflow/dags/Shi_HW 3.py took 0.064 seconds
[2026-09-14T04:00:23.898+0000] {processor.py:186} INFO - Started process (PID=43319) to work on /opt/airflow/dags/Shi_HW 3.py
[2026-09-14T04:00:23.901+0000] {processor.py:914} INFO - Processing file /opt/airflow/dags/Shi_HW 3.py for tasks to queue
[2026-09-14T04:00:23.903+0000] {logging_mixin.py:190} INFO - [2026-09-14T04:00:23.902+0000] {dagbag.py:587} INFO - Filling up the DagBag from /opt/airflow/dags/Shi_HW 3.py
[2026-09-14T04:00:23.924+0000] {processor.py:925} INFO - DAG(s) 'WeatherToronto_ETL' retrieved from /opt/airflow/dags/Shi_HW 3.py
[2026-09-14T04:00:23.936+0000] {logging_mixin.py:190} INFO - [2026-09-14T04:00:23.934+0000] {dag.py:3229} INFO - Sync 1 DAGs
[2026-09-14T04:00:23.949+0000] {logging_mixin.py:190} INFO - [2026-09-14T04:00:23.949+0000] {dag.py:4156} INFO - Setting next_dagrun for WeatherToronto_ETL to 2026-09-13 18:00:00+00:00, run_after=2026-09-14 18:00:00+00:00
[2026-09-14T04:00:23.957+0000] {processor.py:208} INFO - Processing /opt/airflow/dags/Shi_HW 3.py took 0.065 seconds
[2026-09-14T04:00:54.284+0000] {processor.py:186} INFO - Started process (PID=43330) to work on /opt/airflow/dags/Shi_HW 3.py
[2026-09-14T04:00:54.288+0000] {processor.py:914} INFO - Processing file /opt/airflow/dags/Shi_HW 3.py for tasks to queue
[2026-09-14T04:00:54.289+0000] {logging_mixin.py:190} INFO - [2026-09-14T04:00:54.289+0000] {dagbag.py:587} INFO - Filling up the DagBag from /opt/airflow/dags/Shi_HW 3.py
[2026-09-14T04:00:54.311+0000] {processor.py:925} INFO - DAG(s) 'WeatherToronto_ETL' retrieved from /opt/airflow/dags/Shi_HW 3.py
[2026-09-14T04:00:54.320+0000] {logging_mixin.py:190} INFO - [2026-09-14T04:00:54.320+0000] {dag.py:3229} INFO - Sync 1 DAGs
[2026-09-14T04:00:54.331+0000] {logging_mixin.py:190} INFO - [2026-09-14T04:00:54.330+0000] {dag.py:4156} INFO - Setting next_dagrun for WeatherToronto_ETL to 2026-09-13 18:00:00+00:00, run_after=2026-09-14 18:00:00+00:00
[2026-09-14T04:00:54.338+0000] {processor.py:208} INFO - Processing /opt/airflow/dags/Shi_HW 3.py took 0.064 seconds
[2026-09-14T04:01:24.728+0000] {processor.py:186} INFO - Started process (PID=43341) to work on /opt/airflow/dags/Shi_HW 3.py
[2026-09-14T04:01:24.731+0000] {processor.py:914} INFO - Processing file /opt/airflow/dags/Shi_HW 3.py for tasks to queue
[2026-09-14T04:01:24.732+0000] {logging_mixin.py:190} INFO - [2026-09-14T04:01:24.732+0000] {dagbag.py:587} INFO - Filling up the DagBag from /opt/airflow/dags/Shi_HW 3.py
[2026-09-14T04:01:24.757+0000] {processor.py:925} INFO - DAG(s) 'WeatherToronto_ETL' retrieved from /opt/airflow/dags/Shi_HW 3.py
[2026-09-14T04:01:24.778+0000] {logging_mixin.py:190} INFO - [2026-09-14T04:01:24.776+0000] {dag.py:3229} INFO - Sync 1 DAGs
[2026-09-14T04:01:24.794+0000] {logging_mixin.py:190} INFO - [2026-09-14T04:01:24.794+0000] {dag.py:4156} INFO - Setting next_dagrun for WeatherToronto_ETL to 2026-09-13 18:00:00+00:00, run_after=2026-09-14 18:00:00+00:00
[2026-09-14T04:01:25.473+0000] {processor.py:208} INFO - Processing /opt/airflow/dags/Shi_HW 3.py took 0.770 seconds
[2026-09-14T04:01:55.820+0000] {processor.py:186} INFO - Started process (PID=43352) to work on /opt/airflow/dags/Shi_HW 3.py
[2026-09-14T04:01:55.824+0000] {processor.py:914} INFO - Processing file /opt/airflow/dags/Shi_HW 3.py for tasks to queue
[2026-09-14T04:01:55.825+0000] {logging_mixin.py:190} INFO - [2026-09-14T04:01:55.825+0000] {dagbag.py:587} INFO - Filling up the DagBag from /opt/airflow/dags/Shi_HW 3.py
[2026-09-14T04:01:55.843+0000] {processor.py:925} INFO - DAG(s) 'WeatherToronto_ETL' retrieved from /opt/airflow/dags/Shi_HW 3.py
[2026-09-14T04:01:55.852+0000] {logging_mixin.py:190} INFO - [2026-09-14T04:01:55.851+0000] {dag.py:3229} INFO - Sync 1 DAGs
[2026-09-14T04:01:55.861+0000] {logging_mixin.py:190} INFO - [2026-09-14T04:01:55.861+0000] {dag.py:4156} INFO - Setting next_dagrun for WeatherToronto_ETL to 2026-09-13 18:00:00+00:00, run_after=2026-09-14 18:00:00+00:00
[2026-09-14T04:01:55.867+0000] {processor.py:208} INFO - Processing /opt/airflow/dags/Shi_HW 3.py took 0.053 seconds
[2026-09-14T04:02:26.195+0000] {processor.py:186} INFO - Started process (PID=43363) to work on /opt/airflow/dags/Shi_HW 3.py
[2026-09-14T04:02:26.199+0000] {processor.py:914} INFO - Processing file /opt/airflow/dags/Shi_HW 3.py for tasks to queue
[2026-09-14T04:02:26.200+0000] {logging_mixin.py:190} INFO - [2026-09-14T04:02:26.200+0000] {dagbag.py:587} INFO - Filling up the DagBag from /opt/airflow/dags/Shi_HW 3.py
[2026-09-14T04:02:26.226+0000] {processor.py:925} INFO - DAG(s) 'WeatherToronto_ETL' retrieved from /opt/airflow/dags/Shi_HW 3.py
[2026-09-14T04:02:26.240+0000] {logging_mixin.py:190} INFO - [2026-09-14T04:02:26.239+0000] {dag.py:3229} INFO - Sync 1 DAGs
[2026-09-14T04:02:26.253+0000] {logging_mixin.py:190} INFO - [2026-09-14T04:02:26.253+0000] {dag.py:4156} INFO - Setting next_dagrun for WeatherToronto_ETL to 2026-09-13 18:00:00+00:00, run_after=2026-09-14 18:00:00+00:00
[2026-09-14T04:02:26.260+0000] {processor.py:208} INFO - Processing /opt/airflow/dags/Shi_HW 3.py took 0.075 seconds
[2026-09-14T04:02:56.617+0000] {processor.py:186} INFO - Started process (PID=43374) to work on /opt/airflow/dags/Shi_HW 3.py
[2026-09-14T04:02:56.621+0000] {processor.py:914} INFO - Processing file /opt/airflow/dags/Shi_HW 3.py for tasks to queue
[2026-09-14T04:02:56.622+0000] {logging_mixin.py:190} INFO - [2026-09-14T04:02:56.622+0000] {dagbag.py:587} INFO - Filling up the DagBag from /opt/airflow/dags/Shi_HW 3.py
[2026-09-14T04:02:56.651+0000] {processor.py:925} INFO - DAG(s) 'WeatherToronto_ETL' retrieved from /opt/airflow/dags/Shi_HW 3.py
[2026-09-14T04:02:56.667+0000] {logging_mixin.py:190} INFO - [2026-09-14T04:02:56.665+0000] {dag.py:3229} INFO - Sync 1 DAGs
[2026-09-14T04:02:56.686+0000] {logging_mixin.py:190} INFO - [2026-09-14T04:02:56.686+0000] {dag.py:4156} INFO - Setting next_dagrun for WeatherToronto_ETL to 2026-09-13 18:00:00+00:00, run_after=2026-09-14 18:00:00+00:00
[2026-09-14T04:02:56.698+0000] {processor.py:208} INFO - Processing /opt/airflow/dags/Shi_HW 3.py took 0.088 seconds
[2026-09-14T04:03:27.096+0000] {processor.py:186} INFO - Started process (PID=43385) to work on /opt/airflow/dags/Shi_HW 3.py
[2026-09-14T04:03:27.100+0000] {processor.py:914} INFO - Processing file /opt/airflow/dags/Shi_HW 3.py for tasks to queue
[2026-09-14T04:03:27.101+0000] {logging_mixin.py:190} INFO - [2026-09-14T04:03:27.101+0000] {dagbag.py:587} INFO - Filling up the DagBag from /opt/airflow/dags/Shi_HW 3.py
[2026-09-14T04:03:27.130+0000] {processor.py:925} INFO - DAG(s) 'WeatherToronto_ETL' retrieved from /opt/airflow/dags/Shi_HW 3.py
[2026-09-14T04:03:27.139+0000] {logging_mixin.py:190} INFO - [2026-09-14T04:03:27.138+0000] {dag.py:3229} INFO - Sync 1 DAGs
[2026-09-14T04:03:27.148+0000] {logging_mixin.py:190} INFO - [2026-09-14T04:03:27.148+0000] {dag.py:4156} INFO - Setting next_dagrun for WeatherToronto_ETL to 2026-09-13 18:00:00+00:00, run_after=2026-09-14 18:00:00+00:00
[2026-09-14T04:03:27.155+0000] {processor.py:208} INFO - Processing /opt/airflow/dags/Shi_HW 3.py took 0.067 seconds
[2026-09-14T04:03:57.561+0000] {processor.py:186} INFO - Started process (PID=43396) to work on /opt/airflow/dags/Shi_HW 3.py
[2026-09-14T04:03:57.565+0000] {processor.py:914} INFO - Processing file /opt/airflow/dags/Shi_HW 3.py for tasks to queue
[2026-09-14T04:03:57.567+0000] {logging_mixin.py:190} INFO - [2026-09-14T04:03:57.566+0000] {dagbag.py:587} INFO - Filling up the DagBag from /opt/airflow/dags/Shi_HW 3.py
[2026-09-14T04:03:57.595+0000] {processor.py:925} INFO - DAG(s) 'WeatherToronto_ETL' retrieved from /opt/airflow/dags/Shi_HW 3.py
[2026-09-14T04:03:57.612+0000] {logging_mixin.py:190} INFO - [2026-09-14T04:03:57.610+0000] {dag.py:3229} INFO - Sync 1 DAGs
[2026-09-14T04:03:57.632+0000] {logging_mixin.py:190} INFO - [2026-09-14T04:03:57.631+0000] {dag.py:4156} INFO - Setting next_dagrun for WeatherToronto_ETL to 2026-09-13 18:00:00+00:00, run_after=2026-09-14 18:00:00+00:00
[2026-09-14T04:03:57.660+0000] {processor.py:208} INFO - Processing /opt/airflow/dags/Shi_HW 3.py took 0.114 seconds
[2026-09-14T04:04:27.995+0000] {processor.py:186} INFO - Started process (PID=43413) to work on /opt/airflow/dags/Shi_HW 3.py
[2026-09-14T04:04:28.000+0000] {processor.py:914} INFO - Processing file /opt/airflow/dags/Shi_HW 3.py for tasks to queue
[2026-09-14T04:04:28.004+0000] {logging_mixin.py:190} INFO - [2026-09-14T04:04:28.002+0000] {dagbag.py:587} INFO - Filling up the DagBag from /opt/airflow/dags/Shi_HW 3.py
[2026-09-14T04:04:28.054+0000] {processor.py:925} INFO - DAG(s) 'WeatherToronto_ETL' retrieved from /opt/airflow/dags/Shi_HW 3.py
[2026-09-14T04:04:28.076+0000] {logging_mixin.py:190} INFO - [2026-09-14T04:04:28.074+0000] {dag.py:3229} INFO - Sync 1 DAGs
[2026-09-14T04:04:28.093+0000] {logging_mixin.py:190} INFO - [2026-09-14T04:04:28.093+0000] {dag.py:4156} INFO - Setting next_dagrun for WeatherToronto_ETL to 2026-09-13 18:00:00+00:00, run_after=2026-09-14 18:00:00+00:00
[2026-09-14T04:04:28.103+0000] {processor.py:208} INFO - Processing /opt/airflow/dags/Shi_HW 3.py took 0.128 seconds
[2026-09-14T04:04:58.480+0000] {processor.py:186} INFO - Started process (PID=43424) to work on /opt/airflow/dags/Shi_HW 3.py
[2026-09-14T04:04:58.483+0000] {processor.py:914} INFO - Processing file /opt/airflow/dags/Shi_HW 3.py for tasks to queue
[2026-09-14T04:04:58.485+0000] {logging_mixin.py:190} INFO - [2026-09-14T04:04:58.485+0000] {dagbag.py:587} INFO - Filling up the DagBag from /opt/airflow/dags/Shi_HW 3.py
[2026-09-14T04:04:58.515+0000] {processor.py:925} INFO - DAG(s) 'WeatherToronto_ETL' retrieved from /opt/airflow/dags/Shi_HW 3.py
[2026-09-14T04:04:58.529+0000] {logging_mixin.py:190} INFO - [2026-09-14T04:04:58.528+0000] {dag.py:3229} INFO - Sync 1 DAGs
[2026-09-14T04:04:58.543+0000] {logging_mixin.py:190} INFO - [2026-09-14T04:04:58.543+0000] {dag.py:4156} INFO - Setting next_dagrun for WeatherToronto_ETL to 2026-09-13 18:00:00+00:00, run_after=2026-09-14 18:00:00+00:00
[2026-09-14T04:04:58.550+0000] {processor.py:208} INFO - Processing /opt/airflow/dags/Shi_HW 3.py took 0.079 seconds
[2026-09-14T04:05:28.973+0000] {processor.py:186} INFO - Started process (PID=43435) to work on /opt/airflow/dags/Shi_HW 3.py
[2026-09-14T04:05:28.976+0000] {processor.py:914} INFO - Processing file /opt/airflow/dags/Shi_HW 3.py for tasks to queue
[2026-09-14T04:05:28.979+0000] {logging_mixin.py:190} INFO - [2026-09-14T04:05:28.978+0000] {dagbag.py:587} INFO - Filling up the DagBag from /opt/airflow/dags/Shi_HW 3.py
[2026-09-14T04:05:29.008+0000] {processor.py:925} INFO - DAG(s) 'WeatherToronto_ETL' retrieved from /opt/airflow/dags/Shi_HW 3.py
[2026-09-14T04:05:29.026+0000] {logging_mixin.py:190} INFO - [2026-09-14T04:05:29.024+0000] {dag.py:3229} INFO - Sync 1 DAGs
[2026-09-14T04:05:29.047+0000] {logging_mixin.py:190} INFO - [2026-09-14T04:05:29.047+0000] {dag.py:4156} INFO - Setting next_dagrun for WeatherToronto_ETL to 2026-09-13 18:00:00+00:00, run_after=2026-09-14 18:00:00+00:00
[2026-09-14T04:05:29.055+0000] {processor.py:208} INFO - Processing /opt/airflow/dags/Shi_HW 3.py took 0.096 seconds
[2026-09-14T04:05:59.406+0000] {processor.py:186} INFO - Started process (PID=43446) to work on /opt/airflow/dags/Shi_HW 3.py
[2026-09-14T04:05:59.410+0000] {processor.py:914} INFO - Processing file /opt/airflow/dags/Shi_HW 3.py for tasks to queue
[2026-09-14T04:05:59.412+0000] {logging_mixin.py:190} INFO - [2026-09-14T04:05:59.411+0000] {dagbag.py:587} INFO - Filling up the DagBag from /opt/airflow/dags/Shi_HW 3.py
[2026-09-14T04:05:59.447+0000] {processor.py:925} INFO - DAG(s) 'WeatherToronto_ETL' retrieved from /opt/airflow/dags/Shi_HW 3.py
[2026-09-14T04:05:59.464+0000] {logging_mixin.py:190} INFO - [2026-09-14T04:05:59.462+0000] {dag.py:3229} INFO - Sync 1 DAGs
[2026-09-14T04:05:59.478+0000] {logging_mixin.py:190} INFO - [2026-09-14T04:05:59.478+0000] {dag.py:4156} INFO - Setting next_dagrun for WeatherToronto_ETL to 2026-09-13 18:00:00+00:00, run_after=2026-09-14 18:00:00+00:00
[2026-09-14T04:05:59.488+0000] {processor.py:208} INFO - Processing /opt/airflow/dags/Shi_HW 3.py took 0.095 seconds
[2026-09-14T04:06:29.914+0000] {processor.py:186} INFO - Started process (PID=43457) to work on /opt/airflow/dags/Shi_HW 3.py
[2026-09-14T04:06:29.917+0000] {processor.py:914} INFO - Processing file /opt/airflow/dags/Shi_HW 3.py for tasks to queue
[2026-09-14T04:06:29.918+0000] {logging_mixin.py:190} INFO - [2026-09-14T04:06:29.917+0000] {dagbag.py:587} INFO - Filling up the DagBag from /opt/airflow/dags/Shi_HW 3.py
[2026-09-14T04:06:29.940+0000] {processor.py:925} INFO - DAG(s) 'WeatherToronto_ETL' retrieved from /opt/airflow/dags/Shi_HW 3.py
[2026-09-14T04:06:29.952+0000] {logging_mixin.py:190} INFO - [2026-09-14T04:06:29.951+0000] {dag.py:3229} INFO - Sync 1 DAGs
[2026-09-14T04:06:29.964+0000] {logging_mixin.py:190} INFO - [2026-09-14T04:06:29.963+0000] {dag.py:4156} INFO - Setting next_dagrun for WeatherToronto_ETL to 2026-09-13 18:00:00+00:00, run_after=2026-09-14 18:00:00+00:00
[2026-09-14T04:06:30.225+0000] {processor.py:208} INFO - Processing /opt/airflow/dags/Shi_HW 3.py took 0.317 seconds
[2026-09-14T04:07:00.382+0000] {processor.py:186} INFO - Started process (PID=43468) to work on /opt/airflow/dags/Shi_HW 3.py
[2026-09-14T04:07:00.391+0000] {processor.py:914} INFO - Processing file /opt/airflow/dags/Shi_HW 3.py for tasks to queue
[2026-09-14T04:07:00.392+0000] {logging_mixin.py:190} INFO - [2026-09-14T04:07:00.392+0000] {dagbag.py:587} INFO - Filling up the DagBag from /opt/airflow/dags/Shi_HW 3.py
[2026-09-14T04:07:00.446+0000] {processor.py:925} INFO - DAG(s) 'WeatherToronto_ETL' retrieved from /opt/airflow/dags/Shi_HW 3.py
[2026-09-14T04:07:00.471+0000] {logging_mixin.py:190} INFO - [2026-09-14T04:07:00.465+0000] {dag.py:3229} INFO - Sync 1 DAGs
[2026-09-14T04:07:00.487+0000] {logging_mixin.py:190} INFO - [2026-09-14T04:07:00.487+0000] {dag.py:4156} INFO - Setting next_dagrun for WeatherToronto_ETL to 2026-09-13 18:00:00+00:00, run_after=2026-09-14 18:00:00+00:00
[2026-09-14T04:07:00.495+0000] {processor.py:208} INFO - Processing /opt/airflow/dags/Shi_HW 3.py took 0.123 seconds
[2026-09-14T04:07:30.814+0000] {processor.py:186} INFO - Started process (PID=43479) to work on /opt/airflow/dags/Shi_HW 3.py
[2026-09-14T04:07:30.817+0000] {processor.py:914} INFO - Processing file /opt/airflow/dags/Shi_HW 3.py for tasks to queue
[2026-09-14T04:07:30.818+0000] {logging_mixin.py:190} INFO - [2026-09-14T04:07:30.818+0000] {dagbag.py:587} INFO - Filling up the DagBag from /opt/airflow/dags/Shi_HW 3.py
[2026-09-14T04:07:30.844+0000] {processor.py:925} INFO - DAG(s) 'WeatherToronto_ETL' retrieved from /opt/airflow/dags/Shi_HW 3.py
[2026-09-14T04:07:30.854+0000] {logging_mixin.py:190} INFO - [2026-09-14T04:07:30.853+0000] {dag.py:3229} INFO - Sync 1 DAGs
[2026-09-14T04:07:30.867+0000] {logging_mixin.py:190} INFO - [2026-09-14T04:07:30.867+0000] {dag.py:4156} INFO - Setting next_dagrun for WeatherToronto_ETL to 2026-09-13 18:00:00+00:00, run_after=2026-09-14 18:00:00+00:00
[2026-09-14T04:07:30.874+0000] {processor.py:208} INFO - Processing /opt/airflow/dags/Shi_HW 3.py took 0.066 seconds
[2026-09-14T04:08:01.336+0000] {processor.py:186} INFO - Started process (PID=43490) to work on /opt/airflow/dags/Shi_HW 3.py
[2026-09-14T04:08:01.339+0000] {processor.py:914} INFO - Processing file /opt/airflow/dags/Shi_HW 3.py for tasks to queue
[2026-09-14T04:08:01.341+0000] {logging_mixin.py:190} INFO - [2026-09-14T04:08:01.340+0000] {dagbag.py:587} INFO - Filling up the DagBag from /opt/airflow/dags/Shi_HW 3.py
[2026-09-14T04:08:01.375+0000] {processor.py:925} INFO - DAG(s) 'WeatherToronto_ETL' retrieved from /opt/airflow/dags/Shi_HW 3.py
[2026-09-14T04:08:01.394+0000] {logging_mixin.py:190} INFO - [2026-09-14T04:08:01.392+0000] {dag.py:3229} INFO - Sync 1 DAGs
[2026-09-14T04:08:01.409+0000] {logging_mixin.py:190} INFO - [2026-09-14T04:08:01.409+0000] {dag.py:4156} INFO - Setting next_dagrun for WeatherToronto_ETL to 2026-09-13 18:00:00+00:00, run_after=2026-09-14 18:00:00+00:00
[2026-09-14T04:08:01.418+0000] {processor.py:208} INFO - Processing /opt/airflow/dags/Shi_HW 3.py took 0.091 seconds
[2026-09-14T04:08:31.978+0000] {processor.py:186} INFO - Started process (PID=43501) to work on /opt/airflow/dags/Shi_HW 3.py
[2026-09-14T04:08:31.981+0000] {processor.py:914} INFO - Processing file /opt/airflow/dags/Shi_HW 3.py for tasks to queue
[2026-09-14T04:08:31.982+0000] {logging_mixin.py:190} INFO - [2026-09-14T04:08:31.982+0000] {dagbag.py:587} INFO - Filling up the DagBag from /opt/airflow/dags/Shi_HW 3.py
[2026-09-14T04:08:32.013+0000] {processor.py:925} INFO - DAG(s) 'WeatherToronto_ETL' retrieved from /opt/airflow/dags/Shi_HW 3.py
[2026-09-14T04:08:32.032+0000] {logging_mixin.py:190} INFO - [2026-09-14T04:08:32.030+0000] {dag.py:3229} INFO - Sync 1 DAGs
[2026-09-14T04:08:32.050+0000] {logging_mixin.py:190} INFO - [2026-09-14T04:08:32.050+0000] {dag.py:4156} INFO - Setting next_dagrun for WeatherToronto_ETL to 2026-09-13 18:00:00+00:00, run_after=2026-09-14 18:00:00+00:00
[2026-09-14T04:08:32.058+0000] {processor.py:208} INFO - Processing /opt/airflow/dags/Shi_HW 3.py took 0.088 seconds
[2026-09-14T04:09:02.365+0000] {processor.py:186} INFO - Started process (PID=43512) to work on /opt/airflow/dags/Shi_HW 3.py
[2026-09-14T04:09:02.369+0000] {processor.py:914} INFO - Processing file /opt/airflow/dags/Shi_HW 3.py for tasks to queue
[2026-09-14T04:09:02.370+0000] {logging_mixin.py:190} INFO - [2026-09-14T04:09:02.370+0000] {dagbag.py:587} INFO - Filling up the DagBag from /opt/airflow/dags/Shi_HW 3.py
[2026-09-14T04:09:02.387+0000] {processor.py:925} INFO - DAG(s) 'WeatherToronto_ETL' retrieved from /opt/airflow/dags/Shi_HW 3.py
[2026-09-14T04:09:02.398+0000] {logging_mixin.py:190} INFO - [2026-09-14T04:09:02.397+0000] {dag.py:3229} INFO - Sync 1 DAGs
[2026-09-14T04:09:02.409+0000] {logging_mixin.py:190} INFO - [2026-09-14T04:09:02.409+0000] {dag.py:4156} INFO - Setting next_dagrun for WeatherToronto_ETL to 2026-09-13 18:00:00+00:00, run_after=2026-09-14 18:00:00+00:00
[2026-09-14T04:09:02.415+0000] {processor.py:208} INFO - Processing /opt/airflow/dags/Shi_HW 3.py took 0.057 seconds
[2026-09-14T04:09:32.799+0000] {processor.py:186} INFO - Started process (PID=43523) to work on /opt/airflow/dags/Shi_HW 3.py
[2026-09-14T04:09:32.802+0000] {processor.py:914} INFO - Processing file /opt/airflow/dags/Shi_HW 3.py for tasks to queue
[2026-09-14T04:09:32.803+0000] {logging_mixin.py:190} INFO - [2026-09-14T04:09:32.803+0000] {dagbag.py:587} INFO - Filling up the DagBag from /opt/airflow/dags/Shi_HW 3.py
[2026-09-14T04:09:32.824+0000] {processor.py:925} INFO - DAG(s) 'WeatherToronto_ETL' retrieved from /opt/airflow/dags/Shi_HW 3.py
[2026-09-14T04:09:32.834+0000] {logging_mixin.py:190} INFO - [2026-09-14T04:09:32.833+0000] {dag.py:3229} INFO - Sync 1 DAGs
[2026-09-14T04:09:32.844+0000] {logging_mixin.py:190} INFO - [2026-09-14T04:09:32.844+0000] {dag.py:4156} INFO - Setting next_dagrun for WeatherToronto_ETL to 2026-09-13 18:00:00+00:00, run_after=2026-09-14 18:00:00+00:00
[2026-09-14T04:09:32.850+0000] {processor.py:208} INFO - Processing /opt/airflow/dags/Shi_HW 3.py took 0.058 seconds
[2026-09-14T04:10:03.234+0000] {processor.py:186} INFO - Started process (PID=43534) to work on /opt/airflow/dags/Shi_HW 3.py
[2026-09-14T04:10:03.237+0000] {processor.py:914} INFO - Processing file /opt/airflow/dags/Shi_HW 3.py for tasks to queue
[2026-09-14T04:10:03.239+0000] {logging_mixin.py:190} INFO - [2026-09-14T04:10:03.238+0000] {dagbag.py:587} INFO - Filling up the DagBag from /opt/airflow/dags/Shi_HW 3.py
[2026-09-14T04:10:03.263+0000] {processor.py:925} INFO - DAG(s) 'WeatherToronto_ETL' retrieved from /opt/airflow/dags/Shi_HW 3.py
[2026-09-14T04:10:03.276+0000] {logging_mixin.py:190} INFO - [2026-09-14T04:10:03.274+0000] {dag.py:3229} INFO - Sync 1 DAGs
[2026-09-14T04:10:03.290+0000] {logging_mixin.py:190} INFO - [2026-09-14T04:10:03.290+0000] {dag.py:4156} INFO - Setting next_dagrun for WeatherToronto_ETL to 2026-09-13 18:00:00+00:00, run_after=2026-09-14 18:00:00+00:00
[2026-09-14T04:10:03.297+0000] {processor.py:208} INFO - Processing /opt/airflow/dags/Shi_HW 3.py took 0.072 seconds
[2026-09-14T04:10:33.621+0000] {processor.py:186} INFO - Started process (PID=43545) to work on /opt/airflow/dags/Shi_HW 3.py
[2026-09-14T04:10:33.624+0000] {processor.py:914} INFO - Processing file /opt/airflow/dags/Shi_HW 3.py for tasks to queue
[2026-09-14T04:10:33.625+0000] {logging_mixin.py:190} INFO - [2026-09-14T04:10:33.624+0000] {dagbag.py:587} INFO - Filling up the DagBag from /opt/airflow/dags/Shi_HW 3.py
[2026-09-14T04:10:33.647+0000] {processor.py:925} INFO - DAG(s) 'WeatherToronto_ETL' retrieved from /opt/airflow/dags/Shi_HW 3.py
[2026-09-14T04:10:33.656+0000] {logging_mixin.py:190} INFO - [2026-09-14T04:10:33.656+0000] {dag.py:3229} INFO - Sync 1 DAGs
[2026-09-14T04:10:33.667+0000] {logging_mixin.py:190} INFO - [2026-09-14T04:10:33.667+0000] {dag.py:4156} INFO - Setting next_dagrun for WeatherToronto_ETL to 2026-09-13 18:00:00+00:00, run_after=2026-09-14 18:00:00+00:00
[2026-09-14T04:10:33.673+0000] {processor.py:208} INFO - Processing /opt/airflow/dags/Shi_HW 3.py took 0.058 seconds
[2026-09-14T04:11:04.023+0000] {processor.py:186} INFO - Started process (PID=43556) to work on /opt/airflow/dags/Shi_HW 3.py
[2026-09-14T04:11:04.026+0000] {processor.py:914} INFO - Processing file /opt/airflow/dags/Shi_HW 3.py for tasks to queue
[2026-09-14T04:11:04.027+0000] {logging_mixin.py:190} INFO - [2026-09-14T04:11:04.027+0000] {dagbag.py:587} INFO - Filling up the DagBag from /opt/airflow/dags/Shi_HW 3.py
[2026-09-14T04:11:04.042+0000] {processor.py:925} INFO - DAG(s) 'WeatherToronto_ETL' retrieved from /opt/airflow/dags/Shi_HW 3.py
[2026-09-14T04:11:04.051+0000] {logging_mixin.py:190} INFO - [2026-09-14T04:11:04.050+0000] {dag.py:3229} INFO - Sync 1 DAGs
[2026-09-14T04:11:04.061+0000] {logging_mixin.py:190} INFO - [2026-09-14T04:11:04.061+0000] {dag.py:4156} INFO - Setting next_dagrun for WeatherToronto_ETL to 2026-09-13 18:00:00+00:00, run_after=2026-09-14 18:00:00+00:00
[2026-09-14T04:11:04.070+0000] {processor.py:208} INFO - Processing /opt/airflow/dags/Shi_HW 3.py took 0.051 seconds
[2026-09-14T04:11:34.555+0000] {processor.py:186} INFO - Started process (PID=43567) to work on /opt/airflow/dags/Shi_HW 3.py
[2026-09-14T04:11:34.559+0000] {processor.py:914} INFO - Processing file /opt/airflow/dags/Shi_HW 3.py for tasks to queue
[2026-09-14T04:11:34.560+0000] {logging_mixin.py:190} INFO - [2026-09-14T04:11:34.559+0000] {dagbag.py:587} INFO - Filling up the DagBag from /opt/airflow/dags/Shi_HW 3.py
[2026-09-14T04:11:34.587+0000] {processor.py:925} INFO - DAG(s) 'WeatherToronto_ETL' retrieved from /opt/airflow/dags/Shi_HW 3.py
[2026-09-14T04:11:34.602+0000] {logging_mixin.py:190} INFO - [2026-09-14T04:11:34.601+0000] {dag.py:3229} INFO - Sync 1 DAGs
[2026-09-14T04:11:34.619+0000] {logging_mixin.py:190} INFO - [2026-09-14T04:11:34.619+0000] {dag.py:4156} INFO - Setting next_dagrun for WeatherToronto_ETL to 2026-09-13 18:00:00+00:00, run_after=2026-09-14 18:00:00+00:00
[2026-09-14T04:11:34.822+0000] {processor.py:208} INFO - Processing /opt/airflow/dags/Shi_HW 3.py took 0.276 seconds
[2026-09-14T04:12:04.945+0000] {processor.py:186} INFO - Started process (PID=43578) to work on /opt/airflow/dags/Shi_HW 3.py
[2026-09-14T04:12:04.949+0000] {processor.py:914} INFO - Processing file /opt/airflow/dags/Shi_HW 3.py for tasks to queue
[2026-09-14T04:12:04.950+0000] {logging_mixin.py:190} INFO - [2026-09-14T04:12:04.950+0000] {dagbag.py:587} INFO - Filling up the DagBag from /opt/airflow/dags/Shi_HW 3.py
[2026-09-14T04:12:04.968+0000] {processor.py:925} INFO - DAG(s) 'WeatherToronto_ETL' retrieved from /opt/airflow/dags/Shi_HW 3.py
[2026-09-14T04:12:04.977+0000] {logging_mixin.py:190} INFO - [2026-09-14T04:12:04.976+0000] {dag.py:3229} INFO - Sync 1 DAGs
[2026-09-14T04:12:04.987+0000] {logging_mixin.py:190} INFO - [2026-09-14T04:12:04.987+0000] {dag.py:4156} INFO - Setting next_dagrun for WeatherToronto_ETL to 2026-09-13 18:00:00+00:00, run_after=2026-09-14 18:00:00+00:00
[2026-09-14T04:12:04.993+0000] {processor.py:208} INFO - Processing /opt/airflow/dags/Shi_HW 3.py took 0.054 seconds
[2026-09-14T04:12:35.358+0000] {processor.py:186} INFO - Started process (PID=43589) to work on /opt/airflow/dags/Shi_HW 3.py
[2026-09-14T04:12:35.361+0000] {processor.py:914} INFO - Processing file /opt/airflow/dags/Shi_HW 3.py for tasks to queue
[2026-09-14T04:12:35.362+0000] {logging_mixin.py:190} INFO - [2026-09-14T04:12:35.362+0000] {dagbag.py:587} INFO - Filling up the DagBag from /opt/airflow/dags/Shi_HW 3.py
[2026-09-14T04:12:35.379+0000] {processor.py:925} INFO - DAG(s) 'WeatherToronto_ETL' retrieved from /opt/airflow/dags/Shi_HW 3.py
[2026-09-14T04:12:35.389+0000] {logging_mixin.py:190} INFO - [2026-09-14T04:12:35.389+0000] {dag.py:3229} INFO - Sync 1 DAGs
[2026-09-14T04:12:35.402+0000] {logging_mixin.py:190} INFO - [2026-09-14T04:12:35.402+0000] {dag.py:4156} INFO - Setting next_dagrun for WeatherToronto_ETL to 2026-09-13 18:00:00+00:00, run_after=2026-09-14 18:00:00+00:00
[2026-09-14T04:12:35.409+0000] {processor.py:208} INFO - Processing /opt/airflow/dags/Shi_HW 3.py took 0.056 seconds
[2026-09-14T04:13:05.751+0000] {processor.py:186} INFO - Started process (PID=43600) to work on /opt/airflow/dags/Shi_HW 3.py
[2026-09-14T04:13:05.754+0000] {processor.py:914} INFO - Processing file /opt/airflow/dags/Shi_HW 3.py for tasks to queue
[2026-09-14T04:13:05.755+0000] {logging_mixin.py:190} INFO - [2026-09-14T04:13:05.755+0000] {dagbag.py:587} INFO - Filling up the DagBag from /opt/airflow/dags/Shi_HW 3.py
[2026-09-14T04:13:05.774+0000] {processor.py:925} INFO - DAG(s) 'WeatherToronto_ETL' retrieved from /opt/airflow/dags/Shi_HW 3.py
[2026-09-14T04:13:05.784+0000] {logging_mixin.py:190} INFO - [2026-09-14T04:13:05.783+0000] {dag.py:3229} INFO - Sync 1 DAGs
[2026-09-14T04:13:05.795+0000] {logging_mixin.py:190} INFO - [2026-09-14T04:13:05.794+0000] {dag.py:4156} INFO - Setting next_dagrun for WeatherToronto_ETL to 2026-09-13 18:00:00+00:00, run_after=2026-09-14 18:00:00+00:00
[2026-09-14T04:13:05.801+0000] {processor.py:208} INFO - Processing /opt/airflow/dags/Shi_HW 3.py took 0.058 seconds
[2026-09-14T04:13:36.158+0000] {processor.py:186} INFO - Started process (PID=43611) to work on /opt/airflow/dags/Shi_HW 3.py
[2026-09-14T04:13:36.163+0000] {processor.py:914} INFO - Processing file /opt/airflow/dags/Shi_HW 3.py for tasks to queue
[2026-09-14T04:13:36.164+0000] {logging_mixin.py:190} INFO - [2026-09-14T04:13:36.164+0000] {dagbag.py:587} INFO - Filling up the DagBag from /opt/airflow/dags/Shi_HW 3.py
[2026-09-14T04:13:36.191+0000] {processor.py:925} INFO - DAG(s) 'WeatherToronto_ETL' retrieved from /opt/airflow/dags/Shi_HW 3.py
[2026-09-14T04:13:36.203+0000] {logging_mixin.py:190} INFO - [2026-09-14T04:13:36.202+0000] {dag.py:3229} INFO - Sync 1 DAGs
[2026-09-14T04:13:36.216+0000] {logging_mixin.py:190} INFO - [2026-09-14T04:13:36.216+0000] {dag.py:4156} INFO - Setting next_dagrun for WeatherToronto_ETL to 2026-09-13 18:00:00+00:00, run_after=2026-09-14 18:00:00+00:00
[2026-09-14T04:13:36.223+0000] {processor.py:208} INFO - Processing /opt/airflow/dags/Shi_HW 3.py took 0.072 seconds
[2026-09-14T04:14:06.578+0000] {processor.py:186} INFO - Started process (PID=43622) to work on /opt/airflow/dags/Shi_HW 3.py
[2026-09-14T04:14:06.582+0000] {processor.py:914} INFO - Processing file /opt/airflow/dags/Shi_HW 3.py for tasks to queue
[2026-09-14T04:14:06.583+0000] {logging_mixin.py:190} INFO - [2026-09-14T04:14:06.582+0000] {dagbag.py:587} INFO - Filling up the DagBag from /opt/airflow/dags/Shi_HW 3.py
[2026-09-14T04:14:06.600+0000] {processor.py:925} INFO - DAG(s) 'WeatherToronto_ETL' retrieved from /opt/airflow/dags/Shi_HW 3.py
[2026-09-14T04:14:06.609+0000] {logging_mixin.py:190} INFO - [2026-09-14T04:14:06.608+0000] {dag.py:3229} INFO - Sync 1 DAGs
[2026-09-14T04:14:06.619+0000] {logging_mixin.py:190} INFO - [2026-09-14T04:14:06.619+0000] {dag.py:4156} INFO - Setting next_dagrun for WeatherToronto_ETL to 2026-09-13 18:00:00+00:00, run_after=2026-09-14 18:00:00+00:00
[2026-09-14T04:14:06.759+0000] {processor.py:208} INFO - Processing /opt/airflow/dags/Shi_HW 3.py took 0.187 seconds
[2026-09-14T04:14:37.009+0000] {processor.py:186} INFO - Started process (PID=43633) to work on /opt/airflow/dags/Shi_HW 3.py
[2026-09-14T04:14:37.012+0000] {processor.py:914} INFO - Processing file /opt/airflow/dags/Shi_HW 3.py for tasks to queue
[2026-09-14T04:14:37.013+0000] {logging_mixin.py:190} INFO - [2026-09-14T04:14:37.013+0000] {dagbag.py:587} INFO - Filling up the DagBag from /opt/airflow/dags/Shi_HW 3.py
[2026-09-14T04:14:37.033+0000] {processor.py:925} INFO - DAG(s) 'WeatherToronto_ETL' retrieved from /opt/airflow/dags/Shi_HW 3.py
[2026-09-14T04:14:37.043+0000] {logging_mixin.py:190} INFO - [2026-09-14T04:14:37.042+0000] {dag.py:3229} INFO - Sync 1 DAGs
[2026-09-14T04:14:37.054+0000] {logging_mixin.py:190} INFO - [2026-09-14T04:14:37.054+0000] {dag.py:4156} INFO - Setting next_dagrun for WeatherToronto_ETL to 2026-09-13 18:00:00+00:00, run_after=2026-09-14 18:00:00+00:00
[2026-09-14T04:14:37.061+0000] {processor.py:208} INFO - Processing /opt/airflow/dags/Shi_HW 3.py took 0.059 seconds
[2026-09-14T04:15:07.386+0000] {processor.py:186} INFO - Started process (PID=43644) to work on /opt/airflow/dags/Shi_HW 3.py
[2026-09-14T04:15:07.389+0000] {processor.py:914} INFO - Processing file /opt/airflow/dags/Shi_HW 3.py for tasks to queue
[2026-09-14T04:15:07.389+0000] {logging_mixin.py:190} INFO - [2026-09-14T04:15:07.389+0000] {dagbag.py:587} INFO - Filling up the DagBag from /opt/airflow/dags/Shi_HW 3.py
[2026-09-14T04:15:07.404+0000] {processor.py:925} INFO - DAG(s) 'WeatherToronto_ETL' retrieved from /opt/airflow/dags/Shi_HW 3.py
[2026-09-14T04:15:07.413+0000] {logging_mixin.py:190} INFO - [2026-09-14T04:15:07.412+0000] {dag.py:3229} INFO - Sync 1 DAGs
[2026-09-14T04:15:07.423+0000] {logging_mixin.py:190} INFO - [2026-09-14T04:15:07.423+0000] {dag.py:4156} INFO - Setting next_dagrun for WeatherToronto_ETL to 2026-09-13 18:00:00+00:00, run_after=2026-09-14 18:00:00+00:00
[2026-09-14T04:15:07.430+0000] {processor.py:208} INFO - Processing /opt/airflow/dags/Shi_HW 3.py took 0.047 seconds
[2026-09-14T04:15:37.792+0000] {processor.py:186} INFO - Started process (PID=43655) to work on /opt/airflow/dags/Shi_HW 3.py
[2026-09-14T04:15:37.796+0000] {processor.py:914} INFO - Processing file /opt/airflow/dags/Shi_HW 3.py for tasks to queue
[2026-09-14T04:15:37.797+0000] {logging_mixin.py:190} INFO - [2026-09-14T04:15:37.797+0000] {dagbag.py:587} INFO - Filling up the DagBag from /opt/airflow/dags/Shi_HW 3.py
[2026-09-14T04:15:37.824+0000] {processor.py:925} INFO - DAG(s) 'WeatherToronto_ETL' retrieved from /opt/airflow/dags/Shi_HW 3.py
[2026-09-14T04:15:37.836+0000] {logging_mixin.py:190} INFO - [2026-09-14T04:15:37.835+0000] {dag.py:3229} INFO - Sync 1 DAGs
[2026-09-14T04:15:37.848+0000] {logging_mixin.py:190} INFO - [2026-09-14T04:15:37.848+0000] {dag.py:4156} INFO - Setting next_dagrun for WeatherToronto_ETL to 2026-09-13 18:00:00+00:00, run_after=2026-09-14 18:00:00+00:00
[2026-09-14T04:15:37.855+0000] {processor.py:208} INFO - Processing /opt/airflow/dags/Shi_HW 3.py took 0.071 seconds
[2026-09-14T04:16:08.180+0000] {processor.py:186} INFO - Started process (PID=43666) to work on /opt/airflow/dags/Shi_HW 3.py
[2026-09-14T04:16:08.196+0000] {processor.py:914} INFO - Processing file /opt/airflow/dags/Shi_HW 3.py for tasks to queue
[2026-09-14T04:16:08.197+0000] {logging_mixin.py:190} INFO - [2026-09-14T04:16:08.197+0000] {dagbag.py:587} INFO - Filling up the DagBag from /opt/airflow/dags/Shi_HW 3.py
[2026-09-14T04:16:08.213+0000] {processor.py:925} INFO - DAG(s) 'WeatherToronto_ETL' retrieved from /opt/airflow/dags/Shi_HW 3.py
[2026-09-14T04:16:08.223+0000] {logging_mixin.py:190} INFO - [2026-09-14T04:16:08.222+0000] {dag.py:3229} INFO - Sync 1 DAGs
[2026-09-14T04:16:08.234+0000] {logging_mixin.py:190} INFO - [2026-09-14T04:16:08.234+0000] {dag.py:4156} INFO - Setting next_dagrun for WeatherToronto_ETL to 2026-09-13 18:00:00+00:00, run_after=2026-09-14 18:00:00+00:00
[2026-09-14T04:16:08.241+0000] {processor.py:208} INFO - Processing /opt/airflow/dags/Shi_HW 3.py took 0.068 seconds
[2026-09-14T04:16:38.561+0000] {processor.py:186} INFO - Started process (PID=43677) to work on /opt/airflow/dags/Shi_HW 3.py
[2026-09-14T04:16:38.564+0000] {processor.py:914} INFO - Processing file /opt/airflow/dags/Shi_HW 3.py for tasks to queue
[2026-09-14T04:16:38.565+0000] {logging_mixin.py:190} INFO - [2026-09-14T04:16:38.564+0000] {dagbag.py:587} INFO - Filling up the DagBag from /opt/airflow/dags/Shi_HW 3.py
[2026-09-14T04:16:38.580+0000] {processor.py:925} INFO - DAG(s) 'WeatherToronto_ETL' retrieved from /opt/airflow/dags/Shi_HW 3.py
[2026-09-14T04:16:38.589+0000] {logging_mixin.py:190} INFO - [2026-09-14T04:16:38.589+0000] {dag.py:3229} INFO - Sync 1 DAGs
[2026-09-14T04:16:38.600+0000] {logging_mixin.py:190} INFO - [2026-09-14T04:16:38.600+0000] {dag.py:4156} INFO - Setting next_dagrun for WeatherToronto_ETL to 2026-09-13 18:00:00+00:00, run_after=2026-09-14 18:00:00+00:00
[2026-09-14T04:16:38.795+0000] {processor.py:208} INFO - Processing /opt/airflow/dags/Shi_HW 3.py took 0.240 seconds
[2026-09-14T04:17:08.967+0000] {processor.py:186} INFO - Started process (PID=43688) to work on /opt/airflow/dags/Shi_HW 3.py
[2026-09-14T04:17:08.971+0000] {processor.py:914} INFO - Processing file /opt/airflow/dags/Shi_HW 3.py for tasks to queue
[2026-09-14T04:17:08.972+0000] {logging_mixin.py:190} INFO - [2026-09-14T04:17:08.972+0000] {dagbag.py:587} INFO - Filling up the DagBag from /opt/airflow/dags/Shi_HW 3.py
[2026-09-14T04:17:08.992+0000] {processor.py:925} INFO - DAG(s) 'WeatherToronto_ETL' retrieved from /opt/airflow/dags/Shi_HW 3.py
[2026-09-14T04:17:09.001+0000] {logging_mixin.py:190} INFO - [2026-09-14T04:17:09.001+0000] {dag.py:3229} INFO - Sync 1 DAGs
[2026-09-14T04:17:09.011+0000] {logging_mixin.py:190} INFO - [2026-09-14T04:17:09.011+0000] {dag.py:4156} INFO - Setting next_dagrun for WeatherToronto_ETL to 2026-09-13 18:00:00+00:00, run_after=2026-09-14 18:00:00+00:00
[2026-09-14T04:17:09.017+0000] {processor.py:208} INFO - Processing /opt/airflow/dags/Shi_HW 3.py took 0.057 seconds
[2026-09-14T04:17:39.387+0000] {processor.py:186} INFO - Started process (PID=43699) to work on /opt/airflow/dags/Shi_HW 3.py
[2026-09-14T04:17:39.391+0000] {processor.py:914} INFO - Processing file /opt/airflow/dags/Shi_HW 3.py for tasks to queue
[2026-09-14T04:17:39.392+0000] {logging_mixin.py:190} INFO - [2026-09-14T04:17:39.391+0000] {dagbag.py:587} INFO - Filling up the DagBag from /opt/airflow/dags/Shi_HW 3.py
[2026-09-14T04:17:39.410+0000] {processor.py:925} INFO - DAG(s) 'WeatherToronto_ETL' retrieved from /opt/airflow/dags/Shi_HW 3.py
[2026-09-14T04:17:39.419+0000] {logging_mixin.py:190} INFO - [2026-09-14T04:17:39.418+0000] {dag.py:3229} INFO - Sync 1 DAGs
[2026-09-14T04:17:39.429+0000] {logging_mixin.py:190} INFO - [2026-09-14T04:17:39.429+0000] {dag.py:4156} INFO - Setting next_dagrun for WeatherToronto_ETL to 2026-09-13 18:00:00+00:00, run_after=2026-09-14 18:00:00+00:00
[2026-09-14T04:17:39.435+0000] {processor.py:208} INFO - Processing /opt/airflow/dags/Shi_HW 3.py took 0.055 seconds
[2026-09-14T04:18:09.816+0000] {processor.py:186} INFO - Started process (PID=43710) to work on /opt/airflow/dags/Shi_HW 3.py
[2026-09-14T04:18:09.820+0000] {processor.py:914} INFO - Processing file /opt/airflow/dags/Shi_HW 3.py for tasks to queue
[2026-09-14T04:18:09.822+0000] {logging_mixin.py:190} INFO - [2026-09-14T04:18:09.821+0000] {dagbag.py:587} INFO - Filling up the DagBag from /opt/airflow/dags/Shi_HW 3.py
[2026-09-14T04:18:09.847+0000] {processor.py:925} INFO - DAG(s) 'WeatherToronto_ETL' retrieved from /opt/airflow/dags/Shi_HW 3.py
[2026-09-14T04:18:09.860+0000] {logging_mixin.py:190} INFO - [2026-09-14T04:18:09.858+0000] {dag.py:3229} INFO - Sync 1 DAGs
[2026-09-14T04:18:09.872+0000] {logging_mixin.py:190} INFO - [2026-09-14T04:18:09.872+0000] {dag.py:4156} INFO - Setting next_dagrun for WeatherToronto_ETL to 2026-09-13 18:00:00+00:00, run_after=2026-09-14 18:00:00+00:00
[2026-09-14T04:18:09.879+0000] {processor.py:208} INFO - Processing /opt/airflow/dags/Shi_HW 3.py took 0.070 seconds
[2026-09-14T04:18:40.245+0000] {processor.py:186} INFO - Started process (PID=43721) to work on /opt/airflow/dags/Shi_HW 3.py
[2026-09-14T04:18:40.248+0000] {processor.py:914} INFO - Processing file /opt/airflow/dags/Shi_HW 3.py for tasks to queue
[2026-09-14T04:18:40.249+0000] {logging_mixin.py:190} INFO - [2026-09-14T04:18:40.248+0000] {dagbag.py:587} INFO - Filling up the DagBag from /opt/airflow/dags/Shi_HW 3.py
[2026-09-14T04:18:40.268+0000] {processor.py:925} INFO - DAG(s) 'WeatherToronto_ETL' retrieved from /opt/airflow/dags/Shi_HW 3.py
[2026-09-14T04:18:40.277+0000] {logging_mixin.py:190} INFO - [2026-09-14T04:18:40.277+0000] {dag.py:3229} INFO - Sync 1 DAGs
[2026-09-14T04:18:40.288+0000] {logging_mixin.py:190} INFO - [2026-09-14T04:18:40.287+0000] {dag.py:4156} INFO - Setting next_dagrun for WeatherToronto_ETL to 2026-09-13 18:00:00+00:00, run_after=2026-09-14 18:00:00+00:00
[2026-09-14T04:18:40.294+0000] {processor.py:208} INFO - Processing /opt/airflow/dags/Shi_HW 3.py took 0.057 seconds
[2026-09-14T04:19:10.652+0000] {processor.py:186} INFO - Started process (PID=43732) to work on /opt/airflow/dags/Shi_HW 3.py
[2026-09-14T04:19:10.656+0000] {processor.py:914} INFO - Processing file /opt/airflow/dags/Shi_HW 3.py for tasks to queue
[2026-09-14T04:19:10.657+0000] {logging_mixin.py:190} INFO - [2026-09-14T04:19:10.656+0000] {dagbag.py:587} INFO - Filling up the DagBag from /opt/airflow/dags/Shi_HW 3.py
[2026-09-14T04:19:10.679+0000] {processor.py:925} INFO - DAG(s) 'WeatherToronto_ETL' retrieved from /opt/airflow/dags/Shi_HW 3.py
[2026-09-14T04:19:10.692+0000] {logging_mixin.py:190} INFO - [2026-09-14T04:19:10.691+0000] {dag.py:3229} INFO - Sync 1 DAGs
[2026-09-14T04:19:10.705+0000] {logging_mixin.py:190} INFO - [2026-09-14T04:19:10.705+0000] {dag.py:4156} INFO - Setting next_dagrun for WeatherToronto_ETL to 2026-09-13 18:00:00+00:00, run_after=2026-09-14 18:00:00+00:00
[2026-09-14T04:19:10.853+0000] {processor.py:208} INFO - Processing /opt/airflow/dags/Shi_HW 3.py took 0.208 seconds
[2026-09-14T04:19:41.016+0000] {processor.py:186} INFO - Started process (PID=43743) to work on /opt/airflow/dags/Shi_HW 3.py
[2026-09-14T04:19:41.020+0000] {processor.py:914} INFO - Processing file /opt/airflow/dags/Shi_HW 3.py for tasks to queue
[2026-09-14T04:19:41.021+0000] {logging_mixin.py:190} INFO - [2026-09-14T04:19:41.021+0000] {dagbag.py:587} INFO - Filling up the DagBag from /opt/airflow/dags/Shi_HW 3.py
[2026-09-14T04:19:41.039+0000] {processor.py:925} INFO - DAG(s) 'WeatherToronto_ETL' retrieved from /opt/airflow/dags/Shi_HW 3.py
[2026-09-14T04:19:41.048+0000] {logging_mixin.py:190} INFO - [2026-09-14T04:19:41.047+0000] {dag.py:3229} INFO - Sync 1 DAGs
[2026-09-14T04:19:41.057+0000] {logging_mixin.py:190} INFO - [2026-09-14T04:19:41.057+0000] {dag.py:4156} INFO - Setting next_dagrun for WeatherToronto_ETL to 2026-09-13 18:00:00+00:00, run_after=2026-09-14 18:00:00+00:00
[2026-09-14T04:19:41.063+0000] {processor.py:208} INFO - Processing /opt/airflow/dags/Shi_HW 3.py took 0.054 seconds
[2026-09-14T04:20:11.384+0000] {processor.py:186} INFO - Started process (PID=43754) to work on /opt/airflow/dags/Shi_HW 3.py
[2026-09-14T04:20:11.388+0000] {processor.py:914} INFO - Processing file /opt/airflow/dags/Shi_HW 3.py for tasks to queue
[2026-09-14T04:20:11.389+0000] {logging_mixin.py:190} INFO - [2026-09-14T04:20:11.388+0000] {dagbag.py:587} INFO - Filling up the DagBag from /opt/airflow/dags/Shi_HW 3.py
[2026-09-14T04:20:11.408+0000] {processor.py:925} INFO - DAG(s) 'WeatherToronto_ETL' retrieved from /opt/airflow/dags/Shi_HW 3.py
[2026-09-14T04:20:11.418+0000] {logging_mixin.py:190} INFO - [2026-09-14T04:20:11.417+0000] {dag.py:3229} INFO - Sync 1 DAGs
[2026-09-14T04:20:11.428+0000] {logging_mixin.py:190} INFO - [2026-09-14T04:20:11.428+0000] {dag.py:4156} INFO - Setting next_dagrun for WeatherToronto_ETL to 2026-09-13 18:00:00+00:00, run_after=2026-09-14 18:00:00+00:00
[2026-09-14T04:20:11.434+0000] {processor.py:208} INFO - Processing /opt/airflow/dags/Shi_HW 3.py took 0.056 seconds
[2026-09-14T04:20:41.797+0000] {processor.py:186} INFO - Started process (PID=43765) to work on /opt/airflow/dags/Shi_HW 3.py
[2026-09-14T04:20:41.800+0000] {processor.py:914} INFO - Processing file /opt/airflow/dags/Shi_HW 3.py for tasks to queue
[2026-09-14T04:20:41.802+0000] {logging_mixin.py:190} INFO - [2026-09-14T04:20:41.801+0000] {dagbag.py:587} INFO - Filling up the DagBag from /opt/airflow/dags/Shi_HW 3.py
[2026-09-14T04:20:41.826+0000] {processor.py:925} INFO - DAG(s) 'WeatherToronto_ETL' retrieved from /opt/airflow/dags/Shi_HW 3.py
[2026-09-14T04:20:41.840+0000] {logging_mixin.py:190} INFO - [2026-09-14T04:20:41.839+0000] {dag.py:3229} INFO - Sync 1 DAGs
[2026-09-14T04:20:41.853+0000] {logging_mixin.py:190} INFO - [2026-09-14T04:20:41.853+0000] {dag.py:4156} INFO - Setting next_dagrun for WeatherToronto_ETL to 2026-09-13 18:00:00+00:00, run_after=2026-09-14 18:00:00+00:00
[2026-09-14T04:20:41.860+0000] {processor.py:208} INFO - Processing /opt/airflow/dags/Shi_HW 3.py took 0.071 seconds
[2026-09-14T04:21:12.192+0000] {processor.py:186} INFO - Started process (PID=43776) to work on /opt/airflow/dags/Shi_HW 3.py
[2026-09-14T04:21:12.196+0000] {processor.py:914} INFO - Processing file /opt/airflow/dags/Shi_HW 3.py for tasks to queue
[2026-09-14T04:21:12.197+0000] {logging_mixin.py:190} INFO - [2026-09-14T04:21:12.197+0000] {dagbag.py:587} INFO - Filling up the DagBag from /opt/airflow/dags/Shi_HW 3.py
[2026-09-14T04:21:12.217+0000] {processor.py:925} INFO - DAG(s) 'WeatherToronto_ETL' retrieved from /opt/airflow/dags/Shi_HW 3.py
[2026-09-14T04:21:12.226+0000] {logging_mixin.py:190} INFO - [2026-09-14T04:21:12.225+0000] {dag.py:3229} INFO - Sync 1 DAGs
[2026-09-14T04:21:12.236+0000] {logging_mixin.py:190} INFO - [2026-09-14T04:21:12.236+0000] {dag.py:4156} INFO - Setting next_dagrun for WeatherToronto_ETL to 2026-09-13 18:00:00+00:00, run_after=2026-09-14 18:00:00+00:00
[2026-09-14T04:21:12.243+0000] {processor.py:208} INFO - Processing /opt/airflow/dags/Shi_HW 3.py took 0.058 seconds
[2026-09-14T04:21:42.592+0000] {processor.py:186} INFO - Started process (PID=43787) to work on /opt/airflow/dags/Shi_HW 3.py
[2026-09-14T04:21:42.595+0000] {processor.py:914} INFO - Processing file /opt/airflow/dags/Shi_HW 3.py for tasks to queue
[2026-09-14T04:21:42.596+0000] {logging_mixin.py:190} INFO - [2026-09-14T04:21:42.596+0000] {dagbag.py:587} INFO - Filling up the DagBag from /opt/airflow/dags/Shi_HW 3.py
[2026-09-14T04:21:42.614+0000] {processor.py:925} INFO - DAG(s) 'WeatherToronto_ETL' retrieved from /opt/airflow/dags/Shi_HW 3.py
[2026-09-14T04:21:42.622+0000] {logging_mixin.py:190} INFO - [2026-09-14T04:21:42.622+0000] {dag.py:3229} INFO - Sync 1 DAGs
[2026-09-14T04:21:42.632+0000] {logging_mixin.py:190} INFO - [2026-09-14T04:21:42.632+0000] {dag.py:4156} INFO - Setting next_dagrun for WeatherToronto_ETL to 2026-09-13 18:00:00+00:00, run_after=2026-09-14 18:00:00+00:00
[2026-09-14T04:21:42.639+0000] {processor.py:208} INFO - Processing /opt/airflow/dags/Shi_HW 3.py took 0.053 seconds
[2026-09-14T04:22:12.981+0000] {processor.py:186} INFO - Started process (PID=43798) to work on /opt/airflow/dags/Shi_HW 3.py
[2026-09-14T04:22:12.985+0000] {processor.py:914} INFO - Processing file /opt/airflow/dags/Shi_HW 3.py for tasks to queue
[2026-09-14T04:22:12.986+0000] {logging_mixin.py:190} INFO - [2026-09-14T04:22:12.986+0000] {dagbag.py:587} INFO - Filling up the DagBag from /opt/airflow/dags/Shi_HW 3.py
[2026-09-14T04:22:13.006+0000] {processor.py:925} INFO - DAG(s) 'WeatherToronto_ETL' retrieved from /opt/airflow/dags/Shi_HW 3.py
[2026-09-14T04:22:13.015+0000] {logging_mixin.py:190} INFO - [2026-09-14T04:22:13.014+0000] {dag.py:3229} INFO - Sync 1 DAGs
[2026-09-14T04:22:13.208+0000] {logging_mixin.py:190} INFO - [2026-09-14T04:22:13.208+0000] {dag.py:4156} INFO - Setting next_dagrun for WeatherToronto_ETL to 2026-09-13 18:00:00+00:00, run_after=2026-09-14 18:00:00+00:00
[2026-09-14T04:22:13.214+0000] {processor.py:208} INFO - Processing /opt/airflow/dags/Shi_HW 3.py took 0.239 seconds
[2026-09-14T04:22:43.373+0000] {processor.py:186} INFO - Started process (PID=43809) to work on /opt/airflow/dags/Shi_HW 3.py
[2026-09-14T04:22:43.376+0000] {processor.py:914} INFO - Processing file /opt/airflow/dags/Shi_HW 3.py for tasks to queue
[2026-09-14T04:22:43.378+0000] {logging_mixin.py:190} INFO - [2026-09-14T04:22:43.377+0000] {dagbag.py:587} INFO - Filling up the DagBag from /opt/airflow/dags/Shi_HW 3.py
[2026-09-14T04:22:43.402+0000] {processor.py:925} INFO - DAG(s) 'WeatherToronto_ETL' retrieved from /opt/airflow/dags/Shi_HW 3.py
[2026-09-14T04:22:43.413+0000] {logging_mixin.py:190} INFO - [2026-09-14T04:22:43.412+0000] {dag.py:3229} INFO - Sync 1 DAGs
[2026-09-14T04:22:43.422+0000] {logging_mixin.py:190} INFO - [2026-09-14T04:22:43.422+0000] {dag.py:4156} INFO - Setting next_dagrun for WeatherToronto_ETL to 2026-09-13 18:00:00+00:00, run_after=2026-09-14 18:00:00+00:00
[2026-09-14T04:22:43.429+0000] {processor.py:208} INFO - Processing /opt/airflow/dags/Shi_HW 3.py took 0.064 seconds
[2026-09-14T04:23:13.767+0000] {processor.py:186} INFO - Started process (PID=43820) to work on /opt/airflow/dags/Shi_HW 3.py
[2026-09-14T04:23:13.770+0000] {processor.py:914} INFO - Processing file /opt/airflow/dags/Shi_HW 3.py for tasks to queue
[2026-09-14T04:23:13.771+0000] {logging_mixin.py:190} INFO - [2026-09-14T04:23:13.771+0000] {dagbag.py:587} INFO - Filling up the DagBag from /opt/airflow/dags/Shi_HW 3.py
[2026-09-14T04:23:13.790+0000] {processor.py:925} INFO - DAG(s) 'WeatherToronto_ETL' retrieved from /opt/airflow/dags/Shi_HW 3.py
[2026-09-14T04:23:13.798+0000] {logging_mixin.py:190} INFO - [2026-09-14T04:23:13.797+0000] {dag.py:3229} INFO - Sync 1 DAGs
[2026-09-14T04:23:13.807+0000] {logging_mixin.py:190} INFO - [2026-09-14T04:23:13.807+0000] {dag.py:4156} INFO - Setting next_dagrun for WeatherToronto_ETL to 2026-09-13 18:00:00+00:00, run_after=2026-09-14 18:00:00+00:00
[2026-09-14T04:23:13.813+0000] {processor.py:208} INFO - Processing /opt/airflow/dags/Shi_HW 3.py took 0.051 seconds
[2026-09-14T04:23:44.166+0000] {processor.py:186} INFO - Started process (PID=43831) to work on /opt/airflow/dags/Shi_HW 3.py
[2026-09-14T04:23:44.170+0000] {processor.py:914} INFO - Processing file /opt/airflow/dags/Shi_HW 3.py for tasks to queue
[2026-09-14T04:23:44.171+0000] {logging_mixin.py:190} INFO - [2026-09-14T04:23:44.171+0000] {dagbag.py:587} INFO - Filling up the DagBag from /opt/airflow/dags/Shi_HW 3.py
[2026-09-14T04:23:44.189+0000] {processor.py:925} INFO - DAG(s) 'WeatherToronto_ETL' retrieved from /opt/airflow/dags/Shi_HW 3.py
[2026-09-14T04:23:44.198+0000] {logging_mixin.py:190} INFO - [2026-09-14T04:23:44.197+0000] {dag.py:3229} INFO - Sync 1 DAGs
[2026-09-14T04:23:44.207+0000] {logging_mixin.py:190} INFO - [2026-09-14T04:23:44.207+0000] {dag.py:4156} INFO - Setting next_dagrun for WeatherToronto_ETL to 2026-09-13 18:00:00+00:00, run_after=2026-09-14 18:00:00+00:00
[2026-09-14T04:23:44.213+0000] {processor.py:208} INFO - Processing /opt/airflow/dags/Shi_HW 3.py took 0.052 seconds
[2026-09-14T04:24:14.601+0000] {processor.py:186} INFO - Started process (PID=43842) to work on /opt/airflow/dags/Shi_HW 3.py
[2026-09-14T04:24:14.605+0000] {processor.py:914} INFO - Processing file /opt/airflow/dags/Shi_HW 3.py for tasks to queue
[2026-09-14T04:24:14.606+0000] {logging_mixin.py:190} INFO - [2026-09-14T04:24:14.605+0000] {dagbag.py:587} INFO - Filling up the DagBag from /opt/airflow/dags/Shi_HW 3.py
[2026-09-14T04:24:14.624+0000] {processor.py:925} INFO - DAG(s) 'WeatherToronto_ETL' retrieved from /opt/airflow/dags/Shi_HW 3.py
[2026-09-14T04:24:14.633+0000] {logging_mixin.py:190} INFO - [2026-09-14T04:24:14.632+0000] {dag.py:3229} INFO - Sync 1 DAGs
[2026-09-14T04:24:14.646+0000] {logging_mixin.py:190} INFO - [2026-09-14T04:24:14.645+0000] {dag.py:4156} INFO - Setting next_dagrun for WeatherToronto_ETL to 2026-09-13 18:00:00+00:00, run_after=2026-09-14 18:00:00+00:00
[2026-09-14T04:24:14.743+0000] {processor.py:208} INFO - Processing /opt/airflow/dags/Shi_HW 3.py took 0.148 seconds
[2026-09-14T04:24:45.020+0000] {processor.py:186} INFO - Started process (PID=43853) to work on /opt/airflow/dags/Shi_HW 3.py
[2026-09-14T04:24:45.023+0000] {processor.py:914} INFO - Processing file /opt/airflow/dags/Shi_HW 3.py for tasks to queue
[2026-09-14T04:24:45.024+0000] {logging_mixin.py:190} INFO - [2026-09-14T04:24:45.024+0000] {dagbag.py:587} INFO - Filling up the DagBag from /opt/airflow/dags/Shi_HW 3.py
[2026-09-14T04:24:45.044+0000] {processor.py:925} INFO - DAG(s) 'WeatherToronto_ETL' retrieved from /opt/airflow/dags/Shi_HW 3.py
[2026-09-14T04:24:45.054+0000] {logging_mixin.py:190} INFO - [2026-09-14T04:24:45.053+0000] {dag.py:3229} INFO - Sync 1 DAGs
[2026-09-14T04:24:45.159+0000] {logging_mixin.py:190} INFO - [2026-09-14T04:24:45.159+0000] {dag.py:4156} INFO - Setting next_dagrun for WeatherToronto_ETL to 2026-09-13 18:00:00+00:00, run_after=2026-09-14 18:00:00+00:00
[2026-09-14T04:24:45.164+0000] {processor.py:208} INFO - Processing /opt/airflow/dags/Shi_HW 3.py took 0.151 seconds
[2026-09-14T04:25:15.500+0000] {processor.py:186} INFO - Started process (PID=43864) to work on /opt/airflow/dags/Shi_HW 3.py
[2026-09-14T04:25:15.503+0000] {processor.py:914} INFO - Processing file /opt/airflow/dags/Shi_HW 3.py for tasks to queue
[2026-09-14T04:25:15.504+0000] {logging_mixin.py:190} INFO - [2026-09-14T04:25:15.504+0000] {dagbag.py:587} INFO - Filling up the DagBag from /opt/airflow/dags/Shi_HW 3.py
[2026-09-14T04:25:15.523+0000] {processor.py:925} INFO - DAG(s) 'WeatherToronto_ETL' retrieved from /opt/airflow/dags/Shi_HW 3.py
[2026-09-14T04:25:15.533+0000] {logging_mixin.py:190} INFO - [2026-09-14T04:25:15.532+0000] {dag.py:3229} INFO - Sync 1 DAGs
[2026-09-14T04:25:15.544+0000] {logging_mixin.py:190} INFO - [2026-09-14T04:25:15.544+0000] {dag.py:4156} INFO - Setting next_dagrun for WeatherToronto_ETL to 2026-09-13 18:00:00+00:00, run_after=2026-09-14 18:00:00+00:00
[2026-09-14T04:25:15.550+0000] {processor.py:208} INFO - Processing /opt/airflow/dags/Shi_HW 3.py took 0.056 seconds
[2026-09-14T04:25:45.899+0000] {processor.py:186} INFO - Started process (PID=43875) to work on /opt/airflow/dags/Shi_HW 3.py
[2026-09-14T04:25:45.902+0000] {processor.py:914} INFO - Processing file /opt/airflow/dags/Shi_HW 3.py for tasks to queue
[2026-09-14T04:25:45.903+0000] {logging_mixin.py:190} INFO - [2026-09-14T04:25:45.903+0000] {dagbag.py:587} INFO - Filling up the DagBag from /opt/airflow/dags/Shi_HW 3.py
[2026-09-14T04:25:45.919+0000] {processor.py:925} INFO - DAG(s) 'WeatherToronto_ETL' retrieved from /opt/airflow/dags/Shi_HW 3.py
[2026-09-14T04:25:45.928+0000] {logging_mixin.py:190} INFO - [2026-09-14T04:25:45.928+0000] {dag.py:3229} INFO - Sync 1 DAGs
[2026-09-14T04:25:45.939+0000] {logging_mixin.py:190} INFO - [2026-09-14T04:25:45.939+0000] {dag.py:4156} INFO - Setting next_dagrun for WeatherToronto_ETL to 2026-09-13 18:00:00+00:00, run_after=2026-09-14 18:00:00+00:00
[2026-09-14T04:25:45.945+0000] {processor.py:208} INFO - Processing /opt/airflow/dags/Shi_HW 3.py took 0.051 seconds
[2026-09-14T04:26:16.246+0000] {processor.py:186} INFO - Started process (PID=43886) to work on /opt/airflow/dags/Shi_HW 3.py
[2026-09-14T04:26:16.250+0000] {processor.py:914} INFO - Processing file /opt/airflow/dags/Shi_HW 3.py for tasks to queue
[2026-09-14T04:26:16.251+0000] {logging_mixin.py:190} INFO - [2026-09-14T04:26:16.251+0000] {dagbag.py:587} INFO - Filling up the DagBag from /opt/airflow/dags/Shi_HW 3.py
[2026-09-14T04:26:16.275+0000] {processor.py:925} INFO - DAG(s) 'WeatherToronto_ETL' retrieved from /opt/airflow/dags/Shi_HW 3.py
[2026-09-14T04:26:16.285+0000] {logging_mixin.py:190} INFO - [2026-09-14T04:26:16.285+0000] {dag.py:3229} INFO - Sync 1 DAGs
[2026-09-14T04:26:16.295+0000] {logging_mixin.py:190} INFO - [2026-09-14T04:26:16.295+0000] {dag.py:4156} INFO - Setting next_dagrun for WeatherToronto_ETL to 2026-09-13 18:00:00+00:00, run_after=2026-09-14 18:00:00+00:00
[2026-09-14T04:26:16.301+0000] {processor.py:208} INFO - Processing /opt/airflow/dags/Shi_HW 3.py took 0.063 seconds
[2026-09-14T04:26:46.566+0000] {processor.py:186} INFO - Started process (PID=43897) to work on /opt/airflow/dags/Shi_HW 3.py
[2026-09-14T04:26:46.569+0000] {processor.py:914} INFO - Processing file /opt/airflow/dags/Shi_HW 3.py for tasks to queue
[2026-09-14T04:26:46.570+0000] {logging_mixin.py:190} INFO - [2026-09-14T04:26:46.570+0000] {dagbag.py:587} INFO - Filling up the DagBag from /opt/airflow/dags/Shi_HW 3.py
[2026-09-14T04:26:46.590+0000] {processor.py:925} INFO - DAG(s) 'WeatherToronto_ETL' retrieved from /opt/airflow/dags/Shi_HW 3.py
[2026-09-14T04:26:46.600+0000] {logging_mixin.py:190} INFO - [2026-09-14T04:26:46.599+0000] {dag.py:3229} INFO - Sync 1 DAGs
[2026-09-14T04:26:46.614+0000] {logging_mixin.py:190} INFO - [2026-09-14T04:26:46.614+0000] {dag.py:4156} INFO - Setting next_dagrun for WeatherToronto_ETL to 2026-09-13 18:00:00+00:00, run_after=2026-09-14 18:00:00+00:00
[2026-09-14T04:26:46.621+0000] {processor.py:208} INFO - Processing /opt/airflow/dags/Shi_HW 3.py took 0.061 seconds
[2026-09-14T04:27:17.028+0000] {processor.py:186} INFO - Started process (PID=43908) to work on /opt/airflow/dags/Shi_HW 3.py
[2026-09-14T04:27:17.032+0000] {processor.py:914} INFO - Processing file /opt/airflow/dags/Shi_HW 3.py for tasks to queue
[2026-09-14T04:27:17.033+0000] {logging_mixin.py:190} INFO - [2026-09-14T04:27:17.032+0000] {dagbag.py:587} INFO - Filling up the DagBag from /opt/airflow/dags/Shi_HW 3.py
[2026-09-14T04:27:17.053+0000] {processor.py:925} INFO - DAG(s) 'WeatherToronto_ETL' retrieved from /opt/airflow/dags/Shi_HW 3.py
[2026-09-14T04:27:17.063+0000] {logging_mixin.py:190} INFO - [2026-09-14T04:27:17.062+0000] {dag.py:3229} INFO - Sync 1 DAGs
[2026-09-14T04:27:17.302+0000] {logging_mixin.py:190} INFO - [2026-09-14T04:27:17.302+0000] {dag.py:4156} INFO - Setting next_dagrun for WeatherToronto_ETL to 2026-09-13 18:00:00+00:00, run_after=2026-09-14 18:00:00+00:00
[2026-09-14T04:27:17.308+0000] {processor.py:208} INFO - Processing /opt/airflow/dags/Shi_HW 3.py took 0.286 seconds
[2026-09-14T04:27:47.421+0000] {processor.py:186} INFO - Started process (PID=43919) to work on /opt/airflow/dags/Shi_HW 3.py
[2026-09-14T04:27:47.425+0000] {processor.py:914} INFO - Processing file /opt/airflow/dags/Shi_HW 3.py for tasks to queue
[2026-09-14T04:27:47.426+0000] {logging_mixin.py:190} INFO - [2026-09-14T04:27:47.425+0000] {dagbag.py:587} INFO - Filling up the DagBag from /opt/airflow/dags/Shi_HW 3.py
[2026-09-14T04:27:47.446+0000] {processor.py:925} INFO - DAG(s) 'WeatherToronto_ETL' retrieved from /opt/airflow/dags/Shi_HW 3.py
[2026-09-14T04:27:47.456+0000] {logging_mixin.py:190} INFO - [2026-09-14T04:27:47.455+0000] {dag.py:3229} INFO - Sync 1 DAGs
[2026-09-14T04:27:47.466+0000] {logging_mixin.py:190} INFO - [2026-09-14T04:27:47.466+0000] {dag.py:4156} INFO - Setting next_dagrun for WeatherToronto_ETL to 2026-09-13 18:00:00+00:00, run_after=2026-09-14 18:00:00+00:00
[2026-09-14T04:27:47.472+0000] {processor.py:208} INFO - Processing /opt/airflow/dags/Shi_HW 3.py took 0.058 seconds
[2026-09-14T04:28:17.840+0000] {processor.py:186} INFO - Started process (PID=43930) to work on /opt/airflow/dags/Shi_HW 3.py
[2026-09-14T04:28:17.845+0000] {processor.py:914} INFO - Processing file /opt/airflow/dags/Shi_HW 3.py for tasks to queue
[2026-09-14T04:28:17.846+0000] {logging_mixin.py:190} INFO - [2026-09-14T04:28:17.845+0000] {dagbag.py:587} INFO - Filling up the DagBag from /opt/airflow/dags/Shi_HW 3.py
[2026-09-14T04:28:17.870+0000] {processor.py:925} INFO - DAG(s) 'WeatherToronto_ETL' retrieved from /opt/airflow/dags/Shi_HW 3.py
[2026-09-14T04:28:17.883+0000] {logging_mixin.py:190} INFO - [2026-09-14T04:28:17.882+0000] {dag.py:3229} INFO - Sync 1 DAGs
[2026-09-14T04:28:17.896+0000] {logging_mixin.py:190} INFO - [2026-09-14T04:28:17.896+0000] {dag.py:4156} INFO - Setting next_dagrun for WeatherToronto_ETL to 2026-09-13 18:00:00+00:00, run_after=2026-09-14 18:00:00+00:00
[2026-09-14T04:28:17.903+0000] {processor.py:208} INFO - Processing /opt/airflow/dags/Shi_HW 3.py took 0.071 seconds
[2026-09-14T04:28:48.154+0000] {processor.py:186} INFO - Started process (PID=43941) to work on /opt/airflow/dags/Shi_HW 3.py
[2026-09-14T04:28:48.157+0000] {processor.py:914} INFO - Processing file /opt/airflow/dags/Shi_HW 3.py for tasks to queue
[2026-09-14T04:28:48.158+0000] {logging_mixin.py:190} INFO - [2026-09-14T04:28:48.158+0000] {dagbag.py:587} INFO - Filling up the DagBag from /opt/airflow/dags/Shi_HW 3.py
[2026-09-14T04:28:48.173+0000] {processor.py:925} INFO - DAG(s) 'WeatherToronto_ETL' retrieved from /opt/airflow/dags/Shi_HW 3.py
[2026-09-14T04:28:48.182+0000] {logging_mixin.py:190} INFO - [2026-09-14T04:28:48.181+0000] {dag.py:3229} INFO - Sync 1 DAGs
[2026-09-14T04:28:48.192+0000] {logging_mixin.py:190} INFO - [2026-09-14T04:28:48.192+0000] {dag.py:4156} INFO - Setting next_dagrun for WeatherToronto_ETL to 2026-09-13 18:00:00+00:00, run_after=2026-09-14 18:00:00+00:00
[2026-09-14T04:28:48.198+0000] {processor.py:208} INFO - Processing /opt/airflow/dags/Shi_HW 3.py took 0.050 seconds
[2026-09-14T04:29:19.080+0000] {processor.py:186} INFO - Started process (PID=43952) to work on /opt/airflow/dags/Shi_HW 3.py
[2026-09-14T04:29:19.083+0000] {processor.py:914} INFO - Processing file /opt/airflow/dags/Shi_HW 3.py for tasks to queue
[2026-09-14T04:29:19.084+0000] {logging_mixin.py:190} INFO - [2026-09-14T04:29:19.084+0000] {dagbag.py:587} INFO - Filling up the DagBag from /opt/airflow/dags/Shi_HW 3.py
[2026-09-14T04:29:19.109+0000] {processor.py:925} INFO - DAG(s) 'WeatherToronto_ETL' retrieved from /opt/airflow/dags/Shi_HW 3.py
[2026-09-14T04:29:19.123+0000] {logging_mixin.py:190} INFO - [2026-09-14T04:29:19.122+0000] {dag.py:3229} INFO - Sync 1 DAGs
[2026-09-14T04:29:19.137+0000] {logging_mixin.py:190} INFO - [2026-09-14T04:29:19.137+0000] {dag.py:4156} INFO - Setting next_dagrun for WeatherToronto_ETL to 2026-09-13 18:00:00+00:00, run_after=2026-09-14 18:00:00+00:00
[2026-09-14T04:29:19.282+0000] {processor.py:208} INFO - Processing /opt/airflow/dags/Shi_HW 3.py took 0.209 seconds
[2026-09-14T04:29:49.416+0000] {processor.py:186} INFO - Started process (PID=43963) to work on /opt/airflow/dags/Shi_HW 3.py
[2026-09-14T04:29:49.419+0000] {processor.py:914} INFO - Processing file /opt/airflow/dags/Shi_HW 3.py for tasks to queue
[2026-09-14T04:29:49.420+0000] {logging_mixin.py:190} INFO - [2026-09-14T04:29:49.420+0000] {dagbag.py:587} INFO - Filling up the DagBag from /opt/airflow/dags/Shi_HW 3.py
[2026-09-14T04:29:49.437+0000] {processor.py:925} INFO - DAG(s) 'WeatherToronto_ETL' retrieved from /opt/airflow/dags/Shi_HW 3.py
[2026-09-14T04:29:49.445+0000] {logging_mixin.py:190} INFO - [2026-09-14T04:29:49.444+0000] {dag.py:3229} INFO - Sync 1 DAGs
[2026-09-14T04:29:49.536+0000] {logging_mixin.py:190} INFO - [2026-09-14T04:29:49.536+0000] {dag.py:4156} INFO - Setting next_dagrun for WeatherToronto_ETL to 2026-09-13 18:00:00+00:00, run_after=2026-09-14 18:00:00+00:00
[2026-09-14T04:29:49.541+0000] {processor.py:208} INFO - Processing /opt/airflow/dags/Shi_HW 3.py took 0.130 seconds
[2026-09-14T04:30:19.785+0000] {processor.py:186} INFO - Started process (PID=43974) to work on /opt/airflow/dags/Shi_HW 3.py
[2026-09-14T04:30:19.788+0000] {processor.py:914} INFO - Processing file /opt/airflow/dags/Shi_HW 3.py for tasks to queue
[2026-09-14T04:30:19.789+0000] {logging_mixin.py:190} INFO - [2026-09-14T04:30:19.789+0000] {dagbag.py:587} INFO - Filling up the DagBag from /opt/airflow/dags/Shi_HW 3.py
[2026-09-14T04:30:19.803+0000] {processor.py:925} INFO - DAG(s) 'WeatherToronto_ETL' retrieved from /opt/airflow/dags/Shi_HW 3.py
[2026-09-14T04:30:19.811+0000] {logging_mixin.py:190} INFO - [2026-09-14T04:30:19.811+0000] {dag.py:3229} INFO - Sync 1 DAGs
[2026-09-14T04:30:19.820+0000] {logging_mixin.py:190} INFO - [2026-09-14T04:30:19.820+0000] {dag.py:4156} INFO - Setting next_dagrun for WeatherToronto_ETL to 2026-09-13 18:00:00+00:00, run_after=2026-09-14 18:00:00+00:00
[2026-09-14T04:30:19.827+0000] {processor.py:208} INFO - Processing /opt/airflow/dags/Shi_HW 3.py took 0.047 seconds
[2026-09-14T04:30:50.189+0000] {processor.py:186} INFO - Started process (PID=43985) to work on /opt/airflow/dags/Shi_HW 3.py
[2026-09-14T04:30:50.192+0000] {processor.py:914} INFO - Processing file /opt/airflow/dags/Shi_HW 3.py for tasks to queue
[2026-09-14T04:30:50.193+0000] {logging_mixin.py:190} INFO - [2026-09-14T04:30:50.193+0000] {dagbag.py:587} INFO - Filling up the DagBag from /opt/airflow/dags/Shi_HW 3.py
[2026-09-14T04:30:50.210+0000] {processor.py:925} INFO - DAG(s) 'WeatherToronto_ETL' retrieved from /opt/airflow/dags/Shi_HW 3.py
[2026-09-14T04:30:50.218+0000] {logging_mixin.py:190} INFO - [2026-09-14T04:30:50.218+0000] {dag.py:3229} INFO - Sync 1 DAGs
[2026-09-14T04:30:50.228+0000] {logging_mixin.py:190} INFO - [2026-09-14T04:30:50.228+0000] {dag.py:4156} INFO - Setting next_dagrun for WeatherToronto_ETL to 2026-09-13 18:00:00+00:00, run_after=2026-09-14 18:00:00+00:00
[2026-09-14T04:30:50.235+0000] {processor.py:208} INFO - Processing /opt/airflow/dags/Shi_HW 3.py took 0.051 seconds
[2026-09-14T04:31:20.590+0000] {processor.py:186} INFO - Started process (PID=43997) to work on /opt/airflow/dags/Shi_HW 3.py
[2026-09-14T04:31:20.594+0000] {processor.py:914} INFO - Processing file /opt/airflow/dags/Shi_HW 3.py for tasks to queue
[2026-09-14T04:31:20.596+0000] {logging_mixin.py:190} INFO - [2026-09-14T04:31:20.595+0000] {dagbag.py:587} INFO - Filling up the DagBag from /opt/airflow/dags/Shi_HW 3.py
[2026-09-14T04:31:20.619+0000] {processor.py:925} INFO - DAG(s) 'WeatherToronto_ETL' retrieved from /opt/airflow/dags/Shi_HW 3.py
[2026-09-14T04:31:20.632+0000] {logging_mixin.py:190} INFO - [2026-09-14T04:31:20.630+0000] {dag.py:3229} INFO - Sync 1 DAGs
[2026-09-14T04:31:20.646+0000] {logging_mixin.py:190} INFO - [2026-09-14T04:31:20.646+0000] {dag.py:4156} INFO - Setting next_dagrun for WeatherToronto_ETL to 2026-09-13 18:00:00+00:00, run_after=2026-09-14 18:00:00+00:00
[2026-09-14T04:31:20.657+0000] {processor.py:208} INFO - Processing /opt/airflow/dags/Shi_HW 3.py took 0.075 seconds
[2026-09-14T04:31:50.939+0000] {processor.py:186} INFO - Started process (PID=44008) to work on /opt/airflow/dags/Shi_HW 3.py
[2026-09-14T04:31:50.942+0000] {processor.py:914} INFO - Processing file /opt/airflow/dags/Shi_HW 3.py for tasks to queue
[2026-09-14T04:31:50.943+0000] {logging_mixin.py:190} INFO - [2026-09-14T04:31:50.942+0000] {dagbag.py:587} INFO - Filling up the DagBag from /opt/airflow/dags/Shi_HW 3.py
[2026-09-14T04:31:50.961+0000] {processor.py:925} INFO - DAG(s) 'WeatherToronto_ETL' retrieved from /opt/airflow/dags/Shi_HW 3.py
[2026-09-14T04:31:50.971+0000] {logging_mixin.py:190} INFO - [2026-09-14T04:31:50.970+0000] {dag.py:3229} INFO - Sync 1 DAGs
[2026-09-14T04:31:50.981+0000] {logging_mixin.py:190} INFO - [2026-09-14T04:31:50.981+0000] {dag.py:4156} INFO - Setting next_dagrun for WeatherToronto_ETL to 2026-09-13 18:00:00+00:00, run_after=2026-09-14 18:00:00+00:00
[2026-09-14T04:31:50.988+0000] {processor.py:208} INFO - Processing /opt/airflow/dags/Shi_HW 3.py took 0.056 seconds
[2026-09-14T04:32:21.295+0000] {processor.py:186} INFO - Started process (PID=44019) to work on /opt/airflow/dags/Shi_HW 3.py
[2026-09-14T04:32:21.297+0000] {processor.py:914} INFO - Processing file /opt/airflow/dags/Shi_HW 3.py for tasks to queue
[2026-09-14T04:32:21.298+0000] {logging_mixin.py:190} INFO - [2026-09-14T04:32:21.298+0000] {dagbag.py:587} INFO - Filling up the DagBag from /opt/airflow/dags/Shi_HW 3.py
[2026-09-14T04:32:21.312+0000] {processor.py:925} INFO - DAG(s) 'WeatherToronto_ETL' retrieved from /opt/airflow/dags/Shi_HW 3.py
[2026-09-14T04:32:21.320+0000] {logging_mixin.py:190} INFO - [2026-09-14T04:32:21.320+0000] {dag.py:3229} INFO - Sync 1 DAGs
[2026-09-14T04:32:21.453+0000] {logging_mixin.py:190} INFO - [2026-09-14T04:32:21.453+0000] {dag.py:4156} INFO - Setting next_dagrun for WeatherToronto_ETL to 2026-09-13 18:00:00+00:00, run_after=2026-09-14 18:00:00+00:00
[2026-09-14T04:32:21.459+0000] {processor.py:208} INFO - Processing /opt/airflow/dags/Shi_HW 3.py took 0.170 seconds
[2026-09-14T04:32:51.650+0000] {processor.py:186} INFO - Started process (PID=44030) to work on /opt/airflow/dags/Shi_HW 3.py
[2026-09-14T04:32:51.653+0000] {processor.py:914} INFO - Processing file /opt/airflow/dags/Shi_HW 3.py for tasks to queue
[2026-09-14T04:32:51.654+0000] {logging_mixin.py:190} INFO - [2026-09-14T04:32:51.653+0000] {dagbag.py:587} INFO - Filling up the DagBag from /opt/airflow/dags/Shi_HW 3.py
[2026-09-14T04:32:51.672+0000] {processor.py:925} INFO - DAG(s) 'WeatherToronto_ETL' retrieved from /opt/airflow/dags/Shi_HW 3.py
[2026-09-14T04:32:51.767+0000] {logging_mixin.py:190} INFO - [2026-09-14T04:32:51.767+0000] {dag.py:3229} INFO - Sync 1 DAGs
[2026-09-14T04:32:51.774+0000] {logging_mixin.py:190} INFO - [2026-09-14T04:32:51.774+0000] {dag.py:4156} INFO - Setting next_dagrun for WeatherToronto_ETL to 2026-09-13 18:00:00+00:00, run_after=2026-09-14 18:00:00+00:00
[2026-09-14T04:32:51.779+0000] {processor.py:208} INFO - Processing /opt/airflow/dags/Shi_HW 3.py took 0.137 seconds
[2026-09-14T04:33:22.138+0000] {processor.py:186} INFO - Started process (PID=44041) to work on /opt/airflow/dags/Shi_HW 3.py
[2026-09-14T04:33:22.141+0000] {processor.py:914} INFO - Processing file /opt/airflow/dags/Shi_HW 3.py for tasks to queue
[2026-09-14T04:33:22.142+0000] {logging_mixin.py:190} INFO - [2026-09-14T04:33:22.141+0000] {dagbag.py:587} INFO - Filling up the DagBag from /opt/airflow/dags/Shi_HW 3.py
[2026-09-14T04:33:22.160+0000] {processor.py:925} INFO - DAG(s) 'WeatherToronto_ETL' retrieved from /opt/airflow/dags/Shi_HW 3.py
[2026-09-14T04:33:22.169+0000] {logging_mixin.py:190} INFO - [2026-09-14T04:33:22.168+0000] {dag.py:3229} INFO - Sync 1 DAGs
[2026-09-14T04:33:22.179+0000] {logging_mixin.py:190} INFO - [2026-09-14T04:33:22.179+0000] {dag.py:4156} INFO - Setting next_dagrun for WeatherToronto_ETL to 2026-09-13 18:00:00+00:00, run_after=2026-09-14 18:00:00+00:00
[2026-09-14T04:33:22.185+0000] {processor.py:208} INFO - Processing /opt/airflow/dags/Shi_HW 3.py took 0.054 seconds
[2026-09-14T04:33:52.515+0000] {processor.py:186} INFO - Started process (PID=44052) to work on /opt/airflow/dags/Shi_HW 3.py
[2026-09-14T04:33:52.518+0000] {processor.py:914} INFO - Processing file /opt/airflow/dags/Shi_HW 3.py for tasks to queue
[2026-09-14T04:33:52.518+0000] {logging_mixin.py:190} INFO - [2026-09-14T04:33:52.518+0000] {dagbag.py:587} INFO - Filling up the DagBag from /opt/airflow/dags/Shi_HW 3.py
[2026-09-14T04:33:52.533+0000] {processor.py:925} INFO - DAG(s) 'WeatherToronto_ETL' retrieved from /opt/airflow/dags/Shi_HW 3.py
[2026-09-14T04:33:52.541+0000] {logging_mixin.py:190} INFO - [2026-09-14T04:33:52.540+0000] {dag.py:3229} INFO - Sync 1 DAGs
[2026-09-14T04:33:52.551+0000] {logging_mixin.py:190} INFO - [2026-09-14T04:33:52.551+0000] {dag.py:4156} INFO - Setting next_dagrun for WeatherToronto_ETL to 2026-09-13 18:00:00+00:00, run_after=2026-09-14 18:00:00+00:00
[2026-09-14T04:33:52.557+0000] {processor.py:208} INFO - Processing /opt/airflow/dags/Shi_HW 3.py took 0.047 seconds
[2026-09-14T04:34:22.859+0000] {processor.py:186} INFO - Started process (PID=44063) to work on /opt/airflow/dags/Shi_HW 3.py
[2026-09-14T04:34:22.860+0000] {processor.py:914} INFO - Processing file /opt/airflow/dags/Shi_HW 3.py for tasks to queue
[2026-09-14T04:34:22.861+0000] {logging_mixin.py:190} INFO - [2026-09-14T04:34:22.861+0000] {dagbag.py:587} INFO - Filling up the DagBag from /opt/airflow/dags/Shi_HW 3.py
[2026-09-14T04:34:22.873+0000] {processor.py:925} INFO - DAG(s) 'WeatherToronto_ETL' retrieved from /opt/airflow/dags/Shi_HW 3.py
[2026-09-14T04:34:22.880+0000] {logging_mixin.py:190} INFO - [2026-09-14T04:34:22.880+0000] {dag.py:3229} INFO - Sync 1 DAGs
[2026-09-14T04:34:22.889+0000] {logging_mixin.py:190} INFO - [2026-09-14T04:34:22.889+0000] {dag.py:4156} INFO - Setting next_dagrun for WeatherToronto_ETL to 2026-09-13 18:00:00+00:00, run_after=2026-09-14 18:00:00+00:00
[2026-09-14T04:34:22.896+0000] {processor.py:208} INFO - Processing /opt/airflow/dags/Shi_HW 3.py took 0.040 seconds
[2026-09-14T04:34:53.217+0000] {processor.py:186} INFO - Started process (PID=44074) to work on /opt/airflow/dags/Shi_HW 3.py
[2026-09-14T04:34:53.220+0000] {processor.py:914} INFO - Processing file /opt/airflow/dags/Shi_HW 3.py for tasks to queue
[2026-09-14T04:34:53.221+0000] {logging_mixin.py:190} INFO - [2026-09-14T04:34:53.220+0000] {dagbag.py:587} INFO - Filling up the DagBag from /opt/airflow/dags/Shi_HW 3.py
[2026-09-14T04:34:53.238+0000] {processor.py:925} INFO - DAG(s) 'WeatherToronto_ETL' retrieved from /opt/airflow/dags/Shi_HW 3.py
[2026-09-14T04:34:53.247+0000] {logging_mixin.py:190} INFO - [2026-09-14T04:34:53.246+0000] {dag.py:3229} INFO - Sync 1 DAGs
[2026-09-14T04:34:53.345+0000] {logging_mixin.py:190} INFO - [2026-09-14T04:34:53.345+0000] {dag.py:4156} INFO - Setting next_dagrun for WeatherToronto_ETL to 2026-09-13 18:00:00+00:00, run_after=2026-09-14 18:00:00+00:00
[2026-09-14T04:34:53.351+0000] {processor.py:208} INFO - Processing /opt/airflow/dags/Shi_HW 3.py took 0.140 seconds
[2026-09-14T04:35:23.539+0000] {processor.py:186} INFO - Started process (PID=44085) to work on /opt/airflow/dags/Shi_HW 3.py
[2026-09-14T04:35:23.541+0000] {processor.py:914} INFO - Processing file /opt/airflow/dags/Shi_HW 3.py for tasks to queue
[2026-09-14T04:35:23.542+0000] {logging_mixin.py:190} INFO - [2026-09-14T04:35:23.542+0000] {dagbag.py:587} INFO - Filling up the DagBag from /opt/airflow/dags/Shi_HW 3.py
[2026-09-14T04:35:23.565+0000] {processor.py:925} INFO - DAG(s) 'WeatherToronto_ETL' retrieved from /opt/airflow/dags/Shi_HW 3.py
[2026-09-14T04:35:23.692+0000] {logging_mixin.py:190} INFO - [2026-09-14T04:35:23.692+0000] {dag.py:3229} INFO - Sync 1 DAGs
[2026-09-14T04:35:23.700+0000] {logging_mixin.py:190} INFO - [2026-09-14T04:35:23.700+0000] {dag.py:4156} INFO - Setting next_dagrun for WeatherToronto_ETL to 2026-09-13 18:00:00+00:00, run_after=2026-09-14 18:00:00+00:00
[2026-09-14T04:35:23.705+0000] {processor.py:208} INFO - Processing /opt/airflow/dags/Shi_HW 3.py took 0.173 seconds
[2026-09-14T04:35:54.015+0000] {processor.py:186} INFO - Started process (PID=44096) to work on /opt/airflow/dags/Shi_HW 3.py
[2026-09-14T04:35:54.017+0000] {processor.py:914} INFO - Processing file /opt/airflow/dags/Shi_HW 3.py for tasks to queue
[2026-09-14T04:35:54.018+0000] {logging_mixin.py:190} INFO - [2026-09-14T04:35:54.018+0000] {dagbag.py:587} INFO - Filling up the DagBag from /opt/airflow/dags/Shi_HW 3.py
[2026-09-14T04:35:54.037+0000] {processor.py:925} INFO - DAG(s) 'WeatherToronto_ETL' retrieved from /opt/airflow/dags/Shi_HW 3.py
[2026-09-14T04:35:54.047+0000] {logging_mixin.py:190} INFO - [2026-09-14T04:35:54.046+0000] {dag.py:3229} INFO - Sync 1 DAGs
[2026-09-14T04:35:54.058+0000] {logging_mixin.py:190} INFO - [2026-09-14T04:35:54.058+0000] {dag.py:4156} INFO - Setting next_dagrun for WeatherToronto_ETL to 2026-09-13 18:00:00+00:00, run_after=2026-09-14 18:00:00+00:00
[2026-09-14T04:35:54.065+0000] {processor.py:208} INFO - Processing /opt/airflow/dags/Shi_HW 3.py took 0.056 seconds
[2026-09-14T04:36:24.386+0000] {processor.py:186} INFO - Started process (PID=44107) to work on /opt/airflow/dags/Shi_HW 3.py
[2026-09-14T04:36:24.388+0000] {processor.py:914} INFO - Processing file /opt/airflow/dags/Shi_HW 3.py for tasks to queue
[2026-09-14T04:36:24.389+0000] {logging_mixin.py:190} INFO - [2026-09-14T04:36:24.388+0000] {dagbag.py:587} INFO - Filling up the DagBag from /opt/airflow/dags/Shi_HW 3.py
[2026-09-14T04:36:24.407+0000] {processor.py:925} INFO - DAG(s) 'WeatherToronto_ETL' retrieved from /opt/airflow/dags/Shi_HW 3.py
[2026-09-14T04:36:24.416+0000] {logging_mixin.py:190} INFO - [2026-09-14T04:36:24.415+0000] {dag.py:3229} INFO - Sync 1 DAGs
[2026-09-14T04:36:24.426+0000] {logging_mixin.py:190} INFO - [2026-09-14T04:36:24.426+0000] {dag.py:4156} INFO - Setting next_dagrun for WeatherToronto_ETL to 2026-09-13 18:00:00+00:00, run_after=2026-09-14 18:00:00+00:00
[2026-09-14T04:36:24.432+0000] {processor.py:208} INFO - Processing /opt/airflow/dags/Shi_HW 3.py took 0.052 seconds
[2026-09-14T04:36:54.779+0000] {processor.py:186} INFO - Started process (PID=44118) to work on /opt/airflow/dags/Shi_HW 3.py
[2026-09-14T04:36:54.782+0000] {processor.py:914} INFO - Processing file /opt/airflow/dags/Shi_HW 3.py for tasks to queue
[2026-09-14T04:36:54.783+0000] {logging_mixin.py:190} INFO - [2026-09-14T04:36:54.783+0000] {dagbag.py:587} INFO - Filling up the DagBag from /opt/airflow/dags/Shi_HW 3.py
[2026-09-14T04:36:54.801+0000] {processor.py:925} INFO - DAG(s) 'WeatherToronto_ETL' retrieved from /opt/airflow/dags/Shi_HW 3.py
[2026-09-14T04:36:54.811+0000] {logging_mixin.py:190} INFO - [2026-09-14T04:36:54.810+0000] {dag.py:3229} INFO - Sync 1 DAGs
[2026-09-14T04:36:54.822+0000] {logging_mixin.py:190} INFO - [2026-09-14T04:36:54.822+0000] {dag.py:4156} INFO - Setting next_dagrun for WeatherToronto_ETL to 2026-09-13 18:00:00+00:00, run_after=2026-09-14 18:00:00+00:00
[2026-09-14T04:36:54.829+0000] {processor.py:208} INFO - Processing /opt/airflow/dags/Shi_HW 3.py took 0.056 seconds
[2026-09-14T04:37:25.188+0000] {processor.py:186} INFO - Started process (PID=44129) to work on /opt/airflow/dags/Shi_HW 3.py
[2026-09-14T04:37:25.190+0000] {processor.py:914} INFO - Processing file /opt/airflow/dags/Shi_HW 3.py for tasks to queue
[2026-09-14T04:37:25.191+0000] {logging_mixin.py:190} INFO - [2026-09-14T04:37:25.191+0000] {dagbag.py:587} INFO - Filling up the DagBag from /opt/airflow/dags/Shi_HW 3.py
[2026-09-14T04:37:25.214+0000] {processor.py:925} INFO - DAG(s) 'WeatherToronto_ETL' retrieved from /opt/airflow/dags/Shi_HW 3.py
[2026-09-14T04:37:25.226+0000] {logging_mixin.py:190} INFO - [2026-09-14T04:37:25.225+0000] {dag.py:3229} INFO - Sync 1 DAGs
[2026-09-14T04:37:25.358+0000] {logging_mixin.py:190} INFO - [2026-09-14T04:37:25.358+0000] {dag.py:4156} INFO - Setting next_dagrun for WeatherToronto_ETL to 2026-09-13 18:00:00+00:00, run_after=2026-09-14 18:00:00+00:00
[2026-09-14T04:37:25.363+0000] {processor.py:208} INFO - Processing /opt/airflow/dags/Shi_HW 3.py took 0.183 seconds
[2026-09-14T04:37:55.566+0000] {processor.py:186} INFO - Started process (PID=44140) to work on /opt/airflow/dags/Shi_HW 3.py
[2026-09-14T04:37:55.568+0000] {processor.py:914} INFO - Processing file /opt/airflow/dags/Shi_HW 3.py for tasks to queue
[2026-09-14T04:37:55.569+0000] {logging_mixin.py:190} INFO - [2026-09-14T04:37:55.569+0000] {dagbag.py:587} INFO - Filling up the DagBag from /opt/airflow/dags/Shi_HW 3.py
[2026-09-14T04:37:55.588+0000] {processor.py:925} INFO - DAG(s) 'WeatherToronto_ETL' retrieved from /opt/airflow/dags/Shi_HW 3.py
[2026-09-14T04:37:55.597+0000] {logging_mixin.py:190} INFO - [2026-09-14T04:37:55.596+0000] {dag.py:3229} INFO - Sync 1 DAGs
[2026-09-14T04:37:55.686+0000] {logging_mixin.py:190} INFO - [2026-09-14T04:37:55.686+0000] {dag.py:4156} INFO - Setting next_dagrun for WeatherToronto_ETL to 2026-09-13 18:00:00+00:00, run_after=2026-09-14 18:00:00+00:00
[2026-09-14T04:37:55.691+0000] {processor.py:208} INFO - Processing /opt/airflow/dags/Shi_HW 3.py took 0.132 seconds
[2026-09-14T04:38:26.020+0000] {processor.py:186} INFO - Started process (PID=44151) to work on /opt/airflow/dags/Shi_HW 3.py
[2026-09-14T04:38:26.024+0000] {processor.py:914} INFO - Processing file /opt/airflow/dags/Shi_HW 3.py for tasks to queue
[2026-09-14T04:38:26.025+0000] {logging_mixin.py:190} INFO - [2026-09-14T04:38:26.024+0000] {dagbag.py:587} INFO - Filling up the DagBag from /opt/airflow/dags/Shi_HW 3.py
[2026-09-14T04:38:26.042+0000] {processor.py:925} INFO - DAG(s) 'WeatherToronto_ETL' retrieved from /opt/airflow/dags/Shi_HW 3.py
[2026-09-14T04:38:26.051+0000] {logging_mixin.py:190} INFO - [2026-09-14T04:38:26.050+0000] {dag.py:3229} INFO - Sync 1 DAGs
[2026-09-14T04:38:26.060+0000] {logging_mixin.py:190} INFO - [2026-09-14T04:38:26.060+0000] {dag.py:4156} INFO - Setting next_dagrun for WeatherToronto_ETL to 2026-09-13 18:00:00+00:00, run_after=2026-09-14 18:00:00+00:00
[2026-09-14T04:38:26.066+0000] {processor.py:208} INFO - Processing /opt/airflow/dags/Shi_HW 3.py took 0.051 seconds
[2026-09-14T04:38:56.385+0000] {processor.py:186} INFO - Started process (PID=44162) to work on /opt/airflow/dags/Shi_HW 3.py
[2026-09-14T04:38:56.388+0000] {processor.py:914} INFO - Processing file /opt/airflow/dags/Shi_HW 3.py for tasks to queue
[2026-09-14T04:38:56.389+0000] {logging_mixin.py:190} INFO - [2026-09-14T04:38:56.389+0000] {dagbag.py:587} INFO - Filling up the DagBag from /opt/airflow/dags/Shi_HW 3.py
[2026-09-14T04:38:56.404+0000] {processor.py:925} INFO - DAG(s) 'WeatherToronto_ETL' retrieved from /opt/airflow/dags/Shi_HW 3.py
[2026-09-14T04:38:56.412+0000] {logging_mixin.py:190} INFO - [2026-09-14T04:38:56.412+0000] {dag.py:3229} INFO - Sync 1 DAGs
[2026-09-14T04:38:56.422+0000] {logging_mixin.py:190} INFO - [2026-09-14T04:38:56.422+0000] {dag.py:4156} INFO - Setting next_dagrun for WeatherToronto_ETL to 2026-09-13 18:00:00+00:00, run_after=2026-09-14 18:00:00+00:00
[2026-09-14T04:38:56.427+0000] {processor.py:208} INFO - Processing /opt/airflow/dags/Shi_HW 3.py took 0.047 seconds
[2026-09-14T04:39:26.747+0000] {processor.py:186} INFO - Started process (PID=44173) to work on /opt/airflow/dags/Shi_HW 3.py
[2026-09-14T04:39:26.751+0000] {processor.py:914} INFO - Processing file /opt/airflow/dags/Shi_HW 3.py for tasks to queue
[2026-09-14T04:39:26.751+0000] {logging_mixin.py:190} INFO - [2026-09-14T04:39:26.751+0000] {dagbag.py:587} INFO - Filling up the DagBag from /opt/airflow/dags/Shi_HW 3.py
[2026-09-14T04:39:26.769+0000] {processor.py:925} INFO - DAG(s) 'WeatherToronto_ETL' retrieved from /opt/airflow/dags/Shi_HW 3.py
[2026-09-14T04:39:26.777+0000] {logging_mixin.py:190} INFO - [2026-09-14T04:39:26.777+0000] {dag.py:3229} INFO - Sync 1 DAGs
[2026-09-14T04:39:26.786+0000] {logging_mixin.py:190} INFO - [2026-09-14T04:39:26.786+0000] {dag.py:4156} INFO - Setting next_dagrun for WeatherToronto_ETL to 2026-09-13 18:00:00+00:00, run_after=2026-09-14 18:00:00+00:00
[2026-09-14T04:39:26.793+0000] {processor.py:208} INFO - Processing /opt/airflow/dags/Shi_HW 3.py took 0.051 seconds
[2026-09-14T04:39:57.129+0000] {processor.py:186} INFO - Started process (PID=44184) to work on /opt/airflow/dags/Shi_HW 3.py
[2026-09-14T04:39:57.133+0000] {processor.py:914} INFO - Processing file /opt/airflow/dags/Shi_HW 3.py for tasks to queue
[2026-09-14T04:39:57.134+0000] {logging_mixin.py:190} INFO - [2026-09-14T04:39:57.133+0000] {dagbag.py:587} INFO - Filling up the DagBag from /opt/airflow/dags/Shi_HW 3.py
[2026-09-14T04:39:57.152+0000] {processor.py:925} INFO - DAG(s) 'WeatherToronto_ETL' retrieved from /opt/airflow/dags/Shi_HW 3.py
[2026-09-14T04:39:57.161+0000] {logging_mixin.py:190} INFO - [2026-09-14T04:39:57.161+0000] {dag.py:3229} INFO - Sync 1 DAGs
[2026-09-14T04:39:57.256+0000] {logging_mixin.py:190} INFO - [2026-09-14T04:39:57.256+0000] {dag.py:4156} INFO - Setting next_dagrun for WeatherToronto_ETL to 2026-09-13 18:00:00+00:00, run_after=2026-09-14 18:00:00+00:00
[2026-09-14T04:39:57.261+0000] {processor.py:208} INFO - Processing /opt/airflow/dags/Shi_HW 3.py took 0.139 seconds
[2026-09-14T04:40:27.507+0000] {processor.py:186} INFO - Started process (PID=44195) to work on /opt/airflow/dags/Shi_HW 3.py
[2026-09-14T04:40:27.510+0000] {processor.py:914} INFO - Processing file /opt/airflow/dags/Shi_HW 3.py for tasks to queue
[2026-09-14T04:40:27.511+0000] {logging_mixin.py:190} INFO - [2026-09-14T04:40:27.511+0000] {dagbag.py:587} INFO - Filling up the DagBag from /opt/airflow/dags/Shi_HW 3.py
[2026-09-14T04:40:27.529+0000] {processor.py:925} INFO - DAG(s) 'WeatherToronto_ETL' retrieved from /opt/airflow/dags/Shi_HW 3.py
[2026-09-14T04:40:27.624+0000] {logging_mixin.py:190} INFO - [2026-09-14T04:40:27.624+0000] {dag.py:3229} INFO - Sync 1 DAGs
[2026-09-14T04:40:27.631+0000] {logging_mixin.py:190} INFO - [2026-09-14T04:40:27.631+0000] {dag.py:4156} INFO - Setting next_dagrun for WeatherToronto_ETL to 2026-09-13 18:00:00+00:00, run_after=2026-09-14 18:00:00+00:00
[2026-09-14T04:40:27.637+0000] {processor.py:208} INFO - Processing /opt/airflow/dags/Shi_HW 3.py took 0.136 seconds
[2026-09-14T04:40:57.949+0000] {processor.py:186} INFO - Started process (PID=44206) to work on /opt/airflow/dags/Shi_HW 3.py
[2026-09-14T04:40:57.953+0000] {processor.py:914} INFO - Processing file /opt/airflow/dags/Shi_HW 3.py for tasks to queue
[2026-09-14T04:40:57.954+0000] {logging_mixin.py:190} INFO - [2026-09-14T04:40:57.953+0000] {dagbag.py:587} INFO - Filling up the DagBag from /opt/airflow/dags/Shi_HW 3.py
[2026-09-14T04:40:57.975+0000] {processor.py:925} INFO - DAG(s) 'WeatherToronto_ETL' retrieved from /opt/airflow/dags/Shi_HW 3.py
[2026-09-14T04:40:57.985+0000] {logging_mixin.py:190} INFO - [2026-09-14T04:40:57.984+0000] {dag.py:3229} INFO - Sync 1 DAGs
[2026-09-14T04:40:57.995+0000] {logging_mixin.py:190} INFO - [2026-09-14T04:40:57.995+0000] {dag.py:4156} INFO - Setting next_dagrun for WeatherToronto_ETL to 2026-09-13 18:00:00+00:00, run_after=2026-09-14 18:00:00+00:00
[2026-09-14T04:40:58.002+0000] {processor.py:208} INFO - Processing /opt/airflow/dags/Shi_HW 3.py took 0.059 seconds
[2026-09-14T04:41:28.299+0000] {processor.py:186} INFO - Started process (PID=44217) to work on /opt/airflow/dags/Shi_HW 3.py
[2026-09-14T04:41:28.302+0000] {processor.py:914} INFO - Processing file /opt/airflow/dags/Shi_HW 3.py for tasks to queue
[2026-09-14T04:41:28.303+0000] {logging_mixin.py:190} INFO - [2026-09-14T04:41:28.303+0000] {dagbag.py:587} INFO - Filling up the DagBag from /opt/airflow/dags/Shi_HW 3.py
[2026-09-14T04:41:28.322+0000] {processor.py:925} INFO - DAG(s) 'WeatherToronto_ETL' retrieved from /opt/airflow/dags/Shi_HW 3.py
[2026-09-14T04:41:28.331+0000] {logging_mixin.py:190} INFO - [2026-09-14T04:41:28.330+0000] {dag.py:3229} INFO - Sync 1 DAGs
[2026-09-14T04:41:28.341+0000] {logging_mixin.py:190} INFO - [2026-09-14T04:41:28.341+0000] {dag.py:4156} INFO - Setting next_dagrun for WeatherToronto_ETL to 2026-09-13 18:00:00+00:00, run_after=2026-09-14 18:00:00+00:00
[2026-09-14T04:41:28.347+0000] {processor.py:208} INFO - Processing /opt/airflow/dags/Shi_HW 3.py took 0.053 seconds
[2026-09-14T04:41:58.621+0000] {processor.py:186} INFO - Started process (PID=44228) to work on /opt/airflow/dags/Shi_HW 3.py
[2026-09-14T04:41:58.624+0000] {processor.py:914} INFO - Processing file /opt/airflow/dags/Shi_HW 3.py for tasks to queue
[2026-09-14T04:41:58.625+0000] {logging_mixin.py:190} INFO - [2026-09-14T04:41:58.625+0000] {dagbag.py:587} INFO - Filling up the DagBag from /opt/airflow/dags/Shi_HW 3.py
[2026-09-14T04:41:58.643+0000] {processor.py:925} INFO - DAG(s) 'WeatherToronto_ETL' retrieved from /opt/airflow/dags/Shi_HW 3.py
[2026-09-14T04:41:58.652+0000] {logging_mixin.py:190} INFO - [2026-09-14T04:41:58.651+0000] {dag.py:3229} INFO - Sync 1 DAGs
[2026-09-14T04:41:58.662+0000] {logging_mixin.py:190} INFO - [2026-09-14T04:41:58.662+0000] {dag.py:4156} INFO - Setting next_dagrun for WeatherToronto_ETL to 2026-09-13 18:00:00+00:00, run_after=2026-09-14 18:00:00+00:00
[2026-09-14T04:41:58.669+0000] {processor.py:208} INFO - Processing /opt/airflow/dags/Shi_HW 3.py took 0.055 seconds
[2026-09-14T04:42:28.984+0000] {processor.py:186} INFO - Started process (PID=44239) to work on /opt/airflow/dags/Shi_HW 3.py
[2026-09-14T04:42:28.987+0000] {processor.py:914} INFO - Processing file /opt/airflow/dags/Shi_HW 3.py for tasks to queue
[2026-09-14T04:42:28.988+0000] {logging_mixin.py:190} INFO - [2026-09-14T04:42:28.988+0000] {dagbag.py:587} INFO - Filling up the DagBag from /opt/airflow/dags/Shi_HW 3.py
[2026-09-14T04:42:29.006+0000] {processor.py:925} INFO - DAG(s) 'WeatherToronto_ETL' retrieved from /opt/airflow/dags/Shi_HW 3.py
[2026-09-14T04:42:29.014+0000] {logging_mixin.py:190} INFO - [2026-09-14T04:42:29.013+0000] {dag.py:3229} INFO - Sync 1 DAGs
[2026-09-14T04:42:29.116+0000] {logging_mixin.py:190} INFO - [2026-09-14T04:42:29.116+0000] {dag.py:4156} INFO - Setting next_dagrun for WeatherToronto_ETL to 2026-09-13 18:00:00+00:00, run_after=2026-09-14 18:00:00+00:00
[2026-09-14T04:42:29.121+0000] {processor.py:208} INFO - Processing /opt/airflow/dags/Shi_HW 3.py took 0.143 seconds
[2026-09-14T04:42:59.425+0000] {processor.py:186} INFO - Started process (PID=44250) to work on /opt/airflow/dags/Shi_HW 3.py
[2026-09-14T04:42:59.428+0000] {processor.py:914} INFO - Processing file /opt/airflow/dags/Shi_HW 3.py for tasks to queue
[2026-09-14T04:42:59.429+0000] {logging_mixin.py:190} INFO - [2026-09-14T04:42:59.429+0000] {dagbag.py:587} INFO - Filling up the DagBag from /opt/airflow/dags/Shi_HW 3.py
[2026-09-14T04:42:59.447+0000] {processor.py:925} INFO - DAG(s) 'WeatherToronto_ETL' retrieved from /opt/airflow/dags/Shi_HW 3.py
[2026-09-14T04:42:59.455+0000] {logging_mixin.py:190} INFO - [2026-09-14T04:42:59.454+0000] {dag.py:3229} INFO - Sync 1 DAGs
[2026-09-14T04:42:59.548+0000] {logging_mixin.py:190} INFO - [2026-09-14T04:42:59.548+0000] {dag.py:4156} INFO - Setting next_dagrun for WeatherToronto_ETL to 2026-09-13 18:00:00+00:00, run_after=2026-09-14 18:00:00+00:00
[2026-09-14T04:42:59.554+0000] {processor.py:208} INFO - Processing /opt/airflow/dags/Shi_HW 3.py took 0.133 seconds
[2026-09-14T04:43:29.922+0000] {processor.py:186} INFO - Started process (PID=44261) to work on /opt/airflow/dags/Shi_HW 3.py
[2026-09-14T04:43:29.925+0000] {processor.py:914} INFO - Processing file /opt/airflow/dags/Shi_HW 3.py for tasks to queue
[2026-09-14T04:43:29.926+0000] {logging_mixin.py:190} INFO - [2026-09-14T04:43:29.926+0000] {dagbag.py:587} INFO - Filling up the DagBag from /opt/airflow/dags/Shi_HW 3.py
[2026-09-14T04:43:29.947+0000] {processor.py:925} INFO - DAG(s) 'WeatherToronto_ETL' retrieved from /opt/airflow/dags/Shi_HW 3.py
[2026-09-14T04:43:29.957+0000] {logging_mixin.py:190} INFO - [2026-09-14T04:43:29.956+0000] {dag.py:3229} INFO - Sync 1 DAGs
[2026-09-14T04:43:29.967+0000] {logging_mixin.py:190} INFO - [2026-09-14T04:43:29.967+0000] {dag.py:4156} INFO - Setting next_dagrun for WeatherToronto_ETL to 2026-09-13 18:00:00+00:00, run_after=2026-09-14 18:00:00+00:00
[2026-09-14T04:43:29.973+0000] {processor.py:208} INFO - Processing /opt/airflow/dags/Shi_HW 3.py took 0.057 seconds
[2026-09-14T04:44:00.385+0000] {processor.py:186} INFO - Started process (PID=44272) to work on /opt/airflow/dags/Shi_HW 3.py
[2026-09-14T04:44:00.388+0000] {processor.py:914} INFO - Processing file /opt/airflow/dags/Shi_HW 3.py for tasks to queue
[2026-09-14T04:44:00.389+0000] {logging_mixin.py:190} INFO - [2026-09-14T04:44:00.389+0000] {dagbag.py:587} INFO - Filling up the DagBag from /opt/airflow/dags/Shi_HW 3.py
[2026-09-14T04:44:00.408+0000] {processor.py:925} INFO - DAG(s) 'WeatherToronto_ETL' retrieved from /opt/airflow/dags/Shi_HW 3.py
[2026-09-14T04:44:00.417+0000] {logging_mixin.py:190} INFO - [2026-09-14T04:44:00.417+0000] {dag.py:3229} INFO - Sync 1 DAGs
[2026-09-14T04:44:00.428+0000] {logging_mixin.py:190} INFO - [2026-09-14T04:44:00.427+0000] {dag.py:4156} INFO - Setting next_dagrun for WeatherToronto_ETL to 2026-09-13 18:00:00+00:00, run_after=2026-09-14 18:00:00+00:00
[2026-09-14T04:44:00.434+0000] {processor.py:208} INFO - Processing /opt/airflow/dags/Shi_HW 3.py took 0.055 seconds
[2026-09-14T04:44:30.895+0000] {processor.py:186} INFO - Started process (PID=44283) to work on /opt/airflow/dags/Shi_HW 3.py
[2026-09-14T04:44:30.898+0000] {processor.py:914} INFO - Processing file /opt/airflow/dags/Shi_HW 3.py for tasks to queue
[2026-09-14T04:44:30.899+0000] {logging_mixin.py:190} INFO - [2026-09-14T04:44:30.899+0000] {dagbag.py:587} INFO - Filling up the DagBag from /opt/airflow/dags/Shi_HW 3.py
[2026-09-14T04:44:30.914+0000] {processor.py:925} INFO - DAG(s) 'WeatherToronto_ETL' retrieved from /opt/airflow/dags/Shi_HW 3.py
[2026-09-14T04:44:30.923+0000] {logging_mixin.py:190} INFO - [2026-09-14T04:44:30.922+0000] {dag.py:3229} INFO - Sync 1 DAGs
[2026-09-14T04:44:30.934+0000] {logging_mixin.py:190} INFO - [2026-09-14T04:44:30.933+0000] {dag.py:4156} INFO - Setting next_dagrun for WeatherToronto_ETL to 2026-09-13 18:00:00+00:00, run_after=2026-09-14 18:00:00+00:00
[2026-09-14T04:44:30.945+0000] {processor.py:208} INFO - Processing /opt/airflow/dags/Shi_HW 3.py took 0.056 seconds
[2026-09-14T04:45:01.227+0000] {processor.py:186} INFO - Started process (PID=44294) to work on /opt/airflow/dags/Shi_HW 3.py
[2026-09-14T04:45:01.230+0000] {processor.py:914} INFO - Processing file /opt/airflow/dags/Shi_HW 3.py for tasks to queue
[2026-09-14T04:45:01.231+0000] {logging_mixin.py:190} INFO - [2026-09-14T04:45:01.231+0000] {dagbag.py:587} INFO - Filling up the DagBag from /opt/airflow/dags/Shi_HW 3.py
[2026-09-14T04:45:01.245+0000] {processor.py:925} INFO - DAG(s) 'WeatherToronto_ETL' retrieved from /opt/airflow/dags/Shi_HW 3.py
[2026-09-14T04:45:01.254+0000] {logging_mixin.py:190} INFO - [2026-09-14T04:45:01.254+0000] {dag.py:3229} INFO - Sync 1 DAGs
[2026-09-14T04:45:01.368+0000] {logging_mixin.py:190} INFO - [2026-09-14T04:45:01.368+0000] {dag.py:4156} INFO - Setting next_dagrun for WeatherToronto_ETL to 2026-09-13 18:00:00+00:00, run_after=2026-09-14 18:00:00+00:00
[2026-09-14T04:45:01.374+0000] {processor.py:208} INFO - Processing /opt/airflow/dags/Shi_HW 3.py took 0.151 seconds
[2026-09-14T04:45:31.646+0000] {processor.py:186} INFO - Started process (PID=44305) to work on /opt/airflow/dags/Shi_HW 3.py
[2026-09-14T04:45:31.650+0000] {processor.py:914} INFO - Processing file /opt/airflow/dags/Shi_HW 3.py for tasks to queue
[2026-09-14T04:45:31.651+0000] {logging_mixin.py:190} INFO - [2026-09-14T04:45:31.650+0000] {dagbag.py:587} INFO - Filling up the DagBag from /opt/airflow/dags/Shi_HW 3.py
[2026-09-14T04:45:31.669+0000] {processor.py:925} INFO - DAG(s) 'WeatherToronto_ETL' retrieved from /opt/airflow/dags/Shi_HW 3.py
[2026-09-14T04:45:31.771+0000] {logging_mixin.py:190} INFO - [2026-09-14T04:45:31.770+0000] {dag.py:3229} INFO - Sync 1 DAGs
[2026-09-14T04:45:31.779+0000] {logging_mixin.py:190} INFO - [2026-09-14T04:45:31.779+0000] {dag.py:4156} INFO - Setting next_dagrun for WeatherToronto_ETL to 2026-09-13 18:00:00+00:00, run_after=2026-09-14 18:00:00+00:00
[2026-09-14T04:45:31.784+0000] {processor.py:208} INFO - Processing /opt/airflow/dags/Shi_HW 3.py took 0.144 seconds
[2026-09-14T04:46:02.123+0000] {processor.py:186} INFO - Started process (PID=44316) to work on /opt/airflow/dags/Shi_HW 3.py
[2026-09-14T04:46:02.126+0000] {processor.py:914} INFO - Processing file /opt/airflow/dags/Shi_HW 3.py for tasks to queue
[2026-09-14T04:46:02.127+0000] {logging_mixin.py:190} INFO - [2026-09-14T04:46:02.127+0000] {dagbag.py:587} INFO - Filling up the DagBag from /opt/airflow/dags/Shi_HW 3.py
[2026-09-14T04:46:02.146+0000] {processor.py:925} INFO - DAG(s) 'WeatherToronto_ETL' retrieved from /opt/airflow/dags/Shi_HW 3.py
[2026-09-14T04:46:02.155+0000] {logging_mixin.py:190} INFO - [2026-09-14T04:46:02.154+0000] {dag.py:3229} INFO - Sync 1 DAGs
[2026-09-14T04:46:02.165+0000] {logging_mixin.py:190} INFO - [2026-09-14T04:46:02.164+0000] {dag.py:4156} INFO - Setting next_dagrun for WeatherToronto_ETL to 2026-09-13 18:00:00+00:00, run_after=2026-09-14 18:00:00+00:00
[2026-09-14T04:46:02.171+0000] {processor.py:208} INFO - Processing /opt/airflow/dags/Shi_HW 3.py took 0.053 seconds
[2026-09-14T04:46:32.497+0000] {processor.py:186} INFO - Started process (PID=44327) to work on /opt/airflow/dags/Shi_HW 3.py
[2026-09-14T04:46:32.500+0000] {processor.py:914} INFO - Processing file /opt/airflow/dags/Shi_HW 3.py for tasks to queue
[2026-09-14T04:46:32.501+0000] {logging_mixin.py:190} INFO - [2026-09-14T04:46:32.501+0000] {dagbag.py:587} INFO - Filling up the DagBag from /opt/airflow/dags/Shi_HW 3.py
[2026-09-14T04:46:32.519+0000] {processor.py:925} INFO - DAG(s) 'WeatherToronto_ETL' retrieved from /opt/airflow/dags/Shi_HW 3.py
[2026-09-14T04:46:32.528+0000] {logging_mixin.py:190} INFO - [2026-09-14T04:46:32.527+0000] {dag.py:3229} INFO - Sync 1 DAGs
[2026-09-14T04:46:32.537+0000] {logging_mixin.py:190} INFO - [2026-09-14T04:46:32.537+0000] {dag.py:4156} INFO - Setting next_dagrun for WeatherToronto_ETL to 2026-09-13 18:00:00+00:00, run_after=2026-09-14 18:00:00+00:00
[2026-09-14T04:46:32.543+0000] {processor.py:208} INFO - Processing /opt/airflow/dags/Shi_HW 3.py took 0.052 seconds
[2026-09-14T04:47:02.862+0000] {processor.py:186} INFO - Started process (PID=44338) to work on /opt/airflow/dags/Shi_HW 3.py
[2026-09-14T04:47:02.866+0000] {processor.py:914} INFO - Processing file /opt/airflow/dags/Shi_HW 3.py for tasks to queue
[2026-09-14T04:47:02.867+0000] {logging_mixin.py:190} INFO - [2026-09-14T04:47:02.867+0000] {dagbag.py:587} INFO - Filling up the DagBag from /opt/airflow/dags/Shi_HW 3.py
[2026-09-14T04:47:02.892+0000] {processor.py:925} INFO - DAG(s) 'WeatherToronto_ETL' retrieved from /opt/airflow/dags/Shi_HW 3.py
[2026-09-14T04:47:02.903+0000] {logging_mixin.py:190} INFO - [2026-09-14T04:47:02.902+0000] {dag.py:3229} INFO - Sync 1 DAGs
[2026-09-14T04:47:02.915+0000] {logging_mixin.py:190} INFO - [2026-09-14T04:47:02.914+0000] {dag.py:4156} INFO - Setting next_dagrun for WeatherToronto_ETL to 2026-09-13 18:00:00+00:00, run_after=2026-09-14 18:00:00+00:00
[2026-09-14T04:47:02.921+0000] {processor.py:208} INFO - Processing /opt/airflow/dags/Shi_HW 3.py took 0.066 seconds
[2026-09-14T04:47:33.251+0000] {processor.py:186} INFO - Started process (PID=44355) to work on /opt/airflow/dags/Shi_HW 3.py
[2026-09-14T04:47:33.254+0000] {processor.py:914} INFO - Processing file /opt/airflow/dags/Shi_HW 3.py for tasks to queue
[2026-09-14T04:47:33.255+0000] {logging_mixin.py:190} INFO - [2026-09-14T04:47:33.255+0000] {dagbag.py:587} INFO - Filling up the DagBag from /opt/airflow/dags/Shi_HW 3.py
[2026-09-14T04:47:33.273+0000] {processor.py:925} INFO - DAG(s) 'WeatherToronto_ETL' retrieved from /opt/airflow/dags/Shi_HW 3.py
[2026-09-14T04:47:33.281+0000] {logging_mixin.py:190} INFO - [2026-09-14T04:47:33.281+0000] {dag.py:3229} INFO - Sync 1 DAGs
[2026-09-14T04:47:33.385+0000] {logging_mixin.py:190} INFO - [2026-09-14T04:47:33.385+0000] {dag.py:4156} INFO - Setting next_dagrun for WeatherToronto_ETL to 2026-09-13 18:00:00+00:00, run_after=2026-09-14 18:00:00+00:00
[2026-09-14T04:47:33.390+0000] {processor.py:208} INFO - Processing /opt/airflow/dags/Shi_HW 3.py took 0.145 seconds
[2026-09-14T04:48:03.636+0000] {processor.py:186} INFO - Started process (PID=44366) to work on /opt/airflow/dags/Shi_HW 3.py
[2026-09-14T04:48:03.640+0000] {processor.py:914} INFO - Processing file /opt/airflow/dags/Shi_HW 3.py for tasks to queue
[2026-09-14T04:48:03.641+0000] {logging_mixin.py:190} INFO - [2026-09-14T04:48:03.641+0000] {dagbag.py:587} INFO - Filling up the DagBag from /opt/airflow/dags/Shi_HW 3.py
[2026-09-14T04:48:03.661+0000] {processor.py:925} INFO - DAG(s) 'WeatherToronto_ETL' retrieved from /opt/airflow/dags/Shi_HW 3.py
[2026-09-14T04:48:03.671+0000] {logging_mixin.py:190} INFO - [2026-09-14T04:48:03.670+0000] {dag.py:3229} INFO - Sync 1 DAGs
[2026-09-14T04:48:03.794+0000] {logging_mixin.py:190} INFO - [2026-09-14T04:48:03.794+0000] {dag.py:4156} INFO - Setting next_dagrun for WeatherToronto_ETL to 2026-09-13 18:00:00+00:00, run_after=2026-09-14 18:00:00+00:00
[2026-09-14T04:48:03.799+0000] {processor.py:208} INFO - Processing /opt/airflow/dags/Shi_HW 3.py took 0.171 seconds
[2026-09-14T04:48:33.993+0000] {processor.py:186} INFO - Started process (PID=44377) to work on /opt/airflow/dags/Shi_HW 3.py
[2026-09-14T04:48:33.997+0000] {processor.py:914} INFO - Processing file /opt/airflow/dags/Shi_HW 3.py for tasks to queue
[2026-09-14T04:48:33.998+0000] {logging_mixin.py:190} INFO - [2026-09-14T04:48:33.998+0000] {dagbag.py:587} INFO - Filling up the DagBag from /opt/airflow/dags/Shi_HW 3.py
[2026-09-14T04:48:34.020+0000] {processor.py:925} INFO - DAG(s) 'WeatherToronto_ETL' retrieved from /opt/airflow/dags/Shi_HW 3.py
[2026-09-14T04:48:34.195+0000] {logging_mixin.py:190} INFO - [2026-09-14T04:48:34.195+0000] {dag.py:3229} INFO - Sync 1 DAGs
[2026-09-14T04:48:34.203+0000] {logging_mixin.py:190} INFO - [2026-09-14T04:48:34.203+0000] {dag.py:4156} INFO - Setting next_dagrun for WeatherToronto_ETL to 2026-09-13 18:00:00+00:00, run_after=2026-09-14 18:00:00+00:00
[2026-09-14T04:48:34.209+0000] {processor.py:208} INFO - Processing /opt/airflow/dags/Shi_HW 3.py took 0.230 seconds
[2026-09-14T04:49:04.504+0000] {processor.py:186} INFO - Started process (PID=44388) to work on /opt/airflow/dags/Shi_HW 3.py
[2026-09-14T04:49:04.508+0000] {processor.py:914} INFO - Processing file /opt/airflow/dags/Shi_HW 3.py for tasks to queue
[2026-09-14T04:49:04.509+0000] {logging_mixin.py:190} INFO - [2026-09-14T04:49:04.509+0000] {dagbag.py:587} INFO - Filling up the DagBag from /opt/airflow/dags/Shi_HW 3.py
[2026-09-14T04:49:04.547+0000] {processor.py:925} INFO - DAG(s) 'WeatherToronto_ETL' retrieved from /opt/airflow/dags/Shi_HW 3.py
[2026-09-14T04:49:04.565+0000] {logging_mixin.py:190} INFO - [2026-09-14T04:49:04.564+0000] {dag.py:3229} INFO - Sync 1 DAGs
[2026-09-14T04:49:04.581+0000] {logging_mixin.py:190} INFO - [2026-09-14T04:49:04.581+0000] {dag.py:4156} INFO - Setting next_dagrun for WeatherToronto_ETL to 2026-09-13 18:00:00+00:00, run_after=2026-09-14 18:00:00+00:00
[2026-09-14T04:49:04.589+0000] {processor.py:208} INFO - Processing /opt/airflow/dags/Shi_HW 3.py took 0.097 seconds
[2026-09-14T04:49:34.876+0000] {processor.py:186} INFO - Started process (PID=44399) to work on /opt/airflow/dags/Shi_HW 3.py
[2026-09-14T04:49:34.879+0000] {processor.py:914} INFO - Processing file /opt/airflow/dags/Shi_HW 3.py for tasks to queue
[2026-09-14T04:49:34.880+0000] {logging_mixin.py:190} INFO - [2026-09-14T04:49:34.880+0000] {dagbag.py:587} INFO - Filling up the DagBag from /opt/airflow/dags/Shi_HW 3.py
[2026-09-14T04:49:34.899+0000] {processor.py:925} INFO - DAG(s) 'WeatherToronto_ETL' retrieved from /opt/airflow/dags/Shi_HW 3.py
[2026-09-14T04:49:34.910+0000] {logging_mixin.py:190} INFO - [2026-09-14T04:49:34.909+0000] {dag.py:3229} INFO - Sync 1 DAGs
[2026-09-14T04:49:34.919+0000] {logging_mixin.py:190} INFO - [2026-09-14T04:49:34.919+0000] {dag.py:4156} INFO - Setting next_dagrun for WeatherToronto_ETL to 2026-09-13 18:00:00+00:00, run_after=2026-09-14 18:00:00+00:00
[2026-09-14T04:49:34.926+0000] {processor.py:208} INFO - Processing /opt/airflow/dags/Shi_HW 3.py took 0.057 seconds
[2026-09-14T04:50:05.256+0000] {processor.py:186} INFO - Started process (PID=44410) to work on /opt/airflow/dags/Shi_HW 3.py
[2026-09-14T04:50:05.260+0000] {processor.py:914} INFO - Processing file /opt/airflow/dags/Shi_HW 3.py for tasks to queue
[2026-09-14T04:50:05.260+0000] {logging_mixin.py:190} INFO - [2026-09-14T04:50:05.260+0000] {dagbag.py:587} INFO - Filling up the DagBag from /opt/airflow/dags/Shi_HW 3.py
[2026-09-14T04:50:05.279+0000] {processor.py:925} INFO - DAG(s) 'WeatherToronto_ETL' retrieved from /opt/airflow/dags/Shi_HW 3.py
[2026-09-14T04:50:05.288+0000] {logging_mixin.py:190} INFO - [2026-09-14T04:50:05.287+0000] {dag.py:3229} INFO - Sync 1 DAGs
[2026-09-14T04:50:05.428+0000] {logging_mixin.py:190} INFO - [2026-09-14T04:50:05.428+0000] {dag.py:4156} INFO - Setting next_dagrun for WeatherToronto_ETL to 2026-09-13 18:00:00+00:00, run_after=2026-09-14 18:00:00+00:00
[2026-09-14T04:50:05.434+0000] {processor.py:208} INFO - Processing /opt/airflow/dags/Shi_HW 3.py took 0.184 seconds
[2026-09-14T04:50:35.646+0000] {processor.py:186} INFO - Started process (PID=44421) to work on /opt/airflow/dags/Shi_HW 3.py
[2026-09-14T04:50:35.649+0000] {processor.py:914} INFO - Processing file /opt/airflow/dags/Shi_HW 3.py for tasks to queue
[2026-09-14T04:50:35.650+0000] {logging_mixin.py:190} INFO - [2026-09-14T04:50:35.650+0000] {dagbag.py:587} INFO - Filling up the DagBag from /opt/airflow/dags/Shi_HW 3.py
[2026-09-14T04:50:35.670+0000] {processor.py:925} INFO - DAG(s) 'WeatherToronto_ETL' retrieved from /opt/airflow/dags/Shi_HW 3.py
[2026-09-14T04:50:35.764+0000] {logging_mixin.py:190} INFO - [2026-09-14T04:50:35.764+0000] {dag.py:3229} INFO - Sync 1 DAGs
[2026-09-14T04:50:35.771+0000] {logging_mixin.py:190} INFO - [2026-09-14T04:50:35.771+0000] {dag.py:4156} INFO - Setting next_dagrun for WeatherToronto_ETL to 2026-09-13 18:00:00+00:00, run_after=2026-09-14 18:00:00+00:00
[2026-09-14T04:50:35.776+0000] {processor.py:208} INFO - Processing /opt/airflow/dags/Shi_HW 3.py took 0.137 seconds
[2026-09-14T04:51:06.078+0000] {processor.py:186} INFO - Started process (PID=44432) to work on /opt/airflow/dags/Shi_HW 3.py
[2026-09-14T04:51:06.081+0000] {processor.py:914} INFO - Processing file /opt/airflow/dags/Shi_HW 3.py for tasks to queue
[2026-09-14T04:51:06.082+0000] {logging_mixin.py:190} INFO - [2026-09-14T04:51:06.082+0000] {dagbag.py:587} INFO - Filling up the DagBag from /opt/airflow/dags/Shi_HW 3.py
[2026-09-14T04:51:06.103+0000] {processor.py:925} INFO - DAG(s) 'WeatherToronto_ETL' retrieved from /opt/airflow/dags/Shi_HW 3.py
[2026-09-14T04:51:06.197+0000] {logging_mixin.py:190} INFO - [2026-09-14T04:51:06.197+0000] {dag.py:3229} INFO - Sync 1 DAGs
[2026-09-14T04:51:06.205+0000] {logging_mixin.py:190} INFO - [2026-09-14T04:51:06.205+0000] {dag.py:4156} INFO - Setting next_dagrun for WeatherToronto_ETL to 2026-09-13 18:00:00+00:00, run_after=2026-09-14 18:00:00+00:00
[2026-09-14T04:51:06.211+0000] {processor.py:208} INFO - Processing /opt/airflow/dags/Shi_HW 3.py took 0.140 seconds
[2026-09-14T04:51:36.445+0000] {processor.py:186} INFO - Started process (PID=44443) to work on /opt/airflow/dags/Shi_HW 3.py
[2026-09-14T04:51:36.448+0000] {processor.py:914} INFO - Processing file /opt/airflow/dags/Shi_HW 3.py for tasks to queue
[2026-09-14T04:51:36.450+0000] {logging_mixin.py:190} INFO - [2026-09-14T04:51:36.449+0000] {dagbag.py:587} INFO - Filling up the DagBag from /opt/airflow/dags/Shi_HW 3.py
[2026-09-14T04:51:36.473+0000] {processor.py:925} INFO - DAG(s) 'WeatherToronto_ETL' retrieved from /opt/airflow/dags/Shi_HW 3.py
[2026-09-14T04:51:36.485+0000] {logging_mixin.py:190} INFO - [2026-09-14T04:51:36.484+0000] {dag.py:3229} INFO - Sync 1 DAGs
[2026-09-14T04:51:36.496+0000] {logging_mixin.py:190} INFO - [2026-09-14T04:51:36.496+0000] {dag.py:4156} INFO - Setting next_dagrun for WeatherToronto_ETL to 2026-09-13 18:00:00+00:00, run_after=2026-09-14 18:00:00+00:00
[2026-09-14T04:51:36.503+0000] {processor.py:208} INFO - Processing /opt/airflow/dags/Shi_HW 3.py took 0.065 seconds
[2026-09-14T04:52:06.811+0000] {processor.py:186} INFO - Started process (PID=44454) to work on /opt/airflow/dags/Shi_HW 3.py
[2026-09-14T04:52:06.815+0000] {processor.py:914} INFO - Processing file /opt/airflow/dags/Shi_HW 3.py for tasks to queue
[2026-09-14T04:52:06.816+0000] {logging_mixin.py:190} INFO - [2026-09-14T04:52:06.816+0000] {dagbag.py:587} INFO - Filling up the DagBag from /opt/airflow/dags/Shi_HW 3.py
[2026-09-14T04:52:06.833+0000] {processor.py:925} INFO - DAG(s) 'WeatherToronto_ETL' retrieved from /opt/airflow/dags/Shi_HW 3.py
[2026-09-14T04:52:06.841+0000] {logging_mixin.py:190} INFO - [2026-09-14T04:52:06.841+0000] {dag.py:3229} INFO - Sync 1 DAGs
[2026-09-14T04:52:06.851+0000] {logging_mixin.py:190} INFO - [2026-09-14T04:52:06.851+0000] {dag.py:4156} INFO - Setting next_dagrun for WeatherToronto_ETL to 2026-09-13 18:00:00+00:00, run_after=2026-09-14 18:00:00+00:00
[2026-09-14T04:52:06.857+0000] {processor.py:208} INFO - Processing /opt/airflow/dags/Shi_HW 3.py took 0.051 seconds
[2026-09-14T04:52:37.168+0000] {processor.py:186} INFO - Started process (PID=44465) to work on /opt/airflow/dags/Shi_HW 3.py
[2026-09-14T04:52:37.171+0000] {processor.py:914} INFO - Processing file /opt/airflow/dags/Shi_HW 3.py for tasks to queue
[2026-09-14T04:52:37.172+0000] {logging_mixin.py:190} INFO - [2026-09-14T04:52:37.172+0000] {dagbag.py:587} INFO - Filling up the DagBag from /opt/airflow/dags/Shi_HW 3.py
[2026-09-14T04:52:37.190+0000] {processor.py:925} INFO - DAG(s) 'WeatherToronto_ETL' retrieved from /opt/airflow/dags/Shi_HW 3.py
[2026-09-14T04:52:37.200+0000] {logging_mixin.py:190} INFO - [2026-09-14T04:52:37.199+0000] {dag.py:3229} INFO - Sync 1 DAGs
[2026-09-14T04:52:37.300+0000] {logging_mixin.py:190} INFO - [2026-09-14T04:52:37.300+0000] {dag.py:4156} INFO - Setting next_dagrun for WeatherToronto_ETL to 2026-09-13 18:00:00+00:00, run_after=2026-09-14 18:00:00+00:00
[2026-09-14T04:52:37.305+0000] {processor.py:208} INFO - Processing /opt/airflow/dags/Shi_HW 3.py took 0.143 seconds
[2026-09-14T04:53:07.545+0000] {processor.py:186} INFO - Started process (PID=44476) to work on /opt/airflow/dags/Shi_HW 3.py
[2026-09-14T04:53:07.550+0000] {processor.py:914} INFO - Processing file /opt/airflow/dags/Shi_HW 3.py for tasks to queue
[2026-09-14T04:53:07.551+0000] {logging_mixin.py:190} INFO - [2026-09-14T04:53:07.551+0000] {dagbag.py:587} INFO - Filling up the DagBag from /opt/airflow/dags/Shi_HW 3.py
[2026-09-14T04:53:07.572+0000] {processor.py:925} INFO - DAG(s) 'WeatherToronto_ETL' retrieved from /opt/airflow/dags/Shi_HW 3.py
[2026-09-14T04:53:07.584+0000] {logging_mixin.py:190} INFO - [2026-09-14T04:53:07.583+0000] {dag.py:3229} INFO - Sync 1 DAGs
[2026-09-14T04:53:07.709+0000] {logging_mixin.py:190} INFO - [2026-09-14T04:53:07.709+0000] {dag.py:4156} INFO - Setting next_dagrun for WeatherToronto_ETL to 2026-09-13 18:00:00+00:00, run_after=2026-09-14 18:00:00+00:00
[2026-09-14T04:53:07.714+0000] {processor.py:208} INFO - Processing /opt/airflow/dags/Shi_HW 3.py took 0.177 seconds
[2026-09-14T04:53:38.012+0000] {processor.py:186} INFO - Started process (PID=44487) to work on /opt/airflow/dags/Shi_HW 3.py
[2026-09-14T04:53:38.015+0000] {processor.py:914} INFO - Processing file /opt/airflow/dags/Shi_HW 3.py for tasks to queue
[2026-09-14T04:53:38.016+0000] {logging_mixin.py:190} INFO - [2026-09-14T04:53:38.016+0000] {dagbag.py:587} INFO - Filling up the DagBag from /opt/airflow/dags/Shi_HW 3.py
[2026-09-14T04:53:38.038+0000] {processor.py:925} INFO - DAG(s) 'WeatherToronto_ETL' retrieved from /opt/airflow/dags/Shi_HW 3.py
[2026-09-14T04:53:38.135+0000] {logging_mixin.py:190} INFO - [2026-09-14T04:53:38.135+0000] {dag.py:3229} INFO - Sync 1 DAGs
[2026-09-14T04:53:38.143+0000] {logging_mixin.py:190} INFO - [2026-09-14T04:53:38.143+0000] {dag.py:4156} INFO - Setting next_dagrun for WeatherToronto_ETL to 2026-09-13 18:00:00+00:00, run_after=2026-09-14 18:00:00+00:00
[2026-09-14T04:53:38.148+0000] {processor.py:208} INFO - Processing /opt/airflow/dags/Shi_HW 3.py took 0.144 seconds
[2026-09-14T04:54:08.425+0000] {processor.py:186} INFO - Started process (PID=44498) to work on /opt/airflow/dags/Shi_HW 3.py
[2026-09-14T04:54:08.430+0000] {processor.py:914} INFO - Processing file /opt/airflow/dags/Shi_HW 3.py for tasks to queue
[2026-09-14T04:54:08.432+0000] {logging_mixin.py:190} INFO - [2026-09-14T04:54:08.431+0000] {dagbag.py:587} INFO - Filling up the DagBag from /opt/airflow/dags/Shi_HW 3.py
[2026-09-14T04:54:08.455+0000] {processor.py:925} INFO - DAG(s) 'WeatherToronto_ETL' retrieved from /opt/airflow/dags/Shi_HW 3.py
[2026-09-14T04:54:08.467+0000] {logging_mixin.py:190} INFO - [2026-09-14T04:54:08.466+0000] {dag.py:3229} INFO - Sync 1 DAGs
[2026-09-14T04:54:08.479+0000] {logging_mixin.py:190} INFO - [2026-09-14T04:54:08.479+0000] {dag.py:4156} INFO - Setting next_dagrun for WeatherToronto_ETL to 2026-09-13 18:00:00+00:00, run_after=2026-09-14 18:00:00+00:00
[2026-09-14T04:54:08.486+0000] {processor.py:208} INFO - Processing /opt/airflow/dags/Shi_HW 3.py took 0.068 seconds
[2026-09-14T04:54:38.858+0000] {processor.py:186} INFO - Started process (PID=44509) to work on /opt/airflow/dags/Shi_HW 3.py
[2026-09-14T04:54:38.861+0000] {processor.py:914} INFO - Processing file /opt/airflow/dags/Shi_HW 3.py for tasks to queue
[2026-09-14T04:54:38.862+0000] {logging_mixin.py:190} INFO - [2026-09-14T04:54:38.862+0000] {dagbag.py:587} INFO - Filling up the DagBag from /opt/airflow/dags/Shi_HW 3.py
[2026-09-14T04:54:38.882+0000] {processor.py:925} INFO - DAG(s) 'WeatherToronto_ETL' retrieved from /opt/airflow/dags/Shi_HW 3.py
[2026-09-14T04:54:38.891+0000] {logging_mixin.py:190} INFO - [2026-09-14T04:54:38.890+0000] {dag.py:3229} INFO - Sync 1 DAGs
[2026-09-14T04:54:38.901+0000] {logging_mixin.py:190} INFO - [2026-09-14T04:54:38.901+0000] {dag.py:4156} INFO - Setting next_dagrun for WeatherToronto_ETL to 2026-09-13 18:00:00+00:00, run_after=2026-09-14 18:00:00+00:00
[2026-09-14T04:54:38.908+0000] {processor.py:208} INFO - Processing /opt/airflow/dags/Shi_HW 3.py took 0.056 seconds
[2026-09-14T04:55:09.211+0000] {processor.py:186} INFO - Started process (PID=44520) to work on /opt/airflow/dags/Shi_HW 3.py
[2026-09-14T04:55:09.214+0000] {processor.py:914} INFO - Processing file /opt/airflow/dags/Shi_HW 3.py for tasks to queue
[2026-09-14T04:55:09.215+0000] {logging_mixin.py:190} INFO - [2026-09-14T04:55:09.215+0000] {dagbag.py:587} INFO - Filling up the DagBag from /opt/airflow/dags/Shi_HW 3.py
[2026-09-14T04:55:09.233+0000] {processor.py:925} INFO - DAG(s) 'WeatherToronto_ETL' retrieved from /opt/airflow/dags/Shi_HW 3.py
[2026-09-14T04:55:09.244+0000] {logging_mixin.py:190} INFO - [2026-09-14T04:55:09.243+0000] {dag.py:3229} INFO - Sync 1 DAGs
[2026-09-14T04:55:09.395+0000] {logging_mixin.py:190} INFO - [2026-09-14T04:55:09.395+0000] {dag.py:4156} INFO - Setting next_dagrun for WeatherToronto_ETL to 2026-09-13 18:00:00+00:00, run_after=2026-09-14 18:00:00+00:00
[2026-09-14T04:55:09.401+0000] {processor.py:208} INFO - Processing /opt/airflow/dags/Shi_HW 3.py took 0.196 seconds
[2026-09-14T04:55:39.569+0000] {processor.py:186} INFO - Started process (PID=44531) to work on /opt/airflow/dags/Shi_HW 3.py
[2026-09-14T04:55:39.573+0000] {processor.py:914} INFO - Processing file /opt/airflow/dags/Shi_HW 3.py for tasks to queue
[2026-09-14T04:55:39.574+0000] {logging_mixin.py:190} INFO - [2026-09-14T04:55:39.573+0000] {dagbag.py:587} INFO - Filling up the DagBag from /opt/airflow/dags/Shi_HW 3.py
[2026-09-14T04:55:39.594+0000] {processor.py:925} INFO - DAG(s) 'WeatherToronto_ETL' retrieved from /opt/airflow/dags/Shi_HW 3.py
[2026-09-14T04:55:39.688+0000] {logging_mixin.py:190} INFO - [2026-09-14T04:55:39.688+0000] {dag.py:3229} INFO - Sync 1 DAGs
[2026-09-14T04:55:39.696+0000] {logging_mixin.py:190} INFO - [2026-09-14T04:55:39.696+0000] {dag.py:4156} INFO - Setting next_dagrun for WeatherToronto_ETL to 2026-09-13 18:00:00+00:00, run_after=2026-09-14 18:00:00+00:00
[2026-09-14T04:55:39.701+0000] {processor.py:208} INFO - Processing /opt/airflow/dags/Shi_HW 3.py took 0.138 seconds
[2026-09-14T04:56:10.065+0000] {processor.py:186} INFO - Started process (PID=44542) to work on /opt/airflow/dags/Shi_HW 3.py
[2026-09-14T04:56:10.070+0000] {processor.py:914} INFO - Processing file /opt/airflow/dags/Shi_HW 3.py for tasks to queue
[2026-09-14T04:56:10.070+0000] {logging_mixin.py:190} INFO - [2026-09-14T04:56:10.070+0000] {dagbag.py:587} INFO - Filling up the DagBag from /opt/airflow/dags/Shi_HW 3.py
[2026-09-14T04:56:10.088+0000] {processor.py:925} INFO - DAG(s) 'WeatherToronto_ETL' retrieved from /opt/airflow/dags/Shi_HW 3.py
[2026-09-14T04:56:10.180+0000] {logging_mixin.py:190} INFO - [2026-09-14T04:56:10.180+0000] {dag.py:3229} INFO - Sync 1 DAGs
[2026-09-14T04:56:10.188+0000] {logging_mixin.py:190} INFO - [2026-09-14T04:56:10.188+0000] {dag.py:4156} INFO - Setting next_dagrun for WeatherToronto_ETL to 2026-09-13 18:00:00+00:00, run_after=2026-09-14 18:00:00+00:00
[2026-09-14T04:56:10.195+0000] {processor.py:208} INFO - Processing /opt/airflow/dags/Shi_HW 3.py took 0.135 seconds
[2026-09-14T04:56:40.435+0000] {processor.py:186} INFO - Started process (PID=44553) to work on /opt/airflow/dags/Shi_HW 3.py
[2026-09-14T04:56:40.439+0000] {processor.py:914} INFO - Processing file /opt/airflow/dags/Shi_HW 3.py for tasks to queue
[2026-09-14T04:56:40.440+0000] {logging_mixin.py:190} INFO - [2026-09-14T04:56:40.440+0000] {dagbag.py:587} INFO - Filling up the DagBag from /opt/airflow/dags/Shi_HW 3.py
[2026-09-14T04:56:40.455+0000] {processor.py:925} INFO - DAG(s) 'WeatherToronto_ETL' retrieved from /opt/airflow/dags/Shi_HW 3.py
[2026-09-14T04:56:40.464+0000] {logging_mixin.py:190} INFO - [2026-09-14T04:56:40.463+0000] {dag.py:3229} INFO - Sync 1 DAGs
[2026-09-14T04:56:40.474+0000] {logging_mixin.py:190} INFO - [2026-09-14T04:56:40.474+0000] {dag.py:4156} INFO - Setting next_dagrun for WeatherToronto_ETL to 2026-09-13 18:00:00+00:00, run_after=2026-09-14 18:00:00+00:00
[2026-09-14T04:56:40.480+0000] {processor.py:208} INFO - Processing /opt/airflow/dags/Shi_HW 3.py took 0.051 seconds
[2026-09-14T04:57:10.783+0000] {processor.py:186} INFO - Started process (PID=44564) to work on /opt/airflow/dags/Shi_HW 3.py
[2026-09-14T04:57:10.786+0000] {processor.py:914} INFO - Processing file /opt/airflow/dags/Shi_HW 3.py for tasks to queue
[2026-09-14T04:57:10.787+0000] {logging_mixin.py:190} INFO - [2026-09-14T04:57:10.787+0000] {dagbag.py:587} INFO - Filling up the DagBag from /opt/airflow/dags/Shi_HW 3.py
[2026-09-14T04:57:10.801+0000] {processor.py:925} INFO - DAG(s) 'WeatherToronto_ETL' retrieved from /opt/airflow/dags/Shi_HW 3.py
[2026-09-14T04:57:10.809+0000] {logging_mixin.py:190} INFO - [2026-09-14T04:57:10.808+0000] {dag.py:3229} INFO - Sync 1 DAGs
[2026-09-14T04:57:10.819+0000] {logging_mixin.py:190} INFO - [2026-09-14T04:57:10.819+0000] {dag.py:4156} INFO - Setting next_dagrun for WeatherToronto_ETL to 2026-09-13 18:00:00+00:00, run_after=2026-09-14 18:00:00+00:00
[2026-09-14T04:57:10.825+0000] {processor.py:208} INFO - Processing /opt/airflow/dags/Shi_HW 3.py took 0.047 seconds
[2026-09-14T04:57:41.157+0000] {processor.py:186} INFO - Started process (PID=44575) to work on /opt/airflow/dags/Shi_HW 3.py
[2026-09-14T04:57:41.160+0000] {processor.py:914} INFO - Processing file /opt/airflow/dags/Shi_HW 3.py for tasks to queue
[2026-09-14T04:57:41.162+0000] {logging_mixin.py:190} INFO - [2026-09-14T04:57:41.161+0000] {dagbag.py:587} INFO - Filling up the DagBag from /opt/airflow/dags/Shi_HW 3.py
[2026-09-14T04:57:41.183+0000] {processor.py:925} INFO - DAG(s) 'WeatherToronto_ETL' retrieved from /opt/airflow/dags/Shi_HW 3.py
[2026-09-14T04:57:41.194+0000] {logging_mixin.py:190} INFO - [2026-09-14T04:57:41.193+0000] {dag.py:3229} INFO - Sync 1 DAGs
[2026-09-14T04:57:41.283+0000] {logging_mixin.py:190} INFO - [2026-09-14T04:57:41.283+0000] {dag.py:4156} INFO - Setting next_dagrun for WeatherToronto_ETL to 2026-09-13 18:00:00+00:00, run_after=2026-09-14 18:00:00+00:00
[2026-09-14T04:57:41.289+0000] {processor.py:208} INFO - Processing /opt/airflow/dags/Shi_HW 3.py took 0.139 seconds
[2026-09-14T04:58:11.523+0000] {processor.py:186} INFO - Started process (PID=44586) to work on /opt/airflow/dags/Shi_HW 3.py
[2026-09-14T04:58:11.527+0000] {processor.py:914} INFO - Processing file /opt/airflow/dags/Shi_HW 3.py for tasks to queue
[2026-09-14T04:58:11.528+0000] {logging_mixin.py:190} INFO - [2026-09-14T04:58:11.528+0000] {dagbag.py:587} INFO - Filling up the DagBag from /opt/airflow/dags/Shi_HW 3.py
[2026-09-14T04:58:11.548+0000] {processor.py:925} INFO - DAG(s) 'WeatherToronto_ETL' retrieved from /opt/airflow/dags/Shi_HW 3.py
[2026-09-14T04:58:11.557+0000] {logging_mixin.py:190} INFO - [2026-09-14T04:58:11.556+0000] {dag.py:3229} INFO - Sync 1 DAGs
[2026-09-14T04:58:11.653+0000] {logging_mixin.py:190} INFO - [2026-09-14T04:58:11.653+0000] {dag.py:4156} INFO - Setting next_dagrun for WeatherToronto_ETL to 2026-09-13 18:00:00+00:00, run_after=2026-09-14 18:00:00+00:00
[2026-09-14T04:58:11.658+0000] {processor.py:208} INFO - Processing /opt/airflow/dags/Shi_HW 3.py took 0.141 seconds
[2026-09-14T04:58:41.973+0000] {processor.py:186} INFO - Started process (PID=44597) to work on /opt/airflow/dags/Shi_HW 3.py
[2026-09-14T04:58:41.977+0000] {processor.py:914} INFO - Processing file /opt/airflow/dags/Shi_HW 3.py for tasks to queue
[2026-09-14T04:58:41.977+0000] {logging_mixin.py:190} INFO - [2026-09-14T04:58:41.977+0000] {dagbag.py:587} INFO - Filling up the DagBag from /opt/airflow/dags/Shi_HW 3.py
[2026-09-14T04:58:41.993+0000] {processor.py:925} INFO - DAG(s) 'WeatherToronto_ETL' retrieved from /opt/airflow/dags/Shi_HW 3.py
[2026-09-14T04:58:42.100+0000] {logging_mixin.py:190} INFO - [2026-09-14T04:58:42.100+0000] {dag.py:3229} INFO - Sync 1 DAGs
[2026-09-14T04:58:42.107+0000] {logging_mixin.py:190} INFO - [2026-09-14T04:58:42.107+0000] {dag.py:4156} INFO - Setting next_dagrun for WeatherToronto_ETL to 2026-09-13 18:00:00+00:00, run_after=2026-09-14 18:00:00+00:00
[2026-09-14T04:58:42.112+0000] {processor.py:208} INFO - Processing /opt/airflow/dags/Shi_HW 3.py took 0.145 seconds
[2026-09-14T04:59:12.322+0000] {processor.py:186} INFO - Started process (PID=44608) to work on /opt/airflow/dags/Shi_HW 3.py
[2026-09-14T04:59:12.326+0000] {processor.py:914} INFO - Processing file /opt/airflow/dags/Shi_HW 3.py for tasks to queue
[2026-09-14T04:59:12.327+0000] {logging_mixin.py:190} INFO - [2026-09-14T04:59:12.327+0000] {dagbag.py:587} INFO - Filling up the DagBag from /opt/airflow/dags/Shi_HW 3.py
[2026-09-14T04:59:12.345+0000] {processor.py:925} INFO - DAG(s) 'WeatherToronto_ETL' retrieved from /opt/airflow/dags/Shi_HW 3.py
[2026-09-14T04:59:12.355+0000] {logging_mixin.py:190} INFO - [2026-09-14T04:59:12.355+0000] {dag.py:3229} INFO - Sync 1 DAGs
[2026-09-14T04:59:12.366+0000] {logging_mixin.py:190} INFO - [2026-09-14T04:59:12.366+0000] {dag.py:4156} INFO - Setting next_dagrun for WeatherToronto_ETL to 2026-09-13 18:00:00+00:00, run_after=2026-09-14 18:00:00+00:00
[2026-09-14T04:59:12.373+0000] {processor.py:208} INFO - Processing /opt/airflow/dags/Shi_HW 3.py took 0.057 seconds
[2026-09-14T04:59:42.685+0000] {processor.py:186} INFO - Started process (PID=44619) to work on /opt/airflow/dags/Shi_HW 3.py
[2026-09-14T04:59:42.689+0000] {processor.py:914} INFO - Processing file /opt/airflow/dags/Shi_HW 3.py for tasks to queue
[2026-09-14T04:59:42.690+0000] {logging_mixin.py:190} INFO - [2026-09-14T04:59:42.689+0000] {dagbag.py:587} INFO - Filling up the DagBag from /opt/airflow/dags/Shi_HW 3.py
[2026-09-14T04:59:42.707+0000] {processor.py:925} INFO - DAG(s) 'WeatherToronto_ETL' retrieved from /opt/airflow/dags/Shi_HW 3.py
[2026-09-14T04:59:42.716+0000] {logging_mixin.py:190} INFO - [2026-09-14T04:59:42.715+0000] {dag.py:3229} INFO - Sync 1 DAGs
[2026-09-14T04:59:42.725+0000] {logging_mixin.py:190} INFO - [2026-09-14T04:59:42.725+0000] {dag.py:4156} INFO - Setting next_dagrun for WeatherToronto_ETL to 2026-09-13 18:00:00+00:00, run_after=2026-09-14 18:00:00+00:00
[2026-09-14T04:59:42.732+0000] {processor.py:208} INFO - Processing /opt/airflow/dags/Shi_HW 3.py took 0.052 seconds
[2026-09-14T05:00:13.051+0000] {processor.py:186} INFO - Started process (PID=44630) to work on /opt/airflow/dags/Shi_HW 3.py
[2026-09-14T05:00:13.054+0000] {processor.py:914} INFO - Processing file /opt/airflow/dags/Shi_HW 3.py for tasks to queue
[2026-09-14T05:00:13.055+0000] {logging_mixin.py:190} INFO - [2026-09-14T05:00:13.055+0000] {dagbag.py:587} INFO - Filling up the DagBag from /opt/airflow/dags/Shi_HW 3.py
[2026-09-14T05:00:13.077+0000] {processor.py:925} INFO - DAG(s) 'WeatherToronto_ETL' retrieved from /opt/airflow/dags/Shi_HW 3.py
[2026-09-14T05:00:13.087+0000] {logging_mixin.py:190} INFO - [2026-09-14T05:00:13.086+0000] {dag.py:3229} INFO - Sync 1 DAGs
[2026-09-14T05:00:13.214+0000] {logging_mixin.py:190} INFO - [2026-09-14T05:00:13.214+0000] {dag.py:4156} INFO - Setting next_dagrun for WeatherToronto_ETL to 2026-09-13 18:00:00+00:00, run_after=2026-09-14 18:00:00+00:00
[2026-09-14T05:00:13.220+0000] {processor.py:208} INFO - Processing /opt/airflow/dags/Shi_HW 3.py took 0.175 seconds
[2026-09-14T05:00:43.429+0000] {processor.py:186} INFO - Started process (PID=44641) to work on /opt/airflow/dags/Shi_HW 3.py
[2026-09-14T05:00:43.433+0000] {processor.py:914} INFO - Processing file /opt/airflow/dags/Shi_HW 3.py for tasks to queue
[2026-09-14T05:00:43.434+0000] {logging_mixin.py:190} INFO - [2026-09-14T05:00:43.434+0000] {dagbag.py:587} INFO - Filling up the DagBag from /opt/airflow/dags/Shi_HW 3.py
[2026-09-14T05:00:43.453+0000] {processor.py:925} INFO - DAG(s) 'WeatherToronto_ETL' retrieved from /opt/airflow/dags/Shi_HW 3.py
[2026-09-14T05:00:43.550+0000] {logging_mixin.py:190} INFO - [2026-09-14T05:00:43.550+0000] {dag.py:3229} INFO - Sync 1 DAGs
[2026-09-14T05:00:43.558+0000] {logging_mixin.py:190} INFO - [2026-09-14T05:00:43.557+0000] {dag.py:4156} INFO - Setting next_dagrun for WeatherToronto_ETL to 2026-09-13 18:00:00+00:00, run_after=2026-09-14 18:00:00+00:00
[2026-09-14T05:00:43.564+0000] {processor.py:208} INFO - Processing /opt/airflow/dags/Shi_HW 3.py took 0.140 seconds
[2026-09-14T05:01:13.895+0000] {processor.py:186} INFO - Started process (PID=44652) to work on /opt/airflow/dags/Shi_HW 3.py
[2026-09-14T05:01:13.898+0000] {processor.py:914} INFO - Processing file /opt/airflow/dags/Shi_HW 3.py for tasks to queue
[2026-09-14T05:01:13.898+0000] {logging_mixin.py:190} INFO - [2026-09-14T05:01:13.898+0000] {dagbag.py:587} INFO - Filling up the DagBag from /opt/airflow/dags/Shi_HW 3.py
[2026-09-14T05:01:13.912+0000] {processor.py:925} INFO - DAG(s) 'WeatherToronto_ETL' retrieved from /opt/airflow/dags/Shi_HW 3.py
[2026-09-14T05:01:14.004+0000] {logging_mixin.py:190} INFO - [2026-09-14T05:01:14.004+0000] {dag.py:3229} INFO - Sync 1 DAGs
[2026-09-14T05:01:14.011+0000] {logging_mixin.py:190} INFO - [2026-09-14T05:01:14.011+0000] {dag.py:4156} INFO - Setting next_dagrun for WeatherToronto_ETL to 2026-09-13 18:00:00+00:00, run_after=2026-09-14 18:00:00+00:00
[2026-09-14T05:01:14.016+0000] {processor.py:208} INFO - Processing /opt/airflow/dags/Shi_HW 3.py took 0.126 seconds
[2026-09-14T05:01:44.375+0000] {processor.py:186} INFO - Started process (PID=44663) to work on /opt/airflow/dags/Shi_HW 3.py
[2026-09-14T05:01:44.379+0000] {processor.py:914} INFO - Processing file /opt/airflow/dags/Shi_HW 3.py for tasks to queue
[2026-09-14T05:01:44.380+0000] {logging_mixin.py:190} INFO - [2026-09-14T05:01:44.380+0000] {dagbag.py:587} INFO - Filling up the DagBag from /opt/airflow/dags/Shi_HW 3.py
[2026-09-14T05:01:44.398+0000] {processor.py:925} INFO - DAG(s) 'WeatherToronto_ETL' retrieved from /opt/airflow/dags/Shi_HW 3.py
[2026-09-14T05:01:44.407+0000] {logging_mixin.py:190} INFO - [2026-09-14T05:01:44.406+0000] {dag.py:3229} INFO - Sync 1 DAGs
[2026-09-14T05:01:44.416+0000] {logging_mixin.py:190} INFO - [2026-09-14T05:01:44.416+0000] {dag.py:4156} INFO - Setting next_dagrun for WeatherToronto_ETL to 2026-09-13 18:00:00+00:00, run_after=2026-09-14 18:00:00+00:00
[2026-09-14T05:01:44.430+0000] {processor.py:208} INFO - Processing /opt/airflow/dags/Shi_HW 3.py took 0.061 seconds
[2026-09-14T05:02:14.724+0000] {processor.py:186} INFO - Started process (PID=44674) to work on /opt/airflow/dags/Shi_HW 3.py
[2026-09-14T05:02:14.727+0000] {processor.py:914} INFO - Processing file /opt/airflow/dags/Shi_HW 3.py for tasks to queue
[2026-09-14T05:02:14.728+0000] {logging_mixin.py:190} INFO - [2026-09-14T05:02:14.728+0000] {dagbag.py:587} INFO - Filling up the DagBag from /opt/airflow/dags/Shi_HW 3.py
[2026-09-14T05:02:14.742+0000] {processor.py:925} INFO - DAG(s) 'WeatherToronto_ETL' retrieved from /opt/airflow/dags/Shi_HW 3.py
[2026-09-14T05:02:14.750+0000] {logging_mixin.py:190} INFO - [2026-09-14T05:02:14.750+0000] {dag.py:3229} INFO - Sync 1 DAGs
[2026-09-14T05:02:14.760+0000] {logging_mixin.py:190} INFO - [2026-09-14T05:02:14.760+0000] {dag.py:4156} INFO - Setting next_dagrun for WeatherToronto_ETL to 2026-09-13 18:00:00+00:00, run_after=2026-09-14 18:00:00+00:00
[2026-09-14T05:02:14.766+0000] {processor.py:208} INFO - Processing /opt/airflow/dags/Shi_HW 3.py took 0.046 seconds
[2026-09-14T05:02:45.076+0000] {processor.py:186} INFO - Started process (PID=44685) to work on /opt/airflow/dags/Shi_HW 3.py
[2026-09-14T05:02:45.080+0000] {processor.py:914} INFO - Processing file /opt/airflow/dags/Shi_HW 3.py for tasks to queue
[2026-09-14T05:02:45.081+0000] {logging_mixin.py:190} INFO - [2026-09-14T05:02:45.081+0000] {dagbag.py:587} INFO - Filling up the DagBag from /opt/airflow/dags/Shi_HW 3.py
[2026-09-14T05:02:45.103+0000] {processor.py:925} INFO - DAG(s) 'WeatherToronto_ETL' retrieved from /opt/airflow/dags/Shi_HW 3.py
[2026-09-14T05:02:45.114+0000] {logging_mixin.py:190} INFO - [2026-09-14T05:02:45.113+0000] {dag.py:3229} INFO - Sync 1 DAGs
[2026-09-14T05:02:45.126+0000] {logging_mixin.py:190} INFO - [2026-09-14T05:02:45.126+0000] {dag.py:4156} INFO - Setting next_dagrun for WeatherToronto_ETL to 2026-09-13 18:00:00+00:00, run_after=2026-09-14 18:00:00+00:00
[2026-09-14T05:02:45.132+0000] {processor.py:208} INFO - Processing /opt/airflow/dags/Shi_HW 3.py took 0.063 seconds
[2026-09-14T05:03:15.414+0000] {processor.py:186} INFO - Started process (PID=44696) to work on /opt/airflow/dags/Shi_HW 3.py
[2026-09-14T05:03:15.418+0000] {processor.py:914} INFO - Processing file /opt/airflow/dags/Shi_HW 3.py for tasks to queue
[2026-09-14T05:03:15.419+0000] {logging_mixin.py:190} INFO - [2026-09-14T05:03:15.419+0000] {dagbag.py:587} INFO - Filling up the DagBag from /opt/airflow/dags/Shi_HW 3.py
[2026-09-14T05:03:15.437+0000] {processor.py:925} INFO - DAG(s) 'WeatherToronto_ETL' retrieved from /opt/airflow/dags/Shi_HW 3.py
[2026-09-14T05:03:15.445+0000] {logging_mixin.py:190} INFO - [2026-09-14T05:03:15.445+0000] {dag.py:3229} INFO - Sync 1 DAGs
[2026-09-14T05:03:15.455+0000] {logging_mixin.py:190} INFO - [2026-09-14T05:03:15.455+0000] {dag.py:4156} INFO - Setting next_dagrun for WeatherToronto_ETL to 2026-09-13 18:00:00+00:00, run_after=2026-09-14 18:00:00+00:00
[2026-09-14T05:03:15.461+0000] {processor.py:208} INFO - Processing /opt/airflow/dags/Shi_HW 3.py took 0.053 seconds
[2026-09-14T05:03:45.787+0000] {processor.py:186} INFO - Started process (PID=44707) to work on /opt/airflow/dags/Shi_HW 3.py
[2026-09-14T05:03:45.791+0000] {processor.py:914} INFO - Processing file /opt/airflow/dags/Shi_HW 3.py for tasks to queue
[2026-09-14T05:03:45.792+0000] {logging_mixin.py:190} INFO - [2026-09-14T05:03:45.792+0000] {dagbag.py:587} INFO - Filling up the DagBag from /opt/airflow/dags/Shi_HW 3.py
[2026-09-14T05:03:45.812+0000] {processor.py:925} INFO - DAG(s) 'WeatherToronto_ETL' retrieved from /opt/airflow/dags/Shi_HW 3.py
[2026-09-14T05:03:45.822+0000] {logging_mixin.py:190} INFO - [2026-09-14T05:03:45.821+0000] {dag.py:3229} INFO - Sync 1 DAGs
[2026-09-14T05:03:45.833+0000] {logging_mixin.py:190} INFO - [2026-09-14T05:03:45.833+0000] {dag.py:4156} INFO - Setting next_dagrun for WeatherToronto_ETL to 2026-09-13 18:00:00+00:00, run_after=2026-09-14 18:00:00+00:00
[2026-09-14T05:03:45.840+0000] {processor.py:208} INFO - Processing /opt/airflow/dags/Shi_HW 3.py took 0.060 seconds
[2026-09-14T05:04:16.185+0000] {processor.py:186} INFO - Started process (PID=44718) to work on /opt/airflow/dags/Shi_HW 3.py
[2026-09-14T05:04:16.189+0000] {processor.py:914} INFO - Processing file /opt/airflow/dags/Shi_HW 3.py for tasks to queue
[2026-09-14T05:04:16.190+0000] {logging_mixin.py:190} INFO - [2026-09-14T05:04:16.190+0000] {dagbag.py:587} INFO - Filling up the DagBag from /opt/airflow/dags/Shi_HW 3.py
[2026-09-14T05:04:16.208+0000] {processor.py:925} INFO - DAG(s) 'WeatherToronto_ETL' retrieved from /opt/airflow/dags/Shi_HW 3.py
[2026-09-14T05:04:16.217+0000] {logging_mixin.py:190} INFO - [2026-09-14T05:04:16.216+0000] {dag.py:3229} INFO - Sync 1 DAGs
[2026-09-14T05:04:16.227+0000] {logging_mixin.py:190} INFO - [2026-09-14T05:04:16.227+0000] {dag.py:4156} INFO - Setting next_dagrun for WeatherToronto_ETL to 2026-09-13 18:00:00+00:00, run_after=2026-09-14 18:00:00+00:00
[2026-09-14T05:04:16.234+0000] {processor.py:208} INFO - Processing /opt/airflow/dags/Shi_HW 3.py took 0.055 seconds
[2026-09-14T05:04:46.570+0000] {processor.py:186} INFO - Started process (PID=44729) to work on /opt/airflow/dags/Shi_HW 3.py
[2026-09-14T05:04:46.573+0000] {processor.py:914} INFO - Processing file /opt/airflow/dags/Shi_HW 3.py for tasks to queue
[2026-09-14T05:04:46.574+0000] {logging_mixin.py:190} INFO - [2026-09-14T05:04:46.573+0000] {dagbag.py:587} INFO - Filling up the DagBag from /opt/airflow/dags/Shi_HW 3.py
[2026-09-14T05:04:46.590+0000] {processor.py:925} INFO - DAG(s) 'WeatherToronto_ETL' retrieved from /opt/airflow/dags/Shi_HW 3.py
[2026-09-14T05:04:46.598+0000] {logging_mixin.py:190} INFO - [2026-09-14T05:04:46.597+0000] {dag.py:3229} INFO - Sync 1 DAGs
[2026-09-14T05:04:46.609+0000] {logging_mixin.py:190} INFO - [2026-09-14T05:04:46.609+0000] {dag.py:4156} INFO - Setting next_dagrun for WeatherToronto_ETL to 2026-09-13 18:00:00+00:00, run_after=2026-09-14 18:00:00+00:00
[2026-09-14T05:04:46.615+0000] {processor.py:208} INFO - Processing /opt/airflow/dags/Shi_HW 3.py took 0.050 seconds
[2026-09-14T05:05:16.953+0000] {processor.py:186} INFO - Started process (PID=44740) to work on /opt/airflow/dags/Shi_HW 3.py
[2026-09-14T05:05:16.957+0000] {processor.py:914} INFO - Processing file /opt/airflow/dags/Shi_HW 3.py for tasks to queue
[2026-09-14T05:05:16.958+0000] {logging_mixin.py:190} INFO - [2026-09-14T05:05:16.958+0000] {dagbag.py:587} INFO - Filling up the DagBag from /opt/airflow/dags/Shi_HW 3.py
[2026-09-14T05:05:16.977+0000] {processor.py:925} INFO - DAG(s) 'WeatherToronto_ETL' retrieved from /opt/airflow/dags/Shi_HW 3.py
[2026-09-14T05:05:16.986+0000] {logging_mixin.py:190} INFO - [2026-09-14T05:05:16.985+0000] {dag.py:3229} INFO - Sync 1 DAGs
[2026-09-14T05:05:16.996+0000] {logging_mixin.py:190} INFO - [2026-09-14T05:05:16.996+0000] {dag.py:4156} INFO - Setting next_dagrun for WeatherToronto_ETL to 2026-09-13 18:00:00+00:00, run_after=2026-09-14 18:00:00+00:00
[2026-09-14T05:05:17.002+0000] {processor.py:208} INFO - Processing /opt/airflow/dags/Shi_HW 3.py took 0.055 seconds
[2026-09-14T05:05:47.357+0000] {processor.py:186} INFO - Started process (PID=44751) to work on /opt/airflow/dags/Shi_HW 3.py
[2026-09-14T05:05:47.360+0000] {processor.py:914} INFO - Processing file /opt/airflow/dags/Shi_HW 3.py for tasks to queue
[2026-09-14T05:05:47.361+0000] {logging_mixin.py:190} INFO - [2026-09-14T05:05:47.361+0000] {dagbag.py:587} INFO - Filling up the DagBag from /opt/airflow/dags/Shi_HW 3.py
[2026-09-14T05:05:47.382+0000] {processor.py:925} INFO - DAG(s) 'WeatherToronto_ETL' retrieved from /opt/airflow/dags/Shi_HW 3.py
[2026-09-14T05:05:47.393+0000] {logging_mixin.py:190} INFO - [2026-09-14T05:05:47.392+0000] {dag.py:3229} INFO - Sync 1 DAGs
[2026-09-14T05:05:47.405+0000] {logging_mixin.py:190} INFO - [2026-09-14T05:05:47.405+0000] {dag.py:4156} INFO - Setting next_dagrun for WeatherToronto_ETL to 2026-09-13 18:00:00+00:00, run_after=2026-09-14 18:00:00+00:00
[2026-09-14T05:05:47.411+0000] {processor.py:208} INFO - Processing /opt/airflow/dags/Shi_HW 3.py took 0.062 seconds
[2026-09-14T05:06:17.706+0000] {processor.py:186} INFO - Started process (PID=44762) to work on /opt/airflow/dags/Shi_HW 3.py
[2026-09-14T05:06:17.709+0000] {processor.py:914} INFO - Processing file /opt/airflow/dags/Shi_HW 3.py for tasks to queue
[2026-09-14T05:06:17.710+0000] {logging_mixin.py:190} INFO - [2026-09-14T05:06:17.710+0000] {dagbag.py:587} INFO - Filling up the DagBag from /opt/airflow/dags/Shi_HW 3.py
[2026-09-14T05:06:17.732+0000] {processor.py:925} INFO - DAG(s) 'WeatherToronto_ETL' retrieved from /opt/airflow/dags/Shi_HW 3.py
[2026-09-14T05:06:17.742+0000] {logging_mixin.py:190} INFO - [2026-09-14T05:06:17.741+0000] {dag.py:3229} INFO - Sync 1 DAGs
[2026-09-14T05:06:17.752+0000] {logging_mixin.py:190} INFO - [2026-09-14T05:06:17.752+0000] {dag.py:4156} INFO - Setting next_dagrun for WeatherToronto_ETL to 2026-09-13 18:00:00+00:00, run_after=2026-09-14 18:00:00+00:00
[2026-09-14T05:06:17.758+0000] {processor.py:208} INFO - Processing /opt/airflow/dags/Shi_HW 3.py took 0.060 seconds
[2026-09-14T05:06:48.192+0000] {processor.py:186} INFO - Started process (PID=44773) to work on /opt/airflow/dags/Shi_HW 3.py
[2026-09-14T05:06:48.195+0000] {processor.py:914} INFO - Processing file /opt/airflow/dags/Shi_HW 3.py for tasks to queue
[2026-09-14T05:06:48.196+0000] {logging_mixin.py:190} INFO - [2026-09-14T05:06:48.195+0000] {dagbag.py:587} INFO - Filling up the DagBag from /opt/airflow/dags/Shi_HW 3.py
[2026-09-14T05:06:48.214+0000] {processor.py:925} INFO - DAG(s) 'WeatherToronto_ETL' retrieved from /opt/airflow/dags/Shi_HW 3.py
[2026-09-14T05:06:48.222+0000] {logging_mixin.py:190} INFO - [2026-09-14T05:06:48.222+0000] {dag.py:3229} INFO - Sync 1 DAGs
[2026-09-14T05:06:48.232+0000] {logging_mixin.py:190} INFO - [2026-09-14T05:06:48.232+0000] {dag.py:4156} INFO - Setting next_dagrun for WeatherToronto_ETL to 2026-09-13 18:00:00+00:00, run_after=2026-09-14 18:00:00+00:00
[2026-09-14T05:06:48.238+0000] {processor.py:208} INFO - Processing /opt/airflow/dags/Shi_HW 3.py took 0.052 seconds
[2026-09-14T05:07:18.652+0000] {processor.py:186} INFO - Started process (PID=44784) to work on /opt/airflow/dags/Shi_HW 3.py
[2026-09-14T05:07:18.655+0000] {processor.py:914} INFO - Processing file /opt/airflow/dags/Shi_HW 3.py for tasks to queue
[2026-09-14T05:07:18.656+0000] {logging_mixin.py:190} INFO - [2026-09-14T05:07:18.656+0000] {dagbag.py:587} INFO - Filling up the DagBag from /opt/airflow/dags/Shi_HW 3.py
[2026-09-14T05:07:18.677+0000] {processor.py:925} INFO - DAG(s) 'WeatherToronto_ETL' retrieved from /opt/airflow/dags/Shi_HW 3.py
[2026-09-14T05:07:18.686+0000] {logging_mixin.py:190} INFO - [2026-09-14T05:07:18.686+0000] {dag.py:3229} INFO - Sync 1 DAGs
[2026-09-14T05:07:18.698+0000] {logging_mixin.py:190} INFO - [2026-09-14T05:07:18.698+0000] {dag.py:4156} INFO - Setting next_dagrun for WeatherToronto_ETL to 2026-09-13 18:00:00+00:00, run_after=2026-09-14 18:00:00+00:00
[2026-09-14T05:07:18.704+0000] {processor.py:208} INFO - Processing /opt/airflow/dags/Shi_HW 3.py took 0.059 seconds
[2026-09-14T05:07:49.096+0000] {processor.py:186} INFO - Started process (PID=44795) to work on /opt/airflow/dags/Shi_HW 3.py
[2026-09-14T05:07:49.099+0000] {processor.py:914} INFO - Processing file /opt/airflow/dags/Shi_HW 3.py for tasks to queue
[2026-09-14T05:07:49.100+0000] {logging_mixin.py:190} INFO - [2026-09-14T05:07:49.100+0000] {dagbag.py:587} INFO - Filling up the DagBag from /opt/airflow/dags/Shi_HW 3.py
[2026-09-14T05:07:49.120+0000] {processor.py:925} INFO - DAG(s) 'WeatherToronto_ETL' retrieved from /opt/airflow/dags/Shi_HW 3.py
[2026-09-14T05:07:49.129+0000] {logging_mixin.py:190} INFO - [2026-09-14T05:07:49.129+0000] {dag.py:3229} INFO - Sync 1 DAGs
[2026-09-14T05:07:49.140+0000] {logging_mixin.py:190} INFO - [2026-09-14T05:07:49.140+0000] {dag.py:4156} INFO - Setting next_dagrun for WeatherToronto_ETL to 2026-09-13 18:00:00+00:00, run_after=2026-09-14 18:00:00+00:00
[2026-09-14T05:07:49.146+0000] {processor.py:208} INFO - Processing /opt/airflow/dags/Shi_HW 3.py took 0.056 seconds
[2026-09-14T05:08:19.435+0000] {processor.py:186} INFO - Started process (PID=44806) to work on /opt/airflow/dags/Shi_HW 3.py
[2026-09-14T05:08:19.439+0000] {processor.py:914} INFO - Processing file /opt/airflow/dags/Shi_HW 3.py for tasks to queue
[2026-09-14T05:08:19.440+0000] {logging_mixin.py:190} INFO - [2026-09-14T05:08:19.440+0000] {dagbag.py:587} INFO - Filling up the DagBag from /opt/airflow/dags/Shi_HW 3.py
[2026-09-14T05:08:19.458+0000] {processor.py:925} INFO - DAG(s) 'WeatherToronto_ETL' retrieved from /opt/airflow/dags/Shi_HW 3.py
[2026-09-14T05:08:19.467+0000] {logging_mixin.py:190} INFO - [2026-09-14T05:08:19.466+0000] {dag.py:3229} INFO - Sync 1 DAGs
[2026-09-14T05:08:19.476+0000] {logging_mixin.py:190} INFO - [2026-09-14T05:08:19.476+0000] {dag.py:4156} INFO - Setting next_dagrun for WeatherToronto_ETL to 2026-09-13 18:00:00+00:00, run_after=2026-09-14 18:00:00+00:00
[2026-09-14T05:08:19.482+0000] {processor.py:208} INFO - Processing /opt/airflow/dags/Shi_HW 3.py took 0.053 seconds
[2026-09-14T05:08:49.796+0000] {processor.py:186} INFO - Started process (PID=44817) to work on /opt/airflow/dags/Shi_HW 3.py
[2026-09-14T05:08:49.799+0000] {processor.py:914} INFO - Processing file /opt/airflow/dags/Shi_HW 3.py for tasks to queue
[2026-09-14T05:08:49.800+0000] {logging_mixin.py:190} INFO - [2026-09-14T05:08:49.800+0000] {dagbag.py:587} INFO - Filling up the DagBag from /opt/airflow/dags/Shi_HW 3.py
[2026-09-14T05:08:49.818+0000] {processor.py:925} INFO - DAG(s) 'WeatherToronto_ETL' retrieved from /opt/airflow/dags/Shi_HW 3.py
[2026-09-14T05:08:49.826+0000] {logging_mixin.py:190} INFO - [2026-09-14T05:08:49.825+0000] {dag.py:3229} INFO - Sync 1 DAGs
[2026-09-14T05:08:49.836+0000] {logging_mixin.py:190} INFO - [2026-09-14T05:08:49.836+0000] {dag.py:4156} INFO - Setting next_dagrun for WeatherToronto_ETL to 2026-09-13 18:00:00+00:00, run_after=2026-09-14 18:00:00+00:00
[2026-09-14T05:08:49.842+0000] {processor.py:208} INFO - Processing /opt/airflow/dags/Shi_HW 3.py took 0.052 seconds
[2026-09-14T05:09:20.176+0000] {processor.py:186} INFO - Started process (PID=44828) to work on /opt/airflow/dags/Shi_HW 3.py
[2026-09-14T05:09:20.180+0000] {processor.py:914} INFO - Processing file /opt/airflow/dags/Shi_HW 3.py for tasks to queue
[2026-09-14T05:09:20.181+0000] {logging_mixin.py:190} INFO - [2026-09-14T05:09:20.181+0000] {dagbag.py:587} INFO - Filling up the DagBag from /opt/airflow/dags/Shi_HW 3.py
[2026-09-14T05:09:20.203+0000] {processor.py:925} INFO - DAG(s) 'WeatherToronto_ETL' retrieved from /opt/airflow/dags/Shi_HW 3.py
[2026-09-14T05:09:20.214+0000] {logging_mixin.py:190} INFO - [2026-09-14T05:09:20.213+0000] {dag.py:3229} INFO - Sync 1 DAGs
[2026-09-14T05:09:20.225+0000] {logging_mixin.py:190} INFO - [2026-09-14T05:09:20.225+0000] {dag.py:4156} INFO - Setting next_dagrun for WeatherToronto_ETL to 2026-09-13 18:00:00+00:00, run_after=2026-09-14 18:00:00+00:00
[2026-09-14T05:09:20.230+0000] {processor.py:208} INFO - Processing /opt/airflow/dags/Shi_HW 3.py took 0.062 seconds
[2026-09-14T05:09:50.501+0000] {processor.py:186} INFO - Started process (PID=44839) to work on /opt/airflow/dags/Shi_HW 3.py
[2026-09-14T05:09:50.505+0000] {processor.py:914} INFO - Processing file /opt/airflow/dags/Shi_HW 3.py for tasks to queue
[2026-09-14T05:09:50.506+0000] {logging_mixin.py:190} INFO - [2026-09-14T05:09:50.505+0000] {dagbag.py:587} INFO - Filling up the DagBag from /opt/airflow/dags/Shi_HW 3.py
[2026-09-14T05:09:50.522+0000] {processor.py:925} INFO - DAG(s) 'WeatherToronto_ETL' retrieved from /opt/airflow/dags/Shi_HW 3.py
[2026-09-14T05:09:50.531+0000] {logging_mixin.py:190} INFO - [2026-09-14T05:09:50.530+0000] {dag.py:3229} INFO - Sync 1 DAGs
[2026-09-14T05:09:50.542+0000] {logging_mixin.py:190} INFO - [2026-09-14T05:09:50.542+0000] {dag.py:4156} INFO - Setting next_dagrun for WeatherToronto_ETL to 2026-09-13 18:00:00+00:00, run_after=2026-09-14 18:00:00+00:00
[2026-09-14T05:09:50.548+0000] {processor.py:208} INFO - Processing /opt/airflow/dags/Shi_HW 3.py took 0.053 seconds
[2026-09-14T05:10:20.809+0000] {processor.py:186} INFO - Started process (PID=44850) to work on /opt/airflow/dags/Shi_HW 3.py
[2026-09-14T05:10:20.812+0000] {processor.py:914} INFO - Processing file /opt/airflow/dags/Shi_HW 3.py for tasks to queue
[2026-09-14T05:10:20.813+0000] {logging_mixin.py:190} INFO - [2026-09-14T05:10:20.813+0000] {dagbag.py:587} INFO - Filling up the DagBag from /opt/airflow/dags/Shi_HW 3.py
[2026-09-14T05:10:20.828+0000] {processor.py:925} INFO - DAG(s) 'WeatherToronto_ETL' retrieved from /opt/airflow/dags/Shi_HW 3.py
[2026-09-14T05:10:20.837+0000] {logging_mixin.py:190} INFO - [2026-09-14T05:10:20.837+0000] {dag.py:3229} INFO - Sync 1 DAGs
[2026-09-14T05:10:20.848+0000] {logging_mixin.py:190} INFO - [2026-09-14T05:10:20.847+0000] {dag.py:4156} INFO - Setting next_dagrun for WeatherToronto_ETL to 2026-09-13 18:00:00+00:00, run_after=2026-09-14 18:00:00+00:00
[2026-09-14T05:10:20.854+0000] {processor.py:208} INFO - Processing /opt/airflow/dags/Shi_HW 3.py took 0.051 seconds
[2026-09-14T05:10:51.117+0000] {processor.py:186} INFO - Started process (PID=44861) to work on /opt/airflow/dags/Shi_HW 3.py
[2026-09-14T05:10:51.120+0000] {processor.py:914} INFO - Processing file /opt/airflow/dags/Shi_HW 3.py for tasks to queue
[2026-09-14T05:10:51.121+0000] {logging_mixin.py:190} INFO - [2026-09-14T05:10:51.121+0000] {dagbag.py:587} INFO - Filling up the DagBag from /opt/airflow/dags/Shi_HW 3.py
[2026-09-14T05:10:51.139+0000] {processor.py:925} INFO - DAG(s) 'WeatherToronto_ETL' retrieved from /opt/airflow/dags/Shi_HW 3.py
[2026-09-14T05:10:51.148+0000] {logging_mixin.py:190} INFO - [2026-09-14T05:10:51.147+0000] {dag.py:3229} INFO - Sync 1 DAGs
[2026-09-14T05:10:51.158+0000] {logging_mixin.py:190} INFO - [2026-09-14T05:10:51.158+0000] {dag.py:4156} INFO - Setting next_dagrun for WeatherToronto_ETL to 2026-09-13 18:00:00+00:00, run_after=2026-09-14 18:00:00+00:00
[2026-09-14T05:10:51.166+0000] {processor.py:208} INFO - Processing /opt/airflow/dags/Shi_HW 3.py took 0.056 seconds
[2026-09-14T05:11:21.490+0000] {processor.py:186} INFO - Started process (PID=44872) to work on /opt/airflow/dags/Shi_HW 3.py
[2026-09-14T05:11:21.495+0000] {processor.py:914} INFO - Processing file /opt/airflow/dags/Shi_HW 3.py for tasks to queue
[2026-09-14T05:11:21.496+0000] {logging_mixin.py:190} INFO - [2026-09-14T05:11:21.496+0000] {dagbag.py:587} INFO - Filling up the DagBag from /opt/airflow/dags/Shi_HW 3.py
[2026-09-14T05:11:21.516+0000] {processor.py:925} INFO - DAG(s) 'WeatherToronto_ETL' retrieved from /opt/airflow/dags/Shi_HW 3.py
[2026-09-14T05:11:21.525+0000] {logging_mixin.py:190} INFO - [2026-09-14T05:11:21.525+0000] {dag.py:3229} INFO - Sync 1 DAGs
[2026-09-14T05:11:21.536+0000] {logging_mixin.py:190} INFO - [2026-09-14T05:11:21.536+0000] {dag.py:4156} INFO - Setting next_dagrun for WeatherToronto_ETL to 2026-09-13 18:00:00+00:00, run_after=2026-09-14 18:00:00+00:00
[2026-09-14T05:11:21.542+0000] {processor.py:208} INFO - Processing /opt/airflow/dags/Shi_HW 3.py took 0.059 seconds
[2026-09-14T05:11:51.849+0000] {processor.py:186} INFO - Started process (PID=44883) to work on /opt/airflow/dags/Shi_HW 3.py
[2026-09-14T05:11:51.852+0000] {processor.py:914} INFO - Processing file /opt/airflow/dags/Shi_HW 3.py for tasks to queue
[2026-09-14T05:11:51.853+0000] {logging_mixin.py:190} INFO - [2026-09-14T05:11:51.853+0000] {dagbag.py:587} INFO - Filling up the DagBag from /opt/airflow/dags/Shi_HW 3.py
[2026-09-14T05:11:51.872+0000] {processor.py:925} INFO - DAG(s) 'WeatherToronto_ETL' retrieved from /opt/airflow/dags/Shi_HW 3.py
[2026-09-14T05:11:51.880+0000] {logging_mixin.py:190} INFO - [2026-09-14T05:11:51.880+0000] {dag.py:3229} INFO - Sync 1 DAGs
[2026-09-14T05:11:51.890+0000] {logging_mixin.py:190} INFO - [2026-09-14T05:11:51.890+0000] {dag.py:4156} INFO - Setting next_dagrun for WeatherToronto_ETL to 2026-09-13 18:00:00+00:00, run_after=2026-09-14 18:00:00+00:00
[2026-09-14T05:11:51.896+0000] {processor.py:208} INFO - Processing /opt/airflow/dags/Shi_HW 3.py took 0.052 seconds
[2026-09-14T05:12:22.212+0000] {processor.py:186} INFO - Started process (PID=44894) to work on /opt/airflow/dags/Shi_HW 3.py
[2026-09-14T05:12:22.215+0000] {processor.py:914} INFO - Processing file /opt/airflow/dags/Shi_HW 3.py for tasks to queue
[2026-09-14T05:12:22.216+0000] {logging_mixin.py:190} INFO - [2026-09-14T05:12:22.216+0000] {dagbag.py:587} INFO - Filling up the DagBag from /opt/airflow/dags/Shi_HW 3.py
[2026-09-14T05:12:22.234+0000] {processor.py:925} INFO - DAG(s) 'WeatherToronto_ETL' retrieved from /opt/airflow/dags/Shi_HW 3.py
[2026-09-14T05:12:22.242+0000] {logging_mixin.py:190} INFO - [2026-09-14T05:12:22.241+0000] {dag.py:3229} INFO - Sync 1 DAGs
[2026-09-14T05:12:22.253+0000] {logging_mixin.py:190} INFO - [2026-09-14T05:12:22.253+0000] {dag.py:4156} INFO - Setting next_dagrun for WeatherToronto_ETL to 2026-09-13 18:00:00+00:00, run_after=2026-09-14 18:00:00+00:00
[2026-09-14T05:12:22.259+0000] {processor.py:208} INFO - Processing /opt/airflow/dags/Shi_HW 3.py took 0.053 seconds
[2026-09-14T05:12:52.594+0000] {processor.py:186} INFO - Started process (PID=44905) to work on /opt/airflow/dags/Shi_HW 3.py
[2026-09-14T05:12:52.598+0000] {processor.py:914} INFO - Processing file /opt/airflow/dags/Shi_HW 3.py for tasks to queue
[2026-09-14T05:12:52.599+0000] {logging_mixin.py:190} INFO - [2026-09-14T05:12:52.598+0000] {dagbag.py:587} INFO - Filling up the DagBag from /opt/airflow/dags/Shi_HW 3.py
[2026-09-14T05:12:52.616+0000] {processor.py:925} INFO - DAG(s) 'WeatherToronto_ETL' retrieved from /opt/airflow/dags/Shi_HW 3.py
[2026-09-14T05:12:52.624+0000] {logging_mixin.py:190} INFO - [2026-09-14T05:12:52.623+0000] {dag.py:3229} INFO - Sync 1 DAGs
[2026-09-14T05:12:52.634+0000] {logging_mixin.py:190} INFO - [2026-09-14T05:12:52.634+0000] {dag.py:4156} INFO - Setting next_dagrun for WeatherToronto_ETL to 2026-09-13 18:00:00+00:00, run_after=2026-09-14 18:00:00+00:00
[2026-09-14T05:12:52.640+0000] {processor.py:208} INFO - Processing /opt/airflow/dags/Shi_HW 3.py took 0.052 seconds
[2026-09-14T05:13:23.043+0000] {processor.py:186} INFO - Started process (PID=44916) to work on /opt/airflow/dags/Shi_HW 3.py
[2026-09-14T05:13:23.047+0000] {processor.py:914} INFO - Processing file /opt/airflow/dags/Shi_HW 3.py for tasks to queue
[2026-09-14T05:13:23.048+0000] {logging_mixin.py:190} INFO - [2026-09-14T05:13:23.047+0000] {dagbag.py:587} INFO - Filling up the DagBag from /opt/airflow/dags/Shi_HW 3.py
[2026-09-14T05:13:23.064+0000] {processor.py:925} INFO - DAG(s) 'WeatherToronto_ETL' retrieved from /opt/airflow/dags/Shi_HW 3.py
[2026-09-14T05:13:23.072+0000] {logging_mixin.py:190} INFO - [2026-09-14T05:13:23.072+0000] {dag.py:3229} INFO - Sync 1 DAGs
[2026-09-14T05:13:23.082+0000] {logging_mixin.py:190} INFO - [2026-09-14T05:13:23.082+0000] {dag.py:4156} INFO - Setting next_dagrun for WeatherToronto_ETL to 2026-09-13 18:00:00+00:00, run_after=2026-09-14 18:00:00+00:00
[2026-09-14T05:13:23.088+0000] {processor.py:208} INFO - Processing /opt/airflow/dags/Shi_HW 3.py took 0.050 seconds
[2026-09-14T05:13:53.453+0000] {processor.py:186} INFO - Started process (PID=44927) to work on /opt/airflow/dags/Shi_HW 3.py
[2026-09-14T05:13:53.456+0000] {processor.py:914} INFO - Processing file /opt/airflow/dags/Shi_HW 3.py for tasks to queue
[2026-09-14T05:13:53.457+0000] {logging_mixin.py:190} INFO - [2026-09-14T05:13:53.457+0000] {dagbag.py:587} INFO - Filling up the DagBag from /opt/airflow/dags/Shi_HW 3.py
[2026-09-14T05:13:53.473+0000] {processor.py:925} INFO - DAG(s) 'WeatherToronto_ETL' retrieved from /opt/airflow/dags/Shi_HW 3.py
[2026-09-14T05:13:53.481+0000] {logging_mixin.py:190} INFO - [2026-09-14T05:13:53.481+0000] {dag.py:3229} INFO - Sync 1 DAGs
[2026-09-14T05:13:53.491+0000] {logging_mixin.py:190} INFO - [2026-09-14T05:13:53.491+0000] {dag.py:4156} INFO - Setting next_dagrun for WeatherToronto_ETL to 2026-09-13 18:00:00+00:00, run_after=2026-09-14 18:00:00+00:00
[2026-09-14T05:13:53.498+0000] {processor.py:208} INFO - Processing /opt/airflow/dags/Shi_HW 3.py took 0.051 seconds
[2026-09-14T05:14:23.911+0000] {processor.py:186} INFO - Started process (PID=44938) to work on /opt/airflow/dags/Shi_HW 3.py
[2026-09-14T05:14:23.914+0000] {processor.py:914} INFO - Processing file /opt/airflow/dags/Shi_HW 3.py for tasks to queue
[2026-09-14T05:14:23.915+0000] {logging_mixin.py:190} INFO - [2026-09-14T05:14:23.915+0000] {dagbag.py:587} INFO - Filling up the DagBag from /opt/airflow/dags/Shi_HW 3.py
[2026-09-14T05:14:23.934+0000] {processor.py:925} INFO - DAG(s) 'WeatherToronto_ETL' retrieved from /opt/airflow/dags/Shi_HW 3.py
[2026-09-14T05:14:23.943+0000] {logging_mixin.py:190} INFO - [2026-09-14T05:14:23.943+0000] {dag.py:3229} INFO - Sync 1 DAGs
[2026-09-14T05:14:23.953+0000] {logging_mixin.py:190} INFO - [2026-09-14T05:14:23.953+0000] {dag.py:4156} INFO - Setting next_dagrun for WeatherToronto_ETL to 2026-09-13 18:00:00+00:00, run_after=2026-09-14 18:00:00+00:00
[2026-09-14T05:14:23.960+0000] {processor.py:208} INFO - Processing /opt/airflow/dags/Shi_HW 3.py took 0.054 seconds
[2026-09-14T05:14:54.365+0000] {processor.py:186} INFO - Started process (PID=44949) to work on /opt/airflow/dags/Shi_HW 3.py
[2026-09-14T05:14:54.369+0000] {processor.py:914} INFO - Processing file /opt/airflow/dags/Shi_HW 3.py for tasks to queue
[2026-09-14T05:14:54.370+0000] {logging_mixin.py:190} INFO - [2026-09-14T05:14:54.370+0000] {dagbag.py:587} INFO - Filling up the DagBag from /opt/airflow/dags/Shi_HW 3.py
[2026-09-14T05:14:54.387+0000] {processor.py:925} INFO - DAG(s) 'WeatherToronto_ETL' retrieved from /opt/airflow/dags/Shi_HW 3.py
[2026-09-14T05:14:54.395+0000] {logging_mixin.py:190} INFO - [2026-09-14T05:14:54.394+0000] {dag.py:3229} INFO - Sync 1 DAGs
[2026-09-14T05:14:54.405+0000] {logging_mixin.py:190} INFO - [2026-09-14T05:14:54.405+0000] {dag.py:4156} INFO - Setting next_dagrun for WeatherToronto_ETL to 2026-09-13 18:00:00+00:00, run_after=2026-09-14 18:00:00+00:00
[2026-09-14T05:14:54.411+0000] {processor.py:208} INFO - Processing /opt/airflow/dags/Shi_HW 3.py took 0.051 seconds
[2026-09-14T05:15:24.788+0000] {processor.py:186} INFO - Started process (PID=44960) to work on /opt/airflow/dags/Shi_HW 3.py
[2026-09-14T05:15:24.790+0000] {processor.py:914} INFO - Processing file /opt/airflow/dags/Shi_HW 3.py for tasks to queue
[2026-09-14T05:15:24.791+0000] {logging_mixin.py:190} INFO - [2026-09-14T05:15:24.791+0000] {dagbag.py:587} INFO - Filling up the DagBag from /opt/airflow/dags/Shi_HW 3.py
[2026-09-14T05:15:24.810+0000] {processor.py:925} INFO - DAG(s) 'WeatherToronto_ETL' retrieved from /opt/airflow/dags/Shi_HW 3.py
[2026-09-14T05:15:24.821+0000] {logging_mixin.py:190} INFO - [2026-09-14T05:15:24.820+0000] {dag.py:3229} INFO - Sync 1 DAGs
[2026-09-14T05:15:24.833+0000] {logging_mixin.py:190} INFO - [2026-09-14T05:15:24.833+0000] {dag.py:4156} INFO - Setting next_dagrun for WeatherToronto_ETL to 2026-09-13 18:00:00+00:00, run_after=2026-09-14 18:00:00+00:00
[2026-09-14T05:15:24.840+0000] {processor.py:208} INFO - Processing /opt/airflow/dags/Shi_HW 3.py took 0.058 seconds
[2026-09-14T05:15:55.193+0000] {processor.py:186} INFO - Started process (PID=44971) to work on /opt/airflow/dags/Shi_HW 3.py
[2026-09-14T05:15:55.198+0000] {processor.py:914} INFO - Processing file /opt/airflow/dags/Shi_HW 3.py for tasks to queue
[2026-09-14T05:15:55.199+0000] {logging_mixin.py:190} INFO - [2026-09-14T05:15:55.199+0000] {dagbag.py:587} INFO - Filling up the DagBag from /opt/airflow/dags/Shi_HW 3.py
[2026-09-14T05:15:55.221+0000] {processor.py:925} INFO - DAG(s) 'WeatherToronto_ETL' retrieved from /opt/airflow/dags/Shi_HW 3.py
[2026-09-14T05:15:55.230+0000] {logging_mixin.py:190} INFO - [2026-09-14T05:15:55.229+0000] {dag.py:3229} INFO - Sync 1 DAGs
[2026-09-14T05:15:55.240+0000] {logging_mixin.py:190} INFO - [2026-09-14T05:15:55.240+0000] {dag.py:4156} INFO - Setting next_dagrun for WeatherToronto_ETL to 2026-09-13 18:00:00+00:00, run_after=2026-09-14 18:00:00+00:00
[2026-09-14T05:15:55.247+0000] {processor.py:208} INFO - Processing /opt/airflow/dags/Shi_HW 3.py took 0.060 seconds
[2026-09-14T05:16:25.712+0000] {processor.py:186} INFO - Started process (PID=44982) to work on /opt/airflow/dags/Shi_HW 3.py
[2026-09-14T05:16:25.716+0000] {processor.py:914} INFO - Processing file /opt/airflow/dags/Shi_HW 3.py for tasks to queue
[2026-09-14T05:16:25.717+0000] {logging_mixin.py:190} INFO - [2026-09-14T05:16:25.716+0000] {dagbag.py:587} INFO - Filling up the DagBag from /opt/airflow/dags/Shi_HW 3.py
[2026-09-14T05:16:25.737+0000] {processor.py:925} INFO - DAG(s) 'WeatherToronto_ETL' retrieved from /opt/airflow/dags/Shi_HW 3.py
[2026-09-14T05:16:25.746+0000] {logging_mixin.py:190} INFO - [2026-09-14T05:16:25.745+0000] {dag.py:3229} INFO - Sync 1 DAGs
[2026-09-14T05:16:25.757+0000] {logging_mixin.py:190} INFO - [2026-09-14T05:16:25.757+0000] {dag.py:4156} INFO - Setting next_dagrun for WeatherToronto_ETL to 2026-09-13 18:00:00+00:00, run_after=2026-09-14 18:00:00+00:00
[2026-09-14T05:16:25.763+0000] {processor.py:208} INFO - Processing /opt/airflow/dags/Shi_HW 3.py took 0.058 seconds
[2026-09-14T05:16:56.117+0000] {processor.py:186} INFO - Started process (PID=44993) to work on /opt/airflow/dags/Shi_HW 3.py
[2026-09-14T05:16:56.120+0000] {processor.py:914} INFO - Processing file /opt/airflow/dags/Shi_HW 3.py for tasks to queue
[2026-09-14T05:16:56.121+0000] {logging_mixin.py:190} INFO - [2026-09-14T05:16:56.120+0000] {dagbag.py:587} INFO - Filling up the DagBag from /opt/airflow/dags/Shi_HW 3.py
[2026-09-14T05:16:56.135+0000] {processor.py:925} INFO - DAG(s) 'WeatherToronto_ETL' retrieved from /opt/airflow/dags/Shi_HW 3.py
[2026-09-14T05:16:56.143+0000] {logging_mixin.py:190} INFO - [2026-09-14T05:16:56.142+0000] {dag.py:3229} INFO - Sync 1 DAGs
[2026-09-14T05:16:56.153+0000] {logging_mixin.py:190} INFO - [2026-09-14T05:16:56.152+0000] {dag.py:4156} INFO - Setting next_dagrun for WeatherToronto_ETL to 2026-09-13 18:00:00+00:00, run_after=2026-09-14 18:00:00+00:00
[2026-09-14T05:16:56.158+0000] {processor.py:208} INFO - Processing /opt/airflow/dags/Shi_HW 3.py took 0.047 seconds
[2026-09-14T05:17:26.551+0000] {processor.py:186} INFO - Started process (PID=45004) to work on /opt/airflow/dags/Shi_HW 3.py
[2026-09-14T05:17:26.555+0000] {processor.py:914} INFO - Processing file /opt/airflow/dags/Shi_HW 3.py for tasks to queue
[2026-09-14T05:17:26.556+0000] {logging_mixin.py:190} INFO - [2026-09-14T05:17:26.556+0000] {dagbag.py:587} INFO - Filling up the DagBag from /opt/airflow/dags/Shi_HW 3.py
[2026-09-14T05:17:26.575+0000] {processor.py:925} INFO - DAG(s) 'WeatherToronto_ETL' retrieved from /opt/airflow/dags/Shi_HW 3.py
[2026-09-14T05:17:26.585+0000] {logging_mixin.py:190} INFO - [2026-09-14T05:17:26.585+0000] {dag.py:3229} INFO - Sync 1 DAGs
[2026-09-14T05:17:26.597+0000] {logging_mixin.py:190} INFO - [2026-09-14T05:17:26.597+0000] {dag.py:4156} INFO - Setting next_dagrun for WeatherToronto_ETL to 2026-09-13 18:00:00+00:00, run_after=2026-09-14 18:00:00+00:00
[2026-09-14T05:17:26.603+0000] {processor.py:208} INFO - Processing /opt/airflow/dags/Shi_HW 3.py took 0.059 seconds
[2026-09-14T05:17:56.958+0000] {processor.py:186} INFO - Started process (PID=45015) to work on /opt/airflow/dags/Shi_HW 3.py
[2026-09-14T05:17:56.962+0000] {processor.py:914} INFO - Processing file /opt/airflow/dags/Shi_HW 3.py for tasks to queue
[2026-09-14T05:17:56.964+0000] {logging_mixin.py:190} INFO - [2026-09-14T05:17:56.963+0000] {dagbag.py:587} INFO - Filling up the DagBag from /opt/airflow/dags/Shi_HW 3.py
[2026-09-14T05:17:57.000+0000] {processor.py:925} INFO - DAG(s) 'WeatherToronto_ETL' retrieved from /opt/airflow/dags/Shi_HW 3.py
[2026-09-14T05:17:57.015+0000] {logging_mixin.py:190} INFO - [2026-09-14T05:17:57.014+0000] {dag.py:3229} INFO - Sync 1 DAGs
[2026-09-14T05:17:57.030+0000] {logging_mixin.py:190} INFO - [2026-09-14T05:17:57.030+0000] {dag.py:4156} INFO - Setting next_dagrun for WeatherToronto_ETL to 2026-09-13 18:00:00+00:00, run_after=2026-09-14 18:00:00+00:00
[2026-09-14T05:17:57.038+0000] {processor.py:208} INFO - Processing /opt/airflow/dags/Shi_HW 3.py took 0.091 seconds
[2026-09-14T05:18:27.347+0000] {processor.py:186} INFO - Started process (PID=45026) to work on /opt/airflow/dags/Shi_HW 3.py
[2026-09-14T05:18:27.350+0000] {processor.py:914} INFO - Processing file /opt/airflow/dags/Shi_HW 3.py for tasks to queue
[2026-09-14T05:18:27.351+0000] {logging_mixin.py:190} INFO - [2026-09-14T05:18:27.351+0000] {dagbag.py:587} INFO - Filling up the DagBag from /opt/airflow/dags/Shi_HW 3.py
[2026-09-14T05:18:27.370+0000] {processor.py:925} INFO - DAG(s) 'WeatherToronto_ETL' retrieved from /opt/airflow/dags/Shi_HW 3.py
[2026-09-14T05:18:27.379+0000] {logging_mixin.py:190} INFO - [2026-09-14T05:18:27.378+0000] {dag.py:3229} INFO - Sync 1 DAGs
[2026-09-14T05:18:27.389+0000] {logging_mixin.py:190} INFO - [2026-09-14T05:18:27.389+0000] {dag.py:4156} INFO - Setting next_dagrun for WeatherToronto_ETL to 2026-09-13 18:00:00+00:00, run_after=2026-09-14 18:00:00+00:00
[2026-09-14T05:18:27.396+0000] {processor.py:208} INFO - Processing /opt/airflow/dags/Shi_HW 3.py took 0.057 seconds
[2026-09-14T05:18:57.773+0000] {processor.py:186} INFO - Started process (PID=45037) to work on /opt/airflow/dags/Shi_HW 3.py
[2026-09-14T05:18:57.777+0000] {processor.py:914} INFO - Processing file /opt/airflow/dags/Shi_HW 3.py for tasks to queue
[2026-09-14T05:18:57.777+0000] {logging_mixin.py:190} INFO - [2026-09-14T05:18:57.777+0000] {dagbag.py:587} INFO - Filling up the DagBag from /opt/airflow/dags/Shi_HW 3.py
[2026-09-14T05:18:57.793+0000] {processor.py:925} INFO - DAG(s) 'WeatherToronto_ETL' retrieved from /opt/airflow/dags/Shi_HW 3.py
[2026-09-14T05:18:57.802+0000] {logging_mixin.py:190} INFO - [2026-09-14T05:18:57.802+0000] {dag.py:3229} INFO - Sync 1 DAGs
[2026-09-14T05:18:57.813+0000] {logging_mixin.py:190} INFO - [2026-09-14T05:18:57.813+0000] {dag.py:4156} INFO - Setting next_dagrun for WeatherToronto_ETL to 2026-09-13 18:00:00+00:00, run_after=2026-09-14 18:00:00+00:00
[2026-09-14T05:18:57.819+0000] {processor.py:208} INFO - Processing /opt/airflow/dags/Shi_HW 3.py took 0.052 seconds
[2026-09-14T05:19:28.146+0000] {processor.py:186} INFO - Started process (PID=45048) to work on /opt/airflow/dags/Shi_HW 3.py
[2026-09-14T05:19:28.150+0000] {processor.py:914} INFO - Processing file /opt/airflow/dags/Shi_HW 3.py for tasks to queue
[2026-09-14T05:19:28.151+0000] {logging_mixin.py:190} INFO - [2026-09-14T05:19:28.151+0000] {dagbag.py:587} INFO - Filling up the DagBag from /opt/airflow/dags/Shi_HW 3.py
[2026-09-14T05:19:28.173+0000] {processor.py:925} INFO - DAG(s) 'WeatherToronto_ETL' retrieved from /opt/airflow/dags/Shi_HW 3.py
[2026-09-14T05:19:28.185+0000] {logging_mixin.py:190} INFO - [2026-09-14T05:19:28.183+0000] {dag.py:3229} INFO - Sync 1 DAGs
[2026-09-14T05:19:28.197+0000] {logging_mixin.py:190} INFO - [2026-09-14T05:19:28.197+0000] {dag.py:4156} INFO - Setting next_dagrun for WeatherToronto_ETL to 2026-09-13 18:00:00+00:00, run_after=2026-09-14 18:00:00+00:00
[2026-09-14T05:19:28.204+0000] {processor.py:208} INFO - Processing /opt/airflow/dags/Shi_HW 3.py took 0.066 seconds
[2026-09-14T05:19:58.538+0000] {processor.py:186} INFO - Started process (PID=45059) to work on /opt/airflow/dags/Shi_HW 3.py
[2026-09-14T05:19:58.542+0000] {processor.py:914} INFO - Processing file /opt/airflow/dags/Shi_HW 3.py for tasks to queue
[2026-09-14T05:19:58.543+0000] {logging_mixin.py:190} INFO - [2026-09-14T05:19:58.543+0000] {dagbag.py:587} INFO - Filling up the DagBag from /opt/airflow/dags/Shi_HW 3.py
[2026-09-14T05:19:58.562+0000] {processor.py:925} INFO - DAG(s) 'WeatherToronto_ETL' retrieved from /opt/airflow/dags/Shi_HW 3.py
[2026-09-14T05:19:58.572+0000] {logging_mixin.py:190} INFO - [2026-09-14T05:19:58.571+0000] {dag.py:3229} INFO - Sync 1 DAGs
[2026-09-14T05:19:58.584+0000] {logging_mixin.py:190} INFO - [2026-09-14T05:19:58.584+0000] {dag.py:4156} INFO - Setting next_dagrun for WeatherToronto_ETL to 2026-09-13 18:00:00+00:00, run_after=2026-09-14 18:00:00+00:00
[2026-09-14T05:19:58.591+0000] {processor.py:208} INFO - Processing /opt/airflow/dags/Shi_HW 3.py took 0.060 seconds
[2026-09-14T05:20:28.861+0000] {processor.py:186} INFO - Started process (PID=45070) to work on /opt/airflow/dags/Shi_HW 3.py
[2026-09-14T05:20:28.865+0000] {processor.py:914} INFO - Processing file /opt/airflow/dags/Shi_HW 3.py for tasks to queue
[2026-09-14T05:20:28.866+0000] {logging_mixin.py:190} INFO - [2026-09-14T05:20:28.865+0000] {dagbag.py:587} INFO - Filling up the DagBag from /opt/airflow/dags/Shi_HW 3.py
[2026-09-14T05:20:28.884+0000] {processor.py:925} INFO - DAG(s) 'WeatherToronto_ETL' retrieved from /opt/airflow/dags/Shi_HW 3.py
[2026-09-14T05:20:28.894+0000] {logging_mixin.py:190} INFO - [2026-09-14T05:20:28.893+0000] {dag.py:3229} INFO - Sync 1 DAGs
[2026-09-14T05:20:28.904+0000] {logging_mixin.py:190} INFO - [2026-09-14T05:20:28.904+0000] {dag.py:4156} INFO - Setting next_dagrun for WeatherToronto_ETL to 2026-09-13 18:00:00+00:00, run_after=2026-09-14 18:00:00+00:00
[2026-09-14T05:20:28.910+0000] {processor.py:208} INFO - Processing /opt/airflow/dags/Shi_HW 3.py took 0.057 seconds
[2026-09-14T05:20:59.254+0000] {processor.py:186} INFO - Started process (PID=45081) to work on /opt/airflow/dags/Shi_HW 3.py
[2026-09-14T05:20:59.259+0000] {processor.py:914} INFO - Processing file /opt/airflow/dags/Shi_HW 3.py for tasks to queue
[2026-09-14T05:20:59.259+0000] {logging_mixin.py:190} INFO - [2026-09-14T05:20:59.259+0000] {dagbag.py:587} INFO - Filling up the DagBag from /opt/airflow/dags/Shi_HW 3.py
[2026-09-14T05:20:59.277+0000] {processor.py:925} INFO - DAG(s) 'WeatherToronto_ETL' retrieved from /opt/airflow/dags/Shi_HW 3.py
[2026-09-14T05:20:59.286+0000] {logging_mixin.py:190} INFO - [2026-09-14T05:20:59.286+0000] {dag.py:3229} INFO - Sync 1 DAGs
[2026-09-14T05:20:59.296+0000] {logging_mixin.py:190} INFO - [2026-09-14T05:20:59.296+0000] {dag.py:4156} INFO - Setting next_dagrun for WeatherToronto_ETL to 2026-09-13 18:00:00+00:00, run_after=2026-09-14 18:00:00+00:00
[2026-09-14T05:20:59.302+0000] {processor.py:208} INFO - Processing /opt/airflow/dags/Shi_HW 3.py took 0.053 seconds
[2026-09-14T05:21:29.597+0000] {processor.py:186} INFO - Started process (PID=45092) to work on /opt/airflow/dags/Shi_HW 3.py
[2026-09-14T05:21:29.601+0000] {processor.py:914} INFO - Processing file /opt/airflow/dags/Shi_HW 3.py for tasks to queue
[2026-09-14T05:21:29.603+0000] {logging_mixin.py:190} INFO - [2026-09-14T05:21:29.602+0000] {dagbag.py:587} INFO - Filling up the DagBag from /opt/airflow/dags/Shi_HW 3.py
[2026-09-14T05:21:29.620+0000] {processor.py:925} INFO - DAG(s) 'WeatherToronto_ETL' retrieved from /opt/airflow/dags/Shi_HW 3.py
[2026-09-14T05:21:29.629+0000] {logging_mixin.py:190} INFO - [2026-09-14T05:21:29.628+0000] {dag.py:3229} INFO - Sync 1 DAGs
[2026-09-14T05:21:29.639+0000] {logging_mixin.py:190} INFO - [2026-09-14T05:21:29.638+0000] {dag.py:4156} INFO - Setting next_dagrun for WeatherToronto_ETL to 2026-09-13 18:00:00+00:00, run_after=2026-09-14 18:00:00+00:00
[2026-09-14T05:21:29.644+0000] {processor.py:208} INFO - Processing /opt/airflow/dags/Shi_HW 3.py took 0.054 seconds
[2026-09-14T05:21:59.953+0000] {processor.py:186} INFO - Started process (PID=45104) to work on /opt/airflow/dags/Shi_HW 3.py
[2026-09-14T05:21:59.956+0000] {processor.py:914} INFO - Processing file /opt/airflow/dags/Shi_HW 3.py for tasks to queue
[2026-09-14T05:21:59.957+0000] {logging_mixin.py:190} INFO - [2026-09-14T05:21:59.957+0000] {dagbag.py:587} INFO - Filling up the DagBag from /opt/airflow/dags/Shi_HW 3.py
[2026-09-14T05:21:59.990+0000] {processor.py:925} INFO - DAG(s) 'WeatherToronto_ETL' retrieved from /opt/airflow/dags/Shi_HW 3.py
[2026-09-14T05:22:00.015+0000] {logging_mixin.py:190} INFO - [2026-09-14T05:22:00.013+0000] {dag.py:3229} INFO - Sync 1 DAGs
[2026-09-14T05:22:00.030+0000] {logging_mixin.py:190} INFO - [2026-09-14T05:22:00.030+0000] {dag.py:4156} INFO - Setting next_dagrun for WeatherToronto_ETL to 2026-09-13 18:00:00+00:00, run_after=2026-09-14 18:00:00+00:00
[2026-09-14T05:22:00.037+0000] {processor.py:208} INFO - Processing /opt/airflow/dags/Shi_HW 3.py took 0.093 seconds
[2026-09-14T05:22:30.328+0000] {processor.py:186} INFO - Started process (PID=45115) to work on /opt/airflow/dags/Shi_HW 3.py
[2026-09-14T05:22:30.333+0000] {processor.py:914} INFO - Processing file /opt/airflow/dags/Shi_HW 3.py for tasks to queue
[2026-09-14T05:22:30.335+0000] {logging_mixin.py:190} INFO - [2026-09-14T05:22:30.334+0000] {dagbag.py:587} INFO - Filling up the DagBag from /opt/airflow/dags/Shi_HW 3.py
[2026-09-14T05:22:30.355+0000] {processor.py:925} INFO - DAG(s) 'WeatherToronto_ETL' retrieved from /opt/airflow/dags/Shi_HW 3.py
[2026-09-14T05:22:30.365+0000] {logging_mixin.py:190} INFO - [2026-09-14T05:22:30.364+0000] {dag.py:3229} INFO - Sync 1 DAGs
[2026-09-14T05:22:30.376+0000] {logging_mixin.py:190} INFO - [2026-09-14T05:22:30.376+0000] {dag.py:4156} INFO - Setting next_dagrun for WeatherToronto_ETL to 2026-09-13 18:00:00+00:00, run_after=2026-09-14 18:00:00+00:00
[2026-09-14T05:22:30.383+0000] {processor.py:208} INFO - Processing /opt/airflow/dags/Shi_HW 3.py took 0.063 seconds
[2026-09-14T05:23:00.759+0000] {processor.py:186} INFO - Started process (PID=45126) to work on /opt/airflow/dags/Shi_HW 3.py
[2026-09-14T05:23:00.765+0000] {processor.py:914} INFO - Processing file /opt/airflow/dags/Shi_HW 3.py for tasks to queue
[2026-09-14T05:23:00.781+0000] {logging_mixin.py:190} INFO - [2026-09-14T05:23:00.779+0000] {dagbag.py:587} INFO - Filling up the DagBag from /opt/airflow/dags/Shi_HW 3.py
[2026-09-14T05:23:00.827+0000] {processor.py:925} INFO - DAG(s) 'WeatherToronto_ETL' retrieved from /opt/airflow/dags/Shi_HW 3.py
[2026-09-14T05:23:00.841+0000] {logging_mixin.py:190} INFO - [2026-09-14T05:23:00.840+0000] {dag.py:3229} INFO - Sync 1 DAGs
[2026-09-14T05:23:00.857+0000] {logging_mixin.py:190} INFO - [2026-09-14T05:23:00.857+0000] {dag.py:4156} INFO - Setting next_dagrun for WeatherToronto_ETL to 2026-09-13 18:00:00+00:00, run_after=2026-09-14 18:00:00+00:00
[2026-09-14T05:23:00.865+0000] {processor.py:208} INFO - Processing /opt/airflow/dags/Shi_HW 3.py took 0.127 seconds
[2026-09-14T05:23:31.129+0000] {processor.py:186} INFO - Started process (PID=45137) to work on /opt/airflow/dags/Shi_HW 3.py
[2026-09-14T05:23:31.131+0000] {processor.py:914} INFO - Processing file /opt/airflow/dags/Shi_HW 3.py for tasks to queue
[2026-09-14T05:23:31.133+0000] {logging_mixin.py:190} INFO - [2026-09-14T05:23:31.132+0000] {dagbag.py:587} INFO - Filling up the DagBag from /opt/airflow/dags/Shi_HW 3.py
[2026-09-14T05:23:31.161+0000] {processor.py:925} INFO - DAG(s) 'WeatherToronto_ETL' retrieved from /opt/airflow/dags/Shi_HW 3.py
[2026-09-14T05:23:31.176+0000] {logging_mixin.py:190} INFO - [2026-09-14T05:23:31.174+0000] {dag.py:3229} INFO - Sync 1 DAGs
[2026-09-14T05:23:31.189+0000] {logging_mixin.py:190} INFO - [2026-09-14T05:23:31.189+0000] {dag.py:4156} INFO - Setting next_dagrun for WeatherToronto_ETL to 2026-09-13 18:00:00+00:00, run_after=2026-09-14 18:00:00+00:00
[2026-09-14T05:23:31.196+0000] {processor.py:208} INFO - Processing /opt/airflow/dags/Shi_HW 3.py took 0.078 seconds
[2026-09-14T05:24:01.599+0000] {processor.py:186} INFO - Started process (PID=45148) to work on /opt/airflow/dags/Shi_HW 3.py
[2026-09-14T05:24:01.620+0000] {processor.py:914} INFO - Processing file /opt/airflow/dags/Shi_HW 3.py for tasks to queue
[2026-09-14T05:24:01.621+0000] {logging_mixin.py:190} INFO - [2026-09-14T05:24:01.620+0000] {dagbag.py:587} INFO - Filling up the DagBag from /opt/airflow/dags/Shi_HW 3.py
[2026-09-14T05:24:01.648+0000] {processor.py:925} INFO - DAG(s) 'WeatherToronto_ETL' retrieved from /opt/airflow/dags/Shi_HW 3.py
[2026-09-14T05:24:01.664+0000] {logging_mixin.py:190} INFO - [2026-09-14T05:24:01.662+0000] {dag.py:3229} INFO - Sync 1 DAGs
[2026-09-14T05:24:01.679+0000] {logging_mixin.py:190} INFO - [2026-09-14T05:24:01.679+0000] {dag.py:4156} INFO - Setting next_dagrun for WeatherToronto_ETL to 2026-09-13 18:00:00+00:00, run_after=2026-09-14 18:00:00+00:00
[2026-09-14T05:24:01.686+0000] {processor.py:208} INFO - Processing /opt/airflow/dags/Shi_HW 3.py took 0.096 seconds
[2026-09-14T05:24:31.960+0000] {processor.py:186} INFO - Started process (PID=45160) to work on /opt/airflow/dags/Shi_HW 3.py
[2026-09-14T05:24:31.964+0000] {processor.py:914} INFO - Processing file /opt/airflow/dags/Shi_HW 3.py for tasks to queue
[2026-09-14T05:24:31.965+0000] {logging_mixin.py:190} INFO - [2026-09-14T05:24:31.964+0000] {dagbag.py:587} INFO - Filling up the DagBag from /opt/airflow/dags/Shi_HW 3.py
[2026-09-14T05:24:31.986+0000] {processor.py:925} INFO - DAG(s) 'WeatherToronto_ETL' retrieved from /opt/airflow/dags/Shi_HW 3.py
[2026-09-14T05:24:31.995+0000] {logging_mixin.py:190} INFO - [2026-09-14T05:24:31.994+0000] {dag.py:3229} INFO - Sync 1 DAGs
[2026-09-14T05:24:32.007+0000] {logging_mixin.py:190} INFO - [2026-09-14T05:24:32.006+0000] {dag.py:4156} INFO - Setting next_dagrun for WeatherToronto_ETL to 2026-09-13 18:00:00+00:00, run_after=2026-09-14 18:00:00+00:00
[2026-09-14T05:24:32.014+0000] {processor.py:208} INFO - Processing /opt/airflow/dags/Shi_HW 3.py took 0.060 seconds
[2026-09-14T05:25:02.364+0000] {processor.py:186} INFO - Started process (PID=45171) to work on /opt/airflow/dags/Shi_HW 3.py
[2026-09-14T05:25:02.368+0000] {processor.py:914} INFO - Processing file /opt/airflow/dags/Shi_HW 3.py for tasks to queue
[2026-09-14T05:25:02.369+0000] {logging_mixin.py:190} INFO - [2026-09-14T05:25:02.369+0000] {dagbag.py:587} INFO - Filling up the DagBag from /opt/airflow/dags/Shi_HW 3.py
[2026-09-14T05:25:02.384+0000] {processor.py:925} INFO - DAG(s) 'WeatherToronto_ETL' retrieved from /opt/airflow/dags/Shi_HW 3.py
[2026-09-14T05:25:02.393+0000] {logging_mixin.py:190} INFO - [2026-09-14T05:25:02.392+0000] {dag.py:3229} INFO - Sync 1 DAGs
[2026-09-14T05:25:02.404+0000] {logging_mixin.py:190} INFO - [2026-09-14T05:25:02.403+0000] {dag.py:4156} INFO - Setting next_dagrun for WeatherToronto_ETL to 2026-09-13 18:00:00+00:00, run_after=2026-09-14 18:00:00+00:00
[2026-09-14T05:25:02.410+0000] {processor.py:208} INFO - Processing /opt/airflow/dags/Shi_HW 3.py took 0.050 seconds
[2026-09-14T05:25:32.736+0000] {processor.py:186} INFO - Started process (PID=45182) to work on /opt/airflow/dags/Shi_HW 3.py
[2026-09-14T05:25:32.740+0000] {processor.py:914} INFO - Processing file /opt/airflow/dags/Shi_HW 3.py for tasks to queue
[2026-09-14T05:25:32.741+0000] {logging_mixin.py:190} INFO - [2026-09-14T05:25:32.741+0000] {dagbag.py:587} INFO - Filling up the DagBag from /opt/airflow/dags/Shi_HW 3.py
[2026-09-14T05:25:32.761+0000] {processor.py:925} INFO - DAG(s) 'WeatherToronto_ETL' retrieved from /opt/airflow/dags/Shi_HW 3.py
[2026-09-14T05:25:32.770+0000] {logging_mixin.py:190} INFO - [2026-09-14T05:25:32.770+0000] {dag.py:3229} INFO - Sync 1 DAGs
[2026-09-14T05:25:32.782+0000] {logging_mixin.py:190} INFO - [2026-09-14T05:25:32.782+0000] {dag.py:4156} INFO - Setting next_dagrun for WeatherToronto_ETL to 2026-09-13 18:00:00+00:00, run_after=2026-09-14 18:00:00+00:00
[2026-09-14T05:25:32.788+0000] {processor.py:208} INFO - Processing /opt/airflow/dags/Shi_HW 3.py took 0.059 seconds
[2026-09-14T05:26:03.535+0000] {processor.py:186} INFO - Started process (PID=45193) to work on /opt/airflow/dags/Shi_HW 3.py
[2026-09-14T05:26:03.538+0000] {processor.py:914} INFO - Processing file /opt/airflow/dags/Shi_HW 3.py for tasks to queue
[2026-09-14T05:26:03.542+0000] {logging_mixin.py:190} INFO - [2026-09-14T05:26:03.541+0000] {dagbag.py:587} INFO - Filling up the DagBag from /opt/airflow/dags/Shi_HW 3.py
[2026-09-14T05:26:03.579+0000] {processor.py:925} INFO - DAG(s) 'WeatherToronto_ETL' retrieved from /opt/airflow/dags/Shi_HW 3.py
[2026-09-14T05:26:03.601+0000] {logging_mixin.py:190} INFO - [2026-09-14T05:26:03.599+0000] {dag.py:3229} INFO - Sync 1 DAGs
[2026-09-14T05:26:03.622+0000] {logging_mixin.py:190} INFO - [2026-09-14T05:26:03.622+0000] {dag.py:4156} INFO - Setting next_dagrun for WeatherToronto_ETL to 2026-09-13 18:00:00+00:00, run_after=2026-09-14 18:00:00+00:00
[2026-09-14T05:26:03.633+0000] {processor.py:208} INFO - Processing /opt/airflow/dags/Shi_HW 3.py took 0.108 seconds
[2026-09-14T05:26:33.913+0000] {processor.py:186} INFO - Started process (PID=45204) to work on /opt/airflow/dags/Shi_HW 3.py
[2026-09-14T05:26:33.916+0000] {processor.py:914} INFO - Processing file /opt/airflow/dags/Shi_HW 3.py for tasks to queue
[2026-09-14T05:26:33.918+0000] {logging_mixin.py:190} INFO - [2026-09-14T05:26:33.917+0000] {dagbag.py:587} INFO - Filling up the DagBag from /opt/airflow/dags/Shi_HW 3.py
[2026-09-14T05:26:33.945+0000] {processor.py:925} INFO - DAG(s) 'WeatherToronto_ETL' retrieved from /opt/airflow/dags/Shi_HW 3.py
[2026-09-14T05:26:33.960+0000] {logging_mixin.py:190} INFO - [2026-09-14T05:26:33.958+0000] {dag.py:3229} INFO - Sync 1 DAGs
[2026-09-14T05:26:33.974+0000] {logging_mixin.py:190} INFO - [2026-09-14T05:26:33.974+0000] {dag.py:4156} INFO - Setting next_dagrun for WeatherToronto_ETL to 2026-09-13 18:00:00+00:00, run_after=2026-09-14 18:00:00+00:00
[2026-09-14T05:26:33.981+0000] {processor.py:208} INFO - Processing /opt/airflow/dags/Shi_HW 3.py took 0.078 seconds
[2026-09-14T05:27:04.344+0000] {processor.py:186} INFO - Started process (PID=45215) to work on /opt/airflow/dags/Shi_HW 3.py
[2026-09-14T05:27:04.347+0000] {processor.py:914} INFO - Processing file /opt/airflow/dags/Shi_HW 3.py for tasks to queue
[2026-09-14T05:27:04.348+0000] {logging_mixin.py:190} INFO - [2026-09-14T05:27:04.347+0000] {dagbag.py:587} INFO - Filling up the DagBag from /opt/airflow/dags/Shi_HW 3.py
[2026-09-14T05:27:04.366+0000] {processor.py:925} INFO - DAG(s) 'WeatherToronto_ETL' retrieved from /opt/airflow/dags/Shi_HW 3.py
[2026-09-14T05:27:04.375+0000] {logging_mixin.py:190} INFO - [2026-09-14T05:27:04.374+0000] {dag.py:3229} INFO - Sync 1 DAGs
[2026-09-14T05:27:04.385+0000] {logging_mixin.py:190} INFO - [2026-09-14T05:27:04.385+0000] {dag.py:4156} INFO - Setting next_dagrun for WeatherToronto_ETL to 2026-09-13 18:00:00+00:00, run_after=2026-09-14 18:00:00+00:00
[2026-09-14T05:27:04.393+0000] {processor.py:208} INFO - Processing /opt/airflow/dags/Shi_HW 3.py took 0.055 seconds
[2026-09-14T05:27:34.690+0000] {processor.py:186} INFO - Started process (PID=45226) to work on /opt/airflow/dags/Shi_HW 3.py
[2026-09-14T05:27:34.693+0000] {processor.py:914} INFO - Processing file /opt/airflow/dags/Shi_HW 3.py for tasks to queue
[2026-09-14T05:27:34.694+0000] {logging_mixin.py:190} INFO - [2026-09-14T05:27:34.694+0000] {dagbag.py:587} INFO - Filling up the DagBag from /opt/airflow/dags/Shi_HW 3.py
[2026-09-14T05:27:34.709+0000] {processor.py:925} INFO - DAG(s) 'WeatherToronto_ETL' retrieved from /opt/airflow/dags/Shi_HW 3.py
[2026-09-14T05:27:34.717+0000] {logging_mixin.py:190} INFO - [2026-09-14T05:27:34.717+0000] {dag.py:3229} INFO - Sync 1 DAGs
[2026-09-14T05:27:34.727+0000] {logging_mixin.py:190} INFO - [2026-09-14T05:27:34.727+0000] {dag.py:4156} INFO - Setting next_dagrun for WeatherToronto_ETL to 2026-09-13 18:00:00+00:00, run_after=2026-09-14 18:00:00+00:00
[2026-09-14T05:27:34.733+0000] {processor.py:208} INFO - Processing /opt/airflow/dags/Shi_HW 3.py took 0.049 seconds
[2026-09-14T05:28:04.999+0000] {processor.py:186} INFO - Started process (PID=45237) to work on /opt/airflow/dags/Shi_HW 3.py
[2026-09-14T05:28:05.003+0000] {processor.py:914} INFO - Processing file /opt/airflow/dags/Shi_HW 3.py for tasks to queue
[2026-09-14T05:28:05.004+0000] {logging_mixin.py:190} INFO - [2026-09-14T05:28:05.004+0000] {dagbag.py:587} INFO - Filling up the DagBag from /opt/airflow/dags/Shi_HW 3.py
[2026-09-14T05:28:05.021+0000] {processor.py:925} INFO - DAG(s) 'WeatherToronto_ETL' retrieved from /opt/airflow/dags/Shi_HW 3.py
[2026-09-14T05:28:05.029+0000] {logging_mixin.py:190} INFO - [2026-09-14T05:28:05.028+0000] {dag.py:3229} INFO - Sync 1 DAGs
[2026-09-14T05:28:05.038+0000] {logging_mixin.py:190} INFO - [2026-09-14T05:28:05.038+0000] {dag.py:4156} INFO - Setting next_dagrun for WeatherToronto_ETL to 2026-09-13 18:00:00+00:00, run_after=2026-09-14 18:00:00+00:00
[2026-09-14T05:28:05.044+0000] {processor.py:208} INFO - Processing /opt/airflow/dags/Shi_HW 3.py took 0.055 seconds
[2026-09-14T05:28:35.321+0000] {processor.py:186} INFO - Started process (PID=45248) to work on /opt/airflow/dags/Shi_HW 3.py
[2026-09-14T05:28:35.324+0000] {processor.py:914} INFO - Processing file /opt/airflow/dags/Shi_HW 3.py for tasks to queue
[2026-09-14T05:28:35.325+0000] {logging_mixin.py:190} INFO - [2026-09-14T05:28:35.325+0000] {dagbag.py:587} INFO - Filling up the DagBag from /opt/airflow/dags/Shi_HW 3.py
[2026-09-14T05:28:35.343+0000] {processor.py:925} INFO - DAG(s) 'WeatherToronto_ETL' retrieved from /opt/airflow/dags/Shi_HW 3.py
[2026-09-14T05:28:35.353+0000] {logging_mixin.py:190} INFO - [2026-09-14T05:28:35.352+0000] {dag.py:3229} INFO - Sync 1 DAGs
[2026-09-14T05:28:35.363+0000] {logging_mixin.py:190} INFO - [2026-09-14T05:28:35.363+0000] {dag.py:4156} INFO - Setting next_dagrun for WeatherToronto_ETL to 2026-09-13 18:00:00+00:00, run_after=2026-09-14 18:00:00+00:00
[2026-09-14T05:28:35.371+0000] {processor.py:208} INFO - Processing /opt/airflow/dags/Shi_HW 3.py took 0.055 seconds
[2026-09-14T05:29:05.686+0000] {processor.py:186} INFO - Started process (PID=45259) to work on /opt/airflow/dags/Shi_HW 3.py
[2026-09-14T05:29:05.692+0000] {processor.py:914} INFO - Processing file /opt/airflow/dags/Shi_HW 3.py for tasks to queue
[2026-09-14T05:29:05.693+0000] {logging_mixin.py:190} INFO - [2026-09-14T05:29:05.692+0000] {dagbag.py:587} INFO - Filling up the DagBag from /opt/airflow/dags/Shi_HW 3.py
[2026-09-14T05:29:05.710+0000] {processor.py:925} INFO - DAG(s) 'WeatherToronto_ETL' retrieved from /opt/airflow/dags/Shi_HW 3.py
[2026-09-14T05:29:05.719+0000] {logging_mixin.py:190} INFO - [2026-09-14T05:29:05.719+0000] {dag.py:3229} INFO - Sync 1 DAGs
[2026-09-14T05:29:05.729+0000] {logging_mixin.py:190} INFO - [2026-09-14T05:29:05.729+0000] {dag.py:4156} INFO - Setting next_dagrun for WeatherToronto_ETL to 2026-09-13 18:00:00+00:00, run_after=2026-09-14 18:00:00+00:00
[2026-09-14T05:29:05.735+0000] {processor.py:208} INFO - Processing /opt/airflow/dags/Shi_HW 3.py took 0.055 seconds
[2026-09-14T05:29:36.030+0000] {processor.py:186} INFO - Started process (PID=45270) to work on /opt/airflow/dags/Shi_HW 3.py
[2026-09-14T05:29:36.034+0000] {processor.py:914} INFO - Processing file /opt/airflow/dags/Shi_HW 3.py for tasks to queue
[2026-09-14T05:29:36.035+0000] {logging_mixin.py:190} INFO - [2026-09-14T05:29:36.035+0000] {dagbag.py:587} INFO - Filling up the DagBag from /opt/airflow/dags/Shi_HW 3.py
[2026-09-14T05:29:36.052+0000] {processor.py:925} INFO - DAG(s) 'WeatherToronto_ETL' retrieved from /opt/airflow/dags/Shi_HW 3.py
[2026-09-14T05:29:36.060+0000] {logging_mixin.py:190} INFO - [2026-09-14T05:29:36.060+0000] {dag.py:3229} INFO - Sync 1 DAGs
[2026-09-14T05:29:36.070+0000] {logging_mixin.py:190} INFO - [2026-09-14T05:29:36.070+0000] {dag.py:4156} INFO - Setting next_dagrun for WeatherToronto_ETL to 2026-09-13 18:00:00+00:00, run_after=2026-09-14 18:00:00+00:00
[2026-09-14T05:29:36.075+0000] {processor.py:208} INFO - Processing /opt/airflow/dags/Shi_HW 3.py took 0.051 seconds
[2026-09-14T05:30:06.348+0000] {processor.py:186} INFO - Started process (PID=45281) to work on /opt/airflow/dags/Shi_HW 3.py
[2026-09-14T05:30:06.351+0000] {processor.py:914} INFO - Processing file /opt/airflow/dags/Shi_HW 3.py for tasks to queue
[2026-09-14T05:30:06.352+0000] {logging_mixin.py:190} INFO - [2026-09-14T05:30:06.351+0000] {dagbag.py:587} INFO - Filling up the DagBag from /opt/airflow/dags/Shi_HW 3.py
[2026-09-14T05:30:06.373+0000] {processor.py:925} INFO - DAG(s) 'WeatherToronto_ETL' retrieved from /opt/airflow/dags/Shi_HW 3.py
[2026-09-14T05:30:06.384+0000] {logging_mixin.py:190} INFO - [2026-09-14T05:30:06.383+0000] {dag.py:3229} INFO - Sync 1 DAGs
[2026-09-14T05:30:06.396+0000] {logging_mixin.py:190} INFO - [2026-09-14T05:30:06.396+0000] {dag.py:4156} INFO - Setting next_dagrun for WeatherToronto_ETL to 2026-09-13 18:00:00+00:00, run_after=2026-09-14 18:00:00+00:00
[2026-09-14T05:30:06.403+0000] {processor.py:208} INFO - Processing /opt/airflow/dags/Shi_HW 3.py took 0.061 seconds
[2026-09-14T05:30:36.682+0000] {processor.py:186} INFO - Started process (PID=45292) to work on /opt/airflow/dags/Shi_HW 3.py
[2026-09-14T05:30:36.685+0000] {processor.py:914} INFO - Processing file /opt/airflow/dags/Shi_HW 3.py for tasks to queue
[2026-09-14T05:30:36.685+0000] {logging_mixin.py:190} INFO - [2026-09-14T05:30:36.685+0000] {dagbag.py:587} INFO - Filling up the DagBag from /opt/airflow/dags/Shi_HW 3.py
[2026-09-14T05:30:36.699+0000] {processor.py:925} INFO - DAG(s) 'WeatherToronto_ETL' retrieved from /opt/airflow/dags/Shi_HW 3.py
[2026-09-14T05:30:36.707+0000] {logging_mixin.py:190} INFO - [2026-09-14T05:30:36.707+0000] {dag.py:3229} INFO - Sync 1 DAGs
[2026-09-14T05:30:36.717+0000] {logging_mixin.py:190} INFO - [2026-09-14T05:30:36.717+0000] {dag.py:4156} INFO - Setting next_dagrun for WeatherToronto_ETL to 2026-09-13 18:00:00+00:00, run_after=2026-09-14 18:00:00+00:00
[2026-09-14T05:30:36.724+0000] {processor.py:208} INFO - Processing /opt/airflow/dags/Shi_HW 3.py took 0.046 seconds
[2026-09-14T05:31:07.049+0000] {processor.py:186} INFO - Started process (PID=45303) to work on /opt/airflow/dags/Shi_HW 3.py
[2026-09-14T05:31:07.054+0000] {processor.py:914} INFO - Processing file /opt/airflow/dags/Shi_HW 3.py for tasks to queue
[2026-09-14T05:31:07.055+0000] {logging_mixin.py:190} INFO - [2026-09-14T05:31:07.054+0000] {dagbag.py:587} INFO - Filling up the DagBag from /opt/airflow/dags/Shi_HW 3.py
[2026-09-14T05:31:07.073+0000] {processor.py:925} INFO - DAG(s) 'WeatherToronto_ETL' retrieved from /opt/airflow/dags/Shi_HW 3.py
[2026-09-14T05:31:07.082+0000] {logging_mixin.py:190} INFO - [2026-09-14T05:31:07.081+0000] {dag.py:3229} INFO - Sync 1 DAGs
[2026-09-14T05:31:07.092+0000] {logging_mixin.py:190} INFO - [2026-09-14T05:31:07.092+0000] {dag.py:4156} INFO - Setting next_dagrun for WeatherToronto_ETL to 2026-09-13 18:00:00+00:00, run_after=2026-09-14 18:00:00+00:00
[2026-09-14T05:31:07.099+0000] {processor.py:208} INFO - Processing /opt/airflow/dags/Shi_HW 3.py took 0.056 seconds
[2026-09-14T05:31:37.408+0000] {processor.py:186} INFO - Started process (PID=45314) to work on /opt/airflow/dags/Shi_HW 3.py
[2026-09-14T05:31:37.412+0000] {processor.py:914} INFO - Processing file /opt/airflow/dags/Shi_HW 3.py for tasks to queue
[2026-09-14T05:31:37.413+0000] {logging_mixin.py:190} INFO - [2026-09-14T05:31:37.413+0000] {dagbag.py:587} INFO - Filling up the DagBag from /opt/airflow/dags/Shi_HW 3.py
[2026-09-14T05:31:37.431+0000] {processor.py:925} INFO - DAG(s) 'WeatherToronto_ETL' retrieved from /opt/airflow/dags/Shi_HW 3.py
[2026-09-14T05:31:37.440+0000] {logging_mixin.py:190} INFO - [2026-09-14T05:31:37.439+0000] {dag.py:3229} INFO - Sync 1 DAGs
[2026-09-14T05:31:37.449+0000] {logging_mixin.py:190} INFO - [2026-09-14T05:31:37.449+0000] {dag.py:4156} INFO - Setting next_dagrun for WeatherToronto_ETL to 2026-09-13 18:00:00+00:00, run_after=2026-09-14 18:00:00+00:00
[2026-09-14T05:31:37.455+0000] {processor.py:208} INFO - Processing /opt/airflow/dags/Shi_HW 3.py took 0.053 seconds
[2026-09-14T05:32:07.740+0000] {processor.py:186} INFO - Started process (PID=45325) to work on /opt/airflow/dags/Shi_HW 3.py
[2026-09-14T05:32:07.744+0000] {processor.py:914} INFO - Processing file /opt/airflow/dags/Shi_HW 3.py for tasks to queue
[2026-09-14T05:32:07.745+0000] {logging_mixin.py:190} INFO - [2026-09-14T05:32:07.745+0000] {dagbag.py:587} INFO - Filling up the DagBag from /opt/airflow/dags/Shi_HW 3.py
[2026-09-14T05:32:07.762+0000] {processor.py:925} INFO - DAG(s) 'WeatherToronto_ETL' retrieved from /opt/airflow/dags/Shi_HW 3.py
[2026-09-14T05:32:07.771+0000] {logging_mixin.py:190} INFO - [2026-09-14T05:32:07.770+0000] {dag.py:3229} INFO - Sync 1 DAGs
[2026-09-14T05:32:07.781+0000] {logging_mixin.py:190} INFO - [2026-09-14T05:32:07.781+0000] {dag.py:4156} INFO - Setting next_dagrun for WeatherToronto_ETL to 2026-09-13 18:00:00+00:00, run_after=2026-09-14 18:00:00+00:00
[2026-09-14T05:32:07.787+0000] {processor.py:208} INFO - Processing /opt/airflow/dags/Shi_HW 3.py took 0.052 seconds
[2026-09-14T05:32:38.093+0000] {processor.py:186} INFO - Started process (PID=45342) to work on /opt/airflow/dags/Shi_HW 3.py
[2026-09-14T05:32:38.096+0000] {processor.py:914} INFO - Processing file /opt/airflow/dags/Shi_HW 3.py for tasks to queue
[2026-09-14T05:32:38.097+0000] {logging_mixin.py:190} INFO - [2026-09-14T05:32:38.096+0000] {dagbag.py:587} INFO - Filling up the DagBag from /opt/airflow/dags/Shi_HW 3.py
[2026-09-14T05:32:38.116+0000] {processor.py:925} INFO - DAG(s) 'WeatherToronto_ETL' retrieved from /opt/airflow/dags/Shi_HW 3.py
[2026-09-14T05:32:38.125+0000] {logging_mixin.py:190} INFO - [2026-09-14T05:32:38.124+0000] {dag.py:3229} INFO - Sync 1 DAGs
[2026-09-14T05:32:38.135+0000] {logging_mixin.py:190} INFO - [2026-09-14T05:32:38.135+0000] {dag.py:4156} INFO - Setting next_dagrun for WeatherToronto_ETL to 2026-09-13 18:00:00+00:00, run_after=2026-09-14 18:00:00+00:00
[2026-09-14T05:32:38.142+0000] {processor.py:208} INFO - Processing /opt/airflow/dags/Shi_HW 3.py took 0.055 seconds
[2026-09-14T05:33:08.543+0000] {processor.py:186} INFO - Started process (PID=45353) to work on /opt/airflow/dags/Shi_HW 3.py
[2026-09-14T05:33:08.546+0000] {processor.py:914} INFO - Processing file /opt/airflow/dags/Shi_HW 3.py for tasks to queue
[2026-09-14T05:33:08.547+0000] {logging_mixin.py:190} INFO - [2026-09-14T05:33:08.547+0000] {dagbag.py:587} INFO - Filling up the DagBag from /opt/airflow/dags/Shi_HW 3.py
[2026-09-14T05:33:08.565+0000] {processor.py:925} INFO - DAG(s) 'WeatherToronto_ETL' retrieved from /opt/airflow/dags/Shi_HW 3.py
[2026-09-14T05:33:08.574+0000] {logging_mixin.py:190} INFO - [2026-09-14T05:33:08.573+0000] {dag.py:3229} INFO - Sync 1 DAGs
[2026-09-14T05:33:08.583+0000] {logging_mixin.py:190} INFO - [2026-09-14T05:33:08.583+0000] {dag.py:4156} INFO - Setting next_dagrun for WeatherToronto_ETL to 2026-09-13 18:00:00+00:00, run_after=2026-09-14 18:00:00+00:00
[2026-09-14T05:33:08.589+0000] {processor.py:208} INFO - Processing /opt/airflow/dags/Shi_HW 3.py took 0.052 seconds
[2026-09-14T05:33:38.948+0000] {processor.py:186} INFO - Started process (PID=45364) to work on /opt/airflow/dags/Shi_HW 3.py
[2026-09-14T05:33:38.952+0000] {processor.py:914} INFO - Processing file /opt/airflow/dags/Shi_HW 3.py for tasks to queue
[2026-09-14T05:33:38.952+0000] {logging_mixin.py:190} INFO - [2026-09-14T05:33:38.952+0000] {dagbag.py:587} INFO - Filling up the DagBag from /opt/airflow/dags/Shi_HW 3.py
[2026-09-14T05:33:38.969+0000] {processor.py:925} INFO - DAG(s) 'WeatherToronto_ETL' retrieved from /opt/airflow/dags/Shi_HW 3.py
[2026-09-14T05:33:38.978+0000] {logging_mixin.py:190} INFO - [2026-09-14T05:33:38.977+0000] {dag.py:3229} INFO - Sync 1 DAGs
[2026-09-14T05:33:38.987+0000] {logging_mixin.py:190} INFO - [2026-09-14T05:33:38.987+0000] {dag.py:4156} INFO - Setting next_dagrun for WeatherToronto_ETL to 2026-09-13 18:00:00+00:00, run_after=2026-09-14 18:00:00+00:00
[2026-09-14T05:33:38.993+0000] {processor.py:208} INFO - Processing /opt/airflow/dags/Shi_HW 3.py took 0.051 seconds
[2026-09-14T05:34:09.402+0000] {processor.py:186} INFO - Started process (PID=45375) to work on /opt/airflow/dags/Shi_HW 3.py
[2026-09-14T05:34:09.407+0000] {processor.py:914} INFO - Processing file /opt/airflow/dags/Shi_HW 3.py for tasks to queue
[2026-09-14T05:34:09.408+0000] {logging_mixin.py:190} INFO - [2026-09-14T05:34:09.408+0000] {dagbag.py:587} INFO - Filling up the DagBag from /opt/airflow/dags/Shi_HW 3.py
[2026-09-14T05:34:09.426+0000] {processor.py:925} INFO - DAG(s) 'WeatherToronto_ETL' retrieved from /opt/airflow/dags/Shi_HW 3.py
[2026-09-14T05:34:09.434+0000] {logging_mixin.py:190} INFO - [2026-09-14T05:34:09.433+0000] {dag.py:3229} INFO - Sync 1 DAGs
[2026-09-14T05:34:09.444+0000] {logging_mixin.py:190} INFO - [2026-09-14T05:34:09.444+0000] {dag.py:4156} INFO - Setting next_dagrun for WeatherToronto_ETL to 2026-09-13 18:00:00+00:00, run_after=2026-09-14 18:00:00+00:00
[2026-09-14T05:34:09.449+0000] {processor.py:208} INFO - Processing /opt/airflow/dags/Shi_HW 3.py took 0.053 seconds
[2026-09-14T05:34:39.849+0000] {processor.py:186} INFO - Started process (PID=45386) to work on /opt/airflow/dags/Shi_HW 3.py
[2026-09-14T05:34:39.852+0000] {processor.py:914} INFO - Processing file /opt/airflow/dags/Shi_HW 3.py for tasks to queue
[2026-09-14T05:34:39.853+0000] {logging_mixin.py:190} INFO - [2026-09-14T05:34:39.853+0000] {dagbag.py:587} INFO - Filling up the DagBag from /opt/airflow/dags/Shi_HW 3.py
[2026-09-14T05:34:39.871+0000] {processor.py:925} INFO - DAG(s) 'WeatherToronto_ETL' retrieved from /opt/airflow/dags/Shi_HW 3.py
[2026-09-14T05:34:39.879+0000] {logging_mixin.py:190} INFO - [2026-09-14T05:34:39.879+0000] {dag.py:3229} INFO - Sync 1 DAGs
[2026-09-14T05:34:39.889+0000] {logging_mixin.py:190} INFO - [2026-09-14T05:34:39.889+0000] {dag.py:4156} INFO - Setting next_dagrun for WeatherToronto_ETL to 2026-09-13 18:00:00+00:00, run_after=2026-09-14 18:00:00+00:00
[2026-09-14T05:34:39.895+0000] {processor.py:208} INFO - Processing /opt/airflow/dags/Shi_HW 3.py took 0.051 seconds
[2026-09-14T05:35:10.324+0000] {processor.py:186} INFO - Started process (PID=45397) to work on /opt/airflow/dags/Shi_HW 3.py
[2026-09-14T05:35:10.328+0000] {processor.py:914} INFO - Processing file /opt/airflow/dags/Shi_HW 3.py for tasks to queue
[2026-09-14T05:35:10.329+0000] {logging_mixin.py:190} INFO - [2026-09-14T05:35:10.329+0000] {dagbag.py:587} INFO - Filling up the DagBag from /opt/airflow/dags/Shi_HW 3.py
[2026-09-14T05:35:10.347+0000] {processor.py:925} INFO - DAG(s) 'WeatherToronto_ETL' retrieved from /opt/airflow/dags/Shi_HW 3.py
[2026-09-14T05:35:10.355+0000] {logging_mixin.py:190} INFO - [2026-09-14T05:35:10.355+0000] {dag.py:3229} INFO - Sync 1 DAGs
[2026-09-14T05:35:10.365+0000] {logging_mixin.py:190} INFO - [2026-09-14T05:35:10.364+0000] {dag.py:4156} INFO - Setting next_dagrun for WeatherToronto_ETL to 2026-09-13 18:00:00+00:00, run_after=2026-09-14 18:00:00+00:00
[2026-09-14T05:35:10.371+0000] {processor.py:208} INFO - Processing /opt/airflow/dags/Shi_HW 3.py took 0.053 seconds
[2026-09-14T05:35:40.620+0000] {processor.py:186} INFO - Started process (PID=45408) to work on /opt/airflow/dags/Shi_HW 3.py
[2026-09-14T05:35:40.624+0000] {processor.py:914} INFO - Processing file /opt/airflow/dags/Shi_HW 3.py for tasks to queue
[2026-09-14T05:35:40.625+0000] {logging_mixin.py:190} INFO - [2026-09-14T05:35:40.624+0000] {dagbag.py:587} INFO - Filling up the DagBag from /opt/airflow/dags/Shi_HW 3.py
[2026-09-14T05:35:40.637+0000] {processor.py:925} INFO - DAG(s) 'WeatherToronto_ETL' retrieved from /opt/airflow/dags/Shi_HW 3.py
[2026-09-14T05:35:40.645+0000] {logging_mixin.py:190} INFO - [2026-09-14T05:35:40.645+0000] {dag.py:3229} INFO - Sync 1 DAGs
[2026-09-14T05:35:40.655+0000] {logging_mixin.py:190} INFO - [2026-09-14T05:35:40.655+0000] {dag.py:4156} INFO - Setting next_dagrun for WeatherToronto_ETL to 2026-09-13 18:00:00+00:00, run_after=2026-09-14 18:00:00+00:00
[2026-09-14T05:35:40.660+0000] {processor.py:208} INFO - Processing /opt/airflow/dags/Shi_HW 3.py took 0.045 seconds
[2026-09-14T05:36:10.987+0000] {processor.py:186} INFO - Started process (PID=45419) to work on /opt/airflow/dags/Shi_HW 3.py
[2026-09-14T05:36:10.992+0000] {processor.py:914} INFO - Processing file /opt/airflow/dags/Shi_HW 3.py for tasks to queue
[2026-09-14T05:36:10.994+0000] {logging_mixin.py:190} INFO - [2026-09-14T05:36:10.993+0000] {dagbag.py:587} INFO - Filling up the DagBag from /opt/airflow/dags/Shi_HW 3.py
[2026-09-14T05:36:11.013+0000] {processor.py:925} INFO - DAG(s) 'WeatherToronto_ETL' retrieved from /opt/airflow/dags/Shi_HW 3.py
[2026-09-14T05:36:11.022+0000] {logging_mixin.py:190} INFO - [2026-09-14T05:36:11.022+0000] {dag.py:3229} INFO - Sync 1 DAGs
[2026-09-14T05:36:11.032+0000] {logging_mixin.py:190} INFO - [2026-09-14T05:36:11.032+0000] {dag.py:4156} INFO - Setting next_dagrun for WeatherToronto_ETL to 2026-09-13 18:00:00+00:00, run_after=2026-09-14 18:00:00+00:00
[2026-09-14T05:36:11.038+0000] {processor.py:208} INFO - Processing /opt/airflow/dags/Shi_HW 3.py took 0.058 seconds
[2026-09-14T05:36:41.468+0000] {processor.py:186} INFO - Started process (PID=45430) to work on /opt/airflow/dags/Shi_HW 3.py
[2026-09-14T05:36:41.472+0000] {processor.py:914} INFO - Processing file /opt/airflow/dags/Shi_HW 3.py for tasks to queue
[2026-09-14T05:36:41.473+0000] {logging_mixin.py:190} INFO - [2026-09-14T05:36:41.473+0000] {dagbag.py:587} INFO - Filling up the DagBag from /opt/airflow/dags/Shi_HW 3.py
[2026-09-14T05:36:41.491+0000] {processor.py:925} INFO - DAG(s) 'WeatherToronto_ETL' retrieved from /opt/airflow/dags/Shi_HW 3.py
[2026-09-14T05:36:41.499+0000] {logging_mixin.py:190} INFO - [2026-09-14T05:36:41.499+0000] {dag.py:3229} INFO - Sync 1 DAGs
[2026-09-14T05:36:41.509+0000] {logging_mixin.py:190} INFO - [2026-09-14T05:36:41.509+0000] {dag.py:4156} INFO - Setting next_dagrun for WeatherToronto_ETL to 2026-09-13 18:00:00+00:00, run_after=2026-09-14 18:00:00+00:00
[2026-09-14T05:36:41.515+0000] {processor.py:208} INFO - Processing /opt/airflow/dags/Shi_HW 3.py took 0.053 seconds
[2026-09-14T05:37:11.877+0000] {processor.py:186} INFO - Started process (PID=45441) to work on /opt/airflow/dags/Shi_HW 3.py
[2026-09-14T05:37:11.881+0000] {processor.py:914} INFO - Processing file /opt/airflow/dags/Shi_HW 3.py for tasks to queue
[2026-09-14T05:37:11.883+0000] {logging_mixin.py:190} INFO - [2026-09-14T05:37:11.883+0000] {dagbag.py:587} INFO - Filling up the DagBag from /opt/airflow/dags/Shi_HW 3.py
[2026-09-14T05:37:11.946+0000] {processor.py:925} INFO - DAG(s) 'WeatherToronto_ETL' retrieved from /opt/airflow/dags/Shi_HW 3.py
[2026-09-14T05:37:11.997+0000] {logging_mixin.py:190} INFO - [2026-09-14T05:37:11.994+0000] {dag.py:3229} INFO - Sync 1 DAGs
[2026-09-14T05:37:12.016+0000] {logging_mixin.py:190} INFO - [2026-09-14T05:37:12.016+0000] {dag.py:4156} INFO - Setting next_dagrun for WeatherToronto_ETL to 2026-09-13 18:00:00+00:00, run_after=2026-09-14 18:00:00+00:00
[2026-09-14T05:37:12.026+0000] {processor.py:208} INFO - Processing /opt/airflow/dags/Shi_HW 3.py took 0.156 seconds
[2026-09-14T05:37:42.251+0000] {processor.py:186} INFO - Started process (PID=45452) to work on /opt/airflow/dags/Shi_HW 3.py
[2026-09-14T05:37:42.255+0000] {processor.py:914} INFO - Processing file /opt/airflow/dags/Shi_HW 3.py for tasks to queue
[2026-09-14T05:37:42.256+0000] {logging_mixin.py:190} INFO - [2026-09-14T05:37:42.256+0000] {dagbag.py:587} INFO - Filling up the DagBag from /opt/airflow/dags/Shi_HW 3.py
[2026-09-14T05:37:42.274+0000] {processor.py:925} INFO - DAG(s) 'WeatherToronto_ETL' retrieved from /opt/airflow/dags/Shi_HW 3.py
[2026-09-14T05:37:42.283+0000] {logging_mixin.py:190} INFO - [2026-09-14T05:37:42.282+0000] {dag.py:3229} INFO - Sync 1 DAGs
[2026-09-14T05:37:42.293+0000] {logging_mixin.py:190} INFO - [2026-09-14T05:37:42.293+0000] {dag.py:4156} INFO - Setting next_dagrun for WeatherToronto_ETL to 2026-09-13 18:00:00+00:00, run_after=2026-09-14 18:00:00+00:00
[2026-09-14T05:37:42.301+0000] {processor.py:208} INFO - Processing /opt/airflow/dags/Shi_HW 3.py took 0.057 seconds
[2026-09-14T05:38:12.674+0000] {processor.py:186} INFO - Started process (PID=45463) to work on /opt/airflow/dags/Shi_HW 3.py
[2026-09-14T05:38:12.678+0000] {processor.py:914} INFO - Processing file /opt/airflow/dags/Shi_HW 3.py for tasks to queue
[2026-09-14T05:38:12.679+0000] {logging_mixin.py:190} INFO - [2026-09-14T05:38:12.679+0000] {dagbag.py:587} INFO - Filling up the DagBag from /opt/airflow/dags/Shi_HW 3.py
[2026-09-14T05:38:12.698+0000] {processor.py:925} INFO - DAG(s) 'WeatherToronto_ETL' retrieved from /opt/airflow/dags/Shi_HW 3.py
[2026-09-14T05:38:12.707+0000] {logging_mixin.py:190} INFO - [2026-09-14T05:38:12.706+0000] {dag.py:3229} INFO - Sync 1 DAGs
[2026-09-14T05:38:12.718+0000] {logging_mixin.py:190} INFO - [2026-09-14T05:38:12.718+0000] {dag.py:4156} INFO - Setting next_dagrun for WeatherToronto_ETL to 2026-09-13 18:00:00+00:00, run_after=2026-09-14 18:00:00+00:00
[2026-09-14T05:38:12.724+0000] {processor.py:208} INFO - Processing /opt/airflow/dags/Shi_HW 3.py took 0.058 seconds
[2026-09-14T05:38:43.116+0000] {processor.py:186} INFO - Started process (PID=45474) to work on /opt/airflow/dags/Shi_HW 3.py
[2026-09-14T05:38:43.120+0000] {processor.py:914} INFO - Processing file /opt/airflow/dags/Shi_HW 3.py for tasks to queue
[2026-09-14T05:38:43.121+0000] {logging_mixin.py:190} INFO - [2026-09-14T05:38:43.121+0000] {dagbag.py:587} INFO - Filling up the DagBag from /opt/airflow/dags/Shi_HW 3.py
[2026-09-14T05:38:43.139+0000] {processor.py:925} INFO - DAG(s) 'WeatherToronto_ETL' retrieved from /opt/airflow/dags/Shi_HW 3.py
[2026-09-14T05:38:43.147+0000] {logging_mixin.py:190} INFO - [2026-09-14T05:38:43.147+0000] {dag.py:3229} INFO - Sync 1 DAGs
[2026-09-14T05:38:43.160+0000] {logging_mixin.py:190} INFO - [2026-09-14T05:38:43.160+0000] {dag.py:4156} INFO - Setting next_dagrun for WeatherToronto_ETL to 2026-09-13 18:00:00+00:00, run_after=2026-09-14 18:00:00+00:00
[2026-09-14T05:38:43.168+0000] {processor.py:208} INFO - Processing /opt/airflow/dags/Shi_HW 3.py took 0.058 seconds
[2026-09-14T05:39:13.569+0000] {processor.py:186} INFO - Started process (PID=45485) to work on /opt/airflow/dags/Shi_HW 3.py
[2026-09-14T05:39:13.573+0000] {processor.py:914} INFO - Processing file /opt/airflow/dags/Shi_HW 3.py for tasks to queue
[2026-09-14T05:39:13.574+0000] {logging_mixin.py:190} INFO - [2026-09-14T05:39:13.573+0000] {dagbag.py:587} INFO - Filling up the DagBag from /opt/airflow/dags/Shi_HW 3.py
[2026-09-14T05:39:13.587+0000] {processor.py:925} INFO - DAG(s) 'WeatherToronto_ETL' retrieved from /opt/airflow/dags/Shi_HW 3.py
[2026-09-14T05:39:13.596+0000] {logging_mixin.py:190} INFO - [2026-09-14T05:39:13.595+0000] {dag.py:3229} INFO - Sync 1 DAGs
[2026-09-14T05:39:13.605+0000] {logging_mixin.py:190} INFO - [2026-09-14T05:39:13.605+0000] {dag.py:4156} INFO - Setting next_dagrun for WeatherToronto_ETL to 2026-09-13 18:00:00+00:00, run_after=2026-09-14 18:00:00+00:00
[2026-09-14T05:39:13.611+0000] {processor.py:208} INFO - Processing /opt/airflow/dags/Shi_HW 3.py took 0.048 seconds
[2026-09-14T05:39:43.977+0000] {processor.py:186} INFO - Started process (PID=45496) to work on /opt/airflow/dags/Shi_HW 3.py
[2026-09-14T05:39:43.982+0000] {processor.py:914} INFO - Processing file /opt/airflow/dags/Shi_HW 3.py for tasks to queue
[2026-09-14T05:39:43.983+0000] {logging_mixin.py:190} INFO - [2026-09-14T05:39:43.982+0000] {dagbag.py:587} INFO - Filling up the DagBag from /opt/airflow/dags/Shi_HW 3.py
[2026-09-14T05:39:44.000+0000] {processor.py:925} INFO - DAG(s) 'WeatherToronto_ETL' retrieved from /opt/airflow/dags/Shi_HW 3.py
[2026-09-14T05:39:44.009+0000] {logging_mixin.py:190} INFO - [2026-09-14T05:39:44.009+0000] {dag.py:3229} INFO - Sync 1 DAGs
[2026-09-14T05:39:44.020+0000] {logging_mixin.py:190} INFO - [2026-09-14T05:39:44.019+0000] {dag.py:4156} INFO - Setting next_dagrun for WeatherToronto_ETL to 2026-09-13 18:00:00+00:00, run_after=2026-09-14 18:00:00+00:00
[2026-09-14T05:39:44.027+0000] {processor.py:208} INFO - Processing /opt/airflow/dags/Shi_HW 3.py took 0.055 seconds
[2026-09-14T05:40:14.366+0000] {processor.py:186} INFO - Started process (PID=45507) to work on /opt/airflow/dags/Shi_HW 3.py
[2026-09-14T05:40:14.370+0000] {processor.py:914} INFO - Processing file /opt/airflow/dags/Shi_HW 3.py for tasks to queue
[2026-09-14T05:40:14.371+0000] {logging_mixin.py:190} INFO - [2026-09-14T05:40:14.371+0000] {dagbag.py:587} INFO - Filling up the DagBag from /opt/airflow/dags/Shi_HW 3.py
[2026-09-14T05:40:14.388+0000] {processor.py:925} INFO - DAG(s) 'WeatherToronto_ETL' retrieved from /opt/airflow/dags/Shi_HW 3.py
[2026-09-14T05:40:14.396+0000] {logging_mixin.py:190} INFO - [2026-09-14T05:40:14.396+0000] {dag.py:3229} INFO - Sync 1 DAGs
[2026-09-14T05:40:14.406+0000] {logging_mixin.py:190} INFO - [2026-09-14T05:40:14.406+0000] {dag.py:4156} INFO - Setting next_dagrun for WeatherToronto_ETL to 2026-09-13 18:00:00+00:00, run_after=2026-09-14 18:00:00+00:00
[2026-09-14T05:40:14.413+0000] {processor.py:208} INFO - Processing /opt/airflow/dags/Shi_HW 3.py took 0.052 seconds
[2026-09-14T05:40:44.819+0000] {processor.py:186} INFO - Started process (PID=45518) to work on /opt/airflow/dags/Shi_HW 3.py
[2026-09-14T05:40:44.823+0000] {processor.py:914} INFO - Processing file /opt/airflow/dags/Shi_HW 3.py for tasks to queue
[2026-09-14T05:40:44.824+0000] {logging_mixin.py:190} INFO - [2026-09-14T05:40:44.824+0000] {dagbag.py:587} INFO - Filling up the DagBag from /opt/airflow/dags/Shi_HW 3.py
[2026-09-14T05:40:44.840+0000] {processor.py:925} INFO - DAG(s) 'WeatherToronto_ETL' retrieved from /opt/airflow/dags/Shi_HW 3.py
[2026-09-14T05:40:44.848+0000] {logging_mixin.py:190} INFO - [2026-09-14T05:40:44.848+0000] {dag.py:3229} INFO - Sync 1 DAGs
[2026-09-14T05:40:44.858+0000] {logging_mixin.py:190} INFO - [2026-09-14T05:40:44.858+0000] {dag.py:4156} INFO - Setting next_dagrun for WeatherToronto_ETL to 2026-09-13 18:00:00+00:00, run_after=2026-09-14 18:00:00+00:00
[2026-09-14T05:40:44.866+0000] {processor.py:208} INFO - Processing /opt/airflow/dags/Shi_HW 3.py took 0.052 seconds
[2026-09-14T05:41:15.293+0000] {processor.py:186} INFO - Started process (PID=45529) to work on /opt/airflow/dags/Shi_HW 3.py
[2026-09-14T05:41:15.297+0000] {processor.py:914} INFO - Processing file /opt/airflow/dags/Shi_HW 3.py for tasks to queue
[2026-09-14T05:41:15.299+0000] {logging_mixin.py:190} INFO - [2026-09-14T05:41:15.298+0000] {dagbag.py:587} INFO - Filling up the DagBag from /opt/airflow/dags/Shi_HW 3.py
[2026-09-14T05:41:15.322+0000] {processor.py:925} INFO - DAG(s) 'WeatherToronto_ETL' retrieved from /opt/airflow/dags/Shi_HW 3.py
[2026-09-14T05:41:15.334+0000] {logging_mixin.py:190} INFO - [2026-09-14T05:41:15.333+0000] {dag.py:3229} INFO - Sync 1 DAGs
[2026-09-14T05:41:15.346+0000] {logging_mixin.py:190} INFO - [2026-09-14T05:41:15.346+0000] {dag.py:4156} INFO - Setting next_dagrun for WeatherToronto_ETL to 2026-09-13 18:00:00+00:00, run_after=2026-09-14 18:00:00+00:00
[2026-09-14T05:41:15.352+0000] {processor.py:208} INFO - Processing /opt/airflow/dags/Shi_HW 3.py took 0.066 seconds
[2026-09-14T05:41:45.803+0000] {processor.py:186} INFO - Started process (PID=45540) to work on /opt/airflow/dags/Shi_HW 3.py
[2026-09-14T05:41:45.808+0000] {processor.py:914} INFO - Processing file /opt/airflow/dags/Shi_HW 3.py for tasks to queue
[2026-09-14T05:41:45.809+0000] {logging_mixin.py:190} INFO - [2026-09-14T05:41:45.809+0000] {dagbag.py:587} INFO - Filling up the DagBag from /opt/airflow/dags/Shi_HW 3.py
[2026-09-14T05:41:45.826+0000] {processor.py:925} INFO - DAG(s) 'WeatherToronto_ETL' retrieved from /opt/airflow/dags/Shi_HW 3.py
[2026-09-14T05:41:45.835+0000] {logging_mixin.py:190} INFO - [2026-09-14T05:41:45.834+0000] {dag.py:3229} INFO - Sync 1 DAGs
[2026-09-14T05:41:45.845+0000] {logging_mixin.py:190} INFO - [2026-09-14T05:41:45.845+0000] {dag.py:4156} INFO - Setting next_dagrun for WeatherToronto_ETL to 2026-09-13 18:00:00+00:00, run_after=2026-09-14 18:00:00+00:00
[2026-09-14T05:41:45.851+0000] {processor.py:208} INFO - Processing /opt/airflow/dags/Shi_HW 3.py took 0.053 seconds
[2026-09-14T05:42:16.215+0000] {processor.py:186} INFO - Started process (PID=45551) to work on /opt/airflow/dags/Shi_HW 3.py
[2026-09-14T05:42:16.221+0000] {processor.py:914} INFO - Processing file /opt/airflow/dags/Shi_HW 3.py for tasks to queue
[2026-09-14T05:42:16.222+0000] {logging_mixin.py:190} INFO - [2026-09-14T05:42:16.221+0000] {dagbag.py:587} INFO - Filling up the DagBag from /opt/airflow/dags/Shi_HW 3.py
[2026-09-14T05:42:16.238+0000] {processor.py:925} INFO - DAG(s) 'WeatherToronto_ETL' retrieved from /opt/airflow/dags/Shi_HW 3.py
[2026-09-14T05:42:16.248+0000] {logging_mixin.py:190} INFO - [2026-09-14T05:42:16.247+0000] {dag.py:3229} INFO - Sync 1 DAGs
[2026-09-14T05:42:16.261+0000] {logging_mixin.py:190} INFO - [2026-09-14T05:42:16.261+0000] {dag.py:4156} INFO - Setting next_dagrun for WeatherToronto_ETL to 2026-09-13 18:00:00+00:00, run_after=2026-09-14 18:00:00+00:00
[2026-09-14T05:42:16.268+0000] {processor.py:208} INFO - Processing /opt/airflow/dags/Shi_HW 3.py took 0.058 seconds
[2026-09-14T05:42:46.638+0000] {processor.py:186} INFO - Started process (PID=45562) to work on /opt/airflow/dags/Shi_HW 3.py
[2026-09-14T05:42:46.643+0000] {processor.py:914} INFO - Processing file /opt/airflow/dags/Shi_HW 3.py for tasks to queue
[2026-09-14T05:42:46.644+0000] {logging_mixin.py:190} INFO - [2026-09-14T05:42:46.643+0000] {dagbag.py:587} INFO - Filling up the DagBag from /opt/airflow/dags/Shi_HW 3.py
[2026-09-14T05:42:46.662+0000] {processor.py:925} INFO - DAG(s) 'WeatherToronto_ETL' retrieved from /opt/airflow/dags/Shi_HW 3.py
[2026-09-14T05:42:46.670+0000] {logging_mixin.py:190} INFO - [2026-09-14T05:42:46.669+0000] {dag.py:3229} INFO - Sync 1 DAGs
[2026-09-14T05:42:46.679+0000] {logging_mixin.py:190} INFO - [2026-09-14T05:42:46.679+0000] {dag.py:4156} INFO - Setting next_dagrun for WeatherToronto_ETL to 2026-09-13 18:00:00+00:00, run_after=2026-09-14 18:00:00+00:00
[2026-09-14T05:42:46.686+0000] {processor.py:208} INFO - Processing /opt/airflow/dags/Shi_HW 3.py took 0.053 seconds
[2026-09-14T05:43:17.065+0000] {processor.py:186} INFO - Started process (PID=45573) to work on /opt/airflow/dags/Shi_HW 3.py
[2026-09-14T05:43:17.069+0000] {processor.py:914} INFO - Processing file /opt/airflow/dags/Shi_HW 3.py for tasks to queue
[2026-09-14T05:43:17.070+0000] {logging_mixin.py:190} INFO - [2026-09-14T05:43:17.070+0000] {dagbag.py:587} INFO - Filling up the DagBag from /opt/airflow/dags/Shi_HW 3.py
[2026-09-14T05:43:17.087+0000] {processor.py:925} INFO - DAG(s) 'WeatherToronto_ETL' retrieved from /opt/airflow/dags/Shi_HW 3.py
[2026-09-14T05:43:17.096+0000] {logging_mixin.py:190} INFO - [2026-09-14T05:43:17.095+0000] {dag.py:3229} INFO - Sync 1 DAGs
[2026-09-14T05:43:17.106+0000] {logging_mixin.py:190} INFO - [2026-09-14T05:43:17.106+0000] {dag.py:4156} INFO - Setting next_dagrun for WeatherToronto_ETL to 2026-09-13 18:00:00+00:00, run_after=2026-09-14 18:00:00+00:00
[2026-09-14T05:43:17.111+0000] {processor.py:208} INFO - Processing /opt/airflow/dags/Shi_HW 3.py took 0.052 seconds
[2026-09-14T05:43:47.533+0000] {processor.py:186} INFO - Started process (PID=45584) to work on /opt/airflow/dags/Shi_HW 3.py
[2026-09-14T05:43:47.536+0000] {processor.py:914} INFO - Processing file /opt/airflow/dags/Shi_HW 3.py for tasks to queue
[2026-09-14T05:43:47.537+0000] {logging_mixin.py:190} INFO - [2026-09-14T05:43:47.537+0000] {dagbag.py:587} INFO - Filling up the DagBag from /opt/airflow/dags/Shi_HW 3.py
[2026-09-14T05:43:47.553+0000] {processor.py:925} INFO - DAG(s) 'WeatherToronto_ETL' retrieved from /opt/airflow/dags/Shi_HW 3.py
[2026-09-14T05:43:47.562+0000] {logging_mixin.py:190} INFO - [2026-09-14T05:43:47.561+0000] {dag.py:3229} INFO - Sync 1 DAGs
[2026-09-14T05:43:47.572+0000] {logging_mixin.py:190} INFO - [2026-09-14T05:43:47.572+0000] {dag.py:4156} INFO - Setting next_dagrun for WeatherToronto_ETL to 2026-09-13 18:00:00+00:00, run_after=2026-09-14 18:00:00+00:00
[2026-09-14T05:43:47.578+0000] {processor.py:208} INFO - Processing /opt/airflow/dags/Shi_HW 3.py took 0.049 seconds
[2026-09-14T05:44:17.965+0000] {processor.py:186} INFO - Started process (PID=45595) to work on /opt/airflow/dags/Shi_HW 3.py
[2026-09-14T05:44:17.970+0000] {processor.py:914} INFO - Processing file /opt/airflow/dags/Shi_HW 3.py for tasks to queue
[2026-09-14T05:44:17.971+0000] {logging_mixin.py:190} INFO - [2026-09-14T05:44:17.971+0000] {dagbag.py:587} INFO - Filling up the DagBag from /opt/airflow/dags/Shi_HW 3.py
[2026-09-14T05:44:17.989+0000] {processor.py:925} INFO - DAG(s) 'WeatherToronto_ETL' retrieved from /opt/airflow/dags/Shi_HW 3.py
[2026-09-14T05:44:17.999+0000] {logging_mixin.py:190} INFO - [2026-09-14T05:44:17.998+0000] {dag.py:3229} INFO - Sync 1 DAGs
[2026-09-14T05:44:18.009+0000] {logging_mixin.py:190} INFO - [2026-09-14T05:44:18.009+0000] {dag.py:4156} INFO - Setting next_dagrun for WeatherToronto_ETL to 2026-09-13 18:00:00+00:00, run_after=2026-09-14 18:00:00+00:00
[2026-09-14T05:44:18.015+0000] {processor.py:208} INFO - Processing /opt/airflow/dags/Shi_HW 3.py took 0.055 seconds
[2026-09-14T05:44:48.408+0000] {processor.py:186} INFO - Started process (PID=45606) to work on /opt/airflow/dags/Shi_HW 3.py
[2026-09-14T05:44:48.412+0000] {processor.py:914} INFO - Processing file /opt/airflow/dags/Shi_HW 3.py for tasks to queue
[2026-09-14T05:44:48.412+0000] {logging_mixin.py:190} INFO - [2026-09-14T05:44:48.412+0000] {dagbag.py:587} INFO - Filling up the DagBag from /opt/airflow/dags/Shi_HW 3.py
[2026-09-14T05:44:48.430+0000] {processor.py:925} INFO - DAG(s) 'WeatherToronto_ETL' retrieved from /opt/airflow/dags/Shi_HW 3.py
[2026-09-14T05:44:48.438+0000] {logging_mixin.py:190} INFO - [2026-09-14T05:44:48.437+0000] {dag.py:3229} INFO - Sync 1 DAGs
[2026-09-14T05:44:48.447+0000] {logging_mixin.py:190} INFO - [2026-09-14T05:44:48.447+0000] {dag.py:4156} INFO - Setting next_dagrun for WeatherToronto_ETL to 2026-09-13 18:00:00+00:00, run_after=2026-09-14 18:00:00+00:00
[2026-09-14T05:44:48.453+0000] {processor.py:208} INFO - Processing /opt/airflow/dags/Shi_HW 3.py took 0.051 seconds
[2026-09-14T05:45:18.827+0000] {processor.py:186} INFO - Started process (PID=45617) to work on /opt/airflow/dags/Shi_HW 3.py
[2026-09-14T05:45:18.831+0000] {processor.py:914} INFO - Processing file /opt/airflow/dags/Shi_HW 3.py for tasks to queue
[2026-09-14T05:45:18.832+0000] {logging_mixin.py:190} INFO - [2026-09-14T05:45:18.832+0000] {dagbag.py:587} INFO - Filling up the DagBag from /opt/airflow/dags/Shi_HW 3.py
[2026-09-14T05:45:18.849+0000] {processor.py:925} INFO - DAG(s) 'WeatherToronto_ETL' retrieved from /opt/airflow/dags/Shi_HW 3.py
[2026-09-14T05:45:18.857+0000] {logging_mixin.py:190} INFO - [2026-09-14T05:45:18.857+0000] {dag.py:3229} INFO - Sync 1 DAGs
[2026-09-14T05:45:18.867+0000] {logging_mixin.py:190} INFO - [2026-09-14T05:45:18.867+0000] {dag.py:4156} INFO - Setting next_dagrun for WeatherToronto_ETL to 2026-09-13 18:00:00+00:00, run_after=2026-09-14 18:00:00+00:00
[2026-09-14T05:45:18.872+0000] {processor.py:208} INFO - Processing /opt/airflow/dags/Shi_HW 3.py took 0.051 seconds
[2026-09-14T05:45:49.237+0000] {processor.py:186} INFO - Started process (PID=45628) to work on /opt/airflow/dags/Shi_HW 3.py
[2026-09-14T05:45:49.241+0000] {processor.py:914} INFO - Processing file /opt/airflow/dags/Shi_HW 3.py for tasks to queue
[2026-09-14T05:45:49.242+0000] {logging_mixin.py:190} INFO - [2026-09-14T05:45:49.242+0000] {dagbag.py:587} INFO - Filling up the DagBag from /opt/airflow/dags/Shi_HW 3.py
[2026-09-14T05:45:49.258+0000] {processor.py:925} INFO - DAG(s) 'WeatherToronto_ETL' retrieved from /opt/airflow/dags/Shi_HW 3.py
[2026-09-14T05:45:49.266+0000] {logging_mixin.py:190} INFO - [2026-09-14T05:45:49.265+0000] {dag.py:3229} INFO - Sync 1 DAGs
[2026-09-14T05:45:49.275+0000] {logging_mixin.py:190} INFO - [2026-09-14T05:45:49.275+0000] {dag.py:4156} INFO - Setting next_dagrun for WeatherToronto_ETL to 2026-09-13 18:00:00+00:00, run_after=2026-09-14 18:00:00+00:00
[2026-09-14T05:45:49.282+0000] {processor.py:208} INFO - Processing /opt/airflow/dags/Shi_HW 3.py took 0.049 seconds
[2026-09-14T05:46:19.681+0000] {processor.py:186} INFO - Started process (PID=45639) to work on /opt/airflow/dags/Shi_HW 3.py
[2026-09-14T05:46:19.685+0000] {processor.py:914} INFO - Processing file /opt/airflow/dags/Shi_HW 3.py for tasks to queue
[2026-09-14T05:46:19.686+0000] {logging_mixin.py:190} INFO - [2026-09-14T05:46:19.686+0000] {dagbag.py:587} INFO - Filling up the DagBag from /opt/airflow/dags/Shi_HW 3.py
[2026-09-14T05:46:19.705+0000] {processor.py:925} INFO - DAG(s) 'WeatherToronto_ETL' retrieved from /opt/airflow/dags/Shi_HW 3.py
[2026-09-14T05:46:19.714+0000] {logging_mixin.py:190} INFO - [2026-09-14T05:46:19.713+0000] {dag.py:3229} INFO - Sync 1 DAGs
[2026-09-14T05:46:19.724+0000] {logging_mixin.py:190} INFO - [2026-09-14T05:46:19.724+0000] {dag.py:4156} INFO - Setting next_dagrun for WeatherToronto_ETL to 2026-09-13 18:00:00+00:00, run_after=2026-09-14 18:00:00+00:00
[2026-09-14T05:46:19.730+0000] {processor.py:208} INFO - Processing /opt/airflow/dags/Shi_HW 3.py took 0.055 seconds
[2026-09-14T05:46:50.115+0000] {processor.py:186} INFO - Started process (PID=45650) to work on /opt/airflow/dags/Shi_HW 3.py
[2026-09-14T05:46:50.119+0000] {processor.py:914} INFO - Processing file /opt/airflow/dags/Shi_HW 3.py for tasks to queue
[2026-09-14T05:46:50.120+0000] {logging_mixin.py:190} INFO - [2026-09-14T05:46:50.120+0000] {dagbag.py:587} INFO - Filling up the DagBag from /opt/airflow/dags/Shi_HW 3.py
[2026-09-14T05:46:50.138+0000] {processor.py:925} INFO - DAG(s) 'WeatherToronto_ETL' retrieved from /opt/airflow/dags/Shi_HW 3.py
[2026-09-14T05:46:50.147+0000] {logging_mixin.py:190} INFO - [2026-09-14T05:46:50.146+0000] {dag.py:3229} INFO - Sync 1 DAGs
[2026-09-14T05:46:50.156+0000] {logging_mixin.py:190} INFO - [2026-09-14T05:46:50.156+0000] {dag.py:4156} INFO - Setting next_dagrun for WeatherToronto_ETL to 2026-09-13 18:00:00+00:00, run_after=2026-09-14 18:00:00+00:00
[2026-09-14T05:46:50.162+0000] {processor.py:208} INFO - Processing /opt/airflow/dags/Shi_HW 3.py took 0.053 seconds
[2026-09-14T05:47:20.586+0000] {processor.py:186} INFO - Started process (PID=45661) to work on /opt/airflow/dags/Shi_HW 3.py
[2026-09-14T05:47:20.590+0000] {processor.py:914} INFO - Processing file /opt/airflow/dags/Shi_HW 3.py for tasks to queue
[2026-09-14T05:47:20.591+0000] {logging_mixin.py:190} INFO - [2026-09-14T05:47:20.591+0000] {dagbag.py:587} INFO - Filling up the DagBag from /opt/airflow/dags/Shi_HW 3.py
[2026-09-14T05:47:20.612+0000] {processor.py:925} INFO - DAG(s) 'WeatherToronto_ETL' retrieved from /opt/airflow/dags/Shi_HW 3.py
[2026-09-14T05:47:20.621+0000] {logging_mixin.py:190} INFO - [2026-09-14T05:47:20.620+0000] {dag.py:3229} INFO - Sync 1 DAGs
[2026-09-14T05:47:20.631+0000] {logging_mixin.py:190} INFO - [2026-09-14T05:47:20.630+0000] {dag.py:4156} INFO - Setting next_dagrun for WeatherToronto_ETL to 2026-09-13 18:00:00+00:00, run_after=2026-09-14 18:00:00+00:00
[2026-09-14T05:47:20.637+0000] {processor.py:208} INFO - Processing /opt/airflow/dags/Shi_HW 3.py took 0.058 seconds
[2026-09-14T05:47:50.991+0000] {processor.py:186} INFO - Started process (PID=45672) to work on /opt/airflow/dags/Shi_HW 3.py
[2026-09-14T05:47:50.994+0000] {processor.py:914} INFO - Processing file /opt/airflow/dags/Shi_HW 3.py for tasks to queue
[2026-09-14T05:47:50.996+0000] {logging_mixin.py:190} INFO - [2026-09-14T05:47:50.995+0000] {dagbag.py:587} INFO - Filling up the DagBag from /opt/airflow/dags/Shi_HW 3.py
[2026-09-14T05:47:51.020+0000] {processor.py:925} INFO - DAG(s) 'WeatherToronto_ETL' retrieved from /opt/airflow/dags/Shi_HW 3.py
[2026-09-14T05:47:51.032+0000] {logging_mixin.py:190} INFO - [2026-09-14T05:47:51.031+0000] {dag.py:3229} INFO - Sync 1 DAGs
[2026-09-14T05:47:51.045+0000] {logging_mixin.py:190} INFO - [2026-09-14T05:47:51.045+0000] {dag.py:4156} INFO - Setting next_dagrun for WeatherToronto_ETL to 2026-09-13 18:00:00+00:00, run_after=2026-09-14 18:00:00+00:00
[2026-09-14T05:47:51.052+0000] {processor.py:208} INFO - Processing /opt/airflow/dags/Shi_HW 3.py took 0.070 seconds
[2026-09-14T05:48:21.434+0000] {processor.py:186} INFO - Started process (PID=45683) to work on /opt/airflow/dags/Shi_HW 3.py
[2026-09-14T05:48:21.438+0000] {processor.py:914} INFO - Processing file /opt/airflow/dags/Shi_HW 3.py for tasks to queue
[2026-09-14T05:48:21.439+0000] {logging_mixin.py:190} INFO - [2026-09-14T05:48:21.439+0000] {dagbag.py:587} INFO - Filling up the DagBag from /opt/airflow/dags/Shi_HW 3.py
[2026-09-14T05:48:21.457+0000] {processor.py:925} INFO - DAG(s) 'WeatherToronto_ETL' retrieved from /opt/airflow/dags/Shi_HW 3.py
[2026-09-14T05:48:21.465+0000] {logging_mixin.py:190} INFO - [2026-09-14T05:48:21.465+0000] {dag.py:3229} INFO - Sync 1 DAGs
[2026-09-14T05:48:21.476+0000] {logging_mixin.py:190} INFO - [2026-09-14T05:48:21.476+0000] {dag.py:4156} INFO - Setting next_dagrun for WeatherToronto_ETL to 2026-09-13 18:00:00+00:00, run_after=2026-09-14 18:00:00+00:00
[2026-09-14T05:48:21.482+0000] {processor.py:208} INFO - Processing /opt/airflow/dags/Shi_HW 3.py took 0.056 seconds
[2026-09-14T05:48:51.872+0000] {processor.py:186} INFO - Started process (PID=45694) to work on /opt/airflow/dags/Shi_HW 3.py
[2026-09-14T05:48:51.876+0000] {processor.py:914} INFO - Processing file /opt/airflow/dags/Shi_HW 3.py for tasks to queue
[2026-09-14T05:48:51.877+0000] {logging_mixin.py:190} INFO - [2026-09-14T05:48:51.877+0000] {dagbag.py:587} INFO - Filling up the DagBag from /opt/airflow/dags/Shi_HW 3.py
[2026-09-14T05:48:51.896+0000] {processor.py:925} INFO - DAG(s) 'WeatherToronto_ETL' retrieved from /opt/airflow/dags/Shi_HW 3.py
[2026-09-14T05:48:51.905+0000] {logging_mixin.py:190} INFO - [2026-09-14T05:48:51.904+0000] {dag.py:3229} INFO - Sync 1 DAGs
[2026-09-14T05:48:51.916+0000] {logging_mixin.py:190} INFO - [2026-09-14T05:48:51.916+0000] {dag.py:4156} INFO - Setting next_dagrun for WeatherToronto_ETL to 2026-09-13 18:00:00+00:00, run_after=2026-09-14 18:00:00+00:00
[2026-09-14T05:48:51.923+0000] {processor.py:208} INFO - Processing /opt/airflow/dags/Shi_HW 3.py took 0.058 seconds
[2026-09-14T05:49:22.273+0000] {processor.py:186} INFO - Started process (PID=45705) to work on /opt/airflow/dags/Shi_HW 3.py
[2026-09-14T05:49:22.277+0000] {processor.py:914} INFO - Processing file /opt/airflow/dags/Shi_HW 3.py for tasks to queue
[2026-09-14T05:49:22.278+0000] {logging_mixin.py:190} INFO - [2026-09-14T05:49:22.278+0000] {dagbag.py:587} INFO - Filling up the DagBag from /opt/airflow/dags/Shi_HW 3.py
[2026-09-14T05:49:22.295+0000] {processor.py:925} INFO - DAG(s) 'WeatherToronto_ETL' retrieved from /opt/airflow/dags/Shi_HW 3.py
[2026-09-14T05:49:22.303+0000] {logging_mixin.py:190} INFO - [2026-09-14T05:49:22.303+0000] {dag.py:3229} INFO - Sync 1 DAGs
[2026-09-14T05:49:22.313+0000] {logging_mixin.py:190} INFO - [2026-09-14T05:49:22.313+0000] {dag.py:4156} INFO - Setting next_dagrun for WeatherToronto_ETL to 2026-09-13 18:00:00+00:00, run_after=2026-09-14 18:00:00+00:00
[2026-09-14T05:49:22.319+0000] {processor.py:208} INFO - Processing /opt/airflow/dags/Shi_HW 3.py took 0.051 seconds
[2026-09-14T05:49:52.730+0000] {processor.py:186} INFO - Started process (PID=45716) to work on /opt/airflow/dags/Shi_HW 3.py
[2026-09-14T05:49:52.734+0000] {processor.py:914} INFO - Processing file /opt/airflow/dags/Shi_HW 3.py for tasks to queue
[2026-09-14T05:49:52.735+0000] {logging_mixin.py:190} INFO - [2026-09-14T05:49:52.735+0000] {dagbag.py:587} INFO - Filling up the DagBag from /opt/airflow/dags/Shi_HW 3.py
[2026-09-14T05:49:52.751+0000] {processor.py:925} INFO - DAG(s) 'WeatherToronto_ETL' retrieved from /opt/airflow/dags/Shi_HW 3.py
[2026-09-14T05:49:52.759+0000] {logging_mixin.py:190} INFO - [2026-09-14T05:49:52.758+0000] {dag.py:3229} INFO - Sync 1 DAGs
[2026-09-14T05:49:52.768+0000] {logging_mixin.py:190} INFO - [2026-09-14T05:49:52.768+0000] {dag.py:4156} INFO - Setting next_dagrun for WeatherToronto_ETL to 2026-09-13 18:00:00+00:00, run_after=2026-09-14 18:00:00+00:00
[2026-09-14T05:49:52.774+0000] {processor.py:208} INFO - Processing /opt/airflow/dags/Shi_HW 3.py took 0.052 seconds
[2026-09-14T05:50:23.161+0000] {processor.py:186} INFO - Started process (PID=45727) to work on /opt/airflow/dags/Shi_HW 3.py
[2026-09-14T05:50:23.164+0000] {processor.py:914} INFO - Processing file /opt/airflow/dags/Shi_HW 3.py for tasks to queue
[2026-09-14T05:50:23.165+0000] {logging_mixin.py:190} INFO - [2026-09-14T05:50:23.165+0000] {dagbag.py:587} INFO - Filling up the DagBag from /opt/airflow/dags/Shi_HW 3.py
[2026-09-14T05:50:23.188+0000] {processor.py:925} INFO - DAG(s) 'WeatherToronto_ETL' retrieved from /opt/airflow/dags/Shi_HW 3.py
[2026-09-14T05:50:23.200+0000] {logging_mixin.py:190} INFO - [2026-09-14T05:50:23.199+0000] {dag.py:3229} INFO - Sync 1 DAGs
[2026-09-14T05:50:23.211+0000] {logging_mixin.py:190} INFO - [2026-09-14T05:50:23.211+0000] {dag.py:4156} INFO - Setting next_dagrun for WeatherToronto_ETL to 2026-09-13 18:00:00+00:00, run_after=2026-09-14 18:00:00+00:00
[2026-09-14T05:50:23.218+0000] {processor.py:208} INFO - Processing /opt/airflow/dags/Shi_HW 3.py took 0.065 seconds
[2026-09-14T05:50:53.591+0000] {processor.py:186} INFO - Started process (PID=45738) to work on /opt/airflow/dags/Shi_HW 3.py
[2026-09-14T05:50:53.594+0000] {processor.py:914} INFO - Processing file /opt/airflow/dags/Shi_HW 3.py for tasks to queue
[2026-09-14T05:50:53.595+0000] {logging_mixin.py:190} INFO - [2026-09-14T05:50:53.595+0000] {dagbag.py:587} INFO - Filling up the DagBag from /opt/airflow/dags/Shi_HW 3.py
[2026-09-14T05:50:53.609+0000] {processor.py:925} INFO - DAG(s) 'WeatherToronto_ETL' retrieved from /opt/airflow/dags/Shi_HW 3.py
[2026-09-14T05:50:53.618+0000] {logging_mixin.py:190} INFO - [2026-09-14T05:50:53.617+0000] {dag.py:3229} INFO - Sync 1 DAGs
[2026-09-14T05:50:53.628+0000] {logging_mixin.py:190} INFO - [2026-09-14T05:50:53.628+0000] {dag.py:4156} INFO - Setting next_dagrun for WeatherToronto_ETL to 2026-09-13 18:00:00+00:00, run_after=2026-09-14 18:00:00+00:00
[2026-09-14T05:50:53.635+0000] {processor.py:208} INFO - Processing /opt/airflow/dags/Shi_HW 3.py took 0.049 seconds
[2026-09-14T05:51:23.968+0000] {processor.py:186} INFO - Started process (PID=45749) to work on /opt/airflow/dags/Shi_HW 3.py
[2026-09-14T05:51:23.973+0000] {processor.py:914} INFO - Processing file /opt/airflow/dags/Shi_HW 3.py for tasks to queue
[2026-09-14T05:51:23.973+0000] {logging_mixin.py:190} INFO - [2026-09-14T05:51:23.973+0000] {dagbag.py:587} INFO - Filling up the DagBag from /opt/airflow/dags/Shi_HW 3.py
[2026-09-14T05:51:23.990+0000] {processor.py:925} INFO - DAG(s) 'WeatherToronto_ETL' retrieved from /opt/airflow/dags/Shi_HW 3.py
[2026-09-14T05:51:23.999+0000] {logging_mixin.py:190} INFO - [2026-09-14T05:51:23.998+0000] {dag.py:3229} INFO - Sync 1 DAGs
[2026-09-14T05:51:24.009+0000] {logging_mixin.py:190} INFO - [2026-09-14T05:51:24.008+0000] {dag.py:4156} INFO - Setting next_dagrun for WeatherToronto_ETL to 2026-09-13 18:00:00+00:00, run_after=2026-09-14 18:00:00+00:00
[2026-09-14T05:51:24.015+0000] {processor.py:208} INFO - Processing /opt/airflow/dags/Shi_HW 3.py took 0.052 seconds
[2026-09-14T05:51:54.444+0000] {processor.py:186} INFO - Started process (PID=45760) to work on /opt/airflow/dags/Shi_HW 3.py
[2026-09-14T05:51:54.449+0000] {processor.py:914} INFO - Processing file /opt/airflow/dags/Shi_HW 3.py for tasks to queue
[2026-09-14T05:51:54.450+0000] {logging_mixin.py:190} INFO - [2026-09-14T05:51:54.450+0000] {dagbag.py:587} INFO - Filling up the DagBag from /opt/airflow/dags/Shi_HW 3.py
[2026-09-14T05:51:54.467+0000] {processor.py:925} INFO - DAG(s) 'WeatherToronto_ETL' retrieved from /opt/airflow/dags/Shi_HW 3.py
[2026-09-14T05:51:54.475+0000] {logging_mixin.py:190} INFO - [2026-09-14T05:51:54.475+0000] {dag.py:3229} INFO - Sync 1 DAGs
[2026-09-14T05:51:54.484+0000] {logging_mixin.py:190} INFO - [2026-09-14T05:51:54.484+0000] {dag.py:4156} INFO - Setting next_dagrun for WeatherToronto_ETL to 2026-09-13 18:00:00+00:00, run_after=2026-09-14 18:00:00+00:00
[2026-09-14T05:51:54.490+0000] {processor.py:208} INFO - Processing /opt/airflow/dags/Shi_HW 3.py took 0.052 seconds
[2026-09-14T05:52:24.807+0000] {processor.py:186} INFO - Started process (PID=45771) to work on /opt/airflow/dags/Shi_HW 3.py
[2026-09-14T05:52:24.811+0000] {processor.py:914} INFO - Processing file /opt/airflow/dags/Shi_HW 3.py for tasks to queue
[2026-09-14T05:52:24.812+0000] {logging_mixin.py:190} INFO - [2026-09-14T05:52:24.812+0000] {dagbag.py:587} INFO - Filling up the DagBag from /opt/airflow/dags/Shi_HW 3.py
[2026-09-14T05:52:24.837+0000] {processor.py:925} INFO - DAG(s) 'WeatherToronto_ETL' retrieved from /opt/airflow/dags/Shi_HW 3.py
[2026-09-14T05:52:24.851+0000] {logging_mixin.py:190} INFO - [2026-09-14T05:52:24.850+0000] {dag.py:3229} INFO - Sync 1 DAGs
[2026-09-14T05:52:24.866+0000] {logging_mixin.py:190} INFO - [2026-09-14T05:52:24.866+0000] {dag.py:4156} INFO - Setting next_dagrun for WeatherToronto_ETL to 2026-09-13 18:00:00+00:00, run_after=2026-09-14 18:00:00+00:00
[2026-09-14T05:52:24.874+0000] {processor.py:208} INFO - Processing /opt/airflow/dags/Shi_HW 3.py took 0.077 seconds
[2026-09-14T05:52:55.228+0000] {processor.py:186} INFO - Started process (PID=45782) to work on /opt/airflow/dags/Shi_HW 3.py
[2026-09-14T05:52:55.232+0000] {processor.py:914} INFO - Processing file /opt/airflow/dags/Shi_HW 3.py for tasks to queue
[2026-09-14T05:52:55.233+0000] {logging_mixin.py:190} INFO - [2026-09-14T05:52:55.233+0000] {dagbag.py:587} INFO - Filling up the DagBag from /opt/airflow/dags/Shi_HW 3.py
[2026-09-14T05:52:55.247+0000] {processor.py:925} INFO - DAG(s) 'WeatherToronto_ETL' retrieved from /opt/airflow/dags/Shi_HW 3.py
[2026-09-14T05:52:55.256+0000] {logging_mixin.py:190} INFO - [2026-09-14T05:52:55.255+0000] {dag.py:3229} INFO - Sync 1 DAGs
[2026-09-14T05:52:55.265+0000] {logging_mixin.py:190} INFO - [2026-09-14T05:52:55.265+0000] {dag.py:4156} INFO - Setting next_dagrun for WeatherToronto_ETL to 2026-09-13 18:00:00+00:00, run_after=2026-09-14 18:00:00+00:00
[2026-09-14T05:52:55.271+0000] {processor.py:208} INFO - Processing /opt/airflow/dags/Shi_HW 3.py took 0.049 seconds
[2026-09-14T05:53:25.626+0000] {processor.py:186} INFO - Started process (PID=45793) to work on /opt/airflow/dags/Shi_HW 3.py
[2026-09-14T05:53:25.631+0000] {processor.py:914} INFO - Processing file /opt/airflow/dags/Shi_HW 3.py for tasks to queue
[2026-09-14T05:53:25.632+0000] {logging_mixin.py:190} INFO - [2026-09-14T05:53:25.632+0000] {dagbag.py:587} INFO - Filling up the DagBag from /opt/airflow/dags/Shi_HW 3.py
[2026-09-14T05:53:25.653+0000] {processor.py:925} INFO - DAG(s) 'WeatherToronto_ETL' retrieved from /opt/airflow/dags/Shi_HW 3.py
[2026-09-14T05:53:25.663+0000] {logging_mixin.py:190} INFO - [2026-09-14T05:53:25.662+0000] {dag.py:3229} INFO - Sync 1 DAGs
[2026-09-14T05:53:25.674+0000] {logging_mixin.py:190} INFO - [2026-09-14T05:53:25.674+0000] {dag.py:4156} INFO - Setting next_dagrun for WeatherToronto_ETL to 2026-09-13 18:00:00+00:00, run_after=2026-09-14 18:00:00+00:00
[2026-09-14T05:53:25.680+0000] {processor.py:208} INFO - Processing /opt/airflow/dags/Shi_HW 3.py took 0.061 seconds
[2026-09-14T05:53:56.055+0000] {processor.py:186} INFO - Started process (PID=45804) to work on /opt/airflow/dags/Shi_HW 3.py
[2026-09-14T05:53:56.059+0000] {processor.py:914} INFO - Processing file /opt/airflow/dags/Shi_HW 3.py for tasks to queue
[2026-09-14T05:53:56.059+0000] {logging_mixin.py:190} INFO - [2026-09-14T05:53:56.059+0000] {dagbag.py:587} INFO - Filling up the DagBag from /opt/airflow/dags/Shi_HW 3.py
[2026-09-14T05:53:56.077+0000] {processor.py:925} INFO - DAG(s) 'WeatherToronto_ETL' retrieved from /opt/airflow/dags/Shi_HW 3.py
[2026-09-14T05:53:56.086+0000] {logging_mixin.py:190} INFO - [2026-09-14T05:53:56.085+0000] {dag.py:3229} INFO - Sync 1 DAGs
[2026-09-14T05:53:56.096+0000] {logging_mixin.py:190} INFO - [2026-09-14T05:53:56.096+0000] {dag.py:4156} INFO - Setting next_dagrun for WeatherToronto_ETL to 2026-09-13 18:00:00+00:00, run_after=2026-09-14 18:00:00+00:00
[2026-09-14T05:53:56.102+0000] {processor.py:208} INFO - Processing /opt/airflow/dags/Shi_HW 3.py took 0.054 seconds
[2026-09-14T05:54:26.517+0000] {processor.py:186} INFO - Started process (PID=45815) to work on /opt/airflow/dags/Shi_HW 3.py
[2026-09-14T05:54:26.519+0000] {processor.py:914} INFO - Processing file /opt/airflow/dags/Shi_HW 3.py for tasks to queue
[2026-09-14T05:54:26.521+0000] {logging_mixin.py:190} INFO - [2026-09-14T05:54:26.520+0000] {dagbag.py:587} INFO - Filling up the DagBag from /opt/airflow/dags/Shi_HW 3.py
[2026-09-14T05:54:26.552+0000] {processor.py:925} INFO - DAG(s) 'WeatherToronto_ETL' retrieved from /opt/airflow/dags/Shi_HW 3.py
[2026-09-14T05:54:26.576+0000] {logging_mixin.py:190} INFO - [2026-09-14T05:54:26.570+0000] {dag.py:3229} INFO - Sync 1 DAGs
[2026-09-14T05:54:26.597+0000] {logging_mixin.py:190} INFO - [2026-09-14T05:54:26.597+0000] {dag.py:4156} INFO - Setting next_dagrun for WeatherToronto_ETL to 2026-09-13 18:00:00+00:00, run_after=2026-09-14 18:00:00+00:00
[2026-09-14T05:54:26.605+0000] {processor.py:208} INFO - Processing /opt/airflow/dags/Shi_HW 3.py took 0.116 seconds
[2026-09-14T05:54:57.201+0000] {processor.py:186} INFO - Started process (PID=45826) to work on /opt/airflow/dags/Shi_HW 3.py
[2026-09-14T05:54:57.204+0000] {processor.py:914} INFO - Processing file /opt/airflow/dags/Shi_HW 3.py for tasks to queue
[2026-09-14T05:54:57.205+0000] {logging_mixin.py:190} INFO - [2026-09-14T05:54:57.205+0000] {dagbag.py:587} INFO - Filling up the DagBag from /opt/airflow/dags/Shi_HW 3.py
[2026-09-14T05:54:57.240+0000] {processor.py:925} INFO - DAG(s) 'WeatherToronto_ETL' retrieved from /opt/airflow/dags/Shi_HW 3.py
[2026-09-14T05:54:57.261+0000] {logging_mixin.py:190} INFO - [2026-09-14T05:54:57.259+0000] {dag.py:3229} INFO - Sync 1 DAGs
[2026-09-14T05:54:57.280+0000] {logging_mixin.py:190} INFO - [2026-09-14T05:54:57.279+0000] {dag.py:4156} INFO - Setting next_dagrun for WeatherToronto_ETL to 2026-09-13 18:00:00+00:00, run_after=2026-09-14 18:00:00+00:00
[2026-09-14T05:54:57.289+0000] {processor.py:208} INFO - Processing /opt/airflow/dags/Shi_HW 3.py took 0.096 seconds
[2026-09-14T05:55:27.570+0000] {processor.py:186} INFO - Started process (PID=45837) to work on /opt/airflow/dags/Shi_HW 3.py
[2026-09-14T05:55:27.572+0000] {processor.py:914} INFO - Processing file /opt/airflow/dags/Shi_HW 3.py for tasks to queue
[2026-09-14T05:55:27.573+0000] {logging_mixin.py:190} INFO - [2026-09-14T05:55:27.573+0000] {dagbag.py:587} INFO - Filling up the DagBag from /opt/airflow/dags/Shi_HW 3.py
[2026-09-14T05:55:27.610+0000] {processor.py:925} INFO - DAG(s) 'WeatherToronto_ETL' retrieved from /opt/airflow/dags/Shi_HW 3.py
[2026-09-14T05:55:27.630+0000] {logging_mixin.py:190} INFO - [2026-09-14T05:55:27.626+0000] {dag.py:3229} INFO - Sync 1 DAGs
[2026-09-14T05:55:27.648+0000] {logging_mixin.py:190} INFO - [2026-09-14T05:55:27.648+0000] {dag.py:4156} INFO - Setting next_dagrun for WeatherToronto_ETL to 2026-09-13 18:00:00+00:00, run_after=2026-09-14 18:00:00+00:00
[2026-09-14T05:55:27.655+0000] {processor.py:208} INFO - Processing /opt/airflow/dags/Shi_HW 3.py took 0.092 seconds
[2026-09-14T05:55:58.115+0000] {processor.py:186} INFO - Started process (PID=45848) to work on /opt/airflow/dags/Shi_HW 3.py
[2026-09-14T05:55:58.118+0000] {processor.py:914} INFO - Processing file /opt/airflow/dags/Shi_HW 3.py for tasks to queue
[2026-09-14T05:55:58.120+0000] {logging_mixin.py:190} INFO - [2026-09-14T05:55:58.119+0000] {dagbag.py:587} INFO - Filling up the DagBag from /opt/airflow/dags/Shi_HW 3.py
[2026-09-14T05:55:58.148+0000] {processor.py:925} INFO - DAG(s) 'WeatherToronto_ETL' retrieved from /opt/airflow/dags/Shi_HW 3.py
[2026-09-14T05:55:58.164+0000] {logging_mixin.py:190} INFO - [2026-09-14T05:55:58.162+0000] {dag.py:3229} INFO - Sync 1 DAGs
[2026-09-14T05:55:58.181+0000] {logging_mixin.py:190} INFO - [2026-09-14T05:55:58.181+0000] {dag.py:4156} INFO - Setting next_dagrun for WeatherToronto_ETL to 2026-09-13 18:00:00+00:00, run_after=2026-09-14 18:00:00+00:00
[2026-09-14T05:55:58.189+0000] {processor.py:208} INFO - Processing /opt/airflow/dags/Shi_HW 3.py took 0.084 seconds
[2026-09-14T05:56:28.473+0000] {processor.py:186} INFO - Started process (PID=45859) to work on /opt/airflow/dags/Shi_HW 3.py
[2026-09-14T05:56:28.477+0000] {processor.py:914} INFO - Processing file /opt/airflow/dags/Shi_HW 3.py for tasks to queue
[2026-09-14T05:56:28.478+0000] {logging_mixin.py:190} INFO - [2026-09-14T05:56:28.478+0000] {dagbag.py:587} INFO - Filling up the DagBag from /opt/airflow/dags/Shi_HW 3.py
[2026-09-14T05:56:28.499+0000] {processor.py:925} INFO - DAG(s) 'WeatherToronto_ETL' retrieved from /opt/airflow/dags/Shi_HW 3.py
[2026-09-14T05:56:28.509+0000] {logging_mixin.py:190} INFO - [2026-09-14T05:56:28.508+0000] {dag.py:3229} INFO - Sync 1 DAGs
[2026-09-14T05:56:28.523+0000] {logging_mixin.py:190} INFO - [2026-09-14T05:56:28.523+0000] {dag.py:4156} INFO - Setting next_dagrun for WeatherToronto_ETL to 2026-09-13 18:00:00+00:00, run_after=2026-09-14 18:00:00+00:00
[2026-09-14T05:56:28.530+0000] {processor.py:208} INFO - Processing /opt/airflow/dags/Shi_HW 3.py took 0.067 seconds
[2026-09-14T05:56:58.848+0000] {processor.py:186} INFO - Started process (PID=45870) to work on /opt/airflow/dags/Shi_HW 3.py
[2026-09-14T05:56:58.850+0000] {processor.py:914} INFO - Processing file /opt/airflow/dags/Shi_HW 3.py for tasks to queue
[2026-09-14T05:56:58.851+0000] {logging_mixin.py:190} INFO - [2026-09-14T05:56:58.851+0000] {dagbag.py:587} INFO - Filling up the DagBag from /opt/airflow/dags/Shi_HW 3.py
[2026-09-14T05:56:58.874+0000] {processor.py:925} INFO - DAG(s) 'WeatherToronto_ETL' retrieved from /opt/airflow/dags/Shi_HW 3.py
[2026-09-14T05:56:58.887+0000] {logging_mixin.py:190} INFO - [2026-09-14T05:56:58.886+0000] {dag.py:3229} INFO - Sync 1 DAGs
[2026-09-14T05:56:58.899+0000] {logging_mixin.py:190} INFO - [2026-09-14T05:56:58.899+0000] {dag.py:4156} INFO - Setting next_dagrun for WeatherToronto_ETL to 2026-09-13 18:00:00+00:00, run_after=2026-09-14 18:00:00+00:00
[2026-09-14T05:56:58.906+0000] {processor.py:208} INFO - Processing /opt/airflow/dags/Shi_HW 3.py took 0.065 seconds
[2026-09-14T05:57:29.162+0000] {processor.py:186} INFO - Started process (PID=45881) to work on /opt/airflow/dags/Shi_HW 3.py
[2026-09-14T05:57:29.165+0000] {processor.py:914} INFO - Processing file /opt/airflow/dags/Shi_HW 3.py for tasks to queue
[2026-09-14T05:57:29.166+0000] {logging_mixin.py:190} INFO - [2026-09-14T05:57:29.166+0000] {dagbag.py:587} INFO - Filling up the DagBag from /opt/airflow/dags/Shi_HW 3.py
[2026-09-14T05:57:29.180+0000] {processor.py:925} INFO - DAG(s) 'WeatherToronto_ETL' retrieved from /opt/airflow/dags/Shi_HW 3.py
[2026-09-14T05:57:29.189+0000] {logging_mixin.py:190} INFO - [2026-09-14T05:57:29.188+0000] {dag.py:3229} INFO - Sync 1 DAGs
[2026-09-14T05:57:29.199+0000] {logging_mixin.py:190} INFO - [2026-09-14T05:57:29.198+0000] {dag.py:4156} INFO - Setting next_dagrun for WeatherToronto_ETL to 2026-09-13 18:00:00+00:00, run_after=2026-09-14 18:00:00+00:00
[2026-09-14T05:57:29.204+0000] {processor.py:208} INFO - Processing /opt/airflow/dags/Shi_HW 3.py took 0.047 seconds
[2026-09-14T05:57:59.502+0000] {processor.py:186} INFO - Started process (PID=45892) to work on /opt/airflow/dags/Shi_HW 3.py
[2026-09-14T05:57:59.505+0000] {processor.py:914} INFO - Processing file /opt/airflow/dags/Shi_HW 3.py for tasks to queue
[2026-09-14T05:57:59.506+0000] {logging_mixin.py:190} INFO - [2026-09-14T05:57:59.506+0000] {dagbag.py:587} INFO - Filling up the DagBag from /opt/airflow/dags/Shi_HW 3.py
[2026-09-14T05:57:59.526+0000] {processor.py:925} INFO - DAG(s) 'WeatherToronto_ETL' retrieved from /opt/airflow/dags/Shi_HW 3.py
[2026-09-14T05:57:59.536+0000] {logging_mixin.py:190} INFO - [2026-09-14T05:57:59.535+0000] {dag.py:3229} INFO - Sync 1 DAGs
[2026-09-14T05:57:59.547+0000] {logging_mixin.py:190} INFO - [2026-09-14T05:57:59.547+0000] {dag.py:4156} INFO - Setting next_dagrun for WeatherToronto_ETL to 2026-09-13 18:00:00+00:00, run_after=2026-09-14 18:00:00+00:00
[2026-09-14T05:57:59.554+0000] {processor.py:208} INFO - Processing /opt/airflow/dags/Shi_HW 3.py took 0.060 seconds
[2026-09-14T05:58:29.862+0000] {processor.py:186} INFO - Started process (PID=45903) to work on /opt/airflow/dags/Shi_HW 3.py
[2026-09-14T05:58:29.865+0000] {processor.py:914} INFO - Processing file /opt/airflow/dags/Shi_HW 3.py for tasks to queue
[2026-09-14T05:58:29.866+0000] {logging_mixin.py:190} INFO - [2026-09-14T05:58:29.866+0000] {dagbag.py:587} INFO - Filling up the DagBag from /opt/airflow/dags/Shi_HW 3.py
[2026-09-14T05:58:29.886+0000] {processor.py:925} INFO - DAG(s) 'WeatherToronto_ETL' retrieved from /opt/airflow/dags/Shi_HW 3.py
[2026-09-14T05:58:29.895+0000] {logging_mixin.py:190} INFO - [2026-09-14T05:58:29.895+0000] {dag.py:3229} INFO - Sync 1 DAGs
[2026-09-14T05:58:29.907+0000] {logging_mixin.py:190} INFO - [2026-09-14T05:58:29.907+0000] {dag.py:4156} INFO - Setting next_dagrun for WeatherToronto_ETL to 2026-09-13 18:00:00+00:00, run_after=2026-09-14 18:00:00+00:00
[2026-09-14T05:58:29.913+0000] {processor.py:208} INFO - Processing /opt/airflow/dags/Shi_HW 3.py took 0.059 seconds
[2026-09-14T05:59:00.247+0000] {processor.py:186} INFO - Started process (PID=45914) to work on /opt/airflow/dags/Shi_HW 3.py
[2026-09-14T05:59:00.252+0000] {processor.py:914} INFO - Processing file /opt/airflow/dags/Shi_HW 3.py for tasks to queue
[2026-09-14T05:59:00.253+0000] {logging_mixin.py:190} INFO - [2026-09-14T05:59:00.253+0000] {dagbag.py:587} INFO - Filling up the DagBag from /opt/airflow/dags/Shi_HW 3.py
[2026-09-14T05:59:00.275+0000] {processor.py:925} INFO - DAG(s) 'WeatherToronto_ETL' retrieved from /opt/airflow/dags/Shi_HW 3.py
[2026-09-14T05:59:00.287+0000] {logging_mixin.py:190} INFO - [2026-09-14T05:59:00.285+0000] {dag.py:3229} INFO - Sync 1 DAGs
[2026-09-14T05:59:00.299+0000] {logging_mixin.py:190} INFO - [2026-09-14T05:59:00.299+0000] {dag.py:4156} INFO - Setting next_dagrun for WeatherToronto_ETL to 2026-09-13 18:00:00+00:00, run_after=2026-09-14 18:00:00+00:00
[2026-09-14T05:59:00.306+0000] {processor.py:208} INFO - Processing /opt/airflow/dags/Shi_HW 3.py took 0.065 seconds
[2026-09-14T05:59:30.614+0000] {processor.py:186} INFO - Started process (PID=45925) to work on /opt/airflow/dags/Shi_HW 3.py
[2026-09-14T05:59:30.619+0000] {processor.py:914} INFO - Processing file /opt/airflow/dags/Shi_HW 3.py for tasks to queue
[2026-09-14T05:59:30.619+0000] {logging_mixin.py:190} INFO - [2026-09-14T05:59:30.619+0000] {dagbag.py:587} INFO - Filling up the DagBag from /opt/airflow/dags/Shi_HW 3.py
[2026-09-14T05:59:30.638+0000] {processor.py:925} INFO - DAG(s) 'WeatherToronto_ETL' retrieved from /opt/airflow/dags/Shi_HW 3.py
[2026-09-14T05:59:30.647+0000] {logging_mixin.py:190} INFO - [2026-09-14T05:59:30.646+0000] {dag.py:3229} INFO - Sync 1 DAGs
[2026-09-14T05:59:30.657+0000] {logging_mixin.py:190} INFO - [2026-09-14T05:59:30.657+0000] {dag.py:4156} INFO - Setting next_dagrun for WeatherToronto_ETL to 2026-09-13 18:00:00+00:00, run_after=2026-09-14 18:00:00+00:00
[2026-09-14T05:59:30.662+0000] {processor.py:208} INFO - Processing /opt/airflow/dags/Shi_HW 3.py took 0.053 seconds
[2026-09-14T06:00:01.000+0000] {processor.py:186} INFO - Started process (PID=45936) to work on /opt/airflow/dags/Shi_HW 3.py
[2026-09-14T06:00:01.004+0000] {processor.py:914} INFO - Processing file /opt/airflow/dags/Shi_HW 3.py for tasks to queue
[2026-09-14T06:00:01.005+0000] {logging_mixin.py:190} INFO - [2026-09-14T06:00:01.005+0000] {dagbag.py:587} INFO - Filling up the DagBag from /opt/airflow/dags/Shi_HW 3.py
[2026-09-14T06:00:01.022+0000] {processor.py:925} INFO - DAG(s) 'WeatherToronto_ETL' retrieved from /opt/airflow/dags/Shi_HW 3.py
[2026-09-14T06:00:01.031+0000] {logging_mixin.py:190} INFO - [2026-09-14T06:00:01.031+0000] {dag.py:3229} INFO - Sync 1 DAGs
[2026-09-14T06:00:01.042+0000] {logging_mixin.py:190} INFO - [2026-09-14T06:00:01.042+0000] {dag.py:4156} INFO - Setting next_dagrun for WeatherToronto_ETL to 2026-09-13 18:00:00+00:00, run_after=2026-09-14 18:00:00+00:00
[2026-09-14T06:00:01.048+0000] {processor.py:208} INFO - Processing /opt/airflow/dags/Shi_HW 3.py took 0.056 seconds
[2026-09-14T06:00:31.365+0000] {processor.py:186} INFO - Started process (PID=45947) to work on /opt/airflow/dags/Shi_HW 3.py
[2026-09-14T06:00:31.368+0000] {processor.py:914} INFO - Processing file /opt/airflow/dags/Shi_HW 3.py for tasks to queue
[2026-09-14T06:00:31.368+0000] {logging_mixin.py:190} INFO - [2026-09-14T06:00:31.368+0000] {dagbag.py:587} INFO - Filling up the DagBag from /opt/airflow/dags/Shi_HW 3.py
[2026-09-14T06:00:31.385+0000] {processor.py:925} INFO - DAG(s) 'WeatherToronto_ETL' retrieved from /opt/airflow/dags/Shi_HW 3.py
[2026-09-14T06:00:31.395+0000] {logging_mixin.py:190} INFO - [2026-09-14T06:00:31.394+0000] {dag.py:3229} INFO - Sync 1 DAGs
[2026-09-14T06:00:31.409+0000] {logging_mixin.py:190} INFO - [2026-09-14T06:00:31.409+0000] {dag.py:4156} INFO - Setting next_dagrun for WeatherToronto_ETL to 2026-09-13 18:00:00+00:00, run_after=2026-09-14 18:00:00+00:00
[2026-09-14T06:00:31.416+0000] {processor.py:208} INFO - Processing /opt/airflow/dags/Shi_HW 3.py took 0.059 seconds
[2026-09-14T06:01:01.709+0000] {processor.py:186} INFO - Started process (PID=45958) to work on /opt/airflow/dags/Shi_HW 3.py
[2026-09-14T06:01:01.713+0000] {processor.py:914} INFO - Processing file /opt/airflow/dags/Shi_HW 3.py for tasks to queue
[2026-09-14T06:01:01.715+0000] {logging_mixin.py:190} INFO - [2026-09-14T06:01:01.714+0000] {dagbag.py:587} INFO - Filling up the DagBag from /opt/airflow/dags/Shi_HW 3.py
[2026-09-14T06:01:01.738+0000] {processor.py:925} INFO - DAG(s) 'WeatherToronto_ETL' retrieved from /opt/airflow/dags/Shi_HW 3.py
[2026-09-14T06:01:01.749+0000] {logging_mixin.py:190} INFO - [2026-09-14T06:01:01.748+0000] {dag.py:3229} INFO - Sync 1 DAGs
[2026-09-14T06:01:01.761+0000] {logging_mixin.py:190} INFO - [2026-09-14T06:01:01.761+0000] {dag.py:4156} INFO - Setting next_dagrun for WeatherToronto_ETL to 2026-09-13 18:00:00+00:00, run_after=2026-09-14 18:00:00+00:00
[2026-09-14T06:01:01.770+0000] {processor.py:208} INFO - Processing /opt/airflow/dags/Shi_HW 3.py took 0.069 seconds
[2026-09-14T06:01:32.027+0000] {processor.py:186} INFO - Started process (PID=45969) to work on /opt/airflow/dags/Shi_HW 3.py
[2026-09-14T06:01:32.031+0000] {processor.py:914} INFO - Processing file /opt/airflow/dags/Shi_HW 3.py for tasks to queue
[2026-09-14T06:01:32.032+0000] {logging_mixin.py:190} INFO - [2026-09-14T06:01:32.032+0000] {dagbag.py:587} INFO - Filling up the DagBag from /opt/airflow/dags/Shi_HW 3.py
[2026-09-14T06:01:32.051+0000] {processor.py:925} INFO - DAG(s) 'WeatherToronto_ETL' retrieved from /opt/airflow/dags/Shi_HW 3.py
[2026-09-14T06:01:32.060+0000] {logging_mixin.py:190} INFO - [2026-09-14T06:01:32.059+0000] {dag.py:3229} INFO - Sync 1 DAGs
[2026-09-14T06:01:32.071+0000] {logging_mixin.py:190} INFO - [2026-09-14T06:01:32.071+0000] {dag.py:4156} INFO - Setting next_dagrun for WeatherToronto_ETL to 2026-09-13 18:00:00+00:00, run_after=2026-09-14 18:00:00+00:00
[2026-09-14T06:01:32.077+0000] {processor.py:208} INFO - Processing /opt/airflow/dags/Shi_HW 3.py took 0.056 seconds
[2026-09-14T06:02:02.361+0000] {processor.py:186} INFO - Started process (PID=45980) to work on /opt/airflow/dags/Shi_HW 3.py
[2026-09-14T06:02:02.365+0000] {processor.py:914} INFO - Processing file /opt/airflow/dags/Shi_HW 3.py for tasks to queue
[2026-09-14T06:02:02.366+0000] {logging_mixin.py:190} INFO - [2026-09-14T06:02:02.366+0000] {dagbag.py:587} INFO - Filling up the DagBag from /opt/airflow/dags/Shi_HW 3.py
[2026-09-14T06:02:02.382+0000] {processor.py:925} INFO - DAG(s) 'WeatherToronto_ETL' retrieved from /opt/airflow/dags/Shi_HW 3.py
[2026-09-14T06:02:02.393+0000] {logging_mixin.py:190} INFO - [2026-09-14T06:02:02.392+0000] {dag.py:3229} INFO - Sync 1 DAGs
[2026-09-14T06:02:02.404+0000] {logging_mixin.py:190} INFO - [2026-09-14T06:02:02.404+0000] {dag.py:4156} INFO - Setting next_dagrun for WeatherToronto_ETL to 2026-09-13 18:00:00+00:00, run_after=2026-09-14 18:00:00+00:00
[2026-09-14T06:02:02.410+0000] {processor.py:208} INFO - Processing /opt/airflow/dags/Shi_HW 3.py took 0.055 seconds
[2026-09-14T06:02:32.736+0000] {processor.py:186} INFO - Started process (PID=45991) to work on /opt/airflow/dags/Shi_HW 3.py
[2026-09-14T06:02:32.738+0000] {processor.py:914} INFO - Processing file /opt/airflow/dags/Shi_HW 3.py for tasks to queue
[2026-09-14T06:02:32.739+0000] {logging_mixin.py:190} INFO - [2026-09-14T06:02:32.739+0000] {dagbag.py:587} INFO - Filling up the DagBag from /opt/airflow/dags/Shi_HW 3.py
[2026-09-14T06:02:32.759+0000] {processor.py:925} INFO - DAG(s) 'WeatherToronto_ETL' retrieved from /opt/airflow/dags/Shi_HW 3.py
[2026-09-14T06:02:32.768+0000] {logging_mixin.py:190} INFO - [2026-09-14T06:02:32.768+0000] {dag.py:3229} INFO - Sync 1 DAGs
[2026-09-14T06:02:32.778+0000] {logging_mixin.py:190} INFO - [2026-09-14T06:02:32.778+0000] {dag.py:4156} INFO - Setting next_dagrun for WeatherToronto_ETL to 2026-09-13 18:00:00+00:00, run_after=2026-09-14 18:00:00+00:00
[2026-09-14T06:02:32.785+0000] {processor.py:208} INFO - Processing /opt/airflow/dags/Shi_HW 3.py took 0.055 seconds
[2026-09-14T06:03:03.091+0000] {processor.py:186} INFO - Started process (PID=46002) to work on /opt/airflow/dags/Shi_HW 3.py
[2026-09-14T06:03:03.095+0000] {processor.py:914} INFO - Processing file /opt/airflow/dags/Shi_HW 3.py for tasks to queue
[2026-09-14T06:03:03.096+0000] {logging_mixin.py:190} INFO - [2026-09-14T06:03:03.096+0000] {dagbag.py:587} INFO - Filling up the DagBag from /opt/airflow/dags/Shi_HW 3.py
[2026-09-14T06:03:03.121+0000] {processor.py:925} INFO - DAG(s) 'WeatherToronto_ETL' retrieved from /opt/airflow/dags/Shi_HW 3.py
[2026-09-14T06:03:03.133+0000] {logging_mixin.py:190} INFO - [2026-09-14T06:03:03.131+0000] {dag.py:3229} INFO - Sync 1 DAGs
[2026-09-14T06:03:03.145+0000] {logging_mixin.py:190} INFO - [2026-09-14T06:03:03.145+0000] {dag.py:4156} INFO - Setting next_dagrun for WeatherToronto_ETL to 2026-09-13 18:00:00+00:00, run_after=2026-09-14 18:00:00+00:00
[2026-09-14T06:03:03.153+0000] {processor.py:208} INFO - Processing /opt/airflow/dags/Shi_HW 3.py took 0.070 seconds
[2026-09-14T06:03:33.463+0000] {processor.py:186} INFO - Started process (PID=46013) to work on /opt/airflow/dags/Shi_HW 3.py
[2026-09-14T06:03:33.467+0000] {processor.py:914} INFO - Processing file /opt/airflow/dags/Shi_HW 3.py for tasks to queue
[2026-09-14T06:03:33.468+0000] {logging_mixin.py:190} INFO - [2026-09-14T06:03:33.468+0000] {dagbag.py:587} INFO - Filling up the DagBag from /opt/airflow/dags/Shi_HW 3.py
[2026-09-14T06:03:33.486+0000] {processor.py:925} INFO - DAG(s) 'WeatherToronto_ETL' retrieved from /opt/airflow/dags/Shi_HW 3.py
[2026-09-14T06:03:33.494+0000] {logging_mixin.py:190} INFO - [2026-09-14T06:03:33.493+0000] {dag.py:3229} INFO - Sync 1 DAGs
[2026-09-14T06:03:33.505+0000] {logging_mixin.py:190} INFO - [2026-09-14T06:03:33.505+0000] {dag.py:4156} INFO - Setting next_dagrun for WeatherToronto_ETL to 2026-09-13 18:00:00+00:00, run_after=2026-09-14 18:00:00+00:00
[2026-09-14T06:03:33.513+0000] {processor.py:208} INFO - Processing /opt/airflow/dags/Shi_HW 3.py took 0.056 seconds
[2026-09-14T06:04:03.849+0000] {processor.py:186} INFO - Started process (PID=46024) to work on /opt/airflow/dags/Shi_HW 3.py
[2026-09-14T06:04:03.855+0000] {processor.py:914} INFO - Processing file /opt/airflow/dags/Shi_HW 3.py for tasks to queue
[2026-09-14T06:04:03.856+0000] {logging_mixin.py:190} INFO - [2026-09-14T06:04:03.855+0000] {dagbag.py:587} INFO - Filling up the DagBag from /opt/airflow/dags/Shi_HW 3.py
[2026-09-14T06:04:03.873+0000] {processor.py:925} INFO - DAG(s) 'WeatherToronto_ETL' retrieved from /opt/airflow/dags/Shi_HW 3.py
[2026-09-14T06:04:03.883+0000] {logging_mixin.py:190} INFO - [2026-09-14T06:04:03.882+0000] {dag.py:3229} INFO - Sync 1 DAGs
[2026-09-14T06:04:03.893+0000] {logging_mixin.py:190} INFO - [2026-09-14T06:04:03.893+0000] {dag.py:4156} INFO - Setting next_dagrun for WeatherToronto_ETL to 2026-09-13 18:00:00+00:00, run_after=2026-09-14 18:00:00+00:00
[2026-09-14T06:04:03.899+0000] {processor.py:208} INFO - Processing /opt/airflow/dags/Shi_HW 3.py took 0.056 seconds
[2026-09-14T06:04:34.174+0000] {processor.py:186} INFO - Started process (PID=46035) to work on /opt/airflow/dags/Shi_HW 3.py
[2026-09-14T06:04:34.178+0000] {processor.py:914} INFO - Processing file /opt/airflow/dags/Shi_HW 3.py for tasks to queue
[2026-09-14T06:04:34.179+0000] {logging_mixin.py:190} INFO - [2026-09-14T06:04:34.179+0000] {dagbag.py:587} INFO - Filling up the DagBag from /opt/airflow/dags/Shi_HW 3.py
[2026-09-14T06:04:34.196+0000] {processor.py:925} INFO - DAG(s) 'WeatherToronto_ETL' retrieved from /opt/airflow/dags/Shi_HW 3.py
[2026-09-14T06:04:34.205+0000] {logging_mixin.py:190} INFO - [2026-09-14T06:04:34.205+0000] {dag.py:3229} INFO - Sync 1 DAGs
[2026-09-14T06:04:34.215+0000] {logging_mixin.py:190} INFO - [2026-09-14T06:04:34.215+0000] {dag.py:4156} INFO - Setting next_dagrun for WeatherToronto_ETL to 2026-09-13 18:00:00+00:00, run_after=2026-09-14 18:00:00+00:00
[2026-09-14T06:04:34.221+0000] {processor.py:208} INFO - Processing /opt/airflow/dags/Shi_HW 3.py took 0.053 seconds
[2026-09-14T06:05:04.552+0000] {processor.py:186} INFO - Started process (PID=46046) to work on /opt/airflow/dags/Shi_HW 3.py
[2026-09-14T06:05:04.555+0000] {processor.py:914} INFO - Processing file /opt/airflow/dags/Shi_HW 3.py for tasks to queue
[2026-09-14T06:05:04.556+0000] {logging_mixin.py:190} INFO - [2026-09-14T06:05:04.556+0000] {dagbag.py:587} INFO - Filling up the DagBag from /opt/airflow/dags/Shi_HW 3.py
[2026-09-14T06:05:04.581+0000] {processor.py:925} INFO - DAG(s) 'WeatherToronto_ETL' retrieved from /opt/airflow/dags/Shi_HW 3.py
[2026-09-14T06:05:04.593+0000] {logging_mixin.py:190} INFO - [2026-09-14T06:05:04.592+0000] {dag.py:3229} INFO - Sync 1 DAGs
[2026-09-14T06:05:04.605+0000] {logging_mixin.py:190} INFO - [2026-09-14T06:05:04.604+0000] {dag.py:4156} INFO - Setting next_dagrun for WeatherToronto_ETL to 2026-09-13 18:00:00+00:00, run_after=2026-09-14 18:00:00+00:00
[2026-09-14T06:05:04.611+0000] {processor.py:208} INFO - Processing /opt/airflow/dags/Shi_HW 3.py took 0.066 seconds
[2026-09-14T06:05:34.910+0000] {processor.py:186} INFO - Started process (PID=46057) to work on /opt/airflow/dags/Shi_HW 3.py
[2026-09-14T06:05:34.914+0000] {processor.py:914} INFO - Processing file /opt/airflow/dags/Shi_HW 3.py for tasks to queue
[2026-09-14T06:05:34.915+0000] {logging_mixin.py:190} INFO - [2026-09-14T06:05:34.914+0000] {dagbag.py:587} INFO - Filling up the DagBag from /opt/airflow/dags/Shi_HW 3.py
[2026-09-14T06:05:34.933+0000] {processor.py:925} INFO - DAG(s) 'WeatherToronto_ETL' retrieved from /opt/airflow/dags/Shi_HW 3.py
[2026-09-14T06:05:34.944+0000] {logging_mixin.py:190} INFO - [2026-09-14T06:05:34.943+0000] {dag.py:3229} INFO - Sync 1 DAGs
[2026-09-14T06:05:34.956+0000] {logging_mixin.py:190} INFO - [2026-09-14T06:05:34.956+0000] {dag.py:4156} INFO - Setting next_dagrun for WeatherToronto_ETL to 2026-09-13 18:00:00+00:00, run_after=2026-09-14 18:00:00+00:00
[2026-09-14T06:05:34.963+0000] {processor.py:208} INFO - Processing /opt/airflow/dags/Shi_HW 3.py took 0.059 seconds
[2026-09-14T06:06:05.249+0000] {processor.py:186} INFO - Started process (PID=46068) to work on /opt/airflow/dags/Shi_HW 3.py
[2026-09-14T06:06:05.254+0000] {processor.py:914} INFO - Processing file /opt/airflow/dags/Shi_HW 3.py for tasks to queue
[2026-09-14T06:06:05.255+0000] {logging_mixin.py:190} INFO - [2026-09-14T06:06:05.254+0000] {dagbag.py:587} INFO - Filling up the DagBag from /opt/airflow/dags/Shi_HW 3.py
[2026-09-14T06:06:05.273+0000] {processor.py:925} INFO - DAG(s) 'WeatherToronto_ETL' retrieved from /opt/airflow/dags/Shi_HW 3.py
[2026-09-14T06:06:05.281+0000] {logging_mixin.py:190} INFO - [2026-09-14T06:06:05.281+0000] {dag.py:3229} INFO - Sync 1 DAGs
[2026-09-14T06:06:05.292+0000] {logging_mixin.py:190} INFO - [2026-09-14T06:06:05.292+0000] {dag.py:4156} INFO - Setting next_dagrun for WeatherToronto_ETL to 2026-09-13 18:00:00+00:00, run_after=2026-09-14 18:00:00+00:00
[2026-09-14T06:06:05.298+0000] {processor.py:208} INFO - Processing /opt/airflow/dags/Shi_HW 3.py took 0.054 seconds
[2026-09-14T06:06:35.597+0000] {processor.py:186} INFO - Started process (PID=46079) to work on /opt/airflow/dags/Shi_HW 3.py
[2026-09-14T06:06:35.601+0000] {processor.py:914} INFO - Processing file /opt/airflow/dags/Shi_HW 3.py for tasks to queue
[2026-09-14T06:06:35.601+0000] {logging_mixin.py:190} INFO - [2026-09-14T06:06:35.601+0000] {dagbag.py:587} INFO - Filling up the DagBag from /opt/airflow/dags/Shi_HW 3.py
[2026-09-14T06:06:35.619+0000] {processor.py:925} INFO - DAG(s) 'WeatherToronto_ETL' retrieved from /opt/airflow/dags/Shi_HW 3.py
[2026-09-14T06:06:35.627+0000] {logging_mixin.py:190} INFO - [2026-09-14T06:06:35.627+0000] {dag.py:3229} INFO - Sync 1 DAGs
[2026-09-14T06:06:35.637+0000] {logging_mixin.py:190} INFO - [2026-09-14T06:06:35.637+0000] {dag.py:4156} INFO - Setting next_dagrun for WeatherToronto_ETL to 2026-09-13 18:00:00+00:00, run_after=2026-09-14 18:00:00+00:00
[2026-09-14T06:06:35.643+0000] {processor.py:208} INFO - Processing /opt/airflow/dags/Shi_HW 3.py took 0.054 seconds
[2026-09-14T06:07:05.961+0000] {processor.py:186} INFO - Started process (PID=46090) to work on /opt/airflow/dags/Shi_HW 3.py
[2026-09-14T06:07:05.966+0000] {processor.py:914} INFO - Processing file /opt/airflow/dags/Shi_HW 3.py for tasks to queue
[2026-09-14T06:07:05.966+0000] {logging_mixin.py:190} INFO - [2026-09-14T06:07:05.966+0000] {dagbag.py:587} INFO - Filling up the DagBag from /opt/airflow/dags/Shi_HW 3.py
[2026-09-14T06:07:05.984+0000] {processor.py:925} INFO - DAG(s) 'WeatherToronto_ETL' retrieved from /opt/airflow/dags/Shi_HW 3.py
[2026-09-14T06:07:05.993+0000] {logging_mixin.py:190} INFO - [2026-09-14T06:07:05.992+0000] {dag.py:3229} INFO - Sync 1 DAGs
[2026-09-14T06:07:06.004+0000] {logging_mixin.py:190} INFO - [2026-09-14T06:07:06.003+0000] {dag.py:4156} INFO - Setting next_dagrun for WeatherToronto_ETL to 2026-09-13 18:00:00+00:00, run_after=2026-09-14 18:00:00+00:00
[2026-09-14T06:07:06.010+0000] {processor.py:208} INFO - Processing /opt/airflow/dags/Shi_HW 3.py took 0.054 seconds
[2026-09-14T06:07:36.336+0000] {processor.py:186} INFO - Started process (PID=46101) to work on /opt/airflow/dags/Shi_HW 3.py
[2026-09-14T06:07:36.340+0000] {processor.py:914} INFO - Processing file /opt/airflow/dags/Shi_HW 3.py for tasks to queue
[2026-09-14T06:07:36.341+0000] {logging_mixin.py:190} INFO - [2026-09-14T06:07:36.341+0000] {dagbag.py:587} INFO - Filling up the DagBag from /opt/airflow/dags/Shi_HW 3.py
[2026-09-14T06:07:36.360+0000] {processor.py:925} INFO - DAG(s) 'WeatherToronto_ETL' retrieved from /opt/airflow/dags/Shi_HW 3.py
[2026-09-14T06:07:36.371+0000] {logging_mixin.py:190} INFO - [2026-09-14T06:07:36.370+0000] {dag.py:3229} INFO - Sync 1 DAGs
[2026-09-14T06:07:36.384+0000] {logging_mixin.py:190} INFO - [2026-09-14T06:07:36.384+0000] {dag.py:4156} INFO - Setting next_dagrun for WeatherToronto_ETL to 2026-09-13 18:00:00+00:00, run_after=2026-09-14 18:00:00+00:00
[2026-09-14T06:07:36.391+0000] {processor.py:208} INFO - Processing /opt/airflow/dags/Shi_HW 3.py took 0.063 seconds
[2026-09-14T06:08:06.701+0000] {processor.py:186} INFO - Started process (PID=46112) to work on /opt/airflow/dags/Shi_HW 3.py
[2026-09-14T06:08:06.704+0000] {processor.py:914} INFO - Processing file /opt/airflow/dags/Shi_HW 3.py for tasks to queue
[2026-09-14T06:08:06.705+0000] {logging_mixin.py:190} INFO - [2026-09-14T06:08:06.705+0000] {dagbag.py:587} INFO - Filling up the DagBag from /opt/airflow/dags/Shi_HW 3.py
[2026-09-14T06:08:06.728+0000] {processor.py:925} INFO - DAG(s) 'WeatherToronto_ETL' retrieved from /opt/airflow/dags/Shi_HW 3.py
[2026-09-14T06:08:06.741+0000] {logging_mixin.py:190} INFO - [2026-09-14T06:08:06.739+0000] {dag.py:3229} INFO - Sync 1 DAGs
[2026-09-14T06:08:06.753+0000] {logging_mixin.py:190} INFO - [2026-09-14T06:08:06.753+0000] {dag.py:4156} INFO - Setting next_dagrun for WeatherToronto_ETL to 2026-09-13 18:00:00+00:00, run_after=2026-09-14 18:00:00+00:00
[2026-09-14T06:08:06.759+0000] {processor.py:208} INFO - Processing /opt/airflow/dags/Shi_HW 3.py took 0.066 seconds
[2026-09-14T06:08:37.022+0000] {processor.py:186} INFO - Started process (PID=46123) to work on /opt/airflow/dags/Shi_HW 3.py
[2026-09-14T06:08:37.026+0000] {processor.py:914} INFO - Processing file /opt/airflow/dags/Shi_HW 3.py for tasks to queue
[2026-09-14T06:08:37.027+0000] {logging_mixin.py:190} INFO - [2026-09-14T06:08:37.027+0000] {dagbag.py:587} INFO - Filling up the DagBag from /opt/airflow/dags/Shi_HW 3.py
[2026-09-14T06:08:37.043+0000] {processor.py:925} INFO - DAG(s) 'WeatherToronto_ETL' retrieved from /opt/airflow/dags/Shi_HW 3.py
[2026-09-14T06:08:37.052+0000] {logging_mixin.py:190} INFO - [2026-09-14T06:08:37.052+0000] {dag.py:3229} INFO - Sync 1 DAGs
[2026-09-14T06:08:37.064+0000] {logging_mixin.py:190} INFO - [2026-09-14T06:08:37.064+0000] {dag.py:4156} INFO - Setting next_dagrun for WeatherToronto_ETL to 2026-09-13 18:00:00+00:00, run_after=2026-09-14 18:00:00+00:00
[2026-09-14T06:08:37.070+0000] {processor.py:208} INFO - Processing /opt/airflow/dags/Shi_HW 3.py took 0.054 seconds
[2026-09-14T06:09:07.479+0000] {processor.py:186} INFO - Started process (PID=46134) to work on /opt/airflow/dags/Shi_HW 3.py
[2026-09-14T06:09:07.484+0000] {processor.py:914} INFO - Processing file /opt/airflow/dags/Shi_HW 3.py for tasks to queue
[2026-09-14T06:09:07.485+0000] {logging_mixin.py:190} INFO - [2026-09-14T06:09:07.485+0000] {dagbag.py:587} INFO - Filling up the DagBag from /opt/airflow/dags/Shi_HW 3.py
[2026-09-14T06:09:07.504+0000] {processor.py:925} INFO - DAG(s) 'WeatherToronto_ETL' retrieved from /opt/airflow/dags/Shi_HW 3.py
[2026-09-14T06:09:07.512+0000] {logging_mixin.py:190} INFO - [2026-09-14T06:09:07.512+0000] {dag.py:3229} INFO - Sync 1 DAGs
[2026-09-14T06:09:07.523+0000] {logging_mixin.py:190} INFO - [2026-09-14T06:09:07.523+0000] {dag.py:4156} INFO - Setting next_dagrun for WeatherToronto_ETL to 2026-09-13 18:00:00+00:00, run_after=2026-09-14 18:00:00+00:00
[2026-09-14T06:09:07.528+0000] {processor.py:208} INFO - Processing /opt/airflow/dags/Shi_HW 3.py took 0.057 seconds
[2026-09-14T06:09:37.849+0000] {processor.py:186} INFO - Started process (PID=46145) to work on /opt/airflow/dags/Shi_HW 3.py
[2026-09-14T06:09:37.854+0000] {processor.py:914} INFO - Processing file /opt/airflow/dags/Shi_HW 3.py for tasks to queue
[2026-09-14T06:09:37.855+0000] {logging_mixin.py:190} INFO - [2026-09-14T06:09:37.855+0000] {dagbag.py:587} INFO - Filling up the DagBag from /opt/airflow/dags/Shi_HW 3.py
[2026-09-14T06:09:37.872+0000] {processor.py:925} INFO - DAG(s) 'WeatherToronto_ETL' retrieved from /opt/airflow/dags/Shi_HW 3.py
[2026-09-14T06:09:37.881+0000] {logging_mixin.py:190} INFO - [2026-09-14T06:09:37.880+0000] {dag.py:3229} INFO - Sync 1 DAGs
[2026-09-14T06:09:37.890+0000] {logging_mixin.py:190} INFO - [2026-09-14T06:09:37.890+0000] {dag.py:4156} INFO - Setting next_dagrun for WeatherToronto_ETL to 2026-09-13 18:00:00+00:00, run_after=2026-09-14 18:00:00+00:00
[2026-09-14T06:09:37.896+0000] {processor.py:208} INFO - Processing /opt/airflow/dags/Shi_HW 3.py took 0.053 seconds
[2026-09-14T06:10:08.211+0000] {processor.py:186} INFO - Started process (PID=46156) to work on /opt/airflow/dags/Shi_HW 3.py
[2026-09-14T06:10:08.216+0000] {processor.py:914} INFO - Processing file /opt/airflow/dags/Shi_HW 3.py for tasks to queue
[2026-09-14T06:10:08.217+0000] {logging_mixin.py:190} INFO - [2026-09-14T06:10:08.216+0000] {dagbag.py:587} INFO - Filling up the DagBag from /opt/airflow/dags/Shi_HW 3.py
[2026-09-14T06:10:08.238+0000] {processor.py:925} INFO - DAG(s) 'WeatherToronto_ETL' retrieved from /opt/airflow/dags/Shi_HW 3.py
[2026-09-14T06:10:08.248+0000] {logging_mixin.py:190} INFO - [2026-09-14T06:10:08.247+0000] {dag.py:3229} INFO - Sync 1 DAGs
[2026-09-14T06:10:08.259+0000] {logging_mixin.py:190} INFO - [2026-09-14T06:10:08.259+0000] {dag.py:4156} INFO - Setting next_dagrun for WeatherToronto_ETL to 2026-09-13 18:00:00+00:00, run_after=2026-09-14 18:00:00+00:00
[2026-09-14T06:10:08.265+0000] {processor.py:208} INFO - Processing /opt/airflow/dags/Shi_HW 3.py took 0.061 seconds
[2026-09-14T06:10:38.563+0000] {processor.py:186} INFO - Started process (PID=46167) to work on /opt/airflow/dags/Shi_HW 3.py
[2026-09-14T06:10:38.567+0000] {processor.py:914} INFO - Processing file /opt/airflow/dags/Shi_HW 3.py for tasks to queue
[2026-09-14T06:10:38.568+0000] {logging_mixin.py:190} INFO - [2026-09-14T06:10:38.568+0000] {dagbag.py:587} INFO - Filling up the DagBag from /opt/airflow/dags/Shi_HW 3.py
[2026-09-14T06:10:38.590+0000] {processor.py:925} INFO - DAG(s) 'WeatherToronto_ETL' retrieved from /opt/airflow/dags/Shi_HW 3.py
[2026-09-14T06:10:38.602+0000] {logging_mixin.py:190} INFO - [2026-09-14T06:10:38.600+0000] {dag.py:3229} INFO - Sync 1 DAGs
[2026-09-14T06:10:38.613+0000] {logging_mixin.py:190} INFO - [2026-09-14T06:10:38.613+0000] {dag.py:4156} INFO - Setting next_dagrun for WeatherToronto_ETL to 2026-09-13 18:00:00+00:00, run_after=2026-09-14 18:00:00+00:00
[2026-09-14T06:10:38.620+0000] {processor.py:208} INFO - Processing /opt/airflow/dags/Shi_HW 3.py took 0.065 seconds
[2026-09-14T06:11:08.934+0000] {processor.py:186} INFO - Started process (PID=46179) to work on /opt/airflow/dags/Shi_HW 3.py
[2026-09-14T06:11:08.938+0000] {processor.py:914} INFO - Processing file /opt/airflow/dags/Shi_HW 3.py for tasks to queue
[2026-09-14T06:11:08.939+0000] {logging_mixin.py:190} INFO - [2026-09-14T06:11:08.939+0000] {dagbag.py:587} INFO - Filling up the DagBag from /opt/airflow/dags/Shi_HW 3.py
[2026-09-14T06:11:08.958+0000] {processor.py:925} INFO - DAG(s) 'WeatherToronto_ETL' retrieved from /opt/airflow/dags/Shi_HW 3.py
[2026-09-14T06:11:08.967+0000] {logging_mixin.py:190} INFO - [2026-09-14T06:11:08.967+0000] {dag.py:3229} INFO - Sync 1 DAGs
[2026-09-14T06:11:08.979+0000] {logging_mixin.py:190} INFO - [2026-09-14T06:11:08.979+0000] {dag.py:4156} INFO - Setting next_dagrun for WeatherToronto_ETL to 2026-09-13 18:00:00+00:00, run_after=2026-09-14 18:00:00+00:00
[2026-09-14T06:11:08.985+0000] {processor.py:208} INFO - Processing /opt/airflow/dags/Shi_HW 3.py took 0.058 seconds
[2026-09-14T06:11:39.327+0000] {processor.py:186} INFO - Started process (PID=46190) to work on /opt/airflow/dags/Shi_HW 3.py
[2026-09-14T06:11:39.331+0000] {processor.py:914} INFO - Processing file /opt/airflow/dags/Shi_HW 3.py for tasks to queue
[2026-09-14T06:11:39.332+0000] {logging_mixin.py:190} INFO - [2026-09-14T06:11:39.332+0000] {dagbag.py:587} INFO - Filling up the DagBag from /opt/airflow/dags/Shi_HW 3.py
[2026-09-14T06:11:39.351+0000] {processor.py:925} INFO - DAG(s) 'WeatherToronto_ETL' retrieved from /opt/airflow/dags/Shi_HW 3.py
[2026-09-14T06:11:39.361+0000] {logging_mixin.py:190} INFO - [2026-09-14T06:11:39.361+0000] {dag.py:3229} INFO - Sync 1 DAGs
[2026-09-14T06:11:39.374+0000] {logging_mixin.py:190} INFO - [2026-09-14T06:11:39.373+0000] {dag.py:4156} INFO - Setting next_dagrun for WeatherToronto_ETL to 2026-09-13 18:00:00+00:00, run_after=2026-09-14 18:00:00+00:00
[2026-09-14T06:11:39.380+0000] {processor.py:208} INFO - Processing /opt/airflow/dags/Shi_HW 3.py took 0.060 seconds
[2026-09-14T06:12:09.689+0000] {processor.py:186} INFO - Started process (PID=46201) to work on /opt/airflow/dags/Shi_HW 3.py
[2026-09-14T06:12:09.693+0000] {processor.py:914} INFO - Processing file /opt/airflow/dags/Shi_HW 3.py for tasks to queue
[2026-09-14T06:12:09.694+0000] {logging_mixin.py:190} INFO - [2026-09-14T06:12:09.694+0000] {dagbag.py:587} INFO - Filling up the DagBag from /opt/airflow/dags/Shi_HW 3.py
[2026-09-14T06:12:09.715+0000] {processor.py:925} INFO - DAG(s) 'WeatherToronto_ETL' retrieved from /opt/airflow/dags/Shi_HW 3.py
[2026-09-14T06:12:09.727+0000] {logging_mixin.py:190} INFO - [2026-09-14T06:12:09.726+0000] {dag.py:3229} INFO - Sync 1 DAGs
[2026-09-14T06:12:09.739+0000] {logging_mixin.py:190} INFO - [2026-09-14T06:12:09.739+0000] {dag.py:4156} INFO - Setting next_dagrun for WeatherToronto_ETL to 2026-09-13 18:00:00+00:00, run_after=2026-09-14 18:00:00+00:00
[2026-09-14T06:12:09.745+0000] {processor.py:208} INFO - Processing /opt/airflow/dags/Shi_HW 3.py took 0.063 seconds
[2026-09-14T06:12:40.047+0000] {processor.py:186} INFO - Started process (PID=46212) to work on /opt/airflow/dags/Shi_HW 3.py
[2026-09-14T06:12:40.051+0000] {processor.py:914} INFO - Processing file /opt/airflow/dags/Shi_HW 3.py for tasks to queue
[2026-09-14T06:12:40.052+0000] {logging_mixin.py:190} INFO - [2026-09-14T06:12:40.052+0000] {dagbag.py:587} INFO - Filling up the DagBag from /opt/airflow/dags/Shi_HW 3.py
[2026-09-14T06:12:40.070+0000] {processor.py:925} INFO - DAG(s) 'WeatherToronto_ETL' retrieved from /opt/airflow/dags/Shi_HW 3.py
[2026-09-14T06:12:40.078+0000] {logging_mixin.py:190} INFO - [2026-09-14T06:12:40.078+0000] {dag.py:3229} INFO - Sync 1 DAGs
[2026-09-14T06:12:40.088+0000] {logging_mixin.py:190} INFO - [2026-09-14T06:12:40.088+0000] {dag.py:4156} INFO - Setting next_dagrun for WeatherToronto_ETL to 2026-09-13 18:00:00+00:00, run_after=2026-09-14 18:00:00+00:00
[2026-09-14T06:12:40.094+0000] {processor.py:208} INFO - Processing /opt/airflow/dags/Shi_HW 3.py took 0.053 seconds
[2026-09-14T06:13:10.478+0000] {processor.py:186} INFO - Started process (PID=46223) to work on /opt/airflow/dags/Shi_HW 3.py
[2026-09-14T06:13:10.482+0000] {processor.py:914} INFO - Processing file /opt/airflow/dags/Shi_HW 3.py for tasks to queue
[2026-09-14T06:13:10.483+0000] {logging_mixin.py:190} INFO - [2026-09-14T06:13:10.483+0000] {dagbag.py:587} INFO - Filling up the DagBag from /opt/airflow/dags/Shi_HW 3.py
[2026-09-14T06:13:10.502+0000] {processor.py:925} INFO - DAG(s) 'WeatherToronto_ETL' retrieved from /opt/airflow/dags/Shi_HW 3.py
[2026-09-14T06:13:10.511+0000] {logging_mixin.py:190} INFO - [2026-09-14T06:13:10.510+0000] {dag.py:3229} INFO - Sync 1 DAGs
[2026-09-14T06:13:10.521+0000] {logging_mixin.py:190} INFO - [2026-09-14T06:13:10.521+0000] {dag.py:4156} INFO - Setting next_dagrun for WeatherToronto_ETL to 2026-09-13 18:00:00+00:00, run_after=2026-09-14 18:00:00+00:00
[2026-09-14T06:13:10.527+0000] {processor.py:208} INFO - Processing /opt/airflow/dags/Shi_HW 3.py took 0.056 seconds
[2026-09-14T06:13:40.933+0000] {processor.py:186} INFO - Started process (PID=46234) to work on /opt/airflow/dags/Shi_HW 3.py
[2026-09-14T06:13:40.937+0000] {processor.py:914} INFO - Processing file /opt/airflow/dags/Shi_HW 3.py for tasks to queue
[2026-09-14T06:13:40.938+0000] {logging_mixin.py:190} INFO - [2026-09-14T06:13:40.937+0000] {dagbag.py:587} INFO - Filling up the DagBag from /opt/airflow/dags/Shi_HW 3.py
[2026-09-14T06:13:40.954+0000] {processor.py:925} INFO - DAG(s) 'WeatherToronto_ETL' retrieved from /opt/airflow/dags/Shi_HW 3.py
[2026-09-14T06:13:40.963+0000] {logging_mixin.py:190} INFO - [2026-09-14T06:13:40.963+0000] {dag.py:3229} INFO - Sync 1 DAGs
[2026-09-14T06:13:40.974+0000] {logging_mixin.py:190} INFO - [2026-09-14T06:13:40.974+0000] {dag.py:4156} INFO - Setting next_dagrun for WeatherToronto_ETL to 2026-09-13 18:00:00+00:00, run_after=2026-09-14 18:00:00+00:00
[2026-09-14T06:13:40.980+0000] {processor.py:208} INFO - Processing /opt/airflow/dags/Shi_HW 3.py took 0.055 seconds
[2026-09-14T06:14:11.430+0000] {processor.py:186} INFO - Started process (PID=46245) to work on /opt/airflow/dags/Shi_HW 3.py
[2026-09-14T06:14:11.435+0000] {processor.py:914} INFO - Processing file /opt/airflow/dags/Shi_HW 3.py for tasks to queue
[2026-09-14T06:14:11.435+0000] {logging_mixin.py:190} INFO - [2026-09-14T06:14:11.435+0000] {dagbag.py:587} INFO - Filling up the DagBag from /opt/airflow/dags/Shi_HW 3.py
[2026-09-14T06:14:11.453+0000] {processor.py:925} INFO - DAG(s) 'WeatherToronto_ETL' retrieved from /opt/airflow/dags/Shi_HW 3.py
[2026-09-14T06:14:11.463+0000] {logging_mixin.py:190} INFO - [2026-09-14T06:14:11.462+0000] {dag.py:3229} INFO - Sync 1 DAGs
[2026-09-14T06:14:11.474+0000] {logging_mixin.py:190} INFO - [2026-09-14T06:14:11.474+0000] {dag.py:4156} INFO - Setting next_dagrun for WeatherToronto_ETL to 2026-09-13 18:00:00+00:00, run_after=2026-09-14 18:00:00+00:00
[2026-09-14T06:14:11.481+0000] {processor.py:208} INFO - Processing /opt/airflow/dags/Shi_HW 3.py took 0.058 seconds
[2026-09-14T06:14:41.882+0000] {processor.py:186} INFO - Started process (PID=46256) to work on /opt/airflow/dags/Shi_HW 3.py
[2026-09-14T06:14:41.886+0000] {processor.py:914} INFO - Processing file /opt/airflow/dags/Shi_HW 3.py for tasks to queue
[2026-09-14T06:14:41.887+0000] {logging_mixin.py:190} INFO - [2026-09-14T06:14:41.887+0000] {dagbag.py:587} INFO - Filling up the DagBag from /opt/airflow/dags/Shi_HW 3.py
[2026-09-14T06:14:41.913+0000] {processor.py:925} INFO - DAG(s) 'WeatherToronto_ETL' retrieved from /opt/airflow/dags/Shi_HW 3.py
[2026-09-14T06:14:41.926+0000] {logging_mixin.py:190} INFO - [2026-09-14T06:14:41.924+0000] {dag.py:3229} INFO - Sync 1 DAGs
[2026-09-14T06:14:41.938+0000] {logging_mixin.py:190} INFO - [2026-09-14T06:14:41.938+0000] {dag.py:4156} INFO - Setting next_dagrun for WeatherToronto_ETL to 2026-09-13 18:00:00+00:00, run_after=2026-09-14 18:00:00+00:00
[2026-09-14T06:14:41.945+0000] {processor.py:208} INFO - Processing /opt/airflow/dags/Shi_HW 3.py took 0.071 seconds
[2026-09-14T06:15:12.338+0000] {processor.py:186} INFO - Started process (PID=46267) to work on /opt/airflow/dags/Shi_HW 3.py
[2026-09-14T06:15:12.343+0000] {processor.py:914} INFO - Processing file /opt/airflow/dags/Shi_HW 3.py for tasks to queue
[2026-09-14T06:15:12.344+0000] {logging_mixin.py:190} INFO - [2026-09-14T06:15:12.343+0000] {dagbag.py:587} INFO - Filling up the DagBag from /opt/airflow/dags/Shi_HW 3.py
[2026-09-14T06:15:12.363+0000] {processor.py:925} INFO - DAG(s) 'WeatherToronto_ETL' retrieved from /opt/airflow/dags/Shi_HW 3.py
[2026-09-14T06:15:12.372+0000] {logging_mixin.py:190} INFO - [2026-09-14T06:15:12.372+0000] {dag.py:3229} INFO - Sync 1 DAGs
[2026-09-14T06:15:12.383+0000] {logging_mixin.py:190} INFO - [2026-09-14T06:15:12.383+0000] {dag.py:4156} INFO - Setting next_dagrun for WeatherToronto_ETL to 2026-09-13 18:00:00+00:00, run_after=2026-09-14 18:00:00+00:00
[2026-09-14T06:15:12.389+0000] {processor.py:208} INFO - Processing /opt/airflow/dags/Shi_HW 3.py took 0.059 seconds
[2026-09-14T06:15:42.726+0000] {processor.py:186} INFO - Started process (PID=46284) to work on /opt/airflow/dags/Shi_HW 3.py
[2026-09-14T06:15:42.731+0000] {processor.py:914} INFO - Processing file /opt/airflow/dags/Shi_HW 3.py for tasks to queue
[2026-09-14T06:15:42.732+0000] {logging_mixin.py:190} INFO - [2026-09-14T06:15:42.732+0000] {dagbag.py:587} INFO - Filling up the DagBag from /opt/airflow/dags/Shi_HW 3.py
[2026-09-14T06:15:42.750+0000] {processor.py:925} INFO - DAG(s) 'WeatherToronto_ETL' retrieved from /opt/airflow/dags/Shi_HW 3.py
[2026-09-14T06:15:42.759+0000] {logging_mixin.py:190} INFO - [2026-09-14T06:15:42.759+0000] {dag.py:3229} INFO - Sync 1 DAGs
[2026-09-14T06:15:42.770+0000] {logging_mixin.py:190} INFO - [2026-09-14T06:15:42.770+0000] {dag.py:4156} INFO - Setting next_dagrun for WeatherToronto_ETL to 2026-09-13 18:00:00+00:00, run_after=2026-09-14 18:00:00+00:00
[2026-09-14T06:15:42.776+0000] {processor.py:208} INFO - Processing /opt/airflow/dags/Shi_HW 3.py took 0.056 seconds
[2026-09-14T06:16:13.215+0000] {processor.py:186} INFO - Started process (PID=46295) to work on /opt/airflow/dags/Shi_HW 3.py
[2026-09-14T06:16:13.220+0000] {processor.py:914} INFO - Processing file /opt/airflow/dags/Shi_HW 3.py for tasks to queue
[2026-09-14T06:16:13.221+0000] {logging_mixin.py:190} INFO - [2026-09-14T06:16:13.220+0000] {dagbag.py:587} INFO - Filling up the DagBag from /opt/airflow/dags/Shi_HW 3.py
[2026-09-14T06:16:13.237+0000] {processor.py:925} INFO - DAG(s) 'WeatherToronto_ETL' retrieved from /opt/airflow/dags/Shi_HW 3.py
[2026-09-14T06:16:13.246+0000] {logging_mixin.py:190} INFO - [2026-09-14T06:16:13.245+0000] {dag.py:3229} INFO - Sync 1 DAGs
[2026-09-14T06:16:13.256+0000] {logging_mixin.py:190} INFO - [2026-09-14T06:16:13.256+0000] {dag.py:4156} INFO - Setting next_dagrun for WeatherToronto_ETL to 2026-09-13 18:00:00+00:00, run_after=2026-09-14 18:00:00+00:00
[2026-09-14T06:16:13.263+0000] {processor.py:208} INFO - Processing /opt/airflow/dags/Shi_HW 3.py took 0.054 seconds
[2026-09-14T06:16:43.696+0000] {processor.py:186} INFO - Started process (PID=46306) to work on /opt/airflow/dags/Shi_HW 3.py
[2026-09-14T06:16:43.700+0000] {processor.py:914} INFO - Processing file /opt/airflow/dags/Shi_HW 3.py for tasks to queue
[2026-09-14T06:16:43.701+0000] {logging_mixin.py:190} INFO - [2026-09-14T06:16:43.701+0000] {dagbag.py:587} INFO - Filling up the DagBag from /opt/airflow/dags/Shi_HW 3.py
[2026-09-14T06:16:43.719+0000] {processor.py:925} INFO - DAG(s) 'WeatherToronto_ETL' retrieved from /opt/airflow/dags/Shi_HW 3.py
[2026-09-14T06:16:43.728+0000] {logging_mixin.py:190} INFO - [2026-09-14T06:16:43.727+0000] {dag.py:3229} INFO - Sync 1 DAGs
[2026-09-14T06:16:43.738+0000] {logging_mixin.py:190} INFO - [2026-09-14T06:16:43.738+0000] {dag.py:4156} INFO - Setting next_dagrun for WeatherToronto_ETL to 2026-09-13 18:00:00+00:00, run_after=2026-09-14 18:00:00+00:00
[2026-09-14T06:16:43.744+0000] {processor.py:208} INFO - Processing /opt/airflow/dags/Shi_HW 3.py took 0.055 seconds
[2026-09-14T06:17:14.075+0000] {processor.py:186} INFO - Started process (PID=46317) to work on /opt/airflow/dags/Shi_HW 3.py
[2026-09-14T06:17:14.079+0000] {processor.py:914} INFO - Processing file /opt/airflow/dags/Shi_HW 3.py for tasks to queue
[2026-09-14T06:17:14.080+0000] {logging_mixin.py:190} INFO - [2026-09-14T06:17:14.080+0000] {dagbag.py:587} INFO - Filling up the DagBag from /opt/airflow/dags/Shi_HW 3.py
[2026-09-14T06:17:14.100+0000] {processor.py:925} INFO - DAG(s) 'WeatherToronto_ETL' retrieved from /opt/airflow/dags/Shi_HW 3.py
[2026-09-14T06:17:14.113+0000] {logging_mixin.py:190} INFO - [2026-09-14T06:17:14.111+0000] {dag.py:3229} INFO - Sync 1 DAGs
[2026-09-14T06:17:14.125+0000] {logging_mixin.py:190} INFO - [2026-09-14T06:17:14.124+0000] {dag.py:4156} INFO - Setting next_dagrun for WeatherToronto_ETL to 2026-09-13 18:00:00+00:00, run_after=2026-09-14 18:00:00+00:00
[2026-09-14T06:17:14.131+0000] {processor.py:208} INFO - Processing /opt/airflow/dags/Shi_HW 3.py took 0.065 seconds
[2026-09-14T06:17:44.495+0000] {processor.py:186} INFO - Started process (PID=46328) to work on /opt/airflow/dags/Shi_HW 3.py
[2026-09-14T06:17:44.500+0000] {processor.py:914} INFO - Processing file /opt/airflow/dags/Shi_HW 3.py for tasks to queue
[2026-09-14T06:17:44.501+0000] {logging_mixin.py:190} INFO - [2026-09-14T06:17:44.500+0000] {dagbag.py:587} INFO - Filling up the DagBag from /opt/airflow/dags/Shi_HW 3.py
[2026-09-14T06:17:44.521+0000] {processor.py:925} INFO - DAG(s) 'WeatherToronto_ETL' retrieved from /opt/airflow/dags/Shi_HW 3.py
[2026-09-14T06:17:44.530+0000] {logging_mixin.py:190} INFO - [2026-09-14T06:17:44.529+0000] {dag.py:3229} INFO - Sync 1 DAGs
[2026-09-14T06:17:44.541+0000] {logging_mixin.py:190} INFO - [2026-09-14T06:17:44.540+0000] {dag.py:4156} INFO - Setting next_dagrun for WeatherToronto_ETL to 2026-09-13 18:00:00+00:00, run_after=2026-09-14 18:00:00+00:00
[2026-09-14T06:17:44.547+0000] {processor.py:208} INFO - Processing /opt/airflow/dags/Shi_HW 3.py took 0.059 seconds
[2026-09-14T06:18:14.991+0000] {processor.py:186} INFO - Started process (PID=46339) to work on /opt/airflow/dags/Shi_HW 3.py
[2026-09-14T06:18:14.994+0000] {processor.py:914} INFO - Processing file /opt/airflow/dags/Shi_HW 3.py for tasks to queue
[2026-09-14T06:18:14.996+0000] {logging_mixin.py:190} INFO - [2026-09-14T06:18:14.995+0000] {dagbag.py:587} INFO - Filling up the DagBag from /opt/airflow/dags/Shi_HW 3.py
[2026-09-14T06:18:15.025+0000] {processor.py:925} INFO - DAG(s) 'WeatherToronto_ETL' retrieved from /opt/airflow/dags/Shi_HW 3.py
[2026-09-14T06:18:15.041+0000] {logging_mixin.py:190} INFO - [2026-09-14T06:18:15.040+0000] {dag.py:3229} INFO - Sync 1 DAGs
[2026-09-14T06:18:15.056+0000] {logging_mixin.py:190} INFO - [2026-09-14T06:18:15.055+0000] {dag.py:4156} INFO - Setting next_dagrun for WeatherToronto_ETL to 2026-09-13 18:00:00+00:00, run_after=2026-09-14 18:00:00+00:00
[2026-09-14T06:18:15.063+0000] {processor.py:208} INFO - Processing /opt/airflow/dags/Shi_HW 3.py took 0.081 seconds
[2026-09-14T06:18:45.347+0000] {processor.py:186} INFO - Started process (PID=46350) to work on /opt/airflow/dags/Shi_HW 3.py
[2026-09-14T06:18:45.350+0000] {processor.py:914} INFO - Processing file /opt/airflow/dags/Shi_HW 3.py for tasks to queue
[2026-09-14T06:18:45.351+0000] {logging_mixin.py:190} INFO - [2026-09-14T06:18:45.351+0000] {dagbag.py:587} INFO - Filling up the DagBag from /opt/airflow/dags/Shi_HW 3.py
[2026-09-14T06:18:45.366+0000] {processor.py:925} INFO - DAG(s) 'WeatherToronto_ETL' retrieved from /opt/airflow/dags/Shi_HW 3.py
[2026-09-14T06:18:45.377+0000] {logging_mixin.py:190} INFO - [2026-09-14T06:18:45.376+0000] {dag.py:3229} INFO - Sync 1 DAGs
[2026-09-14T06:18:45.387+0000] {logging_mixin.py:190} INFO - [2026-09-14T06:18:45.386+0000] {dag.py:4156} INFO - Setting next_dagrun for WeatherToronto_ETL to 2026-09-13 18:00:00+00:00, run_after=2026-09-14 18:00:00+00:00
[2026-09-14T06:18:45.392+0000] {processor.py:208} INFO - Processing /opt/airflow/dags/Shi_HW 3.py took 0.052 seconds
[2026-09-14T06:19:15.760+0000] {processor.py:186} INFO - Started process (PID=46361) to work on /opt/airflow/dags/Shi_HW 3.py
[2026-09-14T06:19:15.765+0000] {processor.py:914} INFO - Processing file /opt/airflow/dags/Shi_HW 3.py for tasks to queue
[2026-09-14T06:19:15.766+0000] {logging_mixin.py:190} INFO - [2026-09-14T06:19:15.766+0000] {dagbag.py:587} INFO - Filling up the DagBag from /opt/airflow/dags/Shi_HW 3.py
[2026-09-14T06:19:15.783+0000] {processor.py:925} INFO - DAG(s) 'WeatherToronto_ETL' retrieved from /opt/airflow/dags/Shi_HW 3.py
[2026-09-14T06:19:15.792+0000] {logging_mixin.py:190} INFO - [2026-09-14T06:19:15.791+0000] {dag.py:3229} INFO - Sync 1 DAGs
[2026-09-14T06:19:15.802+0000] {logging_mixin.py:190} INFO - [2026-09-14T06:19:15.802+0000] {dag.py:4156} INFO - Setting next_dagrun for WeatherToronto_ETL to 2026-09-13 18:00:00+00:00, run_after=2026-09-14 18:00:00+00:00
[2026-09-14T06:19:15.808+0000] {processor.py:208} INFO - Processing /opt/airflow/dags/Shi_HW 3.py took 0.055 seconds
[2026-09-14T06:19:46.121+0000] {processor.py:186} INFO - Started process (PID=46372) to work on /opt/airflow/dags/Shi_HW 3.py
[2026-09-14T06:19:46.125+0000] {processor.py:914} INFO - Processing file /opt/airflow/dags/Shi_HW 3.py for tasks to queue
[2026-09-14T06:19:46.126+0000] {logging_mixin.py:190} INFO - [2026-09-14T06:19:46.125+0000] {dagbag.py:587} INFO - Filling up the DagBag from /opt/airflow/dags/Shi_HW 3.py
[2026-09-14T06:19:46.240+0000] {processor.py:925} INFO - DAG(s) 'WeatherToronto_ETL' retrieved from /opt/airflow/dags/Shi_HW 3.py
[2026-09-14T06:19:46.256+0000] {logging_mixin.py:190} INFO - [2026-09-14T06:19:46.255+0000] {dag.py:3229} INFO - Sync 1 DAGs
[2026-09-14T06:19:46.269+0000] {logging_mixin.py:190} INFO - [2026-09-14T06:19:46.269+0000] {dag.py:4156} INFO - Setting next_dagrun for WeatherToronto_ETL to 2026-09-13 18:00:00+00:00, run_after=2026-09-14 18:00:00+00:00
[2026-09-14T06:19:46.280+0000] {processor.py:208} INFO - Processing /opt/airflow/dags/Shi_HW 3.py took 0.165 seconds
[2026-09-14T06:20:16.486+0000] {processor.py:186} INFO - Started process (PID=46383) to work on /opt/airflow/dags/Shi_HW 3.py
[2026-09-14T06:20:16.490+0000] {processor.py:914} INFO - Processing file /opt/airflow/dags/Shi_HW 3.py for tasks to queue
[2026-09-14T06:20:16.491+0000] {logging_mixin.py:190} INFO - [2026-09-14T06:20:16.490+0000] {dagbag.py:587} INFO - Filling up the DagBag from /opt/airflow/dags/Shi_HW 3.py
[2026-09-14T06:20:16.517+0000] {processor.py:925} INFO - DAG(s) 'WeatherToronto_ETL' retrieved from /opt/airflow/dags/Shi_HW 3.py
[2026-09-14T06:20:16.530+0000] {logging_mixin.py:190} INFO - [2026-09-14T06:20:16.529+0000] {dag.py:3229} INFO - Sync 1 DAGs
[2026-09-14T06:20:16.543+0000] {logging_mixin.py:190} INFO - [2026-09-14T06:20:16.542+0000] {dag.py:4156} INFO - Setting next_dagrun for WeatherToronto_ETL to 2026-09-13 18:00:00+00:00, run_after=2026-09-14 18:00:00+00:00
[2026-09-14T06:20:16.550+0000] {processor.py:208} INFO - Processing /opt/airflow/dags/Shi_HW 3.py took 0.072 seconds
[2026-09-14T06:20:46.841+0000] {processor.py:186} INFO - Started process (PID=46394) to work on /opt/airflow/dags/Shi_HW 3.py
[2026-09-14T06:20:46.846+0000] {processor.py:914} INFO - Processing file /opt/airflow/dags/Shi_HW 3.py for tasks to queue
[2026-09-14T06:20:46.847+0000] {logging_mixin.py:190} INFO - [2026-09-14T06:20:46.846+0000] {dagbag.py:587} INFO - Filling up the DagBag from /opt/airflow/dags/Shi_HW 3.py
[2026-09-14T06:20:46.864+0000] {processor.py:925} INFO - DAG(s) 'WeatherToronto_ETL' retrieved from /opt/airflow/dags/Shi_HW 3.py
[2026-09-14T06:20:46.873+0000] {logging_mixin.py:190} INFO - [2026-09-14T06:20:46.872+0000] {dag.py:3229} INFO - Sync 1 DAGs
[2026-09-14T06:20:46.883+0000] {logging_mixin.py:190} INFO - [2026-09-14T06:20:46.883+0000] {dag.py:4156} INFO - Setting next_dagrun for WeatherToronto_ETL to 2026-09-13 18:00:00+00:00, run_after=2026-09-14 18:00:00+00:00
[2026-09-14T06:20:46.890+0000] {processor.py:208} INFO - Processing /opt/airflow/dags/Shi_HW 3.py took 0.055 seconds
[2026-09-14T06:21:17.156+0000] {processor.py:186} INFO - Started process (PID=46405) to work on /opt/airflow/dags/Shi_HW 3.py
[2026-09-14T06:21:17.159+0000] {processor.py:914} INFO - Processing file /opt/airflow/dags/Shi_HW 3.py for tasks to queue
[2026-09-14T06:21:17.160+0000] {logging_mixin.py:190} INFO - [2026-09-14T06:21:17.160+0000] {dagbag.py:587} INFO - Filling up the DagBag from /opt/airflow/dags/Shi_HW 3.py
[2026-09-14T06:21:17.175+0000] {processor.py:925} INFO - DAG(s) 'WeatherToronto_ETL' retrieved from /opt/airflow/dags/Shi_HW 3.py
[2026-09-14T06:21:17.184+0000] {logging_mixin.py:190} INFO - [2026-09-14T06:21:17.183+0000] {dag.py:3229} INFO - Sync 1 DAGs
[2026-09-14T06:21:17.195+0000] {logging_mixin.py:190} INFO - [2026-09-14T06:21:17.195+0000] {dag.py:4156} INFO - Setting next_dagrun for WeatherToronto_ETL to 2026-09-13 18:00:00+00:00, run_after=2026-09-14 18:00:00+00:00
[2026-09-14T06:21:17.201+0000] {processor.py:208} INFO - Processing /opt/airflow/dags/Shi_HW 3.py took 0.051 seconds
[2026-09-14T06:21:47.493+0000] {processor.py:186} INFO - Started process (PID=46416) to work on /opt/airflow/dags/Shi_HW 3.py
[2026-09-14T06:21:47.498+0000] {processor.py:914} INFO - Processing file /opt/airflow/dags/Shi_HW 3.py for tasks to queue
[2026-09-14T06:21:47.499+0000] {logging_mixin.py:190} INFO - [2026-09-14T06:21:47.499+0000] {dagbag.py:587} INFO - Filling up the DagBag from /opt/airflow/dags/Shi_HW 3.py
[2026-09-14T06:21:47.517+0000] {processor.py:925} INFO - DAG(s) 'WeatherToronto_ETL' retrieved from /opt/airflow/dags/Shi_HW 3.py
[2026-09-14T06:21:47.525+0000] {logging_mixin.py:190} INFO - [2026-09-14T06:21:47.524+0000] {dag.py:3229} INFO - Sync 1 DAGs
[2026-09-14T06:21:47.535+0000] {logging_mixin.py:190} INFO - [2026-09-14T06:21:47.534+0000] {dag.py:4156} INFO - Setting next_dagrun for WeatherToronto_ETL to 2026-09-13 18:00:00+00:00, run_after=2026-09-14 18:00:00+00:00
[2026-09-14T06:21:47.540+0000] {processor.py:208} INFO - Processing /opt/airflow/dags/Shi_HW 3.py took 0.052 seconds
[2026-09-14T06:22:17.864+0000] {processor.py:186} INFO - Started process (PID=46427) to work on /opt/airflow/dags/Shi_HW 3.py
[2026-09-14T06:22:17.869+0000] {processor.py:914} INFO - Processing file /opt/airflow/dags/Shi_HW 3.py for tasks to queue
[2026-09-14T06:22:17.869+0000] {logging_mixin.py:190} INFO - [2026-09-14T06:22:17.869+0000] {dagbag.py:587} INFO - Filling up the DagBag from /opt/airflow/dags/Shi_HW 3.py
[2026-09-14T06:22:17.886+0000] {processor.py:925} INFO - DAG(s) 'WeatherToronto_ETL' retrieved from /opt/airflow/dags/Shi_HW 3.py
[2026-09-14T06:22:17.895+0000] {logging_mixin.py:190} INFO - [2026-09-14T06:22:17.895+0000] {dag.py:3229} INFO - Sync 1 DAGs
[2026-09-14T06:22:17.906+0000] {logging_mixin.py:190} INFO - [2026-09-14T06:22:17.906+0000] {dag.py:4156} INFO - Setting next_dagrun for WeatherToronto_ETL to 2026-09-13 18:00:00+00:00, run_after=2026-09-14 18:00:00+00:00
[2026-09-14T06:22:17.912+0000] {processor.py:208} INFO - Processing /opt/airflow/dags/Shi_HW 3.py took 0.054 seconds
[2026-09-14T06:22:48.220+0000] {processor.py:186} INFO - Started process (PID=46438) to work on /opt/airflow/dags/Shi_HW 3.py
[2026-09-14T06:22:48.225+0000] {processor.py:914} INFO - Processing file /opt/airflow/dags/Shi_HW 3.py for tasks to queue
[2026-09-14T06:22:48.226+0000] {logging_mixin.py:190} INFO - [2026-09-14T06:22:48.225+0000] {dagbag.py:587} INFO - Filling up the DagBag from /opt/airflow/dags/Shi_HW 3.py
[2026-09-14T06:22:48.243+0000] {processor.py:925} INFO - DAG(s) 'WeatherToronto_ETL' retrieved from /opt/airflow/dags/Shi_HW 3.py
[2026-09-14T06:22:48.251+0000] {logging_mixin.py:190} INFO - [2026-09-14T06:22:48.251+0000] {dag.py:3229} INFO - Sync 1 DAGs
[2026-09-14T06:22:48.261+0000] {logging_mixin.py:190} INFO - [2026-09-14T06:22:48.261+0000] {dag.py:4156} INFO - Setting next_dagrun for WeatherToronto_ETL to 2026-09-13 18:00:00+00:00, run_after=2026-09-14 18:00:00+00:00
[2026-09-14T06:22:48.266+0000] {processor.py:208} INFO - Processing /opt/airflow/dags/Shi_HW 3.py took 0.052 seconds
[2026-09-14T06:23:18.598+0000] {processor.py:186} INFO - Started process (PID=46449) to work on /opt/airflow/dags/Shi_HW 3.py
[2026-09-14T06:23:18.602+0000] {processor.py:914} INFO - Processing file /opt/airflow/dags/Shi_HW 3.py for tasks to queue
[2026-09-14T06:23:18.603+0000] {logging_mixin.py:190} INFO - [2026-09-14T06:23:18.603+0000] {dagbag.py:587} INFO - Filling up the DagBag from /opt/airflow/dags/Shi_HW 3.py
[2026-09-14T06:23:18.621+0000] {processor.py:925} INFO - DAG(s) 'WeatherToronto_ETL' retrieved from /opt/airflow/dags/Shi_HW 3.py
[2026-09-14T06:23:18.630+0000] {logging_mixin.py:190} INFO - [2026-09-14T06:23:18.629+0000] {dag.py:3229} INFO - Sync 1 DAGs
[2026-09-14T06:23:18.640+0000] {logging_mixin.py:190} INFO - [2026-09-14T06:23:18.640+0000] {dag.py:4156} INFO - Setting next_dagrun for WeatherToronto_ETL to 2026-09-13 18:00:00+00:00, run_after=2026-09-14 18:00:00+00:00
[2026-09-14T06:23:18.646+0000] {processor.py:208} INFO - Processing /opt/airflow/dags/Shi_HW 3.py took 0.054 seconds
[2026-09-14T06:23:49.028+0000] {processor.py:186} INFO - Started process (PID=46460) to work on /opt/airflow/dags/Shi_HW 3.py
[2026-09-14T06:23:49.032+0000] {processor.py:914} INFO - Processing file /opt/airflow/dags/Shi_HW 3.py for tasks to queue
[2026-09-14T06:23:49.033+0000] {logging_mixin.py:190} INFO - [2026-09-14T06:23:49.033+0000] {dagbag.py:587} INFO - Filling up the DagBag from /opt/airflow/dags/Shi_HW 3.py
[2026-09-14T06:23:49.048+0000] {processor.py:925} INFO - DAG(s) 'WeatherToronto_ETL' retrieved from /opt/airflow/dags/Shi_HW 3.py
[2026-09-14T06:23:49.057+0000] {logging_mixin.py:190} INFO - [2026-09-14T06:23:49.056+0000] {dag.py:3229} INFO - Sync 1 DAGs
[2026-09-14T06:23:49.066+0000] {logging_mixin.py:190} INFO - [2026-09-14T06:23:49.066+0000] {dag.py:4156} INFO - Setting next_dagrun for WeatherToronto_ETL to 2026-09-13 18:00:00+00:00, run_after=2026-09-14 18:00:00+00:00
[2026-09-14T06:23:49.072+0000] {processor.py:208} INFO - Processing /opt/airflow/dags/Shi_HW 3.py took 0.050 seconds
[2026-09-14T06:24:19.499+0000] {processor.py:186} INFO - Started process (PID=46471) to work on /opt/airflow/dags/Shi_HW 3.py
[2026-09-14T06:24:19.503+0000] {processor.py:914} INFO - Processing file /opt/airflow/dags/Shi_HW 3.py for tasks to queue
[2026-09-14T06:24:19.504+0000] {logging_mixin.py:190} INFO - [2026-09-14T06:24:19.504+0000] {dagbag.py:587} INFO - Filling up the DagBag from /opt/airflow/dags/Shi_HW 3.py
[2026-09-14T06:24:19.520+0000] {processor.py:925} INFO - DAG(s) 'WeatherToronto_ETL' retrieved from /opt/airflow/dags/Shi_HW 3.py
[2026-09-14T06:24:19.528+0000] {logging_mixin.py:190} INFO - [2026-09-14T06:24:19.527+0000] {dag.py:3229} INFO - Sync 1 DAGs
[2026-09-14T06:24:19.538+0000] {logging_mixin.py:190} INFO - [2026-09-14T06:24:19.538+0000] {dag.py:4156} INFO - Setting next_dagrun for WeatherToronto_ETL to 2026-09-13 18:00:00+00:00, run_after=2026-09-14 18:00:00+00:00
[2026-09-14T06:24:19.544+0000] {processor.py:208} INFO - Processing /opt/airflow/dags/Shi_HW 3.py took 0.051 seconds
[2026-09-14T06:24:49.929+0000] {processor.py:186} INFO - Started process (PID=46482) to work on /opt/airflow/dags/Shi_HW 3.py
[2026-09-14T06:24:49.933+0000] {processor.py:914} INFO - Processing file /opt/airflow/dags/Shi_HW 3.py for tasks to queue
[2026-09-14T06:24:49.933+0000] {logging_mixin.py:190} INFO - [2026-09-14T06:24:49.933+0000] {dagbag.py:587} INFO - Filling up the DagBag from /opt/airflow/dags/Shi_HW 3.py
[2026-09-14T06:24:49.948+0000] {processor.py:925} INFO - DAG(s) 'WeatherToronto_ETL' retrieved from /opt/airflow/dags/Shi_HW 3.py
[2026-09-14T06:24:49.956+0000] {logging_mixin.py:190} INFO - [2026-09-14T06:24:49.956+0000] {dag.py:3229} INFO - Sync 1 DAGs
[2026-09-14T06:24:49.966+0000] {logging_mixin.py:190} INFO - [2026-09-14T06:24:49.966+0000] {dag.py:4156} INFO - Setting next_dagrun for WeatherToronto_ETL to 2026-09-13 18:00:00+00:00, run_after=2026-09-14 18:00:00+00:00
[2026-09-14T06:24:49.972+0000] {processor.py:208} INFO - Processing /opt/airflow/dags/Shi_HW 3.py took 0.048 seconds
[2026-09-14T06:25:20.290+0000] {processor.py:186} INFO - Started process (PID=46493) to work on /opt/airflow/dags/Shi_HW 3.py
[2026-09-14T06:25:20.294+0000] {processor.py:914} INFO - Processing file /opt/airflow/dags/Shi_HW 3.py for tasks to queue
[2026-09-14T06:25:20.295+0000] {logging_mixin.py:190} INFO - [2026-09-14T06:25:20.295+0000] {dagbag.py:587} INFO - Filling up the DagBag from /opt/airflow/dags/Shi_HW 3.py
[2026-09-14T06:25:20.314+0000] {processor.py:925} INFO - DAG(s) 'WeatherToronto_ETL' retrieved from /opt/airflow/dags/Shi_HW 3.py
[2026-09-14T06:25:20.322+0000] {logging_mixin.py:190} INFO - [2026-09-14T06:25:20.321+0000] {dag.py:3229} INFO - Sync 1 DAGs
[2026-09-14T06:25:20.331+0000] {logging_mixin.py:190} INFO - [2026-09-14T06:25:20.331+0000] {dag.py:4156} INFO - Setting next_dagrun for WeatherToronto_ETL to 2026-09-13 18:00:00+00:00, run_after=2026-09-14 18:00:00+00:00
[2026-09-14T06:25:20.337+0000] {processor.py:208} INFO - Processing /opt/airflow/dags/Shi_HW 3.py took 0.052 seconds
[2026-09-14T06:25:50.726+0000] {processor.py:186} INFO - Started process (PID=46504) to work on /opt/airflow/dags/Shi_HW 3.py
[2026-09-14T06:25:50.730+0000] {processor.py:914} INFO - Processing file /opt/airflow/dags/Shi_HW 3.py for tasks to queue
[2026-09-14T06:25:50.730+0000] {logging_mixin.py:190} INFO - [2026-09-14T06:25:50.730+0000] {dagbag.py:587} INFO - Filling up the DagBag from /opt/airflow/dags/Shi_HW 3.py
[2026-09-14T06:25:50.749+0000] {processor.py:925} INFO - DAG(s) 'WeatherToronto_ETL' retrieved from /opt/airflow/dags/Shi_HW 3.py
[2026-09-14T06:25:50.757+0000] {logging_mixin.py:190} INFO - [2026-09-14T06:25:50.757+0000] {dag.py:3229} INFO - Sync 1 DAGs
[2026-09-14T06:25:50.767+0000] {logging_mixin.py:190} INFO - [2026-09-14T06:25:50.767+0000] {dag.py:4156} INFO - Setting next_dagrun for WeatherToronto_ETL to 2026-09-13 18:00:00+00:00, run_after=2026-09-14 18:00:00+00:00
[2026-09-14T06:25:50.775+0000] {processor.py:208} INFO - Processing /opt/airflow/dags/Shi_HW 3.py took 0.054 seconds
[2026-09-14T06:26:21.192+0000] {processor.py:186} INFO - Started process (PID=46515) to work on /opt/airflow/dags/Shi_HW 3.py
[2026-09-14T06:26:21.197+0000] {processor.py:914} INFO - Processing file /opt/airflow/dags/Shi_HW 3.py for tasks to queue
[2026-09-14T06:26:21.198+0000] {logging_mixin.py:190} INFO - [2026-09-14T06:26:21.198+0000] {dagbag.py:587} INFO - Filling up the DagBag from /opt/airflow/dags/Shi_HW 3.py
[2026-09-14T06:26:21.214+0000] {processor.py:925} INFO - DAG(s) 'WeatherToronto_ETL' retrieved from /opt/airflow/dags/Shi_HW 3.py
[2026-09-14T06:26:21.224+0000] {logging_mixin.py:190} INFO - [2026-09-14T06:26:21.223+0000] {dag.py:3229} INFO - Sync 1 DAGs
[2026-09-14T06:26:21.235+0000] {logging_mixin.py:190} INFO - [2026-09-14T06:26:21.234+0000] {dag.py:4156} INFO - Setting next_dagrun for WeatherToronto_ETL to 2026-09-13 18:00:00+00:00, run_after=2026-09-14 18:00:00+00:00
[2026-09-14T06:26:21.240+0000] {processor.py:208} INFO - Processing /opt/airflow/dags/Shi_HW 3.py took 0.054 seconds
[2026-09-14T06:26:51.687+0000] {processor.py:186} INFO - Started process (PID=46526) to work on /opt/airflow/dags/Shi_HW 3.py
[2026-09-14T06:26:51.690+0000] {processor.py:914} INFO - Processing file /opt/airflow/dags/Shi_HW 3.py for tasks to queue
[2026-09-14T06:26:51.691+0000] {logging_mixin.py:190} INFO - [2026-09-14T06:26:51.691+0000] {dagbag.py:587} INFO - Filling up the DagBag from /opt/airflow/dags/Shi_HW 3.py
[2026-09-14T06:26:51.709+0000] {processor.py:925} INFO - DAG(s) 'WeatherToronto_ETL' retrieved from /opt/airflow/dags/Shi_HW 3.py
[2026-09-14T06:26:51.718+0000] {logging_mixin.py:190} INFO - [2026-09-14T06:26:51.718+0000] {dag.py:3229} INFO - Sync 1 DAGs
[2026-09-14T06:26:51.730+0000] {logging_mixin.py:190} INFO - [2026-09-14T06:26:51.730+0000] {dag.py:4156} INFO - Setting next_dagrun for WeatherToronto_ETL to 2026-09-13 18:00:00+00:00, run_after=2026-09-14 18:00:00+00:00
[2026-09-14T06:26:51.737+0000] {processor.py:208} INFO - Processing /opt/airflow/dags/Shi_HW 3.py took 0.056 seconds
[2026-09-14T06:27:22.062+0000] {processor.py:186} INFO - Started process (PID=46537) to work on /opt/airflow/dags/Shi_HW 3.py
[2026-09-14T06:27:22.067+0000] {processor.py:914} INFO - Processing file /opt/airflow/dags/Shi_HW 3.py for tasks to queue
[2026-09-14T06:27:22.068+0000] {logging_mixin.py:190} INFO - [2026-09-14T06:27:22.067+0000] {dagbag.py:587} INFO - Filling up the DagBag from /opt/airflow/dags/Shi_HW 3.py
[2026-09-14T06:27:22.092+0000] {processor.py:925} INFO - DAG(s) 'WeatherToronto_ETL' retrieved from /opt/airflow/dags/Shi_HW 3.py
[2026-09-14T06:27:22.103+0000] {logging_mixin.py:190} INFO - [2026-09-14T06:27:22.102+0000] {dag.py:3229} INFO - Sync 1 DAGs
[2026-09-14T06:27:22.115+0000] {logging_mixin.py:190} INFO - [2026-09-14T06:27:22.115+0000] {dag.py:4156} INFO - Setting next_dagrun for WeatherToronto_ETL to 2026-09-13 18:00:00+00:00, run_after=2026-09-14 18:00:00+00:00
[2026-09-14T06:27:22.121+0000] {processor.py:208} INFO - Processing /opt/airflow/dags/Shi_HW 3.py took 0.068 seconds
[2026-09-14T06:27:52.439+0000] {processor.py:186} INFO - Started process (PID=46548) to work on /opt/airflow/dags/Shi_HW 3.py
[2026-09-14T06:27:52.444+0000] {processor.py:914} INFO - Processing file /opt/airflow/dags/Shi_HW 3.py for tasks to queue
[2026-09-14T06:27:52.444+0000] {logging_mixin.py:190} INFO - [2026-09-14T06:27:52.444+0000] {dagbag.py:587} INFO - Filling up the DagBag from /opt/airflow/dags/Shi_HW 3.py
[2026-09-14T06:27:52.463+0000] {processor.py:925} INFO - DAG(s) 'WeatherToronto_ETL' retrieved from /opt/airflow/dags/Shi_HW 3.py
[2026-09-14T06:27:52.473+0000] {logging_mixin.py:190} INFO - [2026-09-14T06:27:52.472+0000] {dag.py:3229} INFO - Sync 1 DAGs
[2026-09-14T06:27:52.483+0000] {logging_mixin.py:190} INFO - [2026-09-14T06:27:52.483+0000] {dag.py:4156} INFO - Setting next_dagrun for WeatherToronto_ETL to 2026-09-13 18:00:00+00:00, run_after=2026-09-14 18:00:00+00:00
[2026-09-14T06:27:52.489+0000] {processor.py:208} INFO - Processing /opt/airflow/dags/Shi_HW 3.py took 0.056 seconds
[2026-09-14T06:28:22.773+0000] {processor.py:186} INFO - Started process (PID=46559) to work on /opt/airflow/dags/Shi_HW 3.py
[2026-09-14T06:28:22.777+0000] {processor.py:914} INFO - Processing file /opt/airflow/dags/Shi_HW 3.py for tasks to queue
[2026-09-14T06:28:22.778+0000] {logging_mixin.py:190} INFO - [2026-09-14T06:28:22.777+0000] {dagbag.py:587} INFO - Filling up the DagBag from /opt/airflow/dags/Shi_HW 3.py
[2026-09-14T06:28:22.796+0000] {processor.py:925} INFO - DAG(s) 'WeatherToronto_ETL' retrieved from /opt/airflow/dags/Shi_HW 3.py
[2026-09-14T06:28:22.805+0000] {logging_mixin.py:190} INFO - [2026-09-14T06:28:22.804+0000] {dag.py:3229} INFO - Sync 1 DAGs
[2026-09-14T06:28:22.816+0000] {logging_mixin.py:190} INFO - [2026-09-14T06:28:22.815+0000] {dag.py:4156} INFO - Setting next_dagrun for WeatherToronto_ETL to 2026-09-13 18:00:00+00:00, run_after=2026-09-14 18:00:00+00:00
[2026-09-14T06:28:22.822+0000] {processor.py:208} INFO - Processing /opt/airflow/dags/Shi_HW 3.py took 0.056 seconds
[2026-09-14T06:28:53.152+0000] {processor.py:186} INFO - Started process (PID=46570) to work on /opt/airflow/dags/Shi_HW 3.py
[2026-09-14T06:28:53.155+0000] {processor.py:914} INFO - Processing file /opt/airflow/dags/Shi_HW 3.py for tasks to queue
[2026-09-14T06:28:53.156+0000] {logging_mixin.py:190} INFO - [2026-09-14T06:28:53.156+0000] {dagbag.py:587} INFO - Filling up the DagBag from /opt/airflow/dags/Shi_HW 3.py
[2026-09-14T06:28:53.173+0000] {processor.py:925} INFO - DAG(s) 'WeatherToronto_ETL' retrieved from /opt/airflow/dags/Shi_HW 3.py
[2026-09-14T06:28:53.182+0000] {logging_mixin.py:190} INFO - [2026-09-14T06:28:53.182+0000] {dag.py:3229} INFO - Sync 1 DAGs
[2026-09-14T06:28:53.192+0000] {logging_mixin.py:190} INFO - [2026-09-14T06:28:53.192+0000] {dag.py:4156} INFO - Setting next_dagrun for WeatherToronto_ETL to 2026-09-13 18:00:00+00:00, run_after=2026-09-14 18:00:00+00:00
[2026-09-14T06:28:53.199+0000] {processor.py:208} INFO - Processing /opt/airflow/dags/Shi_HW 3.py took 0.053 seconds
[2026-09-14T06:29:23.544+0000] {processor.py:186} INFO - Started process (PID=46581) to work on /opt/airflow/dags/Shi_HW 3.py
[2026-09-14T06:29:23.549+0000] {processor.py:914} INFO - Processing file /opt/airflow/dags/Shi_HW 3.py for tasks to queue
[2026-09-14T06:29:23.549+0000] {logging_mixin.py:190} INFO - [2026-09-14T06:29:23.549+0000] {dagbag.py:587} INFO - Filling up the DagBag from /opt/airflow/dags/Shi_HW 3.py
[2026-09-14T06:29:23.567+0000] {processor.py:925} INFO - DAG(s) 'WeatherToronto_ETL' retrieved from /opt/airflow/dags/Shi_HW 3.py
[2026-09-14T06:29:23.575+0000] {logging_mixin.py:190} INFO - [2026-09-14T06:29:23.575+0000] {dag.py:3229} INFO - Sync 1 DAGs
[2026-09-14T06:29:23.585+0000] {logging_mixin.py:190} INFO - [2026-09-14T06:29:23.585+0000] {dag.py:4156} INFO - Setting next_dagrun for WeatherToronto_ETL to 2026-09-13 18:00:00+00:00, run_after=2026-09-14 18:00:00+00:00
[2026-09-14T06:29:23.591+0000] {processor.py:208} INFO - Processing /opt/airflow/dags/Shi_HW 3.py took 0.052 seconds
[2026-09-14T06:29:53.900+0000] {processor.py:186} INFO - Started process (PID=46592) to work on /opt/airflow/dags/Shi_HW 3.py
[2026-09-14T06:29:53.904+0000] {processor.py:914} INFO - Processing file /opt/airflow/dags/Shi_HW 3.py for tasks to queue
[2026-09-14T06:29:53.905+0000] {logging_mixin.py:190} INFO - [2026-09-14T06:29:53.904+0000] {dagbag.py:587} INFO - Filling up the DagBag from /opt/airflow/dags/Shi_HW 3.py
[2026-09-14T06:29:53.919+0000] {processor.py:925} INFO - DAG(s) 'WeatherToronto_ETL' retrieved from /opt/airflow/dags/Shi_HW 3.py
[2026-09-14T06:29:53.928+0000] {logging_mixin.py:190} INFO - [2026-09-14T06:29:53.927+0000] {dag.py:3229} INFO - Sync 1 DAGs
[2026-09-14T06:29:53.937+0000] {logging_mixin.py:190} INFO - [2026-09-14T06:29:53.937+0000] {dag.py:4156} INFO - Setting next_dagrun for WeatherToronto_ETL to 2026-09-13 18:00:00+00:00, run_after=2026-09-14 18:00:00+00:00
[2026-09-14T06:29:53.943+0000] {processor.py:208} INFO - Processing /opt/airflow/dags/Shi_HW 3.py took 0.049 seconds
[2026-09-14T06:30:24.229+0000] {processor.py:186} INFO - Started process (PID=46603) to work on /opt/airflow/dags/Shi_HW 3.py
[2026-09-14T06:30:24.234+0000] {processor.py:914} INFO - Processing file /opt/airflow/dags/Shi_HW 3.py for tasks to queue
[2026-09-14T06:30:24.235+0000] {logging_mixin.py:190} INFO - [2026-09-14T06:30:24.234+0000] {dagbag.py:587} INFO - Filling up the DagBag from /opt/airflow/dags/Shi_HW 3.py
[2026-09-14T06:30:24.253+0000] {processor.py:925} INFO - DAG(s) 'WeatherToronto_ETL' retrieved from /opt/airflow/dags/Shi_HW 3.py
[2026-09-14T06:30:24.262+0000] {logging_mixin.py:190} INFO - [2026-09-14T06:30:24.261+0000] {dag.py:3229} INFO - Sync 1 DAGs
[2026-09-14T06:30:24.272+0000] {logging_mixin.py:190} INFO - [2026-09-14T06:30:24.272+0000] {dag.py:4156} INFO - Setting next_dagrun for WeatherToronto_ETL to 2026-09-13 18:00:00+00:00, run_after=2026-09-14 18:00:00+00:00
[2026-09-14T06:30:24.279+0000] {processor.py:208} INFO - Processing /opt/airflow/dags/Shi_HW 3.py took 0.056 seconds
[2026-09-14T06:30:54.608+0000] {processor.py:186} INFO - Started process (PID=46614) to work on /opt/airflow/dags/Shi_HW 3.py
[2026-09-14T06:30:54.612+0000] {processor.py:914} INFO - Processing file /opt/airflow/dags/Shi_HW 3.py for tasks to queue
[2026-09-14T06:30:54.613+0000] {logging_mixin.py:190} INFO - [2026-09-14T06:30:54.613+0000] {dagbag.py:587} INFO - Filling up the DagBag from /opt/airflow/dags/Shi_HW 3.py
[2026-09-14T06:30:54.630+0000] {processor.py:925} INFO - DAG(s) 'WeatherToronto_ETL' retrieved from /opt/airflow/dags/Shi_HW 3.py
[2026-09-14T06:30:54.639+0000] {logging_mixin.py:190} INFO - [2026-09-14T06:30:54.638+0000] {dag.py:3229} INFO - Sync 1 DAGs
[2026-09-14T06:30:54.648+0000] {logging_mixin.py:190} INFO - [2026-09-14T06:30:54.648+0000] {dag.py:4156} INFO - Setting next_dagrun for WeatherToronto_ETL to 2026-09-13 18:00:00+00:00, run_after=2026-09-14 18:00:00+00:00
[2026-09-14T06:30:54.656+0000] {processor.py:208} INFO - Processing /opt/airflow/dags/Shi_HW 3.py took 0.053 seconds
[2026-09-14T06:31:25.012+0000] {processor.py:186} INFO - Started process (PID=46625) to work on /opt/airflow/dags/Shi_HW 3.py
[2026-09-14T06:31:25.017+0000] {processor.py:914} INFO - Processing file /opt/airflow/dags/Shi_HW 3.py for tasks to queue
[2026-09-14T06:31:25.018+0000] {logging_mixin.py:190} INFO - [2026-09-14T06:31:25.017+0000] {dagbag.py:587} INFO - Filling up the DagBag from /opt/airflow/dags/Shi_HW 3.py
[2026-09-14T06:31:25.035+0000] {processor.py:925} INFO - DAG(s) 'WeatherToronto_ETL' retrieved from /opt/airflow/dags/Shi_HW 3.py
[2026-09-14T06:31:25.043+0000] {logging_mixin.py:190} INFO - [2026-09-14T06:31:25.043+0000] {dag.py:3229} INFO - Sync 1 DAGs
[2026-09-14T06:31:25.053+0000] {logging_mixin.py:190} INFO - [2026-09-14T06:31:25.053+0000] {dag.py:4156} INFO - Setting next_dagrun for WeatherToronto_ETL to 2026-09-13 18:00:00+00:00, run_after=2026-09-14 18:00:00+00:00
[2026-09-14T06:31:25.059+0000] {processor.py:208} INFO - Processing /opt/airflow/dags/Shi_HW 3.py took 0.056 seconds
[2026-09-14T06:31:55.370+0000] {processor.py:186} INFO - Started process (PID=46636) to work on /opt/airflow/dags/Shi_HW 3.py
[2026-09-14T06:31:55.375+0000] {processor.py:914} INFO - Processing file /opt/airflow/dags/Shi_HW 3.py for tasks to queue
[2026-09-14T06:31:55.376+0000] {logging_mixin.py:190} INFO - [2026-09-14T06:31:55.375+0000] {dagbag.py:587} INFO - Filling up the DagBag from /opt/airflow/dags/Shi_HW 3.py
[2026-09-14T06:31:55.393+0000] {processor.py:925} INFO - DAG(s) 'WeatherToronto_ETL' retrieved from /opt/airflow/dags/Shi_HW 3.py
[2026-09-14T06:31:55.401+0000] {logging_mixin.py:190} INFO - [2026-09-14T06:31:55.401+0000] {dag.py:3229} INFO - Sync 1 DAGs
[2026-09-14T06:31:55.411+0000] {logging_mixin.py:190} INFO - [2026-09-14T06:31:55.411+0000] {dag.py:4156} INFO - Setting next_dagrun for WeatherToronto_ETL to 2026-09-13 18:00:00+00:00, run_after=2026-09-14 18:00:00+00:00
[2026-09-14T06:31:55.417+0000] {processor.py:208} INFO - Processing /opt/airflow/dags/Shi_HW 3.py took 0.052 seconds
[2026-09-14T06:32:25.750+0000] {processor.py:186} INFO - Started process (PID=46647) to work on /opt/airflow/dags/Shi_HW 3.py
[2026-09-14T06:32:25.754+0000] {processor.py:914} INFO - Processing file /opt/airflow/dags/Shi_HW 3.py for tasks to queue
[2026-09-14T06:32:25.754+0000] {logging_mixin.py:190} INFO - [2026-09-14T06:32:25.754+0000] {dagbag.py:587} INFO - Filling up the DagBag from /opt/airflow/dags/Shi_HW 3.py
[2026-09-14T06:32:25.768+0000] {processor.py:925} INFO - DAG(s) 'WeatherToronto_ETL' retrieved from /opt/airflow/dags/Shi_HW 3.py
[2026-09-14T06:32:25.777+0000] {logging_mixin.py:190} INFO - [2026-09-14T06:32:25.777+0000] {dag.py:3229} INFO - Sync 1 DAGs
[2026-09-14T06:32:25.787+0000] {logging_mixin.py:190} INFO - [2026-09-14T06:32:25.787+0000] {dag.py:4156} INFO - Setting next_dagrun for WeatherToronto_ETL to 2026-09-13 18:00:00+00:00, run_after=2026-09-14 18:00:00+00:00
[2026-09-14T06:32:25.793+0000] {processor.py:208} INFO - Processing /opt/airflow/dags/Shi_HW 3.py took 0.048 seconds
[2026-09-14T06:32:56.186+0000] {processor.py:186} INFO - Started process (PID=46658) to work on /opt/airflow/dags/Shi_HW 3.py
[2026-09-14T06:32:56.191+0000] {processor.py:914} INFO - Processing file /opt/airflow/dags/Shi_HW 3.py for tasks to queue
[2026-09-14T06:32:56.192+0000] {logging_mixin.py:190} INFO - [2026-09-14T06:32:56.192+0000] {dagbag.py:587} INFO - Filling up the DagBag from /opt/airflow/dags/Shi_HW 3.py
[2026-09-14T06:32:56.211+0000] {processor.py:925} INFO - DAG(s) 'WeatherToronto_ETL' retrieved from /opt/airflow/dags/Shi_HW 3.py
[2026-09-14T06:32:56.219+0000] {logging_mixin.py:190} INFO - [2026-09-14T06:32:56.218+0000] {dag.py:3229} INFO - Sync 1 DAGs
[2026-09-14T06:32:56.229+0000] {logging_mixin.py:190} INFO - [2026-09-14T06:32:56.229+0000] {dag.py:4156} INFO - Setting next_dagrun for WeatherToronto_ETL to 2026-09-13 18:00:00+00:00, run_after=2026-09-14 18:00:00+00:00
[2026-09-14T06:32:56.236+0000] {processor.py:208} INFO - Processing /opt/airflow/dags/Shi_HW 3.py took 0.055 seconds
[2026-09-14T06:33:26.620+0000] {processor.py:186} INFO - Started process (PID=46669) to work on /opt/airflow/dags/Shi_HW 3.py
[2026-09-14T06:33:26.625+0000] {processor.py:914} INFO - Processing file /opt/airflow/dags/Shi_HW 3.py for tasks to queue
[2026-09-14T06:33:26.626+0000] {logging_mixin.py:190} INFO - [2026-09-14T06:33:26.625+0000] {dagbag.py:587} INFO - Filling up the DagBag from /opt/airflow/dags/Shi_HW 3.py
[2026-09-14T06:33:26.644+0000] {processor.py:925} INFO - DAG(s) 'WeatherToronto_ETL' retrieved from /opt/airflow/dags/Shi_HW 3.py
[2026-09-14T06:33:26.653+0000] {logging_mixin.py:190} INFO - [2026-09-14T06:33:26.652+0000] {dag.py:3229} INFO - Sync 1 DAGs
[2026-09-14T06:33:26.664+0000] {logging_mixin.py:190} INFO - [2026-09-14T06:33:26.664+0000] {dag.py:4156} INFO - Setting next_dagrun for WeatherToronto_ETL to 2026-09-13 18:00:00+00:00, run_after=2026-09-14 18:00:00+00:00
[2026-09-14T06:33:26.670+0000] {processor.py:208} INFO - Processing /opt/airflow/dags/Shi_HW 3.py took 0.056 seconds
[2026-09-14T06:33:57.034+0000] {processor.py:186} INFO - Started process (PID=46680) to work on /opt/airflow/dags/Shi_HW 3.py
[2026-09-14T06:33:57.038+0000] {processor.py:914} INFO - Processing file /opt/airflow/dags/Shi_HW 3.py for tasks to queue
[2026-09-14T06:33:57.039+0000] {logging_mixin.py:190} INFO - [2026-09-14T06:33:57.039+0000] {dagbag.py:587} INFO - Filling up the DagBag from /opt/airflow/dags/Shi_HW 3.py
[2026-09-14T06:33:57.056+0000] {processor.py:925} INFO - DAG(s) 'WeatherToronto_ETL' retrieved from /opt/airflow/dags/Shi_HW 3.py
[2026-09-14T06:33:57.065+0000] {logging_mixin.py:190} INFO - [2026-09-14T06:33:57.064+0000] {dag.py:3229} INFO - Sync 1 DAGs
[2026-09-14T06:33:57.076+0000] {logging_mixin.py:190} INFO - [2026-09-14T06:33:57.075+0000] {dag.py:4156} INFO - Setting next_dagrun for WeatherToronto_ETL to 2026-09-13 18:00:00+00:00, run_after=2026-09-14 18:00:00+00:00
[2026-09-14T06:33:57.081+0000] {processor.py:208} INFO - Processing /opt/airflow/dags/Shi_HW 3.py took 0.053 seconds
[2026-09-14T06:34:27.442+0000] {processor.py:186} INFO - Started process (PID=46691) to work on /opt/airflow/dags/Shi_HW 3.py
[2026-09-14T06:34:27.446+0000] {processor.py:914} INFO - Processing file /opt/airflow/dags/Shi_HW 3.py for tasks to queue
[2026-09-14T06:34:27.452+0000] {logging_mixin.py:190} INFO - [2026-09-14T06:34:27.449+0000] {dagbag.py:587} INFO - Filling up the DagBag from /opt/airflow/dags/Shi_HW 3.py
[2026-09-14T06:34:27.499+0000] {processor.py:925} INFO - DAG(s) 'WeatherToronto_ETL' retrieved from /opt/airflow/dags/Shi_HW 3.py
[2026-09-14T06:34:27.522+0000] {logging_mixin.py:190} INFO - [2026-09-14T06:34:27.520+0000] {dag.py:3229} INFO - Sync 1 DAGs
[2026-09-14T06:34:27.545+0000] {logging_mixin.py:190} INFO - [2026-09-14T06:34:27.545+0000] {dag.py:4156} INFO - Setting next_dagrun for WeatherToronto_ETL to 2026-09-13 18:00:00+00:00, run_after=2026-09-14 18:00:00+00:00
[2026-09-14T06:34:27.556+0000] {processor.py:208} INFO - Processing /opt/airflow/dags/Shi_HW 3.py took 0.125 seconds
[2026-09-14T06:34:57.835+0000] {processor.py:186} INFO - Started process (PID=46702) to work on /opt/airflow/dags/Shi_HW 3.py
[2026-09-14T06:34:57.839+0000] {processor.py:914} INFO - Processing file /opt/airflow/dags/Shi_HW 3.py for tasks to queue
[2026-09-14T06:34:57.840+0000] {logging_mixin.py:190} INFO - [2026-09-14T06:34:57.840+0000] {dagbag.py:587} INFO - Filling up the DagBag from /opt/airflow/dags/Shi_HW 3.py
[2026-09-14T06:34:57.873+0000] {processor.py:925} INFO - DAG(s) 'WeatherToronto_ETL' retrieved from /opt/airflow/dags/Shi_HW 3.py
[2026-09-14T06:34:57.886+0000] {logging_mixin.py:190} INFO - [2026-09-14T06:34:57.885+0000] {dag.py:3229} INFO - Sync 1 DAGs
[2026-09-14T06:34:57.900+0000] {logging_mixin.py:190} INFO - [2026-09-14T06:34:57.900+0000] {dag.py:4156} INFO - Setting next_dagrun for WeatherToronto_ETL to 2026-09-13 18:00:00+00:00, run_after=2026-09-14 18:00:00+00:00
[2026-09-14T06:34:57.909+0000] {processor.py:208} INFO - Processing /opt/airflow/dags/Shi_HW 3.py took 0.083 seconds
[2026-09-14T06:35:28.236+0000] {processor.py:186} INFO - Started process (PID=46713) to work on /opt/airflow/dags/Shi_HW 3.py
[2026-09-14T06:35:28.241+0000] {processor.py:914} INFO - Processing file /opt/airflow/dags/Shi_HW 3.py for tasks to queue
[2026-09-14T06:35:28.242+0000] {logging_mixin.py:190} INFO - [2026-09-14T06:35:28.242+0000] {dagbag.py:587} INFO - Filling up the DagBag from /opt/airflow/dags/Shi_HW 3.py
[2026-09-14T06:35:28.259+0000] {processor.py:925} INFO - DAG(s) 'WeatherToronto_ETL' retrieved from /opt/airflow/dags/Shi_HW 3.py
[2026-09-14T06:35:28.268+0000] {logging_mixin.py:190} INFO - [2026-09-14T06:35:28.267+0000] {dag.py:3229} INFO - Sync 1 DAGs
[2026-09-14T06:35:28.278+0000] {logging_mixin.py:190} INFO - [2026-09-14T06:35:28.278+0000] {dag.py:4156} INFO - Setting next_dagrun for WeatherToronto_ETL to 2026-09-13 18:00:00+00:00, run_after=2026-09-14 18:00:00+00:00
[2026-09-14T06:35:28.285+0000] {processor.py:208} INFO - Processing /opt/airflow/dags/Shi_HW 3.py took 0.054 seconds
[2026-09-14T06:35:58.645+0000] {processor.py:186} INFO - Started process (PID=46724) to work on /opt/airflow/dags/Shi_HW 3.py
[2026-09-14T06:35:58.649+0000] {processor.py:914} INFO - Processing file /opt/airflow/dags/Shi_HW 3.py for tasks to queue
[2026-09-14T06:35:58.650+0000] {logging_mixin.py:190} INFO - [2026-09-14T06:35:58.650+0000] {dagbag.py:587} INFO - Filling up the DagBag from /opt/airflow/dags/Shi_HW 3.py
[2026-09-14T06:35:58.673+0000] {processor.py:925} INFO - DAG(s) 'WeatherToronto_ETL' retrieved from /opt/airflow/dags/Shi_HW 3.py
[2026-09-14T06:35:58.686+0000] {logging_mixin.py:190} INFO - [2026-09-14T06:35:58.685+0000] {dag.py:3229} INFO - Sync 1 DAGs
[2026-09-14T06:35:58.697+0000] {logging_mixin.py:190} INFO - [2026-09-14T06:35:58.697+0000] {dag.py:4156} INFO - Setting next_dagrun for WeatherToronto_ETL to 2026-09-13 18:00:00+00:00, run_after=2026-09-14 18:00:00+00:00
[2026-09-14T06:35:58.704+0000] {processor.py:208} INFO - Processing /opt/airflow/dags/Shi_HW 3.py took 0.069 seconds
[2026-09-14T06:36:29.028+0000] {processor.py:186} INFO - Started process (PID=46735) to work on /opt/airflow/dags/Shi_HW 3.py
[2026-09-14T06:36:29.032+0000] {processor.py:914} INFO - Processing file /opt/airflow/dags/Shi_HW 3.py for tasks to queue
[2026-09-14T06:36:29.033+0000] {logging_mixin.py:190} INFO - [2026-09-14T06:36:29.033+0000] {dagbag.py:587} INFO - Filling up the DagBag from /opt/airflow/dags/Shi_HW 3.py
[2026-09-14T06:36:29.051+0000] {processor.py:925} INFO - DAG(s) 'WeatherToronto_ETL' retrieved from /opt/airflow/dags/Shi_HW 3.py
[2026-09-14T06:36:29.060+0000] {logging_mixin.py:190} INFO - [2026-09-14T06:36:29.059+0000] {dag.py:3229} INFO - Sync 1 DAGs
[2026-09-14T06:36:29.071+0000] {logging_mixin.py:190} INFO - [2026-09-14T06:36:29.071+0000] {dag.py:4156} INFO - Setting next_dagrun for WeatherToronto_ETL to 2026-09-13 18:00:00+00:00, run_after=2026-09-14 18:00:00+00:00
[2026-09-14T06:36:29.077+0000] {processor.py:208} INFO - Processing /opt/airflow/dags/Shi_HW 3.py took 0.055 seconds
[2026-09-14T06:36:59.356+0000] {processor.py:186} INFO - Started process (PID=46746) to work on /opt/airflow/dags/Shi_HW 3.py
[2026-09-14T06:36:59.361+0000] {processor.py:914} INFO - Processing file /opt/airflow/dags/Shi_HW 3.py for tasks to queue
[2026-09-14T06:36:59.362+0000] {logging_mixin.py:190} INFO - [2026-09-14T06:36:59.361+0000] {dagbag.py:587} INFO - Filling up the DagBag from /opt/airflow/dags/Shi_HW 3.py
[2026-09-14T06:36:59.380+0000] {processor.py:925} INFO - DAG(s) 'WeatherToronto_ETL' retrieved from /opt/airflow/dags/Shi_HW 3.py
[2026-09-14T06:36:59.392+0000] {logging_mixin.py:190} INFO - [2026-09-14T06:36:59.391+0000] {dag.py:3229} INFO - Sync 1 DAGs
[2026-09-14T06:36:59.405+0000] {logging_mixin.py:190} INFO - [2026-09-14T06:36:59.405+0000] {dag.py:4156} INFO - Setting next_dagrun for WeatherToronto_ETL to 2026-09-13 18:00:00+00:00, run_after=2026-09-14 18:00:00+00:00
[2026-09-14T06:36:59.413+0000] {processor.py:208} INFO - Processing /opt/airflow/dags/Shi_HW 3.py took 0.063 seconds
[2026-09-14T06:37:29.657+0000] {processor.py:186} INFO - Started process (PID=46757) to work on /opt/airflow/dags/Shi_HW 3.py
[2026-09-14T06:37:29.661+0000] {processor.py:914} INFO - Processing file /opt/airflow/dags/Shi_HW 3.py for tasks to queue
[2026-09-14T06:37:29.663+0000] {logging_mixin.py:190} INFO - [2026-09-14T06:37:29.663+0000] {dagbag.py:587} INFO - Filling up the DagBag from /opt/airflow/dags/Shi_HW 3.py
[2026-09-14T06:37:29.680+0000] {processor.py:925} INFO - DAG(s) 'WeatherToronto_ETL' retrieved from /opt/airflow/dags/Shi_HW 3.py
[2026-09-14T06:37:29.688+0000] {logging_mixin.py:190} INFO - [2026-09-14T06:37:29.688+0000] {dag.py:3229} INFO - Sync 1 DAGs
[2026-09-14T06:37:29.698+0000] {logging_mixin.py:190} INFO - [2026-09-14T06:37:29.698+0000] {dag.py:4156} INFO - Setting next_dagrun for WeatherToronto_ETL to 2026-09-13 18:00:00+00:00, run_after=2026-09-14 18:00:00+00:00
[2026-09-14T06:37:29.703+0000] {processor.py:208} INFO - Processing /opt/airflow/dags/Shi_HW 3.py took 0.052 seconds
[2026-09-14T06:38:00.028+0000] {processor.py:186} INFO - Started process (PID=46768) to work on /opt/airflow/dags/Shi_HW 3.py
[2026-09-14T06:38:00.033+0000] {processor.py:914} INFO - Processing file /opt/airflow/dags/Shi_HW 3.py for tasks to queue
[2026-09-14T06:38:00.034+0000] {logging_mixin.py:190} INFO - [2026-09-14T06:38:00.033+0000] {dagbag.py:587} INFO - Filling up the DagBag from /opt/airflow/dags/Shi_HW 3.py
[2026-09-14T06:38:00.052+0000] {processor.py:925} INFO - DAG(s) 'WeatherToronto_ETL' retrieved from /opt/airflow/dags/Shi_HW 3.py
[2026-09-14T06:38:00.060+0000] {logging_mixin.py:190} INFO - [2026-09-14T06:38:00.060+0000] {dag.py:3229} INFO - Sync 1 DAGs
[2026-09-14T06:38:00.071+0000] {logging_mixin.py:190} INFO - [2026-09-14T06:38:00.071+0000] {dag.py:4156} INFO - Setting next_dagrun for WeatherToronto_ETL to 2026-09-13 18:00:00+00:00, run_after=2026-09-14 18:00:00+00:00
[2026-09-14T06:38:00.077+0000] {processor.py:208} INFO - Processing /opt/airflow/dags/Shi_HW 3.py took 0.055 seconds
[2026-09-14T06:38:30.405+0000] {processor.py:186} INFO - Started process (PID=46779) to work on /opt/airflow/dags/Shi_HW 3.py
[2026-09-14T06:38:30.409+0000] {processor.py:914} INFO - Processing file /opt/airflow/dags/Shi_HW 3.py for tasks to queue
[2026-09-14T06:38:30.410+0000] {logging_mixin.py:190} INFO - [2026-09-14T06:38:30.410+0000] {dagbag.py:587} INFO - Filling up the DagBag from /opt/airflow/dags/Shi_HW 3.py
[2026-09-14T06:38:30.428+0000] {processor.py:925} INFO - DAG(s) 'WeatherToronto_ETL' retrieved from /opt/airflow/dags/Shi_HW 3.py
[2026-09-14T06:38:30.437+0000] {logging_mixin.py:190} INFO - [2026-09-14T06:38:30.436+0000] {dag.py:3229} INFO - Sync 1 DAGs
[2026-09-14T06:38:30.448+0000] {logging_mixin.py:190} INFO - [2026-09-14T06:38:30.448+0000] {dag.py:4156} INFO - Setting next_dagrun for WeatherToronto_ETL to 2026-09-13 18:00:00+00:00, run_after=2026-09-14 18:00:00+00:00
[2026-09-14T06:38:30.455+0000] {processor.py:208} INFO - Processing /opt/airflow/dags/Shi_HW 3.py took 0.057 seconds
[2026-09-14T06:39:00.781+0000] {processor.py:186} INFO - Started process (PID=46790) to work on /opt/airflow/dags/Shi_HW 3.py
[2026-09-14T06:39:00.786+0000] {processor.py:914} INFO - Processing file /opt/airflow/dags/Shi_HW 3.py for tasks to queue
[2026-09-14T06:39:00.787+0000] {logging_mixin.py:190} INFO - [2026-09-14T06:39:00.787+0000] {dagbag.py:587} INFO - Filling up the DagBag from /opt/airflow/dags/Shi_HW 3.py
[2026-09-14T06:39:00.805+0000] {processor.py:925} INFO - DAG(s) 'WeatherToronto_ETL' retrieved from /opt/airflow/dags/Shi_HW 3.py
[2026-09-14T06:39:00.813+0000] {logging_mixin.py:190} INFO - [2026-09-14T06:39:00.813+0000] {dag.py:3229} INFO - Sync 1 DAGs
[2026-09-14T06:39:00.823+0000] {logging_mixin.py:190} INFO - [2026-09-14T06:39:00.823+0000] {dag.py:4156} INFO - Setting next_dagrun for WeatherToronto_ETL to 2026-09-13 18:00:00+00:00, run_after=2026-09-14 18:00:00+00:00
[2026-09-14T06:39:00.829+0000] {processor.py:208} INFO - Processing /opt/airflow/dags/Shi_HW 3.py took 0.053 seconds
[2026-09-14T06:39:31.195+0000] {processor.py:186} INFO - Started process (PID=46801) to work on /opt/airflow/dags/Shi_HW 3.py
[2026-09-14T06:39:31.200+0000] {processor.py:914} INFO - Processing file /opt/airflow/dags/Shi_HW 3.py for tasks to queue
[2026-09-14T06:39:31.201+0000] {logging_mixin.py:190} INFO - [2026-09-14T06:39:31.200+0000] {dagbag.py:587} INFO - Filling up the DagBag from /opt/airflow/dags/Shi_HW 3.py
[2026-09-14T06:39:31.222+0000] {processor.py:925} INFO - DAG(s) 'WeatherToronto_ETL' retrieved from /opt/airflow/dags/Shi_HW 3.py
[2026-09-14T06:39:31.232+0000] {logging_mixin.py:190} INFO - [2026-09-14T06:39:31.231+0000] {dag.py:3229} INFO - Sync 1 DAGs
[2026-09-14T06:39:31.243+0000] {logging_mixin.py:190} INFO - [2026-09-14T06:39:31.243+0000] {dag.py:4156} INFO - Setting next_dagrun for WeatherToronto_ETL to 2026-09-13 18:00:00+00:00, run_after=2026-09-14 18:00:00+00:00
[2026-09-14T06:39:31.249+0000] {processor.py:208} INFO - Processing /opt/airflow/dags/Shi_HW 3.py took 0.061 seconds
[2026-09-14T06:40:01.533+0000] {processor.py:186} INFO - Started process (PID=46812) to work on /opt/airflow/dags/Shi_HW 3.py
[2026-09-14T06:40:01.538+0000] {processor.py:914} INFO - Processing file /opt/airflow/dags/Shi_HW 3.py for tasks to queue
[2026-09-14T06:40:01.538+0000] {logging_mixin.py:190} INFO - [2026-09-14T06:40:01.538+0000] {dagbag.py:587} INFO - Filling up the DagBag from /opt/airflow/dags/Shi_HW 3.py
[2026-09-14T06:40:01.557+0000] {processor.py:925} INFO - DAG(s) 'WeatherToronto_ETL' retrieved from /opt/airflow/dags/Shi_HW 3.py
[2026-09-14T06:40:01.570+0000] {logging_mixin.py:190} INFO - [2026-09-14T06:40:01.568+0000] {dag.py:3229} INFO - Sync 1 DAGs
[2026-09-14T06:40:01.581+0000] {logging_mixin.py:190} INFO - [2026-09-14T06:40:01.581+0000] {dag.py:4156} INFO - Setting next_dagrun for WeatherToronto_ETL to 2026-09-13 18:00:00+00:00, run_after=2026-09-14 18:00:00+00:00
[2026-09-14T06:40:01.588+0000] {processor.py:208} INFO - Processing /opt/airflow/dags/Shi_HW 3.py took 0.061 seconds
[2026-09-14T06:40:31.915+0000] {processor.py:186} INFO - Started process (PID=46823) to work on /opt/airflow/dags/Shi_HW 3.py
[2026-09-14T06:40:31.920+0000] {processor.py:914} INFO - Processing file /opt/airflow/dags/Shi_HW 3.py for tasks to queue
[2026-09-14T06:40:31.921+0000] {logging_mixin.py:190} INFO - [2026-09-14T06:40:31.920+0000] {dagbag.py:587} INFO - Filling up the DagBag from /opt/airflow/dags/Shi_HW 3.py
[2026-09-14T06:40:31.939+0000] {processor.py:925} INFO - DAG(s) 'WeatherToronto_ETL' retrieved from /opt/airflow/dags/Shi_HW 3.py
[2026-09-14T06:40:31.949+0000] {logging_mixin.py:190} INFO - [2026-09-14T06:40:31.948+0000] {dag.py:3229} INFO - Sync 1 DAGs
[2026-09-14T06:40:31.959+0000] {logging_mixin.py:190} INFO - [2026-09-14T06:40:31.959+0000] {dag.py:4156} INFO - Setting next_dagrun for WeatherToronto_ETL to 2026-09-13 18:00:00+00:00, run_after=2026-09-14 18:00:00+00:00
[2026-09-14T06:40:31.966+0000] {processor.py:208} INFO - Processing /opt/airflow/dags/Shi_HW 3.py took 0.056 seconds
[2026-09-14T06:41:02.275+0000] {processor.py:186} INFO - Started process (PID=46834) to work on /opt/airflow/dags/Shi_HW 3.py
[2026-09-14T06:41:02.279+0000] {processor.py:914} INFO - Processing file /opt/airflow/dags/Shi_HW 3.py for tasks to queue
[2026-09-14T06:41:02.280+0000] {logging_mixin.py:190} INFO - [2026-09-14T06:41:02.280+0000] {dagbag.py:587} INFO - Filling up the DagBag from /opt/airflow/dags/Shi_HW 3.py
[2026-09-14T06:41:02.296+0000] {processor.py:925} INFO - DAG(s) 'WeatherToronto_ETL' retrieved from /opt/airflow/dags/Shi_HW 3.py
[2026-09-14T06:41:02.305+0000] {logging_mixin.py:190} INFO - [2026-09-14T06:41:02.304+0000] {dag.py:3229} INFO - Sync 1 DAGs
[2026-09-14T06:41:02.321+0000] {logging_mixin.py:190} INFO - [2026-09-14T06:41:02.321+0000] {dag.py:4156} INFO - Setting next_dagrun for WeatherToronto_ETL to 2026-09-13 18:00:00+00:00, run_after=2026-09-14 18:00:00+00:00
[2026-09-14T06:41:02.329+0000] {processor.py:208} INFO - Processing /opt/airflow/dags/Shi_HW 3.py took 0.059 seconds
[2026-09-14T06:41:32.627+0000] {processor.py:186} INFO - Started process (PID=46845) to work on /opt/airflow/dags/Shi_HW 3.py
[2026-09-14T06:41:32.631+0000] {processor.py:914} INFO - Processing file /opt/airflow/dags/Shi_HW 3.py for tasks to queue
[2026-09-14T06:41:32.632+0000] {logging_mixin.py:190} INFO - [2026-09-14T06:41:32.632+0000] {dagbag.py:587} INFO - Filling up the DagBag from /opt/airflow/dags/Shi_HW 3.py
[2026-09-14T06:41:32.650+0000] {processor.py:925} INFO - DAG(s) 'WeatherToronto_ETL' retrieved from /opt/airflow/dags/Shi_HW 3.py
[2026-09-14T06:41:32.659+0000] {logging_mixin.py:190} INFO - [2026-09-14T06:41:32.658+0000] {dag.py:3229} INFO - Sync 1 DAGs
[2026-09-14T06:41:32.669+0000] {logging_mixin.py:190} INFO - [2026-09-14T06:41:32.669+0000] {dag.py:4156} INFO - Setting next_dagrun for WeatherToronto_ETL to 2026-09-13 18:00:00+00:00, run_after=2026-09-14 18:00:00+00:00
[2026-09-14T06:41:32.675+0000] {processor.py:208} INFO - Processing /opt/airflow/dags/Shi_HW 3.py took 0.053 seconds
[2026-09-14T06:42:03.012+0000] {processor.py:186} INFO - Started process (PID=46856) to work on /opt/airflow/dags/Shi_HW 3.py
[2026-09-14T06:42:03.016+0000] {processor.py:914} INFO - Processing file /opt/airflow/dags/Shi_HW 3.py for tasks to queue
[2026-09-14T06:42:03.018+0000] {logging_mixin.py:190} INFO - [2026-09-14T06:42:03.017+0000] {dagbag.py:587} INFO - Filling up the DagBag from /opt/airflow/dags/Shi_HW 3.py
[2026-09-14T06:42:03.040+0000] {processor.py:925} INFO - DAG(s) 'WeatherToronto_ETL' retrieved from /opt/airflow/dags/Shi_HW 3.py
[2026-09-14T06:42:03.051+0000] {logging_mixin.py:190} INFO - [2026-09-14T06:42:03.050+0000] {dag.py:3229} INFO - Sync 1 DAGs
[2026-09-14T06:42:03.063+0000] {logging_mixin.py:190} INFO - [2026-09-14T06:42:03.063+0000] {dag.py:4156} INFO - Setting next_dagrun for WeatherToronto_ETL to 2026-09-13 18:00:00+00:00, run_after=2026-09-14 18:00:00+00:00
[2026-09-14T06:42:03.069+0000] {processor.py:208} INFO - Processing /opt/airflow/dags/Shi_HW 3.py took 0.065 seconds
[2026-09-14T06:42:33.380+0000] {processor.py:186} INFO - Started process (PID=46867) to work on /opt/airflow/dags/Shi_HW 3.py
[2026-09-14T06:42:33.385+0000] {processor.py:914} INFO - Processing file /opt/airflow/dags/Shi_HW 3.py for tasks to queue
[2026-09-14T06:42:33.386+0000] {logging_mixin.py:190} INFO - [2026-09-14T06:42:33.385+0000] {dagbag.py:587} INFO - Filling up the DagBag from /opt/airflow/dags/Shi_HW 3.py
[2026-09-14T06:42:33.406+0000] {processor.py:925} INFO - DAG(s) 'WeatherToronto_ETL' retrieved from /opt/airflow/dags/Shi_HW 3.py
[2026-09-14T06:42:33.419+0000] {logging_mixin.py:190} INFO - [2026-09-14T06:42:33.417+0000] {dag.py:3229} INFO - Sync 1 DAGs
[2026-09-14T06:42:33.430+0000] {logging_mixin.py:190} INFO - [2026-09-14T06:42:33.430+0000] {dag.py:4156} INFO - Setting next_dagrun for WeatherToronto_ETL to 2026-09-13 18:00:00+00:00, run_after=2026-09-14 18:00:00+00:00
[2026-09-14T06:42:33.438+0000] {processor.py:208} INFO - Processing /opt/airflow/dags/Shi_HW 3.py took 0.064 seconds
[2026-09-14T06:43:03.843+0000] {processor.py:186} INFO - Started process (PID=46878) to work on /opt/airflow/dags/Shi_HW 3.py
[2026-09-14T06:43:03.846+0000] {processor.py:914} INFO - Processing file /opt/airflow/dags/Shi_HW 3.py for tasks to queue
[2026-09-14T06:43:03.848+0000] {logging_mixin.py:190} INFO - [2026-09-14T06:43:03.847+0000] {dagbag.py:587} INFO - Filling up the DagBag from /opt/airflow/dags/Shi_HW 3.py
[2026-09-14T06:43:03.877+0000] {processor.py:925} INFO - DAG(s) 'WeatherToronto_ETL' retrieved from /opt/airflow/dags/Shi_HW 3.py
[2026-09-14T06:43:03.893+0000] {logging_mixin.py:190} INFO - [2026-09-14T06:43:03.891+0000] {dag.py:3229} INFO - Sync 1 DAGs
[2026-09-14T06:43:03.909+0000] {logging_mixin.py:190} INFO - [2026-09-14T06:43:03.909+0000] {dag.py:4156} INFO - Setting next_dagrun for WeatherToronto_ETL to 2026-09-13 18:00:00+00:00, run_after=2026-09-14 18:00:00+00:00
[2026-09-14T06:43:03.917+0000] {processor.py:208} INFO - Processing /opt/airflow/dags/Shi_HW 3.py took 0.082 seconds
[2026-09-14T06:43:34.251+0000] {processor.py:186} INFO - Started process (PID=46889) to work on /opt/airflow/dags/Shi_HW 3.py
[2026-09-14T06:43:34.255+0000] {processor.py:914} INFO - Processing file /opt/airflow/dags/Shi_HW 3.py for tasks to queue
[2026-09-14T06:43:34.258+0000] {logging_mixin.py:190} INFO - [2026-09-14T06:43:34.257+0000] {dagbag.py:587} INFO - Filling up the DagBag from /opt/airflow/dags/Shi_HW 3.py
[2026-09-14T06:43:34.295+0000] {processor.py:925} INFO - DAG(s) 'WeatherToronto_ETL' retrieved from /opt/airflow/dags/Shi_HW 3.py
[2026-09-14T06:43:34.319+0000] {logging_mixin.py:190} INFO - [2026-09-14T06:43:34.317+0000] {dag.py:3229} INFO - Sync 1 DAGs
[2026-09-14T06:43:34.337+0000] {logging_mixin.py:190} INFO - [2026-09-14T06:43:34.337+0000] {dag.py:4156} INFO - Setting next_dagrun for WeatherToronto_ETL to 2026-09-13 18:00:00+00:00, run_after=2026-09-14 18:00:00+00:00
[2026-09-14T06:43:34.345+0000] {processor.py:208} INFO - Processing /opt/airflow/dags/Shi_HW 3.py took 0.111 seconds
[2026-09-14T06:44:04.616+0000] {processor.py:186} INFO - Started process (PID=46900) to work on /opt/airflow/dags/Shi_HW 3.py
[2026-09-14T06:44:04.621+0000] {processor.py:914} INFO - Processing file /opt/airflow/dags/Shi_HW 3.py for tasks to queue
[2026-09-14T06:44:04.623+0000] {logging_mixin.py:190} INFO - [2026-09-14T06:44:04.622+0000] {dagbag.py:587} INFO - Filling up the DagBag from /opt/airflow/dags/Shi_HW 3.py
[2026-09-14T06:44:04.678+0000] {processor.py:925} INFO - DAG(s) 'WeatherToronto_ETL' retrieved from /opt/airflow/dags/Shi_HW 3.py
[2026-09-14T06:44:04.704+0000] {logging_mixin.py:190} INFO - [2026-09-14T06:44:04.700+0000] {dag.py:3229} INFO - Sync 1 DAGs
[2026-09-14T06:44:04.720+0000] {logging_mixin.py:190} INFO - [2026-09-14T06:44:04.720+0000] {dag.py:4156} INFO - Setting next_dagrun for WeatherToronto_ETL to 2026-09-13 18:00:00+00:00, run_after=2026-09-14 18:00:00+00:00
[2026-09-14T06:44:04.729+0000] {processor.py:208} INFO - Processing /opt/airflow/dags/Shi_HW 3.py took 0.123 seconds
[2026-09-14T06:44:35.072+0000] {processor.py:186} INFO - Started process (PID=46911) to work on /opt/airflow/dags/Shi_HW 3.py
[2026-09-14T06:44:35.077+0000] {processor.py:914} INFO - Processing file /opt/airflow/dags/Shi_HW 3.py for tasks to queue
[2026-09-14T06:44:35.079+0000] {logging_mixin.py:190} INFO - [2026-09-14T06:44:35.079+0000] {dagbag.py:587} INFO - Filling up the DagBag from /opt/airflow/dags/Shi_HW 3.py
[2026-09-14T06:44:35.163+0000] {processor.py:925} INFO - DAG(s) 'WeatherToronto_ETL' retrieved from /opt/airflow/dags/Shi_HW 3.py
[2026-09-14T06:44:35.195+0000] {logging_mixin.py:190} INFO - [2026-09-14T06:44:35.192+0000] {dag.py:3229} INFO - Sync 1 DAGs
[2026-09-14T06:44:35.217+0000] {logging_mixin.py:190} INFO - [2026-09-14T06:44:35.217+0000] {dag.py:4156} INFO - Setting next_dagrun for WeatherToronto_ETL to 2026-09-13 18:00:00+00:00, run_after=2026-09-14 18:00:00+00:00
[2026-09-14T06:44:35.227+0000] {processor.py:208} INFO - Processing /opt/airflow/dags/Shi_HW 3.py took 0.164 seconds
[2026-09-14T06:45:05.417+0000] {processor.py:186} INFO - Started process (PID=46922) to work on /opt/airflow/dags/Shi_HW 3.py
[2026-09-14T06:45:05.422+0000] {processor.py:914} INFO - Processing file /opt/airflow/dags/Shi_HW 3.py for tasks to queue
[2026-09-14T06:45:05.424+0000] {logging_mixin.py:190} INFO - [2026-09-14T06:45:05.423+0000] {dagbag.py:587} INFO - Filling up the DagBag from /opt/airflow/dags/Shi_HW 3.py
[2026-09-14T06:45:05.453+0000] {processor.py:925} INFO - DAG(s) 'WeatherToronto_ETL' retrieved from /opt/airflow/dags/Shi_HW 3.py
[2026-09-14T06:45:05.468+0000] {logging_mixin.py:190} INFO - [2026-09-14T06:45:05.467+0000] {dag.py:3229} INFO - Sync 1 DAGs
[2026-09-14T06:45:05.482+0000] {logging_mixin.py:190} INFO - [2026-09-14T06:45:05.482+0000] {dag.py:4156} INFO - Setting next_dagrun for WeatherToronto_ETL to 2026-09-13 18:00:00+00:00, run_after=2026-09-14 18:00:00+00:00
[2026-09-14T06:45:05.490+0000] {processor.py:208} INFO - Processing /opt/airflow/dags/Shi_HW 3.py took 0.083 seconds
[2026-09-14T06:45:35.790+0000] {processor.py:186} INFO - Started process (PID=46933) to work on /opt/airflow/dags/Shi_HW 3.py
[2026-09-14T06:45:35.793+0000] {processor.py:914} INFO - Processing file /opt/airflow/dags/Shi_HW 3.py for tasks to queue
[2026-09-14T06:45:35.794+0000] {logging_mixin.py:190} INFO - [2026-09-14T06:45:35.794+0000] {dagbag.py:587} INFO - Filling up the DagBag from /opt/airflow/dags/Shi_HW 3.py
[2026-09-14T06:45:35.818+0000] {processor.py:925} INFO - DAG(s) 'WeatherToronto_ETL' retrieved from /opt/airflow/dags/Shi_HW 3.py
[2026-09-14T06:45:35.828+0000] {logging_mixin.py:190} INFO - [2026-09-14T06:45:35.827+0000] {dag.py:3229} INFO - Sync 1 DAGs
[2026-09-14T06:45:35.839+0000] {logging_mixin.py:190} INFO - [2026-09-14T06:45:35.839+0000] {dag.py:4156} INFO - Setting next_dagrun for WeatherToronto_ETL to 2026-09-13 18:00:00+00:00, run_after=2026-09-14 18:00:00+00:00
[2026-09-14T06:45:35.845+0000] {processor.py:208} INFO - Processing /opt/airflow/dags/Shi_HW 3.py took 0.065 seconds
[2026-09-14T06:46:06.151+0000] {processor.py:186} INFO - Started process (PID=46944) to work on /opt/airflow/dags/Shi_HW 3.py
[2026-09-14T06:46:06.156+0000] {processor.py:914} INFO - Processing file /opt/airflow/dags/Shi_HW 3.py for tasks to queue
[2026-09-14T06:46:06.156+0000] {logging_mixin.py:190} INFO - [2026-09-14T06:46:06.156+0000] {dagbag.py:587} INFO - Filling up the DagBag from /opt/airflow/dags/Shi_HW 3.py
[2026-09-14T06:46:06.173+0000] {processor.py:925} INFO - DAG(s) 'WeatherToronto_ETL' retrieved from /opt/airflow/dags/Shi_HW 3.py
[2026-09-14T06:46:06.186+0000] {logging_mixin.py:190} INFO - [2026-09-14T06:46:06.185+0000] {dag.py:3229} INFO - Sync 1 DAGs
[2026-09-14T06:46:06.199+0000] {logging_mixin.py:190} INFO - [2026-09-14T06:46:06.199+0000] {dag.py:4156} INFO - Setting next_dagrun for WeatherToronto_ETL to 2026-09-13 18:00:00+00:00, run_after=2026-09-14 18:00:00+00:00
[2026-09-14T06:46:06.206+0000] {processor.py:208} INFO - Processing /opt/airflow/dags/Shi_HW 3.py took 0.061 seconds
[2026-09-14T06:46:36.598+0000] {processor.py:186} INFO - Started process (PID=46955) to work on /opt/airflow/dags/Shi_HW 3.py
[2026-09-14T06:46:36.602+0000] {processor.py:914} INFO - Processing file /opt/airflow/dags/Shi_HW 3.py for tasks to queue
[2026-09-14T06:46:36.603+0000] {logging_mixin.py:190} INFO - [2026-09-14T06:46:36.603+0000] {dagbag.py:587} INFO - Filling up the DagBag from /opt/airflow/dags/Shi_HW 3.py
[2026-09-14T06:46:36.627+0000] {processor.py:925} INFO - DAG(s) 'WeatherToronto_ETL' retrieved from /opt/airflow/dags/Shi_HW 3.py
[2026-09-14T06:46:36.638+0000] {logging_mixin.py:190} INFO - [2026-09-14T06:46:36.637+0000] {dag.py:3229} INFO - Sync 1 DAGs
[2026-09-14T06:46:36.650+0000] {logging_mixin.py:190} INFO - [2026-09-14T06:46:36.650+0000] {dag.py:4156} INFO - Setting next_dagrun for WeatherToronto_ETL to 2026-09-13 18:00:00+00:00, run_after=2026-09-14 18:00:00+00:00
[2026-09-14T06:46:36.658+0000] {processor.py:208} INFO - Processing /opt/airflow/dags/Shi_HW 3.py took 0.068 seconds
[2026-09-14T06:47:06.981+0000] {processor.py:186} INFO - Started process (PID=46966) to work on /opt/airflow/dags/Shi_HW 3.py
[2026-09-14T06:47:06.986+0000] {processor.py:914} INFO - Processing file /opt/airflow/dags/Shi_HW 3.py for tasks to queue
[2026-09-14T06:47:06.987+0000] {logging_mixin.py:190} INFO - [2026-09-14T06:47:06.987+0000] {dagbag.py:587} INFO - Filling up the DagBag from /opt/airflow/dags/Shi_HW 3.py
[2026-09-14T06:47:07.005+0000] {processor.py:925} INFO - DAG(s) 'WeatherToronto_ETL' retrieved from /opt/airflow/dags/Shi_HW 3.py
[2026-09-14T06:47:07.020+0000] {logging_mixin.py:190} INFO - [2026-09-14T06:47:07.019+0000] {dag.py:3229} INFO - Sync 1 DAGs
[2026-09-14T06:47:07.033+0000] {logging_mixin.py:190} INFO - [2026-09-14T06:47:07.033+0000] {dag.py:4156} INFO - Setting next_dagrun for WeatherToronto_ETL to 2026-09-13 18:00:00+00:00, run_after=2026-09-14 18:00:00+00:00
[2026-09-14T06:47:07.040+0000] {processor.py:208} INFO - Processing /opt/airflow/dags/Shi_HW 3.py took 0.065 seconds
[2026-09-14T06:47:37.387+0000] {processor.py:186} INFO - Started process (PID=46977) to work on /opt/airflow/dags/Shi_HW 3.py
[2026-09-14T06:47:37.391+0000] {processor.py:914} INFO - Processing file /opt/airflow/dags/Shi_HW 3.py for tasks to queue
[2026-09-14T06:47:37.392+0000] {logging_mixin.py:190} INFO - [2026-09-14T06:47:37.391+0000] {dagbag.py:587} INFO - Filling up the DagBag from /opt/airflow/dags/Shi_HW 3.py
[2026-09-14T06:47:37.416+0000] {processor.py:925} INFO - DAG(s) 'WeatherToronto_ETL' retrieved from /opt/airflow/dags/Shi_HW 3.py
[2026-09-14T06:47:37.426+0000] {logging_mixin.py:190} INFO - [2026-09-14T06:47:37.425+0000] {dag.py:3229} INFO - Sync 1 DAGs
[2026-09-14T06:47:37.437+0000] {logging_mixin.py:190} INFO - [2026-09-14T06:47:37.437+0000] {dag.py:4156} INFO - Setting next_dagrun for WeatherToronto_ETL to 2026-09-13 18:00:00+00:00, run_after=2026-09-14 18:00:00+00:00
[2026-09-14T06:47:37.444+0000] {processor.py:208} INFO - Processing /opt/airflow/dags/Shi_HW 3.py took 0.067 seconds
[2026-09-14T06:48:07.751+0000] {processor.py:186} INFO - Started process (PID=46988) to work on /opt/airflow/dags/Shi_HW 3.py
[2026-09-14T06:48:07.755+0000] {processor.py:914} INFO - Processing file /opt/airflow/dags/Shi_HW 3.py for tasks to queue
[2026-09-14T06:48:07.756+0000] {logging_mixin.py:190} INFO - [2026-09-14T06:48:07.756+0000] {dagbag.py:587} INFO - Filling up the DagBag from /opt/airflow/dags/Shi_HW 3.py
[2026-09-14T06:48:07.775+0000] {processor.py:925} INFO - DAG(s) 'WeatherToronto_ETL' retrieved from /opt/airflow/dags/Shi_HW 3.py
[2026-09-14T06:48:07.789+0000] {logging_mixin.py:190} INFO - [2026-09-14T06:48:07.787+0000] {dag.py:3229} INFO - Sync 1 DAGs
[2026-09-14T06:48:07.802+0000] {logging_mixin.py:190} INFO - [2026-09-14T06:48:07.802+0000] {dag.py:4156} INFO - Setting next_dagrun for WeatherToronto_ETL to 2026-09-13 18:00:00+00:00, run_after=2026-09-14 18:00:00+00:00
[2026-09-14T06:48:07.809+0000] {processor.py:208} INFO - Processing /opt/airflow/dags/Shi_HW 3.py took 0.067 seconds
[2026-09-14T06:48:38.145+0000] {processor.py:186} INFO - Started process (PID=46999) to work on /opt/airflow/dags/Shi_HW 3.py
[2026-09-14T06:48:38.149+0000] {processor.py:914} INFO - Processing file /opt/airflow/dags/Shi_HW 3.py for tasks to queue
[2026-09-14T06:48:38.150+0000] {logging_mixin.py:190} INFO - [2026-09-14T06:48:38.150+0000] {dagbag.py:587} INFO - Filling up the DagBag from /opt/airflow/dags/Shi_HW 3.py
[2026-09-14T06:48:38.173+0000] {processor.py:925} INFO - DAG(s) 'WeatherToronto_ETL' retrieved from /opt/airflow/dags/Shi_HW 3.py
[2026-09-14T06:48:38.183+0000] {logging_mixin.py:190} INFO - [2026-09-14T06:48:38.182+0000] {dag.py:3229} INFO - Sync 1 DAGs
[2026-09-14T06:48:38.193+0000] {logging_mixin.py:190} INFO - [2026-09-14T06:48:38.193+0000] {dag.py:4156} INFO - Setting next_dagrun for WeatherToronto_ETL to 2026-09-13 18:00:00+00:00, run_after=2026-09-14 18:00:00+00:00
[2026-09-14T06:48:38.199+0000] {processor.py:208} INFO - Processing /opt/airflow/dags/Shi_HW 3.py took 0.061 seconds
[2026-09-14T06:49:08.522+0000] {processor.py:186} INFO - Started process (PID=47010) to work on /opt/airflow/dags/Shi_HW 3.py
[2026-09-14T06:49:08.528+0000] {processor.py:914} INFO - Processing file /opt/airflow/dags/Shi_HW 3.py for tasks to queue
[2026-09-14T06:49:08.529+0000] {logging_mixin.py:190} INFO - [2026-09-14T06:49:08.529+0000] {dagbag.py:587} INFO - Filling up the DagBag from /opt/airflow/dags/Shi_HW 3.py
[2026-09-14T06:49:08.548+0000] {processor.py:925} INFO - DAG(s) 'WeatherToronto_ETL' retrieved from /opt/airflow/dags/Shi_HW 3.py
[2026-09-14T06:49:08.560+0000] {logging_mixin.py:190} INFO - [2026-09-14T06:49:08.559+0000] {dag.py:3229} INFO - Sync 1 DAGs
[2026-09-14T06:49:08.573+0000] {logging_mixin.py:190} INFO - [2026-09-14T06:49:08.573+0000] {dag.py:4156} INFO - Setting next_dagrun for WeatherToronto_ETL to 2026-09-13 18:00:00+00:00, run_after=2026-09-14 18:00:00+00:00
[2026-09-14T06:49:08.580+0000] {processor.py:208} INFO - Processing /opt/airflow/dags/Shi_HW 3.py took 0.067 seconds
[2026-09-14T06:49:38.873+0000] {processor.py:186} INFO - Started process (PID=47021) to work on /opt/airflow/dags/Shi_HW 3.py
[2026-09-14T06:49:38.877+0000] {processor.py:914} INFO - Processing file /opt/airflow/dags/Shi_HW 3.py for tasks to queue
[2026-09-14T06:49:38.878+0000] {logging_mixin.py:190} INFO - [2026-09-14T06:49:38.878+0000] {dagbag.py:587} INFO - Filling up the DagBag from /opt/airflow/dags/Shi_HW 3.py
[2026-09-14T06:49:38.895+0000] {processor.py:925} INFO - DAG(s) 'WeatherToronto_ETL' retrieved from /opt/airflow/dags/Shi_HW 3.py
[2026-09-14T06:49:38.904+0000] {logging_mixin.py:190} INFO - [2026-09-14T06:49:38.903+0000] {dag.py:3229} INFO - Sync 1 DAGs
[2026-09-14T06:49:38.913+0000] {logging_mixin.py:190} INFO - [2026-09-14T06:49:38.913+0000] {dag.py:4156} INFO - Setting next_dagrun for WeatherToronto_ETL to 2026-09-13 18:00:00+00:00, run_after=2026-09-14 18:00:00+00:00
[2026-09-14T06:49:38.919+0000] {processor.py:208} INFO - Processing /opt/airflow/dags/Shi_HW 3.py took 0.053 seconds
[2026-09-14T06:50:09.239+0000] {processor.py:186} INFO - Started process (PID=47032) to work on /opt/airflow/dags/Shi_HW 3.py
[2026-09-14T06:50:09.244+0000] {processor.py:914} INFO - Processing file /opt/airflow/dags/Shi_HW 3.py for tasks to queue
[2026-09-14T06:50:09.245+0000] {logging_mixin.py:190} INFO - [2026-09-14T06:50:09.244+0000] {dagbag.py:587} INFO - Filling up the DagBag from /opt/airflow/dags/Shi_HW 3.py
[2026-09-14T06:50:09.263+0000] {processor.py:925} INFO - DAG(s) 'WeatherToronto_ETL' retrieved from /opt/airflow/dags/Shi_HW 3.py
[2026-09-14T06:50:09.272+0000] {logging_mixin.py:190} INFO - [2026-09-14T06:50:09.271+0000] {dag.py:3229} INFO - Sync 1 DAGs
[2026-09-14T06:50:09.283+0000] {logging_mixin.py:190} INFO - [2026-09-14T06:50:09.282+0000] {dag.py:4156} INFO - Setting next_dagrun for WeatherToronto_ETL to 2026-09-13 18:00:00+00:00, run_after=2026-09-14 18:00:00+00:00
[2026-09-14T06:50:09.289+0000] {processor.py:208} INFO - Processing /opt/airflow/dags/Shi_HW 3.py took 0.056 seconds
[2026-09-14T06:50:39.591+0000] {processor.py:186} INFO - Started process (PID=47043) to work on /opt/airflow/dags/Shi_HW 3.py
[2026-09-14T06:50:39.595+0000] {processor.py:914} INFO - Processing file /opt/airflow/dags/Shi_HW 3.py for tasks to queue
[2026-09-14T06:50:39.596+0000] {logging_mixin.py:190} INFO - [2026-09-14T06:50:39.596+0000] {dagbag.py:587} INFO - Filling up the DagBag from /opt/airflow/dags/Shi_HW 3.py
[2026-09-14T06:50:39.619+0000] {processor.py:925} INFO - DAG(s) 'WeatherToronto_ETL' retrieved from /opt/airflow/dags/Shi_HW 3.py
[2026-09-14T06:50:39.629+0000] {logging_mixin.py:190} INFO - [2026-09-14T06:50:39.629+0000] {dag.py:3229} INFO - Sync 1 DAGs
[2026-09-14T06:50:39.641+0000] {logging_mixin.py:190} INFO - [2026-09-14T06:50:39.641+0000] {dag.py:4156} INFO - Setting next_dagrun for WeatherToronto_ETL to 2026-09-13 18:00:00+00:00, run_after=2026-09-14 18:00:00+00:00
[2026-09-14T06:50:39.648+0000] {processor.py:208} INFO - Processing /opt/airflow/dags/Shi_HW 3.py took 0.065 seconds
[2026-09-14T06:51:09.934+0000] {processor.py:186} INFO - Started process (PID=47054) to work on /opt/airflow/dags/Shi_HW 3.py
[2026-09-14T06:51:09.938+0000] {processor.py:914} INFO - Processing file /opt/airflow/dags/Shi_HW 3.py for tasks to queue
[2026-09-14T06:51:09.939+0000] {logging_mixin.py:190} INFO - [2026-09-14T06:51:09.939+0000] {dagbag.py:587} INFO - Filling up the DagBag from /opt/airflow/dags/Shi_HW 3.py
[2026-09-14T06:51:09.954+0000] {processor.py:925} INFO - DAG(s) 'WeatherToronto_ETL' retrieved from /opt/airflow/dags/Shi_HW 3.py
[2026-09-14T06:51:09.963+0000] {logging_mixin.py:190} INFO - [2026-09-14T06:51:09.962+0000] {dag.py:3229} INFO - Sync 1 DAGs
[2026-09-14T06:51:09.973+0000] {logging_mixin.py:190} INFO - [2026-09-14T06:51:09.973+0000] {dag.py:4156} INFO - Setting next_dagrun for WeatherToronto_ETL to 2026-09-13 18:00:00+00:00, run_after=2026-09-14 18:00:00+00:00
[2026-09-14T06:51:09.979+0000] {processor.py:208} INFO - Processing /opt/airflow/dags/Shi_HW 3.py took 0.052 seconds
[2026-09-14T06:51:40.304+0000] {processor.py:186} INFO - Started process (PID=47065) to work on /opt/airflow/dags/Shi_HW 3.py
[2026-09-14T06:51:40.307+0000] {processor.py:914} INFO - Processing file /opt/airflow/dags/Shi_HW 3.py for tasks to queue
[2026-09-14T06:51:40.308+0000] {logging_mixin.py:190} INFO - [2026-09-14T06:51:40.308+0000] {dagbag.py:587} INFO - Filling up the DagBag from /opt/airflow/dags/Shi_HW 3.py
[2026-09-14T06:51:40.330+0000] {processor.py:925} INFO - DAG(s) 'WeatherToronto_ETL' retrieved from /opt/airflow/dags/Shi_HW 3.py
[2026-09-14T06:51:40.342+0000] {logging_mixin.py:190} INFO - [2026-09-14T06:51:40.341+0000] {dag.py:3229} INFO - Sync 1 DAGs
[2026-09-14T06:51:40.354+0000] {logging_mixin.py:190} INFO - [2026-09-14T06:51:40.354+0000] {dag.py:4156} INFO - Setting next_dagrun for WeatherToronto_ETL to 2026-09-13 18:00:00+00:00, run_after=2026-09-14 18:00:00+00:00
[2026-09-14T06:51:40.362+0000] {processor.py:208} INFO - Processing /opt/airflow/dags/Shi_HW 3.py took 0.066 seconds
[2026-09-14T06:52:10.677+0000] {processor.py:186} INFO - Started process (PID=47076) to work on /opt/airflow/dags/Shi_HW 3.py
[2026-09-14T06:52:10.681+0000] {processor.py:914} INFO - Processing file /opt/airflow/dags/Shi_HW 3.py for tasks to queue
[2026-09-14T06:52:10.682+0000] {logging_mixin.py:190} INFO - [2026-09-14T06:52:10.682+0000] {dagbag.py:587} INFO - Filling up the DagBag from /opt/airflow/dags/Shi_HW 3.py
[2026-09-14T06:52:10.701+0000] {processor.py:925} INFO - DAG(s) 'WeatherToronto_ETL' retrieved from /opt/airflow/dags/Shi_HW 3.py
[2026-09-14T06:52:10.711+0000] {logging_mixin.py:190} INFO - [2026-09-14T06:52:10.710+0000] {dag.py:3229} INFO - Sync 1 DAGs
[2026-09-14T06:52:10.722+0000] {logging_mixin.py:190} INFO - [2026-09-14T06:52:10.721+0000] {dag.py:4156} INFO - Setting next_dagrun for WeatherToronto_ETL to 2026-09-13 18:00:00+00:00, run_after=2026-09-14 18:00:00+00:00
[2026-09-14T06:52:10.727+0000] {processor.py:208} INFO - Processing /opt/airflow/dags/Shi_HW 3.py took 0.058 seconds
[2026-09-14T06:52:41.071+0000] {processor.py:186} INFO - Started process (PID=47087) to work on /opt/airflow/dags/Shi_HW 3.py
[2026-09-14T06:52:41.075+0000] {processor.py:914} INFO - Processing file /opt/airflow/dags/Shi_HW 3.py for tasks to queue
[2026-09-14T06:52:41.076+0000] {logging_mixin.py:190} INFO - [2026-09-14T06:52:41.076+0000] {dagbag.py:587} INFO - Filling up the DagBag from /opt/airflow/dags/Shi_HW 3.py
[2026-09-14T06:52:41.097+0000] {processor.py:925} INFO - DAG(s) 'WeatherToronto_ETL' retrieved from /opt/airflow/dags/Shi_HW 3.py
[2026-09-14T06:52:41.107+0000] {logging_mixin.py:190} INFO - [2026-09-14T06:52:41.106+0000] {dag.py:3229} INFO - Sync 1 DAGs
[2026-09-14T06:52:41.117+0000] {logging_mixin.py:190} INFO - [2026-09-14T06:52:41.117+0000] {dag.py:4156} INFO - Setting next_dagrun for WeatherToronto_ETL to 2026-09-13 18:00:00+00:00, run_after=2026-09-14 18:00:00+00:00
[2026-09-14T06:52:41.123+0000] {processor.py:208} INFO - Processing /opt/airflow/dags/Shi_HW 3.py took 0.059 seconds
[2026-09-14T06:53:11.409+0000] {processor.py:186} INFO - Started process (PID=47098) to work on /opt/airflow/dags/Shi_HW 3.py
[2026-09-14T06:53:11.414+0000] {processor.py:914} INFO - Processing file /opt/airflow/dags/Shi_HW 3.py for tasks to queue
[2026-09-14T06:53:11.415+0000] {logging_mixin.py:190} INFO - [2026-09-14T06:53:11.414+0000] {dagbag.py:587} INFO - Filling up the DagBag from /opt/airflow/dags/Shi_HW 3.py
[2026-09-14T06:53:11.431+0000] {processor.py:925} INFO - DAG(s) 'WeatherToronto_ETL' retrieved from /opt/airflow/dags/Shi_HW 3.py
[2026-09-14T06:53:11.440+0000] {logging_mixin.py:190} INFO - [2026-09-14T06:53:11.440+0000] {dag.py:3229} INFO - Sync 1 DAGs
[2026-09-14T06:53:11.450+0000] {logging_mixin.py:190} INFO - [2026-09-14T06:53:11.450+0000] {dag.py:4156} INFO - Setting next_dagrun for WeatherToronto_ETL to 2026-09-13 18:00:00+00:00, run_after=2026-09-14 18:00:00+00:00
[2026-09-14T06:53:11.457+0000] {processor.py:208} INFO - Processing /opt/airflow/dags/Shi_HW 3.py took 0.054 seconds
[2026-09-14T06:53:41.737+0000] {processor.py:186} INFO - Started process (PID=47109) to work on /opt/airflow/dags/Shi_HW 3.py
[2026-09-14T06:53:41.741+0000] {processor.py:914} INFO - Processing file /opt/airflow/dags/Shi_HW 3.py for tasks to queue
[2026-09-14T06:53:41.742+0000] {logging_mixin.py:190} INFO - [2026-09-14T06:53:41.742+0000] {dagbag.py:587} INFO - Filling up the DagBag from /opt/airflow/dags/Shi_HW 3.py
[2026-09-14T06:53:41.756+0000] {processor.py:925} INFO - DAG(s) 'WeatherToronto_ETL' retrieved from /opt/airflow/dags/Shi_HW 3.py
[2026-09-14T06:53:41.765+0000] {logging_mixin.py:190} INFO - [2026-09-14T06:53:41.764+0000] {dag.py:3229} INFO - Sync 1 DAGs
[2026-09-14T06:53:41.774+0000] {logging_mixin.py:190} INFO - [2026-09-14T06:53:41.774+0000] {dag.py:4156} INFO - Setting next_dagrun for WeatherToronto_ETL to 2026-09-13 18:00:00+00:00, run_after=2026-09-14 18:00:00+00:00
[2026-09-14T06:53:41.780+0000] {processor.py:208} INFO - Processing /opt/airflow/dags/Shi_HW 3.py took 0.048 seconds
[2026-09-14T06:54:12.141+0000] {processor.py:186} INFO - Started process (PID=47120) to work on /opt/airflow/dags/Shi_HW 3.py
[2026-09-14T06:54:12.146+0000] {processor.py:914} INFO - Processing file /opt/airflow/dags/Shi_HW 3.py for tasks to queue
[2026-09-14T06:54:12.147+0000] {logging_mixin.py:190} INFO - [2026-09-14T06:54:12.147+0000] {dagbag.py:587} INFO - Filling up the DagBag from /opt/airflow/dags/Shi_HW 3.py
[2026-09-14T06:54:12.172+0000] {processor.py:925} INFO - DAG(s) 'WeatherToronto_ETL' retrieved from /opt/airflow/dags/Shi_HW 3.py
[2026-09-14T06:54:12.186+0000] {logging_mixin.py:190} INFO - [2026-09-14T06:54:12.185+0000] {dag.py:3229} INFO - Sync 1 DAGs
[2026-09-14T06:54:12.202+0000] {logging_mixin.py:190} INFO - [2026-09-14T06:54:12.202+0000] {dag.py:4156} INFO - Setting next_dagrun for WeatherToronto_ETL to 2026-09-13 18:00:00+00:00, run_after=2026-09-14 18:00:00+00:00
[2026-09-14T06:54:12.210+0000] {processor.py:208} INFO - Processing /opt/airflow/dags/Shi_HW 3.py took 0.077 seconds
[2026-09-14T06:54:42.493+0000] {processor.py:186} INFO - Started process (PID=47131) to work on /opt/airflow/dags/Shi_HW 3.py
[2026-09-14T06:54:42.497+0000] {processor.py:914} INFO - Processing file /opt/airflow/dags/Shi_HW 3.py for tasks to queue
[2026-09-14T06:54:42.499+0000] {logging_mixin.py:190} INFO - [2026-09-14T06:54:42.499+0000] {dagbag.py:587} INFO - Filling up the DagBag from /opt/airflow/dags/Shi_HW 3.py
[2026-09-14T06:54:42.521+0000] {processor.py:925} INFO - DAG(s) 'WeatherToronto_ETL' retrieved from /opt/airflow/dags/Shi_HW 3.py
[2026-09-14T06:54:42.530+0000] {logging_mixin.py:190} INFO - [2026-09-14T06:54:42.530+0000] {dag.py:3229} INFO - Sync 1 DAGs
[2026-09-14T06:54:42.540+0000] {logging_mixin.py:190} INFO - [2026-09-14T06:54:42.540+0000] {dag.py:4156} INFO - Setting next_dagrun for WeatherToronto_ETL to 2026-09-13 18:00:00+00:00, run_after=2026-09-14 18:00:00+00:00
[2026-09-14T06:54:42.547+0000] {processor.py:208} INFO - Processing /opt/airflow/dags/Shi_HW 3.py took 0.063 seconds
[2026-09-14T06:55:12.875+0000] {processor.py:186} INFO - Started process (PID=47142) to work on /opt/airflow/dags/Shi_HW 3.py
[2026-09-14T06:55:12.881+0000] {processor.py:914} INFO - Processing file /opt/airflow/dags/Shi_HW 3.py for tasks to queue
[2026-09-14T06:55:12.882+0000] {logging_mixin.py:190} INFO - [2026-09-14T06:55:12.882+0000] {dagbag.py:587} INFO - Filling up the DagBag from /opt/airflow/dags/Shi_HW 3.py
[2026-09-14T06:55:12.901+0000] {processor.py:925} INFO - DAG(s) 'WeatherToronto_ETL' retrieved from /opt/airflow/dags/Shi_HW 3.py
[2026-09-14T06:55:12.910+0000] {logging_mixin.py:190} INFO - [2026-09-14T06:55:12.909+0000] {dag.py:3229} INFO - Sync 1 DAGs
[2026-09-14T06:55:12.920+0000] {logging_mixin.py:190} INFO - [2026-09-14T06:55:12.920+0000] {dag.py:4156} INFO - Setting next_dagrun for WeatherToronto_ETL to 2026-09-13 18:00:00+00:00, run_after=2026-09-14 18:00:00+00:00
[2026-09-14T06:55:12.926+0000] {processor.py:208} INFO - Processing /opt/airflow/dags/Shi_HW 3.py took 0.060 seconds
[2026-09-14T06:55:43.234+0000] {processor.py:186} INFO - Started process (PID=47153) to work on /opt/airflow/dags/Shi_HW 3.py
[2026-09-14T06:55:43.238+0000] {processor.py:914} INFO - Processing file /opt/airflow/dags/Shi_HW 3.py for tasks to queue
[2026-09-14T06:55:43.239+0000] {logging_mixin.py:190} INFO - [2026-09-14T06:55:43.239+0000] {dagbag.py:587} INFO - Filling up the DagBag from /opt/airflow/dags/Shi_HW 3.py
[2026-09-14T06:55:43.258+0000] {processor.py:925} INFO - DAG(s) 'WeatherToronto_ETL' retrieved from /opt/airflow/dags/Shi_HW 3.py
[2026-09-14T06:55:43.271+0000] {logging_mixin.py:190} INFO - [2026-09-14T06:55:43.269+0000] {dag.py:3229} INFO - Sync 1 DAGs
[2026-09-14T06:55:43.283+0000] {logging_mixin.py:190} INFO - [2026-09-14T06:55:43.283+0000] {dag.py:4156} INFO - Setting next_dagrun for WeatherToronto_ETL to 2026-09-13 18:00:00+00:00, run_after=2026-09-14 18:00:00+00:00
[2026-09-14T06:55:43.290+0000] {processor.py:208} INFO - Processing /opt/airflow/dags/Shi_HW 3.py took 0.063 seconds
[2026-09-14T06:56:13.601+0000] {processor.py:186} INFO - Started process (PID=47164) to work on /opt/airflow/dags/Shi_HW 3.py
[2026-09-14T06:56:13.606+0000] {processor.py:914} INFO - Processing file /opt/airflow/dags/Shi_HW 3.py for tasks to queue
[2026-09-14T06:56:13.606+0000] {logging_mixin.py:190} INFO - [2026-09-14T06:56:13.606+0000] {dagbag.py:587} INFO - Filling up the DagBag from /opt/airflow/dags/Shi_HW 3.py
[2026-09-14T06:56:13.623+0000] {processor.py:925} INFO - DAG(s) 'WeatherToronto_ETL' retrieved from /opt/airflow/dags/Shi_HW 3.py
[2026-09-14T06:56:13.631+0000] {logging_mixin.py:190} INFO - [2026-09-14T06:56:13.631+0000] {dag.py:3229} INFO - Sync 1 DAGs
[2026-09-14T06:56:13.641+0000] {logging_mixin.py:190} INFO - [2026-09-14T06:56:13.641+0000] {dag.py:4156} INFO - Setting next_dagrun for WeatherToronto_ETL to 2026-09-13 18:00:00+00:00, run_after=2026-09-14 18:00:00+00:00
[2026-09-14T06:56:13.647+0000] {processor.py:208} INFO - Processing /opt/airflow/dags/Shi_HW 3.py took 0.053 seconds
[2026-09-14T06:56:43.984+0000] {processor.py:186} INFO - Started process (PID=47175) to work on /opt/airflow/dags/Shi_HW 3.py
[2026-09-14T06:56:43.989+0000] {processor.py:914} INFO - Processing file /opt/airflow/dags/Shi_HW 3.py for tasks to queue
[2026-09-14T06:56:43.990+0000] {logging_mixin.py:190} INFO - [2026-09-14T06:56:43.990+0000] {dagbag.py:587} INFO - Filling up the DagBag from /opt/airflow/dags/Shi_HW 3.py
[2026-09-14T06:56:44.009+0000] {processor.py:925} INFO - DAG(s) 'WeatherToronto_ETL' retrieved from /opt/airflow/dags/Shi_HW 3.py
[2026-09-14T06:56:44.019+0000] {logging_mixin.py:190} INFO - [2026-09-14T06:56:44.018+0000] {dag.py:3229} INFO - Sync 1 DAGs
[2026-09-14T06:56:44.029+0000] {logging_mixin.py:190} INFO - [2026-09-14T06:56:44.029+0000] {dag.py:4156} INFO - Setting next_dagrun for WeatherToronto_ETL to 2026-09-13 18:00:00+00:00, run_after=2026-09-14 18:00:00+00:00
[2026-09-14T06:56:44.036+0000] {processor.py:208} INFO - Processing /opt/airflow/dags/Shi_HW 3.py took 0.058 seconds
[2026-09-14T06:57:14.364+0000] {processor.py:186} INFO - Started process (PID=47186) to work on /opt/airflow/dags/Shi_HW 3.py
[2026-09-14T06:57:14.368+0000] {processor.py:914} INFO - Processing file /opt/airflow/dags/Shi_HW 3.py for tasks to queue
[2026-09-14T06:57:14.370+0000] {logging_mixin.py:190} INFO - [2026-09-14T06:57:14.369+0000] {dagbag.py:587} INFO - Filling up the DagBag from /opt/airflow/dags/Shi_HW 3.py
[2026-09-14T06:57:14.391+0000] {processor.py:925} INFO - DAG(s) 'WeatherToronto_ETL' retrieved from /opt/airflow/dags/Shi_HW 3.py
[2026-09-14T06:57:14.400+0000] {logging_mixin.py:190} INFO - [2026-09-14T06:57:14.399+0000] {dag.py:3229} INFO - Sync 1 DAGs
[2026-09-14T06:57:14.410+0000] {logging_mixin.py:190} INFO - [2026-09-14T06:57:14.410+0000] {dag.py:4156} INFO - Setting next_dagrun for WeatherToronto_ETL to 2026-09-13 18:00:00+00:00, run_after=2026-09-14 18:00:00+00:00
[2026-09-14T06:57:14.416+0000] {processor.py:208} INFO - Processing /opt/airflow/dags/Shi_HW 3.py took 0.059 seconds
[2026-09-14T06:57:44.818+0000] {processor.py:186} INFO - Started process (PID=47196) to work on /opt/airflow/dags/Shi_HW 3.py
[2026-09-14T06:57:44.824+0000] {processor.py:914} INFO - Processing file /opt/airflow/dags/Shi_HW 3.py for tasks to queue
[2026-09-14T06:57:44.826+0000] {logging_mixin.py:190} INFO - [2026-09-14T06:57:44.826+0000] {dagbag.py:587} INFO - Filling up the DagBag from /opt/airflow/dags/Shi_HW 3.py
[2026-09-14T06:57:44.870+0000] {processor.py:925} INFO - DAG(s) 'WeatherToronto_ETL' retrieved from /opt/airflow/dags/Shi_HW 3.py
[2026-09-14T06:57:44.892+0000] {logging_mixin.py:190} INFO - [2026-09-14T06:57:44.889+0000] {dag.py:3229} INFO - Sync 1 DAGs
[2026-09-14T06:57:44.917+0000] {logging_mixin.py:190} INFO - [2026-09-14T06:57:44.917+0000] {dag.py:4156} INFO - Setting next_dagrun for WeatherToronto_ETL to 2026-09-13 18:00:00+00:00, run_after=2026-09-14 18:00:00+00:00
[2026-09-14T06:57:44.926+0000] {processor.py:208} INFO - Processing /opt/airflow/dags/Shi_HW 3.py took 0.125 seconds
[2026-09-14T07:13:02.887+0000] {processor.py:186} INFO - Started process (PID=47207) to work on /opt/airflow/dags/Shi_HW 3.py
[2026-09-14T07:13:02.890+0000] {processor.py:914} INFO - Processing file /opt/airflow/dags/Shi_HW 3.py for tasks to queue
[2026-09-14T07:13:02.891+0000] {logging_mixin.py:190} INFO - [2026-09-14T07:13:02.890+0000] {dagbag.py:587} INFO - Filling up the DagBag from /opt/airflow/dags/Shi_HW 3.py
[2026-09-14T07:13:02.904+0000] {processor.py:925} INFO - DAG(s) 'WeatherToronto_ETL' retrieved from /opt/airflow/dags/Shi_HW 3.py
[2026-09-14T07:13:02.911+0000] {logging_mixin.py:190} INFO - [2026-09-14T07:13:02.911+0000] {dag.py:3229} INFO - Sync 1 DAGs
[2026-09-14T07:13:02.921+0000] {logging_mixin.py:190} INFO - [2026-09-14T07:13:02.921+0000] {dag.py:4156} INFO - Setting next_dagrun for WeatherToronto_ETL to 2026-09-13 18:00:00+00:00, run_after=2026-09-14 18:00:00+00:00
[2026-09-14T07:13:02.929+0000] {processor.py:208} INFO - Processing /opt/airflow/dags/Shi_HW 3.py took 0.045 seconds
[2026-09-14T07:13:34.288+0000] {processor.py:186} INFO - Started process (PID=47218) to work on /opt/airflow/dags/Shi_HW 3.py
[2026-09-14T07:13:34.293+0000] {processor.py:914} INFO - Processing file /opt/airflow/dags/Shi_HW 3.py for tasks to queue
[2026-09-14T07:13:34.294+0000] {logging_mixin.py:190} INFO - [2026-09-14T07:13:34.293+0000] {dagbag.py:587} INFO - Filling up the DagBag from /opt/airflow/dags/Shi_HW 3.py
[2026-09-14T07:13:34.311+0000] {processor.py:925} INFO - DAG(s) 'WeatherToronto_ETL' retrieved from /opt/airflow/dags/Shi_HW 3.py
[2026-09-14T07:13:34.320+0000] {logging_mixin.py:190} INFO - [2026-09-14T07:13:34.319+0000] {dag.py:3229} INFO - Sync 1 DAGs
[2026-09-14T07:13:34.331+0000] {logging_mixin.py:190} INFO - [2026-09-14T07:13:34.331+0000] {dag.py:4156} INFO - Setting next_dagrun for WeatherToronto_ETL to 2026-09-13 18:00:00+00:00, run_after=2026-09-14 18:00:00+00:00
[2026-09-14T07:13:34.338+0000] {processor.py:208} INFO - Processing /opt/airflow/dags/Shi_HW 3.py took 0.056 seconds
[2026-09-14T08:01:44.774+0000] {processor.py:186} INFO - Started process (PID=47229) to work on /opt/airflow/dags/Shi_HW 3.py
[2026-09-14T08:01:44.776+0000] {processor.py:914} INFO - Processing file /opt/airflow/dags/Shi_HW 3.py for tasks to queue
[2026-09-14T08:01:44.777+0000] {logging_mixin.py:190} INFO - [2026-09-14T08:01:44.777+0000] {dagbag.py:587} INFO - Filling up the DagBag from /opt/airflow/dags/Shi_HW 3.py
[2026-09-14T08:01:44.806+0000] {processor.py:925} INFO - DAG(s) 'WeatherToronto_ETL' retrieved from /opt/airflow/dags/Shi_HW 3.py
[2026-09-14T08:01:44.824+0000] {logging_mixin.py:190} INFO - [2026-09-14T08:01:44.823+0000] {dag.py:3229} INFO - Sync 1 DAGs
[2026-09-14T08:01:44.838+0000] {logging_mixin.py:190} INFO - [2026-09-14T08:01:44.838+0000] {dag.py:4156} INFO - Setting next_dagrun for WeatherToronto_ETL to 2026-09-13 18:00:00+00:00, run_after=2026-09-14 18:00:00+00:00
[2026-09-14T08:01:44.848+0000] {processor.py:208} INFO - Processing /opt/airflow/dags/Shi_HW 3.py took 0.086 seconds
[2026-09-14T08:17:39.282+0000] {processor.py:186} INFO - Started process (PID=47240) to work on /opt/airflow/dags/Shi_HW 3.py
[2026-09-14T08:17:39.287+0000] {processor.py:914} INFO - Processing file /opt/airflow/dags/Shi_HW 3.py for tasks to queue
[2026-09-14T08:17:39.291+0000] {logging_mixin.py:190} INFO - [2026-09-14T08:17:39.290+0000] {dagbag.py:587} INFO - Filling up the DagBag from /opt/airflow/dags/Shi_HW 3.py
[2026-09-14T08:17:39.327+0000] {processor.py:925} INFO - DAG(s) 'WeatherToronto_ETL' retrieved from /opt/airflow/dags/Shi_HW 3.py
[2026-09-14T08:17:39.348+0000] {logging_mixin.py:190} INFO - [2026-09-14T08:17:39.344+0000] {dag.py:3229} INFO - Sync 1 DAGs
[2026-09-14T08:17:39.372+0000] {logging_mixin.py:190} INFO - [2026-09-14T08:17:39.371+0000] {dag.py:4156} INFO - Setting next_dagrun for WeatherToronto_ETL to 2026-09-13 18:00:00+00:00, run_after=2026-09-14 18:00:00+00:00
[2026-09-14T08:17:39.386+0000] {processor.py:208} INFO - Processing /opt/airflow/dags/Shi_HW 3.py took 0.115 seconds
[2026-09-14T08:33:14.803+0000] {processor.py:186} INFO - Started process (PID=47251) to work on /opt/airflow/dags/Shi_HW 3.py
[2026-09-14T08:33:14.808+0000] {processor.py:914} INFO - Processing file /opt/airflow/dags/Shi_HW 3.py for tasks to queue
[2026-09-14T08:33:14.808+0000] {logging_mixin.py:190} INFO - [2026-09-14T08:33:14.808+0000] {dagbag.py:587} INFO - Filling up the DagBag from /opt/airflow/dags/Shi_HW 3.py
[2026-09-14T08:33:14.823+0000] {processor.py:925} INFO - DAG(s) 'WeatherToronto_ETL' retrieved from /opt/airflow/dags/Shi_HW 3.py
[2026-09-14T08:33:14.832+0000] {logging_mixin.py:190} INFO - [2026-09-14T08:33:14.831+0000] {dag.py:3229} INFO - Sync 1 DAGs
[2026-09-14T08:33:14.841+0000] {logging_mixin.py:190} INFO - [2026-09-14T08:33:14.840+0000] {dag.py:4156} INFO - Setting next_dagrun for WeatherToronto_ETL to 2026-09-13 18:00:00+00:00, run_after=2026-09-14 18:00:00+00:00
[2026-09-14T08:33:14.846+0000] {processor.py:208} INFO - Processing /opt/airflow/dags/Shi_HW 3.py took 0.050 seconds
[2026-09-14T08:49:46.797+0000] {processor.py:186} INFO - Started process (PID=47262) to work on /opt/airflow/dags/Shi_HW 3.py
[2026-09-14T08:49:46.800+0000] {processor.py:914} INFO - Processing file /opt/airflow/dags/Shi_HW 3.py for tasks to queue
[2026-09-14T08:49:46.801+0000] {logging_mixin.py:190} INFO - [2026-09-14T08:49:46.801+0000] {dagbag.py:587} INFO - Filling up the DagBag from /opt/airflow/dags/Shi_HW 3.py
[2026-09-14T08:49:46.833+0000] {processor.py:925} INFO - DAG(s) 'WeatherToronto_ETL' retrieved from /opt/airflow/dags/Shi_HW 3.py
[2026-09-14T08:49:46.851+0000] {logging_mixin.py:190} INFO - [2026-09-14T08:49:46.849+0000] {dag.py:3229} INFO - Sync 1 DAGs
[2026-09-14T08:49:46.863+0000] {logging_mixin.py:190} INFO - [2026-09-14T08:49:46.863+0000] {dag.py:4156} INFO - Setting next_dagrun for WeatherToronto_ETL to 2026-09-13 18:00:00+00:00, run_after=2026-09-14 18:00:00+00:00
[2026-09-14T08:49:46.870+0000] {processor.py:208} INFO - Processing /opt/airflow/dags/Shi_HW 3.py took 0.080 seconds
[2026-09-14T08:58:56.435+0000] {processor.py:186} INFO - Started process (PID=47273) to work on /opt/airflow/dags/Shi_HW 3.py
[2026-09-14T08:58:56.439+0000] {processor.py:914} INFO - Processing file /opt/airflow/dags/Shi_HW 3.py for tasks to queue
[2026-09-14T08:58:56.440+0000] {logging_mixin.py:190} INFO - [2026-09-14T08:58:56.440+0000] {dagbag.py:587} INFO - Filling up the DagBag from /opt/airflow/dags/Shi_HW 3.py
[2026-09-14T08:58:56.467+0000] {processor.py:925} INFO - DAG(s) 'WeatherToronto_ETL' retrieved from /opt/airflow/dags/Shi_HW 3.py
[2026-09-14T08:58:56.482+0000] {logging_mixin.py:190} INFO - [2026-09-14T08:58:56.481+0000] {dag.py:3229} INFO - Sync 1 DAGs
[2026-09-14T08:58:56.494+0000] {logging_mixin.py:190} INFO - [2026-09-14T08:58:56.494+0000] {dag.py:4156} INFO - Setting next_dagrun for WeatherToronto_ETL to 2026-09-13 18:00:00+00:00, run_after=2026-09-14 18:00:00+00:00
[2026-09-14T08:58:56.502+0000] {processor.py:208} INFO - Processing /opt/airflow/dags/Shi_HW 3.py took 0.077 seconds
[2026-09-14T09:03:48.988+0000] {processor.py:186} INFO - Started process (PID=47284) to work on /opt/airflow/dags/Shi_HW 3.py
[2026-09-14T09:03:48.994+0000] {processor.py:914} INFO - Processing file /opt/airflow/dags/Shi_HW 3.py for tasks to queue
[2026-09-14T09:03:48.995+0000] {logging_mixin.py:190} INFO - [2026-09-14T09:03:48.995+0000] {dagbag.py:587} INFO - Filling up the DagBag from /opt/airflow/dags/Shi_HW 3.py
[2026-09-14T09:03:49.011+0000] {processor.py:925} INFO - DAG(s) 'WeatherToronto_ETL' retrieved from /opt/airflow/dags/Shi_HW 3.py
[2026-09-14T09:03:49.019+0000] {logging_mixin.py:190} INFO - [2026-09-14T09:03:49.018+0000] {dag.py:3229} INFO - Sync 1 DAGs
[2026-09-14T09:03:49.029+0000] {logging_mixin.py:190} INFO - [2026-09-14T09:03:49.029+0000] {dag.py:4156} INFO - Setting next_dagrun for WeatherToronto_ETL to 2026-09-13 18:00:00+00:00, run_after=2026-09-14 18:00:00+00:00
[2026-09-14T09:03:49.034+0000] {processor.py:208} INFO - Processing /opt/airflow/dags/Shi_HW 3.py took 0.051 seconds
[2026-09-14T09:04:19.465+0000] {processor.py:186} INFO - Started process (PID=47295) to work on /opt/airflow/dags/Shi_HW 3.py
[2026-09-14T09:04:19.470+0000] {processor.py:914} INFO - Processing file /opt/airflow/dags/Shi_HW 3.py for tasks to queue
[2026-09-14T09:04:19.471+0000] {logging_mixin.py:190} INFO - [2026-09-14T09:04:19.471+0000] {dagbag.py:587} INFO - Filling up the DagBag from /opt/airflow/dags/Shi_HW 3.py
[2026-09-14T09:04:19.488+0000] {processor.py:925} INFO - DAG(s) 'WeatherToronto_ETL' retrieved from /opt/airflow/dags/Shi_HW 3.py
[2026-09-14T09:04:19.497+0000] {logging_mixin.py:190} INFO - [2026-09-14T09:04:19.496+0000] {dag.py:3229} INFO - Sync 1 DAGs
[2026-09-14T09:04:19.506+0000] {logging_mixin.py:190} INFO - [2026-09-14T09:04:19.506+0000] {dag.py:4156} INFO - Setting next_dagrun for WeatherToronto_ETL to 2026-09-13 18:00:00+00:00, run_after=2026-09-14 18:00:00+00:00
[2026-09-14T09:04:19.511+0000] {processor.py:208} INFO - Processing /opt/airflow/dags/Shi_HW 3.py took 0.054 seconds
[2026-09-14T09:04:50.642+0000] {processor.py:186} INFO - Started process (PID=47306) to work on /opt/airflow/dags/Shi_HW 3.py
[2026-09-14T09:04:50.647+0000] {processor.py:914} INFO - Processing file /opt/airflow/dags/Shi_HW 3.py for tasks to queue
[2026-09-14T09:04:50.647+0000] {logging_mixin.py:190} INFO - [2026-09-14T09:04:50.647+0000] {dagbag.py:587} INFO - Filling up the DagBag from /opt/airflow/dags/Shi_HW 3.py
[2026-09-14T09:04:50.665+0000] {processor.py:925} INFO - DAG(s) 'WeatherToronto_ETL' retrieved from /opt/airflow/dags/Shi_HW 3.py
[2026-09-14T09:04:50.673+0000] {logging_mixin.py:190} INFO - [2026-09-14T09:04:50.673+0000] {dag.py:3229} INFO - Sync 1 DAGs
[2026-09-14T09:04:50.683+0000] {logging_mixin.py:190} INFO - [2026-09-14T09:04:50.683+0000] {dag.py:4156} INFO - Setting next_dagrun for WeatherToronto_ETL to 2026-09-13 18:00:00+00:00, run_after=2026-09-14 18:00:00+00:00
[2026-09-14T09:04:50.688+0000] {processor.py:208} INFO - Processing /opt/airflow/dags/Shi_HW 3.py took 0.053 seconds
[2026-09-14T09:05:55.980+0000] {processor.py:186} INFO - Started process (PID=47317) to work on /opt/airflow/dags/Shi_HW 3.py
[2026-09-14T09:05:55.984+0000] {processor.py:914} INFO - Processing file /opt/airflow/dags/Shi_HW 3.py for tasks to queue
[2026-09-14T09:05:55.985+0000] {logging_mixin.py:190} INFO - [2026-09-14T09:05:55.985+0000] {dagbag.py:587} INFO - Filling up the DagBag from /opt/airflow/dags/Shi_HW 3.py
[2026-09-14T09:05:56.019+0000] {processor.py:925} INFO - DAG(s) 'WeatherToronto_ETL' retrieved from /opt/airflow/dags/Shi_HW 3.py
[2026-09-14T09:05:56.035+0000] {logging_mixin.py:190} INFO - [2026-09-14T09:05:56.032+0000] {dag.py:3229} INFO - Sync 1 DAGs
[2026-09-14T09:05:56.055+0000] {logging_mixin.py:190} INFO - [2026-09-14T09:05:56.055+0000] {dag.py:4156} INFO - Setting next_dagrun for WeatherToronto_ETL to 2026-09-13 18:00:00+00:00, run_after=2026-09-14 18:00:00+00:00
[2026-09-14T09:05:56.062+0000] {processor.py:208} INFO - Processing /opt/airflow/dags/Shi_HW 3.py took 0.087 seconds
[2026-09-14T09:22:04.822+0000] {processor.py:186} INFO - Started process (PID=47328) to work on /opt/airflow/dags/Shi_HW 3.py
[2026-09-14T09:22:04.825+0000] {processor.py:914} INFO - Processing file /opt/airflow/dags/Shi_HW 3.py for tasks to queue
[2026-09-14T09:22:04.826+0000] {logging_mixin.py:190} INFO - [2026-09-14T09:22:04.826+0000] {dagbag.py:587} INFO - Filling up the DagBag from /opt/airflow/dags/Shi_HW 3.py
[2026-09-14T09:22:04.849+0000] {processor.py:925} INFO - DAG(s) 'WeatherToronto_ETL' retrieved from /opt/airflow/dags/Shi_HW 3.py
[2026-09-14T09:22:04.859+0000] {logging_mixin.py:190} INFO - [2026-09-14T09:22:04.858+0000] {dag.py:3229} INFO - Sync 1 DAGs
[2026-09-14T09:22:04.871+0000] {logging_mixin.py:190} INFO - [2026-09-14T09:22:04.871+0000] {dag.py:4156} INFO - Setting next_dagrun for WeatherToronto_ETL to 2026-09-13 18:00:00+00:00, run_after=2026-09-14 18:00:00+00:00
[2026-09-14T09:22:04.878+0000] {processor.py:208} INFO - Processing /opt/airflow/dags/Shi_HW 3.py took 0.064 seconds
[2026-09-14T09:57:18.266+0000] {processor.py:186} INFO - Started process (PID=47339) to work on /opt/airflow/dags/Shi_HW 3.py
[2026-09-14T09:57:18.269+0000] {processor.py:914} INFO - Processing file /opt/airflow/dags/Shi_HW 3.py for tasks to queue
[2026-09-14T09:57:18.270+0000] {logging_mixin.py:190} INFO - [2026-09-14T09:57:18.269+0000] {dagbag.py:587} INFO - Filling up the DagBag from /opt/airflow/dags/Shi_HW 3.py
[2026-09-14T09:57:18.294+0000] {processor.py:925} INFO - DAG(s) 'WeatherToronto_ETL' retrieved from /opt/airflow/dags/Shi_HW 3.py
[2026-09-14T09:57:18.310+0000] {logging_mixin.py:190} INFO - [2026-09-14T09:57:18.308+0000] {dag.py:3229} INFO - Sync 1 DAGs
[2026-09-14T09:57:18.328+0000] {logging_mixin.py:190} INFO - [2026-09-14T09:57:18.328+0000] {dag.py:4156} INFO - Setting next_dagrun for WeatherToronto_ETL to 2026-09-13 18:00:00+00:00, run_after=2026-09-14 18:00:00+00:00
[2026-09-14T09:57:18.336+0000] {processor.py:208} INFO - Processing /opt/airflow/dags/Shi_HW 3.py took 0.076 seconds
[2026-09-14T10:32:04.080+0000] {processor.py:186} INFO - Started process (PID=47350) to work on /opt/airflow/dags/Shi_HW 3.py
[2026-09-14T10:32:04.084+0000] {processor.py:914} INFO - Processing file /opt/airflow/dags/Shi_HW 3.py for tasks to queue
[2026-09-14T10:32:04.085+0000] {logging_mixin.py:190} INFO - [2026-09-14T10:32:04.084+0000] {dagbag.py:587} INFO - Filling up the DagBag from /opt/airflow/dags/Shi_HW 3.py
[2026-09-14T10:32:04.105+0000] {processor.py:925} INFO - DAG(s) 'WeatherToronto_ETL' retrieved from /opt/airflow/dags/Shi_HW 3.py
[2026-09-14T10:32:04.118+0000] {logging_mixin.py:190} INFO - [2026-09-14T10:32:04.117+0000] {dag.py:3229} INFO - Sync 1 DAGs
[2026-09-14T10:32:04.130+0000] {logging_mixin.py:190} INFO - [2026-09-14T10:32:04.130+0000] {dag.py:4156} INFO - Setting next_dagrun for WeatherToronto_ETL to 2026-09-13 18:00:00+00:00, run_after=2026-09-14 18:00:00+00:00
[2026-09-14T10:32:04.137+0000] {processor.py:208} INFO - Processing /opt/airflow/dags/Shi_HW 3.py took 0.063 seconds
[2026-09-14T11:39:46.360+0000] {processor.py:186} INFO - Started process (PID=47361) to work on /opt/airflow/dags/Shi_HW 3.py
[2026-09-14T11:39:46.365+0000] {processor.py:914} INFO - Processing file /opt/airflow/dags/Shi_HW 3.py for tasks to queue
[2026-09-14T11:39:46.366+0000] {logging_mixin.py:190} INFO - [2026-09-14T11:39:46.365+0000] {dagbag.py:587} INFO - Filling up the DagBag from /opt/airflow/dags/Shi_HW 3.py
[2026-09-14T11:39:46.398+0000] {processor.py:925} INFO - DAG(s) 'WeatherToronto_ETL' retrieved from /opt/airflow/dags/Shi_HW 3.py
[2026-09-14T11:39:46.421+0000] {logging_mixin.py:190} INFO - [2026-09-14T11:39:46.419+0000] {dag.py:3229} INFO - Sync 1 DAGs
[2026-09-14T11:39:46.435+0000] {logging_mixin.py:190} INFO - [2026-09-14T11:39:46.435+0000] {dag.py:4156} INFO - Setting next_dagrun for WeatherToronto_ETL to 2026-09-13 18:00:00+00:00, run_after=2026-09-14 18:00:00+00:00
[2026-09-14T11:39:46.446+0000] {processor.py:208} INFO - Processing /opt/airflow/dags/Shi_HW 3.py took 0.094 seconds
[2026-09-14T11:58:11.167+0000] {processor.py:186} INFO - Started process (PID=47372) to work on /opt/airflow/dags/Shi_HW 3.py
[2026-09-14T11:58:11.171+0000] {processor.py:914} INFO - Processing file /opt/airflow/dags/Shi_HW 3.py for tasks to queue
[2026-09-14T11:58:11.171+0000] {logging_mixin.py:190} INFO - [2026-09-14T11:58:11.171+0000] {dagbag.py:587} INFO - Filling up the DagBag from /opt/airflow/dags/Shi_HW 3.py
[2026-09-14T11:58:11.188+0000] {processor.py:925} INFO - DAG(s) 'WeatherToronto_ETL' retrieved from /opt/airflow/dags/Shi_HW 3.py
[2026-09-14T11:58:11.198+0000] {logging_mixin.py:190} INFO - [2026-09-14T11:58:11.197+0000] {dag.py:3229} INFO - Sync 1 DAGs
[2026-09-14T11:58:11.209+0000] {logging_mixin.py:190} INFO - [2026-09-14T11:58:11.209+0000] {dag.py:4156} INFO - Setting next_dagrun for WeatherToronto_ETL to 2026-09-13 18:00:00+00:00, run_after=2026-09-14 18:00:00+00:00
[2026-09-14T11:58:11.215+0000] {processor.py:208} INFO - Processing /opt/airflow/dags/Shi_HW 3.py took 0.053 seconds
[2026-09-14T12:46:13.773+0000] {processor.py:186} INFO - Started process (PID=47383) to work on /opt/airflow/dags/Shi_HW 3.py
[2026-09-14T12:46:13.776+0000] {processor.py:914} INFO - Processing file /opt/airflow/dags/Shi_HW 3.py for tasks to queue
[2026-09-14T12:46:13.778+0000] {logging_mixin.py:190} INFO - [2026-09-14T12:46:13.777+0000] {dagbag.py:587} INFO - Filling up the DagBag from /opt/airflow/dags/Shi_HW 3.py
[2026-09-14T12:46:13.814+0000] {processor.py:925} INFO - DAG(s) 'WeatherToronto_ETL' retrieved from /opt/airflow/dags/Shi_HW 3.py
[2026-09-14T12:46:13.832+0000] {logging_mixin.py:190} INFO - [2026-09-14T12:46:13.831+0000] {dag.py:3229} INFO - Sync 1 DAGs
[2026-09-14T12:46:13.851+0000] {logging_mixin.py:190} INFO - [2026-09-14T12:46:13.851+0000] {dag.py:4156} INFO - Setting next_dagrun for WeatherToronto_ETL to 2026-09-13 18:00:00+00:00, run_after=2026-09-14 18:00:00+00:00
[2026-09-14T12:46:13.864+0000] {processor.py:208} INFO - Processing /opt/airflow/dags/Shi_HW 3.py took 0.098 seconds
[2026-09-14T12:56:30.672+0000] {processor.py:186} INFO - Started process (PID=47394) to work on /opt/airflow/dags/Shi_HW 3.py
[2026-09-14T12:56:30.676+0000] {processor.py:914} INFO - Processing file /opt/airflow/dags/Shi_HW 3.py for tasks to queue
[2026-09-14T12:56:30.677+0000] {logging_mixin.py:190} INFO - [2026-09-14T12:56:30.677+0000] {dagbag.py:587} INFO - Filling up the DagBag from /opt/airflow/dags/Shi_HW 3.py
[2026-09-14T12:56:30.699+0000] {processor.py:925} INFO - DAG(s) 'WeatherToronto_ETL' retrieved from /opt/airflow/dags/Shi_HW 3.py
[2026-09-14T12:56:30.712+0000] {logging_mixin.py:190} INFO - [2026-09-14T12:56:30.710+0000] {dag.py:3229} INFO - Sync 1 DAGs
[2026-09-14T12:56:30.724+0000] {logging_mixin.py:190} INFO - [2026-09-14T12:56:30.724+0000] {dag.py:4156} INFO - Setting next_dagrun for WeatherToronto_ETL to 2026-09-13 18:00:00+00:00, run_after=2026-09-14 18:00:00+00:00
[2026-09-14T12:56:30.732+0000] {processor.py:208} INFO - Processing /opt/airflow/dags/Shi_HW 3.py took 0.067 seconds
[2026-09-14T13:12:21.708+0000] {processor.py:186} INFO - Started process (PID=47405) to work on /opt/airflow/dags/Shi_HW 3.py
[2026-09-14T13:12:21.713+0000] {processor.py:914} INFO - Processing file /opt/airflow/dags/Shi_HW 3.py for tasks to queue
[2026-09-14T13:12:21.713+0000] {logging_mixin.py:190} INFO - [2026-09-14T13:12:21.713+0000] {dagbag.py:587} INFO - Filling up the DagBag from /opt/airflow/dags/Shi_HW 3.py
[2026-09-14T13:12:21.731+0000] {processor.py:925} INFO - DAG(s) 'WeatherToronto_ETL' retrieved from /opt/airflow/dags/Shi_HW 3.py
[2026-09-14T13:12:21.741+0000] {logging_mixin.py:190} INFO - [2026-09-14T13:12:21.740+0000] {dag.py:3229} INFO - Sync 1 DAGs
[2026-09-14T13:12:21.751+0000] {logging_mixin.py:190} INFO - [2026-09-14T13:12:21.751+0000] {dag.py:4156} INFO - Setting next_dagrun for WeatherToronto_ETL to 2026-09-13 18:00:00+00:00, run_after=2026-09-14 18:00:00+00:00
[2026-09-14T13:12:21.757+0000] {processor.py:208} INFO - Processing /opt/airflow/dags/Shi_HW 3.py took 0.057 seconds
[2026-09-14T14:00:23.907+0000] {processor.py:186} INFO - Started process (PID=47416) to work on /opt/airflow/dags/Shi_HW 3.py
[2026-09-14T14:00:23.911+0000] {processor.py:914} INFO - Processing file /opt/airflow/dags/Shi_HW 3.py for tasks to queue
[2026-09-14T14:00:23.913+0000] {logging_mixin.py:190} INFO - [2026-09-14T14:00:23.912+0000] {dagbag.py:587} INFO - Filling up the DagBag from /opt/airflow/dags/Shi_HW 3.py
[2026-09-14T14:00:23.949+0000] {processor.py:925} INFO - DAG(s) 'WeatherToronto_ETL' retrieved from /opt/airflow/dags/Shi_HW 3.py
[2026-09-14T14:00:23.970+0000] {logging_mixin.py:190} INFO - [2026-09-14T14:00:23.967+0000] {dag.py:3229} INFO - Sync 1 DAGs
[2026-09-14T14:00:23.987+0000] {logging_mixin.py:190} INFO - [2026-09-14T14:00:23.986+0000] {dag.py:4156} INFO - Setting next_dagrun for WeatherToronto_ETL to 2026-09-13 18:00:00+00:00, run_after=2026-09-14 18:00:00+00:00
[2026-09-14T14:00:23.996+0000] {processor.py:208} INFO - Processing /opt/airflow/dags/Shi_HW 3.py took 0.102 seconds
[2026-09-14T14:16:29.518+0000] {processor.py:186} INFO - Started process (PID=47427) to work on /opt/airflow/dags/Shi_HW 3.py
[2026-09-14T14:16:29.522+0000] {processor.py:914} INFO - Processing file /opt/airflow/dags/Shi_HW 3.py for tasks to queue
[2026-09-14T14:16:29.524+0000] {logging_mixin.py:190} INFO - [2026-09-14T14:16:29.523+0000] {dagbag.py:587} INFO - Filling up the DagBag from /opt/airflow/dags/Shi_HW 3.py
[2026-09-14T14:16:29.556+0000] {processor.py:925} INFO - DAG(s) 'WeatherToronto_ETL' retrieved from /opt/airflow/dags/Shi_HW 3.py
[2026-09-14T14:16:29.573+0000] {logging_mixin.py:190} INFO - [2026-09-14T14:16:29.571+0000] {dag.py:3229} INFO - Sync 1 DAGs
[2026-09-14T14:16:29.588+0000] {logging_mixin.py:190} INFO - [2026-09-14T14:16:29.588+0000] {dag.py:4156} INFO - Setting next_dagrun for WeatherToronto_ETL to 2026-09-13 18:00:00+00:00, run_after=2026-09-14 18:00:00+00:00
[2026-09-14T14:16:29.596+0000] {processor.py:208} INFO - Processing /opt/airflow/dags/Shi_HW 3.py took 0.087 seconds
[2026-09-14T14:57:27.960+0000] {processor.py:186} INFO - Started process (PID=47439) to work on /opt/airflow/dags/Shi_HW 3.py
[2026-09-14T14:57:27.969+0000] {processor.py:914} INFO - Processing file /opt/airflow/dags/Shi_HW 3.py for tasks to queue
[2026-09-14T14:57:27.976+0000] {logging_mixin.py:190} INFO - [2026-09-14T14:57:27.974+0000] {dagbag.py:587} INFO - Filling up the DagBag from /opt/airflow/dags/Shi_HW 3.py
[2026-09-14T14:57:28.108+0000] {processor.py:925} INFO - DAG(s) 'WeatherToronto_ETL' retrieved from /opt/airflow/dags/Shi_HW 3.py
[2026-09-14T14:57:28.186+0000] {logging_mixin.py:190} INFO - [2026-09-14T14:57:28.180+0000] {dag.py:3229} INFO - Sync 1 DAGs
[2026-09-14T14:57:28.263+0000] {logging_mixin.py:190} INFO - [2026-09-14T14:57:28.263+0000] {dag.py:4156} INFO - Setting next_dagrun for WeatherToronto_ETL to 2026-09-13 18:00:00+00:00, run_after=2026-09-14 18:00:00+00:00
[2026-09-14T14:57:28.307+0000] {processor.py:208} INFO - Processing /opt/airflow/dags/Shi_HW 3.py took 0.379 seconds
[2026-09-14T14:57:58.388+0000] {processor.py:186} INFO - Started process (PID=47450) to work on /opt/airflow/dags/Shi_HW 3.py
[2026-09-14T14:57:58.393+0000] {processor.py:914} INFO - Processing file /opt/airflow/dags/Shi_HW 3.py for tasks to queue
[2026-09-14T14:57:58.394+0000] {logging_mixin.py:190} INFO - [2026-09-14T14:57:58.394+0000] {dagbag.py:587} INFO - Filling up the DagBag from /opt/airflow/dags/Shi_HW 3.py
[2026-09-14T14:57:58.424+0000] {processor.py:925} INFO - DAG(s) 'WeatherToronto_ETL' retrieved from /opt/airflow/dags/Shi_HW 3.py
[2026-09-14T14:57:58.438+0000] {logging_mixin.py:190} INFO - [2026-09-14T14:57:58.436+0000] {dag.py:3229} INFO - Sync 1 DAGs
[2026-09-14T14:57:58.452+0000] {logging_mixin.py:190} INFO - [2026-09-14T14:57:58.451+0000] {dag.py:4156} INFO - Setting next_dagrun for WeatherToronto_ETL to 2026-09-13 18:00:00+00:00, run_after=2026-09-14 18:00:00+00:00
[2026-09-14T14:57:58.459+0000] {processor.py:208} INFO - Processing /opt/airflow/dags/Shi_HW 3.py took 0.082 seconds
[2026-09-14T14:59:43.717+0000] {processor.py:186} INFO - Started process (PID=47461) to work on /opt/airflow/dags/Shi_HW 3.py
[2026-09-14T14:59:43.722+0000] {processor.py:914} INFO - Processing file /opt/airflow/dags/Shi_HW 3.py for tasks to queue
[2026-09-14T14:59:43.723+0000] {logging_mixin.py:190} INFO - [2026-09-14T14:59:43.723+0000] {dagbag.py:587} INFO - Filling up the DagBag from /opt/airflow/dags/Shi_HW 3.py
[2026-09-14T14:59:43.740+0000] {processor.py:925} INFO - DAG(s) 'WeatherToronto_ETL' retrieved from /opt/airflow/dags/Shi_HW 3.py
[2026-09-14T14:59:43.748+0000] {logging_mixin.py:190} INFO - [2026-09-14T14:59:43.747+0000] {dag.py:3229} INFO - Sync 1 DAGs
[2026-09-14T14:59:43.757+0000] {logging_mixin.py:190} INFO - [2026-09-14T14:59:43.757+0000] {dag.py:4156} INFO - Setting next_dagrun for WeatherToronto_ETL to 2026-09-13 18:00:00+00:00, run_after=2026-09-14 18:00:00+00:00
[2026-09-14T14:59:43.763+0000] {processor.py:208} INFO - Processing /opt/airflow/dags/Shi_HW 3.py took 0.053 seconds
[2026-09-14T15:01:38.255+0000] {processor.py:186} INFO - Started process (PID=47472) to work on /opt/airflow/dags/Shi_HW 3.py
[2026-09-14T15:01:38.260+0000] {processor.py:914} INFO - Processing file /opt/airflow/dags/Shi_HW 3.py for tasks to queue
[2026-09-14T15:01:38.261+0000] {logging_mixin.py:190} INFO - [2026-09-14T15:01:38.260+0000] {dagbag.py:587} INFO - Filling up the DagBag from /opt/airflow/dags/Shi_HW 3.py
[2026-09-14T15:01:38.280+0000] {processor.py:925} INFO - DAG(s) 'WeatherToronto_ETL' retrieved from /opt/airflow/dags/Shi_HW 3.py
[2026-09-14T15:01:38.290+0000] {logging_mixin.py:190} INFO - [2026-09-14T15:01:38.289+0000] {dag.py:3229} INFO - Sync 1 DAGs
[2026-09-14T15:01:38.301+0000] {logging_mixin.py:190} INFO - [2026-09-14T15:01:38.301+0000] {dag.py:4156} INFO - Setting next_dagrun for WeatherToronto_ETL to 2026-09-13 18:00:00+00:00, run_after=2026-09-14 18:00:00+00:00
[2026-09-14T15:01:38.307+0000] {processor.py:208} INFO - Processing /opt/airflow/dags/Shi_HW 3.py took 0.059 seconds
[2026-09-14T15:02:08.596+0000] {processor.py:186} INFO - Started process (PID=47483) to work on /opt/airflow/dags/Shi_HW 3.py
[2026-09-14T15:02:08.600+0000] {processor.py:914} INFO - Processing file /opt/airflow/dags/Shi_HW 3.py for tasks to queue
[2026-09-14T15:02:08.601+0000] {logging_mixin.py:190} INFO - [2026-09-14T15:02:08.601+0000] {dagbag.py:587} INFO - Filling up the DagBag from /opt/airflow/dags/Shi_HW 3.py
[2026-09-14T15:02:08.625+0000] {processor.py:925} INFO - DAG(s) 'WeatherToronto_ETL' retrieved from /opt/airflow/dags/Shi_HW 3.py
[2026-09-14T15:02:08.639+0000] {logging_mixin.py:190} INFO - [2026-09-14T15:02:08.637+0000] {dag.py:3229} INFO - Sync 1 DAGs
[2026-09-14T15:02:08.656+0000] {logging_mixin.py:190} INFO - [2026-09-14T15:02:08.656+0000] {dag.py:4156} INFO - Setting next_dagrun for WeatherToronto_ETL to 2026-09-13 18:00:00+00:00, run_after=2026-09-14 18:00:00+00:00
[2026-09-14T15:02:08.663+0000] {processor.py:208} INFO - Processing /opt/airflow/dags/Shi_HW 3.py took 0.074 seconds
[2026-09-14T15:04:47.279+0000] {processor.py:186} INFO - Started process (PID=47494) to work on /opt/airflow/dags/Shi_HW 3.py
[2026-09-14T15:04:47.284+0000] {processor.py:914} INFO - Processing file /opt/airflow/dags/Shi_HW 3.py for tasks to queue
[2026-09-14T15:04:47.285+0000] {logging_mixin.py:190} INFO - [2026-09-14T15:04:47.284+0000] {dagbag.py:587} INFO - Filling up the DagBag from /opt/airflow/dags/Shi_HW 3.py
[2026-09-14T15:04:47.303+0000] {processor.py:925} INFO - DAG(s) 'WeatherToronto_ETL' retrieved from /opt/airflow/dags/Shi_HW 3.py
[2026-09-14T15:04:47.313+0000] {logging_mixin.py:190} INFO - [2026-09-14T15:04:47.312+0000] {dag.py:3229} INFO - Sync 1 DAGs
[2026-09-14T15:04:47.325+0000] {logging_mixin.py:190} INFO - [2026-09-14T15:04:47.325+0000] {dag.py:4156} INFO - Setting next_dagrun for WeatherToronto_ETL to 2026-09-13 18:00:00+00:00, run_after=2026-09-14 18:00:00+00:00
[2026-09-14T15:04:47.332+0000] {processor.py:208} INFO - Processing /opt/airflow/dags/Shi_HW 3.py took 0.062 seconds
[2026-09-14T15:53:34.225+0000] {processor.py:186} INFO - Started process (PID=47505) to work on /opt/airflow/dags/Shi_HW 3.py
[2026-09-14T15:53:34.230+0000] {processor.py:914} INFO - Processing file /opt/airflow/dags/Shi_HW 3.py for tasks to queue
[2026-09-14T15:53:34.231+0000] {logging_mixin.py:190} INFO - [2026-09-14T15:53:34.231+0000] {dagbag.py:587} INFO - Filling up the DagBag from /opt/airflow/dags/Shi_HW 3.py
[2026-09-14T15:53:34.262+0000] {processor.py:925} INFO - DAG(s) 'WeatherToronto_ETL' retrieved from /opt/airflow/dags/Shi_HW 3.py
[2026-09-14T15:53:34.283+0000] {logging_mixin.py:190} INFO - [2026-09-14T15:53:34.281+0000] {dag.py:3229} INFO - Sync 1 DAGs
[2026-09-14T15:53:34.301+0000] {logging_mixin.py:190} INFO - [2026-09-14T15:53:34.301+0000] {dag.py:4156} INFO - Setting next_dagrun for WeatherToronto_ETL to 2026-09-13 18:00:00+00:00, run_after=2026-09-14 18:00:00+00:00
[2026-09-14T15:53:34.312+0000] {processor.py:208} INFO - Processing /opt/airflow/dags/Shi_HW 3.py took 0.097 seconds
[2026-09-14T15:58:40.430+0000] {processor.py:186} INFO - Started process (PID=47516) to work on /opt/airflow/dags/Shi_HW 3.py
[2026-09-14T15:58:40.435+0000] {processor.py:914} INFO - Processing file /opt/airflow/dags/Shi_HW 3.py for tasks to queue
[2026-09-14T15:58:40.436+0000] {logging_mixin.py:190} INFO - [2026-09-14T15:58:40.435+0000] {dagbag.py:587} INFO - Filling up the DagBag from /opt/airflow/dags/Shi_HW 3.py
[2026-09-14T15:58:40.459+0000] {processor.py:925} INFO - DAG(s) 'WeatherToronto_ETL' retrieved from /opt/airflow/dags/Shi_HW 3.py
[2026-09-14T15:58:40.473+0000] {logging_mixin.py:190} INFO - [2026-09-14T15:58:40.471+0000] {dag.py:3229} INFO - Sync 1 DAGs
[2026-09-14T15:58:40.486+0000] {logging_mixin.py:190} INFO - [2026-09-14T15:58:40.485+0000] {dag.py:4156} INFO - Setting next_dagrun for WeatherToronto_ETL to 2026-09-13 18:00:00+00:00, run_after=2026-09-14 18:00:00+00:00
[2026-09-14T15:58:40.493+0000] {processor.py:208} INFO - Processing /opt/airflow/dags/Shi_HW 3.py took 0.069 seconds
[2026-09-14T16:14:18.449+0000] {processor.py:186} INFO - Started process (PID=47527) to work on /opt/airflow/dags/Shi_HW 3.py
[2026-09-14T16:14:18.453+0000] {processor.py:914} INFO - Processing file /opt/airflow/dags/Shi_HW 3.py for tasks to queue
[2026-09-14T16:14:18.454+0000] {logging_mixin.py:190} INFO - [2026-09-14T16:14:18.453+0000] {dagbag.py:587} INFO - Filling up the DagBag from /opt/airflow/dags/Shi_HW 3.py
[2026-09-14T16:14:18.485+0000] {processor.py:925} INFO - DAG(s) 'WeatherToronto_ETL' retrieved from /opt/airflow/dags/Shi_HW 3.py
[2026-09-14T16:14:18.501+0000] {logging_mixin.py:190} INFO - [2026-09-14T16:14:18.498+0000] {dag.py:3229} INFO - Sync 1 DAGs
[2026-09-14T16:14:18.520+0000] {logging_mixin.py:190} INFO - [2026-09-14T16:14:18.520+0000] {dag.py:4156} INFO - Setting next_dagrun for WeatherToronto_ETL to 2026-09-13 18:00:00+00:00, run_after=2026-09-14 18:00:00+00:00
[2026-09-14T16:14:18.528+0000] {processor.py:208} INFO - Processing /opt/airflow/dags/Shi_HW 3.py took 0.087 seconds
[2026-09-14T16:21:53.556+0000] {processor.py:186} INFO - Started process (PID=47538) to work on /opt/airflow/dags/Shi_HW 3.py
[2026-09-14T16:21:53.562+0000] {processor.py:914} INFO - Processing file /opt/airflow/dags/Shi_HW 3.py for tasks to queue
[2026-09-14T16:21:53.564+0000] {logging_mixin.py:190} INFO - [2026-09-14T16:21:53.564+0000] {dagbag.py:587} INFO - Filling up the DagBag from /opt/airflow/dags/Shi_HW 3.py
[2026-09-14T16:21:53.608+0000] {processor.py:925} INFO - DAG(s) 'WeatherToronto_ETL' retrieved from /opt/airflow/dags/Shi_HW 3.py
[2026-09-14T16:21:53.635+0000] {logging_mixin.py:190} INFO - [2026-09-14T16:21:53.632+0000] {dag.py:3229} INFO - Sync 1 DAGs
[2026-09-14T16:21:53.661+0000] {logging_mixin.py:190} INFO - [2026-09-14T16:21:53.661+0000] {dag.py:4156} INFO - Setting next_dagrun for WeatherToronto_ETL to 2026-09-13 18:00:00+00:00, run_after=2026-09-14 18:00:00+00:00
[2026-09-14T16:21:53.672+0000] {processor.py:208} INFO - Processing /opt/airflow/dags/Shi_HW 3.py took 0.126 seconds
[2026-09-14T16:22:24.016+0000] {processor.py:186} INFO - Started process (PID=47549) to work on /opt/airflow/dags/Shi_HW 3.py
[2026-09-14T16:22:24.047+0000] {processor.py:914} INFO - Processing file /opt/airflow/dags/Shi_HW 3.py for tasks to queue
[2026-09-14T16:22:24.051+0000] {logging_mixin.py:190} INFO - [2026-09-14T16:22:24.050+0000] {dagbag.py:587} INFO - Filling up the DagBag from /opt/airflow/dags/Shi_HW 3.py
[2026-09-14T16:22:24.098+0000] {processor.py:925} INFO - DAG(s) 'WeatherToronto_ETL' retrieved from /opt/airflow/dags/Shi_HW 3.py
[2026-09-14T16:22:24.114+0000] {logging_mixin.py:190} INFO - [2026-09-14T16:22:24.113+0000] {dag.py:3229} INFO - Sync 1 DAGs
[2026-09-14T16:22:24.132+0000] {logging_mixin.py:190} INFO - [2026-09-14T16:22:24.131+0000] {dag.py:4156} INFO - Setting next_dagrun for WeatherToronto_ETL to 2026-09-13 18:00:00+00:00, run_after=2026-09-14 18:00:00+00:00
[2026-09-14T16:22:24.142+0000] {processor.py:208} INFO - Processing /opt/airflow/dags/Shi_HW 3.py took 0.141 seconds
[2026-09-14T16:22:55.032+0000] {processor.py:186} INFO - Started process (PID=47560) to work on /opt/airflow/dags/Shi_HW 3.py
[2026-09-14T16:22:55.037+0000] {processor.py:914} INFO - Processing file /opt/airflow/dags/Shi_HW 3.py for tasks to queue
[2026-09-14T16:22:55.039+0000] {logging_mixin.py:190} INFO - [2026-09-14T16:22:55.039+0000] {dagbag.py:587} INFO - Filling up the DagBag from /opt/airflow/dags/Shi_HW 3.py
[2026-09-14T16:22:55.071+0000] {processor.py:925} INFO - DAG(s) 'WeatherToronto_ETL' retrieved from /opt/airflow/dags/Shi_HW 3.py
[2026-09-14T16:22:55.096+0000] {logging_mixin.py:190} INFO - [2026-09-14T16:22:55.094+0000] {dag.py:3229} INFO - Sync 1 DAGs
[2026-09-14T16:22:55.113+0000] {logging_mixin.py:190} INFO - [2026-09-14T16:22:55.113+0000] {dag.py:4156} INFO - Setting next_dagrun for WeatherToronto_ETL to 2026-09-13 18:00:00+00:00, run_after=2026-09-14 18:00:00+00:00
[2026-09-14T16:22:55.123+0000] {processor.py:208} INFO - Processing /opt/airflow/dags/Shi_HW 3.py took 0.102 seconds
[2026-09-14T16:29:21.988+0000] {processor.py:186} INFO - Started process (PID=47571) to work on /opt/airflow/dags/Shi_HW 3.py
[2026-09-14T16:29:21.993+0000] {processor.py:914} INFO - Processing file /opt/airflow/dags/Shi_HW 3.py for tasks to queue
[2026-09-14T16:29:21.995+0000] {logging_mixin.py:190} INFO - [2026-09-14T16:29:21.994+0000] {dagbag.py:587} INFO - Filling up the DagBag from /opt/airflow/dags/Shi_HW 3.py
[2026-09-14T16:29:22.044+0000] {processor.py:925} INFO - DAG(s) 'WeatherToronto_ETL' retrieved from /opt/airflow/dags/Shi_HW 3.py
[2026-09-14T16:29:22.062+0000] {logging_mixin.py:190} INFO - [2026-09-14T16:29:22.060+0000] {dag.py:3229} INFO - Sync 1 DAGs
[2026-09-14T16:29:22.077+0000] {logging_mixin.py:190} INFO - [2026-09-14T16:29:22.077+0000] {dag.py:4156} INFO - Setting next_dagrun for WeatherToronto_ETL to 2026-09-13 18:00:00+00:00, run_after=2026-09-14 18:00:00+00:00
[2026-09-14T16:29:22.087+0000] {processor.py:208} INFO - Processing /opt/airflow/dags/Shi_HW 3.py took 0.113 seconds
[2026-09-14T16:29:52.595+0000] {processor.py:186} INFO - Started process (PID=47582) to work on /opt/airflow/dags/Shi_HW 3.py
[2026-09-14T16:29:52.600+0000] {processor.py:914} INFO - Processing file /opt/airflow/dags/Shi_HW 3.py for tasks to queue
[2026-09-14T16:29:52.602+0000] {logging_mixin.py:190} INFO - [2026-09-14T16:29:52.601+0000] {dagbag.py:587} INFO - Filling up the DagBag from /opt/airflow/dags/Shi_HW 3.py
[2026-09-14T16:29:52.645+0000] {processor.py:925} INFO - DAG(s) 'WeatherToronto_ETL' retrieved from /opt/airflow/dags/Shi_HW 3.py
[2026-09-14T16:29:52.669+0000] {logging_mixin.py:190} INFO - [2026-09-14T16:29:52.667+0000] {dag.py:3229} INFO - Sync 1 DAGs
[2026-09-14T16:29:52.695+0000] {logging_mixin.py:190} INFO - [2026-09-14T16:29:52.695+0000] {dag.py:4156} INFO - Setting next_dagrun for WeatherToronto_ETL to 2026-09-13 18:00:00+00:00, run_after=2026-09-14 18:00:00+00:00
[2026-09-14T16:29:52.707+0000] {processor.py:208} INFO - Processing /opt/airflow/dags/Shi_HW 3.py took 0.124 seconds
[2026-09-14T16:30:23.110+0000] {processor.py:186} INFO - Started process (PID=47593) to work on /opt/airflow/dags/Shi_HW 3.py
[2026-09-14T16:30:23.116+0000] {processor.py:914} INFO - Processing file /opt/airflow/dags/Shi_HW 3.py for tasks to queue
[2026-09-14T16:30:23.118+0000] {logging_mixin.py:190} INFO - [2026-09-14T16:30:23.117+0000] {dagbag.py:587} INFO - Filling up the DagBag from /opt/airflow/dags/Shi_HW 3.py
[2026-09-14T16:30:23.169+0000] {processor.py:925} INFO - DAG(s) 'WeatherToronto_ETL' retrieved from /opt/airflow/dags/Shi_HW 3.py
[2026-09-14T16:30:23.198+0000] {logging_mixin.py:190} INFO - [2026-09-14T16:30:23.195+0000] {dag.py:3229} INFO - Sync 1 DAGs
[2026-09-14T16:30:23.221+0000] {logging_mixin.py:190} INFO - [2026-09-14T16:30:23.221+0000] {dag.py:4156} INFO - Setting next_dagrun for WeatherToronto_ETL to 2026-09-13 18:00:00+00:00, run_after=2026-09-14 18:00:00+00:00
[2026-09-14T16:30:23.229+0000] {processor.py:208} INFO - Processing /opt/airflow/dags/Shi_HW 3.py took 0.135 seconds
