[2026-09-12T18:24:49.761+0000] {processor.py:186} INFO - Started process (PID=4763) to work on /opt/airflow/dags/Shi_HW 3.py
[2026-09-12T18:24:49.762+0000] {processor.py:914} INFO - Processing file /opt/airflow/dags/Shi_HW 3.py for tasks to queue
[2026-09-12T18:24:49.763+0000] {logging_mixin.py:190} INFO - [2026-09-12T18:24:49.762+0000] {dagbag.py:587} INFO - Filling up the DagBag from /opt/airflow/dags/Shi_HW 3.py
[2026-09-12T18:24:49.804+0000] {processor.py:925} INFO - DAG(s) 'WeatherToronto_ETL' retrieved from /opt/airflow/dags/Shi_HW 3.py
[2026-09-12T18:24:49.886+0000] {logging_mixin.py:190} INFO - [2026-09-12T18:24:49.885+0000] {dag.py:3229} INFO - Sync 1 DAGs
[2026-09-12T18:24:49.895+0000] {logging_mixin.py:190} INFO - [2026-09-12T18:24:49.895+0000] {dag.py:4156} INFO - Setting next_dagrun for WeatherToronto_ETL to 2026-09-13 02:30:00+00:00, run_after=2026-09-14 02:30:00+00:00
[2026-09-12T18:24:49.902+0000] {processor.py:208} INFO - Processing /opt/airflow/dags/Shi_HW 3.py took 0.147 seconds
[2026-09-12T18:25:13.123+0000] {processor.py:186} INFO - Started process (PID=4774) to work on /opt/airflow/dags/Shi_HW 3.py
[2026-09-12T18:25:13.133+0000] {processor.py:914} INFO - Processing file /opt/airflow/dags/Shi_HW 3.py for tasks to queue
[2026-09-12T18:25:13.143+0000] {logging_mixin.py:190} INFO - [2026-09-12T18:25:13.139+0000] {dagbag.py:587} INFO - Filling up the DagBag from /opt/airflow/dags/Shi_HW 3.py
[2026-09-12T18:25:13.202+0000] {processor.py:925} INFO - DAG(s) 'WeatherToronto_ETL' retrieved from /opt/airflow/dags/Shi_HW 3.py
[2026-09-12T18:25:13.207+0000] {logging_mixin.py:190} INFO - [2026-09-12T18:25:13.204+0000] {dag.py:3229} INFO - Sync 1 DAGs
[2026-09-12T18:25:13.230+0000] {logging_mixin.py:190} INFO - [2026-09-12T18:25:13.229+0000] {dag.py:4156} INFO - Setting next_dagrun for WeatherToronto_ETL to 2026-09-12 12:58:00+00:00, run_after=2026-09-12 12:59:00+00:00
[2026-09-12T18:25:13.247+0000] {processor.py:208} INFO - Processing /opt/airflow/dags/Shi_HW 3.py took 0.180 seconds
[2026-09-12T18:25:43.601+0000] {processor.py:186} INFO - Started process (PID=4785) to work on /opt/airflow/dags/Shi_HW 3.py
[2026-09-12T18:25:43.602+0000] {processor.py:914} INFO - Processing file /opt/airflow/dags/Shi_HW 3.py for tasks to queue
[2026-09-12T18:25:43.603+0000] {logging_mixin.py:190} INFO - [2026-09-12T18:25:43.603+0000] {dagbag.py:587} INFO - Filling up the DagBag from /opt/airflow/dags/Shi_HW 3.py
[2026-09-12T18:25:43.643+0000] {processor.py:925} INFO - DAG(s) 'WeatherToronto_ETL' retrieved from /opt/airflow/dags/Shi_HW 3.py
[2026-09-12T18:25:43.734+0000] {logging_mixin.py:190} INFO - [2026-09-12T18:25:43.732+0000] {dag.py:3229} INFO - Sync 1 DAGs
[2026-09-12T18:25:43.745+0000] {logging_mixin.py:190} INFO - [2026-09-12T18:25:43.745+0000] {dag.py:4156} INFO - Setting next_dagrun for WeatherToronto_ETL to 2026-09-12 12:59:00+00:00, run_after=2026-09-13 12:00:00+00:00
[2026-09-12T18:25:43.752+0000] {processor.py:208} INFO - Processing /opt/airflow/dags/Shi_HW 3.py took 0.159 seconds
[2026-09-12T18:26:14.019+0000] {processor.py:186} INFO - Started process (PID=4796) to work on /opt/airflow/dags/Shi_HW 3.py
[2026-09-12T18:26:14.020+0000] {processor.py:914} INFO - Processing file /opt/airflow/dags/Shi_HW 3.py for tasks to queue
[2026-09-12T18:26:14.021+0000] {logging_mixin.py:190} INFO - [2026-09-12T18:26:14.021+0000] {dagbag.py:587} INFO - Filling up the DagBag from /opt/airflow/dags/Shi_HW 3.py
[2026-09-12T18:26:14.054+0000] {processor.py:925} INFO - DAG(s) 'WeatherToronto_ETL' retrieved from /opt/airflow/dags/Shi_HW 3.py
[2026-09-12T18:26:14.069+0000] {logging_mixin.py:190} INFO - [2026-09-12T18:26:14.067+0000] {dag.py:3229} INFO - Sync 1 DAGs
[2026-09-12T18:26:14.081+0000] {logging_mixin.py:190} INFO - [2026-09-12T18:26:14.081+0000] {dag.py:4156} INFO - Setting next_dagrun for WeatherToronto_ETL to 2026-09-12 12:59:00+00:00, run_after=2026-09-13 12:00:00+00:00
[2026-09-12T18:26:14.088+0000] {processor.py:208} INFO - Processing /opt/airflow/dags/Shi_HW 3.py took 0.081 seconds
[2026-09-12T18:26:16.107+0000] {processor.py:186} INFO - Started process (PID=4801) to work on /opt/airflow/dags/Shi_HW 3.py
[2026-09-12T18:26:16.108+0000] {processor.py:914} INFO - Processing file /opt/airflow/dags/Shi_HW 3.py for tasks to queue
[2026-09-12T18:26:16.109+0000] {logging_mixin.py:190} INFO - [2026-09-12T18:26:16.109+0000] {dagbag.py:587} INFO - Filling up the DagBag from /opt/airflow/dags/Shi_HW 3.py
[2026-09-12T18:26:16.133+0000] {processor.py:925} INFO - DAG(s) 'WeatherToronto_ETL' retrieved from /opt/airflow/dags/Shi_HW 3.py
[2026-09-12T18:26:16.186+0000] {logging_mixin.py:190} INFO - [2026-09-12T18:26:16.185+0000] {dag.py:3229} INFO - Sync 1 DAGs
[2026-09-12T18:26:16.195+0000] {logging_mixin.py:190} INFO - [2026-09-12T18:26:16.195+0000] {dag.py:4156} INFO - Setting next_dagrun for WeatherToronto_ETL to 2026-09-12 18:25:00+00:00, run_after=2026-09-12 18:26:00+00:00
[2026-09-12T18:26:16.204+0000] {processor.py:208} INFO - Processing /opt/airflow/dags/Shi_HW 3.py took 0.106 seconds
[2026-09-12T18:26:46.438+0000] {processor.py:186} INFO - Started process (PID=4827) to work on /opt/airflow/dags/Shi_HW 3.py
[2026-09-12T18:26:46.441+0000] {processor.py:914} INFO - Processing file /opt/airflow/dags/Shi_HW 3.py for tasks to queue
[2026-09-12T18:26:46.443+0000] {logging_mixin.py:190} INFO - [2026-09-12T18:26:46.443+0000] {dagbag.py:587} INFO - Filling up the DagBag from /opt/airflow/dags/Shi_HW 3.py
[2026-09-12T18:26:46.500+0000] {processor.py:925} INFO - DAG(s) 'WeatherToronto_ETL' retrieved from /opt/airflow/dags/Shi_HW 3.py
[2026-09-12T18:26:46.526+0000] {logging_mixin.py:190} INFO - [2026-09-12T18:26:46.521+0000] {dag.py:3229} INFO - Sync 1 DAGs
[2026-09-12T18:26:46.548+0000] {logging_mixin.py:190} INFO - [2026-09-12T18:26:46.548+0000] {dag.py:4156} INFO - Setting next_dagrun for WeatherToronto_ETL to 2026-09-12 18:26:00+00:00, run_after=2026-09-12 18:27:00+00:00
[2026-09-12T18:26:46.556+0000] {processor.py:208} INFO - Processing /opt/airflow/dags/Shi_HW 3.py took 0.139 seconds
[2026-09-12T18:27:16.912+0000] {processor.py:186} INFO - Started process (PID=4853) to work on /opt/airflow/dags/Shi_HW 3.py
[2026-09-12T18:27:16.913+0000] {processor.py:914} INFO - Processing file /opt/airflow/dags/Shi_HW 3.py for tasks to queue
[2026-09-12T18:27:16.914+0000] {logging_mixin.py:190} INFO - [2026-09-12T18:27:16.913+0000] {dagbag.py:587} INFO - Filling up the DagBag from /opt/airflow/dags/Shi_HW 3.py
[2026-09-12T18:27:16.938+0000] {processor.py:925} INFO - DAG(s) 'WeatherToronto_ETL' retrieved from /opt/airflow/dags/Shi_HW 3.py
[2026-09-12T18:27:16.951+0000] {logging_mixin.py:190} INFO - [2026-09-12T18:27:16.949+0000] {dag.py:3229} INFO - Sync 1 DAGs
[2026-09-12T18:27:16.963+0000] {logging_mixin.py:190} INFO - [2026-09-12T18:27:16.963+0000] {dag.py:4156} INFO - Setting next_dagrun for WeatherToronto_ETL to 2026-09-12 18:27:00+00:00, run_after=2026-09-12 18:28:00+00:00
[2026-09-12T18:27:16.972+0000] {processor.py:208} INFO - Processing /opt/airflow/dags/Shi_HW 3.py took 0.067 seconds
[2026-09-12T18:27:47.330+0000] {processor.py:186} INFO - Started process (PID=4864) to work on /opt/airflow/dags/Shi_HW 3.py
[2026-09-12T18:27:47.334+0000] {processor.py:914} INFO - Processing file /opt/airflow/dags/Shi_HW 3.py for tasks to queue
[2026-09-12T18:27:47.335+0000] {logging_mixin.py:190} INFO - [2026-09-12T18:27:47.335+0000] {dagbag.py:587} INFO - Filling up the DagBag from /opt/airflow/dags/Shi_HW 3.py
[2026-09-12T18:27:47.364+0000] {processor.py:925} INFO - DAG(s) 'WeatherToronto_ETL' retrieved from /opt/airflow/dags/Shi_HW 3.py
[2026-09-12T18:27:47.382+0000] {logging_mixin.py:190} INFO - [2026-09-12T18:27:47.380+0000] {dag.py:3229} INFO - Sync 1 DAGs
[2026-09-12T18:27:47.400+0000] {logging_mixin.py:190} INFO - [2026-09-12T18:27:47.400+0000] {dag.py:4156} INFO - Setting next_dagrun for WeatherToronto_ETL to 2026-09-12 18:27:00+00:00, run_after=2026-09-12 18:28:00+00:00
[2026-09-12T18:27:47.412+0000] {processor.py:208} INFO - Processing /opt/airflow/dags/Shi_HW 3.py took 0.099 seconds
[2026-09-12T18:27:58.495+0000] {processor.py:186} INFO - Started process (PID=4869) to work on /opt/airflow/dags/Shi_HW 3.py
[2026-09-12T18:27:58.500+0000] {processor.py:914} INFO - Processing file /opt/airflow/dags/Shi_HW 3.py for tasks to queue
[2026-09-12T18:27:58.501+0000] {logging_mixin.py:190} INFO - [2026-09-12T18:27:58.501+0000] {dagbag.py:587} INFO - Filling up the DagBag from /opt/airflow/dags/Shi_HW 3.py
[2026-09-12T18:27:58.547+0000] {processor.py:925} INFO - DAG(s) 'WeatherToronto_ETL' retrieved from /opt/airflow/dags/Shi_HW 3.py
[2026-09-12T18:27:58.615+0000] {logging_mixin.py:190} INFO - [2026-09-12T18:27:58.613+0000] {dag.py:3229} INFO - Sync 1 DAGs
[2026-09-12T18:27:58.620+0000] {logging_mixin.py:190} INFO - [2026-09-12T18:27:58.620+0000] {dag.py:3252} INFO - Creating ORM DAG for WeatherToronto_ETL
[2026-09-12T18:27:58.625+0000] {logging_mixin.py:190} INFO - [2026-09-12T18:27:58.625+0000] {dag.py:4156} INFO - Setting next_dagrun for WeatherToronto_ETL to 2026-09-12 18:26:00+00:00, run_after=2026-09-12 18:27:00+00:00
[2026-09-12T18:27:58.631+0000] {processor.py:208} INFO - Processing /opt/airflow/dags/Shi_HW 3.py took 0.158 seconds
[2026-09-12T18:28:11.846+0000] {processor.py:186} INFO - Started process (PID=4880) to work on /opt/airflow/dags/Shi_HW 3.py
[2026-09-12T18:28:11.852+0000] {processor.py:914} INFO - Processing file /opt/airflow/dags/Shi_HW 3.py for tasks to queue
[2026-09-12T18:28:11.855+0000] {logging_mixin.py:190} INFO - [2026-09-12T18:28:11.855+0000] {dagbag.py:587} INFO - Filling up the DagBag from /opt/airflow/dags/Shi_HW 3.py
[2026-09-12T18:28:11.964+0000] {processor.py:925} INFO - DAG(s) 'WeatherToronto_ETL' retrieved from /opt/airflow/dags/Shi_HW 3.py
[2026-09-12T18:28:11.972+0000] {logging_mixin.py:190} INFO - [2026-09-12T18:28:11.967+0000] {dag.py:3229} INFO - Sync 1 DAGs
[2026-09-12T18:28:12.019+0000] {logging_mixin.py:190} INFO - [2026-09-12T18:28:12.018+0000] {dag.py:4156} INFO - Setting next_dagrun for WeatherToronto_ETL to 2026-09-12 18:00:00+00:00, run_after=2026-09-13 18:00:00+00:00
[2026-09-12T18:28:12.039+0000] {processor.py:208} INFO - Processing /opt/airflow/dags/Shi_HW 3.py took 0.264 seconds
[2026-09-12T18:28:36.207+0000] {processor.py:186} INFO - Started process (PID=4885) to work on /opt/airflow/dags/Shi_HW 3.py
[2026-09-12T18:28:36.210+0000] {processor.py:914} INFO - Processing file /opt/airflow/dags/Shi_HW 3.py for tasks to queue
[2026-09-12T18:28:36.212+0000] {logging_mixin.py:190} INFO - [2026-09-12T18:28:36.212+0000] {dagbag.py:587} INFO - Filling up the DagBag from /opt/airflow/dags/Shi_HW 3.py
[2026-09-12T18:28:36.262+0000] {processor.py:925} INFO - DAG(s) 'WeatherToronto_ETL' retrieved from /opt/airflow/dags/Shi_HW 3.py
[2026-09-12T18:28:36.458+0000] {logging_mixin.py:190} INFO - [2026-09-12T18:28:36.456+0000] {dag.py:3229} INFO - Sync 1 DAGs
[2026-09-12T18:28:36.471+0000] {logging_mixin.py:190} INFO - [2026-09-12T18:28:36.471+0000] {dag.py:4156} INFO - Setting next_dagrun for WeatherToronto_ETL to 2026-09-12 18:00:00+00:00, run_after=2026-09-13 18:00:00+00:00
[2026-09-12T18:28:36.489+0000] {processor.py:208} INFO - Processing /opt/airflow/dags/Shi_HW 3.py took 0.296 seconds
[2026-09-12T18:29:06.616+0000] {processor.py:186} INFO - Started process (PID=4896) to work on /opt/airflow/dags/Shi_HW 3.py
[2026-09-12T18:29:06.620+0000] {processor.py:914} INFO - Processing file /opt/airflow/dags/Shi_HW 3.py for tasks to queue
[2026-09-12T18:29:06.622+0000] {logging_mixin.py:190} INFO - [2026-09-12T18:29:06.621+0000] {dagbag.py:587} INFO - Filling up the DagBag from /opt/airflow/dags/Shi_HW 3.py
[2026-09-12T18:29:06.677+0000] {processor.py:925} INFO - DAG(s) 'WeatherToronto_ETL' retrieved from /opt/airflow/dags/Shi_HW 3.py
[2026-09-12T18:29:06.699+0000] {logging_mixin.py:190} INFO - [2026-09-12T18:29:06.698+0000] {dag.py:3229} INFO - Sync 1 DAGs
[2026-09-12T18:29:06.716+0000] {logging_mixin.py:190} INFO - [2026-09-12T18:29:06.715+0000] {dag.py:4156} INFO - Setting next_dagrun for WeatherToronto_ETL to 2026-09-12 18:00:00+00:00, run_after=2026-09-13 18:00:00+00:00
[2026-09-12T18:29:06.732+0000] {processor.py:208} INFO - Processing /opt/airflow/dags/Shi_HW 3.py took 0.131 seconds
[2026-09-12T18:29:36.961+0000] {processor.py:186} INFO - Started process (PID=4907) to work on /opt/airflow/dags/Shi_HW 3.py
[2026-09-12T18:29:36.969+0000] {processor.py:914} INFO - Processing file /opt/airflow/dags/Shi_HW 3.py for tasks to queue
[2026-09-12T18:29:36.976+0000] {logging_mixin.py:190} INFO - [2026-09-12T18:29:36.974+0000] {dagbag.py:587} INFO - Filling up the DagBag from /opt/airflow/dags/Shi_HW 3.py
[2026-09-12T18:29:37.067+0000] {processor.py:925} INFO - DAG(s) 'WeatherToronto_ETL' retrieved from /opt/airflow/dags/Shi_HW 3.py
[2026-09-12T18:29:37.092+0000] {logging_mixin.py:190} INFO - [2026-09-12T18:29:37.091+0000] {dag.py:3229} INFO - Sync 1 DAGs
[2026-09-12T18:29:37.122+0000] {logging_mixin.py:190} INFO - [2026-09-12T18:29:37.121+0000] {dag.py:4156} INFO - Setting next_dagrun for WeatherToronto_ETL to 2026-09-12 18:00:00+00:00, run_after=2026-09-13 18:00:00+00:00
[2026-09-12T18:29:37.139+0000] {processor.py:208} INFO - Processing /opt/airflow/dags/Shi_HW 3.py took 0.192 seconds
[2026-09-12T18:30:07.541+0000] {processor.py:186} INFO - Started process (PID=4918) to work on /opt/airflow/dags/Shi_HW 3.py
[2026-09-12T18:30:07.544+0000] {processor.py:914} INFO - Processing file /opt/airflow/dags/Shi_HW 3.py for tasks to queue
[2026-09-12T18:30:07.547+0000] {logging_mixin.py:190} INFO - [2026-09-12T18:30:07.546+0000] {dagbag.py:587} INFO - Filling up the DagBag from /opt/airflow/dags/Shi_HW 3.py
[2026-09-12T18:30:07.585+0000] {processor.py:925} INFO - DAG(s) 'WeatherToronto_ETL' retrieved from /opt/airflow/dags/Shi_HW 3.py
[2026-09-12T18:30:07.602+0000] {logging_mixin.py:190} INFO - [2026-09-12T18:30:07.601+0000] {dag.py:3229} INFO - Sync 1 DAGs
[2026-09-12T18:30:07.618+0000] {logging_mixin.py:190} INFO - [2026-09-12T18:30:07.618+0000] {dag.py:4156} INFO - Setting next_dagrun for WeatherToronto_ETL to 2026-09-12 18:00:00+00:00, run_after=2026-09-13 18:00:00+00:00
[2026-09-12T18:30:07.626+0000] {processor.py:208} INFO - Processing /opt/airflow/dags/Shi_HW 3.py took 0.093 seconds
[2026-09-12T18:30:37.914+0000] {processor.py:186} INFO - Started process (PID=4929) to work on /opt/airflow/dags/Shi_HW 3.py
[2026-09-12T18:30:37.917+0000] {processor.py:914} INFO - Processing file /opt/airflow/dags/Shi_HW 3.py for tasks to queue
[2026-09-12T18:30:37.919+0000] {logging_mixin.py:190} INFO - [2026-09-12T18:30:37.918+0000] {dagbag.py:587} INFO - Filling up the DagBag from /opt/airflow/dags/Shi_HW 3.py
[2026-09-12T18:30:37.974+0000] {processor.py:925} INFO - DAG(s) 'WeatherToronto_ETL' retrieved from /opt/airflow/dags/Shi_HW 3.py
[2026-09-12T18:30:37.997+0000] {logging_mixin.py:190} INFO - [2026-09-12T18:30:37.995+0000] {dag.py:3229} INFO - Sync 1 DAGs
[2026-09-12T18:30:38.013+0000] {logging_mixin.py:190} INFO - [2026-09-12T18:30:38.013+0000] {dag.py:4156} INFO - Setting next_dagrun for WeatherToronto_ETL to 2026-09-12 18:00:00+00:00, run_after=2026-09-13 18:00:00+00:00
[2026-09-12T18:30:38.027+0000] {processor.py:208} INFO - Processing /opt/airflow/dags/Shi_HW 3.py took 0.124 seconds
[2026-09-12T18:31:08.341+0000] {processor.py:186} INFO - Started process (PID=4940) to work on /opt/airflow/dags/Shi_HW 3.py
[2026-09-12T18:31:08.343+0000] {processor.py:914} INFO - Processing file /opt/airflow/dags/Shi_HW 3.py for tasks to queue
[2026-09-12T18:31:08.344+0000] {logging_mixin.py:190} INFO - [2026-09-12T18:31:08.344+0000] {dagbag.py:587} INFO - Filling up the DagBag from /opt/airflow/dags/Shi_HW 3.py
[2026-09-12T18:31:08.373+0000] {processor.py:925} INFO - DAG(s) 'WeatherToronto_ETL' retrieved from /opt/airflow/dags/Shi_HW 3.py
[2026-09-12T18:31:08.388+0000] {logging_mixin.py:190} INFO - [2026-09-12T18:31:08.386+0000] {dag.py:3229} INFO - Sync 1 DAGs
[2026-09-12T18:31:08.401+0000] {logging_mixin.py:190} INFO - [2026-09-12T18:31:08.401+0000] {dag.py:4156} INFO - Setting next_dagrun for WeatherToronto_ETL to 2026-09-12 18:00:00+00:00, run_after=2026-09-13 18:00:00+00:00
[2026-09-12T18:31:08.408+0000] {processor.py:208} INFO - Processing /opt/airflow/dags/Shi_HW 3.py took 0.075 seconds
[2026-09-12T18:31:38.678+0000] {processor.py:186} INFO - Started process (PID=4951) to work on /opt/airflow/dags/Shi_HW 3.py
[2026-09-12T18:31:38.679+0000] {processor.py:914} INFO - Processing file /opt/airflow/dags/Shi_HW 3.py for tasks to queue
[2026-09-12T18:31:38.680+0000] {logging_mixin.py:190} INFO - [2026-09-12T18:31:38.680+0000] {dagbag.py:587} INFO - Filling up the DagBag from /opt/airflow/dags/Shi_HW 3.py
[2026-09-12T18:31:38.708+0000] {processor.py:925} INFO - DAG(s) 'WeatherToronto_ETL' retrieved from /opt/airflow/dags/Shi_HW 3.py
[2026-09-12T18:31:38.722+0000] {logging_mixin.py:190} INFO - [2026-09-12T18:31:38.721+0000] {dag.py:3229} INFO - Sync 1 DAGs
[2026-09-12T18:31:38.735+0000] {logging_mixin.py:190} INFO - [2026-09-12T18:31:38.735+0000] {dag.py:4156} INFO - Setting next_dagrun for WeatherToronto_ETL to 2026-09-12 18:00:00+00:00, run_after=2026-09-13 18:00:00+00:00
[2026-09-12T18:31:38.743+0000] {processor.py:208} INFO - Processing /opt/airflow/dags/Shi_HW 3.py took 0.073 seconds
[2026-09-12T18:32:09.077+0000] {processor.py:186} INFO - Started process (PID=4962) to work on /opt/airflow/dags/Shi_HW 3.py
[2026-09-12T18:32:09.078+0000] {processor.py:914} INFO - Processing file /opt/airflow/dags/Shi_HW 3.py for tasks to queue
[2026-09-12T18:32:09.080+0000] {logging_mixin.py:190} INFO - [2026-09-12T18:32:09.079+0000] {dagbag.py:587} INFO - Filling up the DagBag from /opt/airflow/dags/Shi_HW 3.py
[2026-09-12T18:32:09.107+0000] {processor.py:925} INFO - DAG(s) 'WeatherToronto_ETL' retrieved from /opt/airflow/dags/Shi_HW 3.py
[2026-09-12T18:32:09.121+0000] {logging_mixin.py:190} INFO - [2026-09-12T18:32:09.120+0000] {dag.py:3229} INFO - Sync 1 DAGs
[2026-09-12T18:32:09.135+0000] {logging_mixin.py:190} INFO - [2026-09-12T18:32:09.135+0000] {dag.py:4156} INFO - Setting next_dagrun for WeatherToronto_ETL to 2026-09-12 18:00:00+00:00, run_after=2026-09-13 18:00:00+00:00
[2026-09-12T18:32:09.142+0000] {processor.py:208} INFO - Processing /opt/airflow/dags/Shi_HW 3.py took 0.073 seconds
[2026-09-12T18:32:39.423+0000] {processor.py:186} INFO - Started process (PID=4973) to work on /opt/airflow/dags/Shi_HW 3.py
[2026-09-12T18:32:39.424+0000] {processor.py:914} INFO - Processing file /opt/airflow/dags/Shi_HW 3.py for tasks to queue
[2026-09-12T18:32:39.426+0000] {logging_mixin.py:190} INFO - [2026-09-12T18:32:39.425+0000] {dagbag.py:587} INFO - Filling up the DagBag from /opt/airflow/dags/Shi_HW 3.py
[2026-09-12T18:32:39.452+0000] {processor.py:925} INFO - DAG(s) 'WeatherToronto_ETL' retrieved from /opt/airflow/dags/Shi_HW 3.py
[2026-09-12T18:32:39.465+0000] {logging_mixin.py:190} INFO - [2026-09-12T18:32:39.464+0000] {dag.py:3229} INFO - Sync 1 DAGs
[2026-09-12T18:32:39.478+0000] {logging_mixin.py:190} INFO - [2026-09-12T18:32:39.478+0000] {dag.py:4156} INFO - Setting next_dagrun for WeatherToronto_ETL to 2026-09-12 18:00:00+00:00, run_after=2026-09-13 18:00:00+00:00
[2026-09-12T18:32:39.486+0000] {processor.py:208} INFO - Processing /opt/airflow/dags/Shi_HW 3.py took 0.072 seconds
[2026-09-12T18:33:09.838+0000] {processor.py:186} INFO - Started process (PID=4984) to work on /opt/airflow/dags/Shi_HW 3.py
[2026-09-12T18:33:09.839+0000] {processor.py:914} INFO - Processing file /opt/airflow/dags/Shi_HW 3.py for tasks to queue
[2026-09-12T18:33:09.840+0000] {logging_mixin.py:190} INFO - [2026-09-12T18:33:09.840+0000] {dagbag.py:587} INFO - Filling up the DagBag from /opt/airflow/dags/Shi_HW 3.py
[2026-09-12T18:33:09.857+0000] {processor.py:925} INFO - DAG(s) 'WeatherToronto_ETL' retrieved from /opt/airflow/dags/Shi_HW 3.py
[2026-09-12T18:33:09.867+0000] {logging_mixin.py:190} INFO - [2026-09-12T18:33:09.866+0000] {dag.py:3229} INFO - Sync 1 DAGs
[2026-09-12T18:33:09.878+0000] {logging_mixin.py:190} INFO - [2026-09-12T18:33:09.878+0000] {dag.py:4156} INFO - Setting next_dagrun for WeatherToronto_ETL to 2026-09-12 18:00:00+00:00, run_after=2026-09-13 18:00:00+00:00
[2026-09-12T18:33:09.884+0000] {processor.py:208} INFO - Processing /opt/airflow/dags/Shi_HW 3.py took 0.053 seconds
[2026-09-12T18:33:40.231+0000] {processor.py:186} INFO - Started process (PID=5001) to work on /opt/airflow/dags/Shi_HW 3.py
[2026-09-12T18:33:40.233+0000] {processor.py:914} INFO - Processing file /opt/airflow/dags/Shi_HW 3.py for tasks to queue
[2026-09-12T18:33:40.235+0000] {logging_mixin.py:190} INFO - [2026-09-12T18:33:40.234+0000] {dagbag.py:587} INFO - Filling up the DagBag from /opt/airflow/dags/Shi_HW 3.py
[2026-09-12T18:33:40.261+0000] {processor.py:925} INFO - DAG(s) 'WeatherToronto_ETL' retrieved from /opt/airflow/dags/Shi_HW 3.py
[2026-09-12T18:33:40.275+0000] {logging_mixin.py:190} INFO - [2026-09-12T18:33:40.273+0000] {dag.py:3229} INFO - Sync 1 DAGs
[2026-09-12T18:33:40.287+0000] {logging_mixin.py:190} INFO - [2026-09-12T18:33:40.287+0000] {dag.py:4156} INFO - Setting next_dagrun for WeatherToronto_ETL to 2026-09-12 18:00:00+00:00, run_after=2026-09-13 18:00:00+00:00
[2026-09-12T18:33:40.296+0000] {processor.py:208} INFO - Processing /opt/airflow/dags/Shi_HW 3.py took 0.069 seconds
[2026-09-12T18:34:10.565+0000] {processor.py:186} INFO - Started process (PID=5012) to work on /opt/airflow/dags/Shi_HW 3.py
[2026-09-12T18:34:10.566+0000] {processor.py:914} INFO - Processing file /opt/airflow/dags/Shi_HW 3.py for tasks to queue
[2026-09-12T18:34:10.567+0000] {logging_mixin.py:190} INFO - [2026-09-12T18:34:10.567+0000] {dagbag.py:587} INFO - Filling up the DagBag from /opt/airflow/dags/Shi_HW 3.py
[2026-09-12T18:34:10.584+0000] {processor.py:925} INFO - DAG(s) 'WeatherToronto_ETL' retrieved from /opt/airflow/dags/Shi_HW 3.py
[2026-09-12T18:34:10.594+0000] {logging_mixin.py:190} INFO - [2026-09-12T18:34:10.593+0000] {dag.py:3229} INFO - Sync 1 DAGs
[2026-09-12T18:34:10.604+0000] {logging_mixin.py:190} INFO - [2026-09-12T18:34:10.604+0000] {dag.py:4156} INFO - Setting next_dagrun for WeatherToronto_ETL to 2026-09-12 18:00:00+00:00, run_after=2026-09-13 18:00:00+00:00
[2026-09-12T18:34:10.610+0000] {processor.py:208} INFO - Processing /opt/airflow/dags/Shi_HW 3.py took 0.052 seconds
[2026-09-12T18:34:40.949+0000] {processor.py:186} INFO - Started process (PID=5023) to work on /opt/airflow/dags/Shi_HW 3.py
[2026-09-12T18:34:40.950+0000] {processor.py:914} INFO - Processing file /opt/airflow/dags/Shi_HW 3.py for tasks to queue
[2026-09-12T18:34:40.952+0000] {logging_mixin.py:190} INFO - [2026-09-12T18:34:40.951+0000] {dagbag.py:587} INFO - Filling up the DagBag from /opt/airflow/dags/Shi_HW 3.py
[2026-09-12T18:34:40.994+0000] {processor.py:925} INFO - DAG(s) 'WeatherToronto_ETL' retrieved from /opt/airflow/dags/Shi_HW 3.py
[2026-09-12T18:34:41.024+0000] {logging_mixin.py:190} INFO - [2026-09-12T18:34:41.022+0000] {dag.py:3229} INFO - Sync 1 DAGs
[2026-09-12T18:34:41.046+0000] {logging_mixin.py:190} INFO - [2026-09-12T18:34:41.045+0000] {dag.py:4156} INFO - Setting next_dagrun for WeatherToronto_ETL to 2026-09-12 18:00:00+00:00, run_after=2026-09-13 18:00:00+00:00
[2026-09-12T18:34:41.056+0000] {processor.py:208} INFO - Processing /opt/airflow/dags/Shi_HW 3.py took 0.118 seconds
[2026-09-12T18:35:11.320+0000] {processor.py:186} INFO - Started process (PID=5046) to work on /opt/airflow/dags/Shi_HW 3.py
[2026-09-12T18:35:11.321+0000] {processor.py:914} INFO - Processing file /opt/airflow/dags/Shi_HW 3.py for tasks to queue
[2026-09-12T18:35:11.322+0000] {logging_mixin.py:190} INFO - [2026-09-12T18:35:11.322+0000] {dagbag.py:587} INFO - Filling up the DagBag from /opt/airflow/dags/Shi_HW 3.py
[2026-09-12T18:35:11.343+0000] {processor.py:925} INFO - DAG(s) 'WeatherToronto_ETL' retrieved from /opt/airflow/dags/Shi_HW 3.py
[2026-09-12T18:35:11.354+0000] {logging_mixin.py:190} INFO - [2026-09-12T18:35:11.353+0000] {dag.py:3229} INFO - Sync 1 DAGs
[2026-09-12T18:35:11.369+0000] {logging_mixin.py:190} INFO - [2026-09-12T18:35:11.369+0000] {dag.py:4156} INFO - Setting next_dagrun for WeatherToronto_ETL to 2026-09-12 18:00:00+00:00, run_after=2026-09-13 18:00:00+00:00
[2026-09-12T18:35:11.375+0000] {processor.py:208} INFO - Processing /opt/airflow/dags/Shi_HW 3.py took 0.060 seconds
[2026-09-12T18:35:41.718+0000] {processor.py:186} INFO - Started process (PID=5060) to work on /opt/airflow/dags/Shi_HW 3.py
[2026-09-12T18:35:41.720+0000] {processor.py:914} INFO - Processing file /opt/airflow/dags/Shi_HW 3.py for tasks to queue
[2026-09-12T18:35:41.721+0000] {logging_mixin.py:190} INFO - [2026-09-12T18:35:41.721+0000] {dagbag.py:587} INFO - Filling up the DagBag from /opt/airflow/dags/Shi_HW 3.py
[2026-09-12T18:35:41.742+0000] {processor.py:925} INFO - DAG(s) 'WeatherToronto_ETL' retrieved from /opt/airflow/dags/Shi_HW 3.py
[2026-09-12T18:35:41.754+0000] {logging_mixin.py:190} INFO - [2026-09-12T18:35:41.753+0000] {dag.py:3229} INFO - Sync 1 DAGs
[2026-09-12T18:35:41.769+0000] {logging_mixin.py:190} INFO - [2026-09-12T18:35:41.769+0000] {dag.py:4156} INFO - Setting next_dagrun for WeatherToronto_ETL to 2026-09-12 18:00:00+00:00, run_after=2026-09-13 18:00:00+00:00
[2026-09-12T18:35:41.776+0000] {processor.py:208} INFO - Processing /opt/airflow/dags/Shi_HW 3.py took 0.065 seconds
[2026-09-12T18:36:12.075+0000] {processor.py:186} INFO - Started process (PID=5071) to work on /opt/airflow/dags/Shi_HW 3.py
[2026-09-12T18:36:12.077+0000] {processor.py:914} INFO - Processing file /opt/airflow/dags/Shi_HW 3.py for tasks to queue
[2026-09-12T18:36:12.078+0000] {logging_mixin.py:190} INFO - [2026-09-12T18:36:12.078+0000] {dagbag.py:587} INFO - Filling up the DagBag from /opt/airflow/dags/Shi_HW 3.py
[2026-09-12T18:36:12.103+0000] {processor.py:925} INFO - DAG(s) 'WeatherToronto_ETL' retrieved from /opt/airflow/dags/Shi_HW 3.py
[2026-09-12T18:36:12.115+0000] {logging_mixin.py:190} INFO - [2026-09-12T18:36:12.114+0000] {dag.py:3229} INFO - Sync 1 DAGs
[2026-09-12T18:36:12.127+0000] {logging_mixin.py:190} INFO - [2026-09-12T18:36:12.127+0000] {dag.py:4156} INFO - Setting next_dagrun for WeatherToronto_ETL to 2026-09-12 18:00:00+00:00, run_after=2026-09-13 18:00:00+00:00
[2026-09-12T18:36:12.134+0000] {processor.py:208} INFO - Processing /opt/airflow/dags/Shi_HW 3.py took 0.066 seconds
[2026-09-12T18:36:42.435+0000] {processor.py:186} INFO - Started process (PID=5082) to work on /opt/airflow/dags/Shi_HW 3.py
[2026-09-12T18:36:42.436+0000] {processor.py:914} INFO - Processing file /opt/airflow/dags/Shi_HW 3.py for tasks to queue
[2026-09-12T18:36:42.437+0000] {logging_mixin.py:190} INFO - [2026-09-12T18:36:42.437+0000] {dagbag.py:587} INFO - Filling up the DagBag from /opt/airflow/dags/Shi_HW 3.py
[2026-09-12T18:36:42.460+0000] {processor.py:925} INFO - DAG(s) 'WeatherToronto_ETL' retrieved from /opt/airflow/dags/Shi_HW 3.py
[2026-09-12T18:36:42.471+0000] {logging_mixin.py:190} INFO - [2026-09-12T18:36:42.470+0000] {dag.py:3229} INFO - Sync 1 DAGs
[2026-09-12T18:36:42.481+0000] {logging_mixin.py:190} INFO - [2026-09-12T18:36:42.481+0000] {dag.py:4156} INFO - Setting next_dagrun for WeatherToronto_ETL to 2026-09-12 18:00:00+00:00, run_after=2026-09-13 18:00:00+00:00
[2026-09-12T18:36:42.488+0000] {processor.py:208} INFO - Processing /opt/airflow/dags/Shi_HW 3.py took 0.061 seconds
[2026-09-12T18:37:12.816+0000] {processor.py:186} INFO - Started process (PID=5094) to work on /opt/airflow/dags/Shi_HW 3.py
[2026-09-12T18:37:12.818+0000] {processor.py:914} INFO - Processing file /opt/airflow/dags/Shi_HW 3.py for tasks to queue
[2026-09-12T18:37:12.819+0000] {logging_mixin.py:190} INFO - [2026-09-12T18:37:12.819+0000] {dagbag.py:587} INFO - Filling up the DagBag from /opt/airflow/dags/Shi_HW 3.py
[2026-09-12T18:37:12.844+0000] {processor.py:925} INFO - DAG(s) 'WeatherToronto_ETL' retrieved from /opt/airflow/dags/Shi_HW 3.py
[2026-09-12T18:37:12.861+0000] {logging_mixin.py:190} INFO - [2026-09-12T18:37:12.859+0000] {dag.py:3229} INFO - Sync 1 DAGs
[2026-09-12T18:37:12.876+0000] {logging_mixin.py:190} INFO - [2026-09-12T18:37:12.876+0000] {dag.py:4156} INFO - Setting next_dagrun for WeatherToronto_ETL to 2026-09-12 18:00:00+00:00, run_after=2026-09-13 18:00:00+00:00
[2026-09-12T18:37:12.885+0000] {processor.py:208} INFO - Processing /opt/airflow/dags/Shi_HW 3.py took 0.077 seconds
[2026-09-12T18:37:43.225+0000] {processor.py:186} INFO - Started process (PID=5105) to work on /opt/airflow/dags/Shi_HW 3.py
[2026-09-12T18:37:43.227+0000] {processor.py:914} INFO - Processing file /opt/airflow/dags/Shi_HW 3.py for tasks to queue
[2026-09-12T18:37:43.228+0000] {logging_mixin.py:190} INFO - [2026-09-12T18:37:43.228+0000] {dagbag.py:587} INFO - Filling up the DagBag from /opt/airflow/dags/Shi_HW 3.py
[2026-09-12T18:37:43.259+0000] {processor.py:925} INFO - DAG(s) 'WeatherToronto_ETL' retrieved from /opt/airflow/dags/Shi_HW 3.py
[2026-09-12T18:37:43.272+0000] {logging_mixin.py:190} INFO - [2026-09-12T18:37:43.271+0000] {dag.py:3229} INFO - Sync 1 DAGs
[2026-09-12T18:37:43.285+0000] {logging_mixin.py:190} INFO - [2026-09-12T18:37:43.285+0000] {dag.py:4156} INFO - Setting next_dagrun for WeatherToronto_ETL to 2026-09-12 18:00:00+00:00, run_after=2026-09-13 18:00:00+00:00
[2026-09-12T18:37:43.292+0000] {processor.py:208} INFO - Processing /opt/airflow/dags/Shi_HW 3.py took 0.075 seconds
[2026-09-12T18:38:13.590+0000] {processor.py:186} INFO - Started process (PID=5116) to work on /opt/airflow/dags/Shi_HW 3.py
[2026-09-12T18:38:13.592+0000] {processor.py:914} INFO - Processing file /opt/airflow/dags/Shi_HW 3.py for tasks to queue
[2026-09-12T18:38:13.593+0000] {logging_mixin.py:190} INFO - [2026-09-12T18:38:13.593+0000] {dagbag.py:587} INFO - Filling up the DagBag from /opt/airflow/dags/Shi_HW 3.py
[2026-09-12T18:38:13.612+0000] {processor.py:925} INFO - DAG(s) 'WeatherToronto_ETL' retrieved from /opt/airflow/dags/Shi_HW 3.py
[2026-09-12T18:38:13.621+0000] {logging_mixin.py:190} INFO - [2026-09-12T18:38:13.620+0000] {dag.py:3229} INFO - Sync 1 DAGs
[2026-09-12T18:38:13.631+0000] {logging_mixin.py:190} INFO - [2026-09-12T18:38:13.631+0000] {dag.py:4156} INFO - Setting next_dagrun for WeatherToronto_ETL to 2026-09-12 18:00:00+00:00, run_after=2026-09-13 18:00:00+00:00
[2026-09-12T18:38:13.637+0000] {processor.py:208} INFO - Processing /opt/airflow/dags/Shi_HW 3.py took 0.053 seconds
[2026-09-12T18:38:43.941+0000] {processor.py:186} INFO - Started process (PID=5127) to work on /opt/airflow/dags/Shi_HW 3.py
[2026-09-12T18:38:43.943+0000] {processor.py:914} INFO - Processing file /opt/airflow/dags/Shi_HW 3.py for tasks to queue
[2026-09-12T18:38:43.944+0000] {logging_mixin.py:190} INFO - [2026-09-12T18:38:43.943+0000] {dagbag.py:587} INFO - Filling up the DagBag from /opt/airflow/dags/Shi_HW 3.py
[2026-09-12T18:38:43.966+0000] {processor.py:925} INFO - DAG(s) 'WeatherToronto_ETL' retrieved from /opt/airflow/dags/Shi_HW 3.py
[2026-09-12T18:38:43.978+0000] {logging_mixin.py:190} INFO - [2026-09-12T18:38:43.977+0000] {dag.py:3229} INFO - Sync 1 DAGs
[2026-09-12T18:38:43.990+0000] {logging_mixin.py:190} INFO - [2026-09-12T18:38:43.990+0000] {dag.py:4156} INFO - Setting next_dagrun for WeatherToronto_ETL to 2026-09-12 18:00:00+00:00, run_after=2026-09-13 18:00:00+00:00
[2026-09-12T18:38:43.996+0000] {processor.py:208} INFO - Processing /opt/airflow/dags/Shi_HW 3.py took 0.062 seconds
[2026-09-12T18:39:14.355+0000] {processor.py:186} INFO - Started process (PID=5138) to work on /opt/airflow/dags/Shi_HW 3.py
[2026-09-12T18:39:14.357+0000] {processor.py:914} INFO - Processing file /opt/airflow/dags/Shi_HW 3.py for tasks to queue
[2026-09-12T18:39:14.358+0000] {logging_mixin.py:190} INFO - [2026-09-12T18:39:14.357+0000] {dagbag.py:587} INFO - Filling up the DagBag from /opt/airflow/dags/Shi_HW 3.py
[2026-09-12T18:39:14.392+0000] {processor.py:925} INFO - DAG(s) 'WeatherToronto_ETL' retrieved from /opt/airflow/dags/Shi_HW 3.py
[2026-09-12T18:39:14.417+0000] {logging_mixin.py:190} INFO - [2026-09-12T18:39:14.415+0000] {dag.py:3229} INFO - Sync 1 DAGs
[2026-09-12T18:39:14.440+0000] {logging_mixin.py:190} INFO - [2026-09-12T18:39:14.440+0000] {dag.py:4156} INFO - Setting next_dagrun for WeatherToronto_ETL to 2026-09-12 18:00:00+00:00, run_after=2026-09-13 18:00:00+00:00
[2026-09-12T18:39:14.449+0000] {processor.py:208} INFO - Processing /opt/airflow/dags/Shi_HW 3.py took 0.101 seconds
[2026-09-12T18:39:44.707+0000] {processor.py:186} INFO - Started process (PID=5149) to work on /opt/airflow/dags/Shi_HW 3.py
[2026-09-12T18:39:44.708+0000] {processor.py:914} INFO - Processing file /opt/airflow/dags/Shi_HW 3.py for tasks to queue
[2026-09-12T18:39:44.709+0000] {logging_mixin.py:190} INFO - [2026-09-12T18:39:44.708+0000] {dagbag.py:587} INFO - Filling up the DagBag from /opt/airflow/dags/Shi_HW 3.py
[2026-09-12T18:39:44.728+0000] {processor.py:925} INFO - DAG(s) 'WeatherToronto_ETL' retrieved from /opt/airflow/dags/Shi_HW 3.py
[2026-09-12T18:39:44.738+0000] {logging_mixin.py:190} INFO - [2026-09-12T18:39:44.737+0000] {dag.py:3229} INFO - Sync 1 DAGs
[2026-09-12T18:39:44.750+0000] {logging_mixin.py:190} INFO - [2026-09-12T18:39:44.750+0000] {dag.py:4156} INFO - Setting next_dagrun for WeatherToronto_ETL to 2026-09-12 18:00:00+00:00, run_after=2026-09-13 18:00:00+00:00
[2026-09-12T18:39:44.756+0000] {processor.py:208} INFO - Processing /opt/airflow/dags/Shi_HW 3.py took 0.056 seconds
[2026-09-12T18:40:15.163+0000] {processor.py:186} INFO - Started process (PID=5160) to work on /opt/airflow/dags/Shi_HW 3.py
[2026-09-12T18:40:15.164+0000] {processor.py:914} INFO - Processing file /opt/airflow/dags/Shi_HW 3.py for tasks to queue
[2026-09-12T18:40:15.165+0000] {logging_mixin.py:190} INFO - [2026-09-12T18:40:15.164+0000] {dagbag.py:587} INFO - Filling up the DagBag from /opt/airflow/dags/Shi_HW 3.py
[2026-09-12T18:40:15.203+0000] {processor.py:925} INFO - DAG(s) 'WeatherToronto_ETL' retrieved from /opt/airflow/dags/Shi_HW 3.py
[2026-09-12T18:40:15.222+0000] {logging_mixin.py:190} INFO - [2026-09-12T18:40:15.221+0000] {dag.py:3229} INFO - Sync 1 DAGs
[2026-09-12T18:40:15.237+0000] {logging_mixin.py:190} INFO - [2026-09-12T18:40:15.236+0000] {dag.py:4156} INFO - Setting next_dagrun for WeatherToronto_ETL to 2026-09-12 18:00:00+00:00, run_after=2026-09-13 18:00:00+00:00
[2026-09-12T18:40:15.244+0000] {processor.py:208} INFO - Processing /opt/airflow/dags/Shi_HW 3.py took 0.087 seconds
[2026-09-12T18:40:45.525+0000] {processor.py:186} INFO - Started process (PID=5171) to work on /opt/airflow/dags/Shi_HW 3.py
[2026-09-12T18:40:45.528+0000] {processor.py:914} INFO - Processing file /opt/airflow/dags/Shi_HW 3.py for tasks to queue
[2026-09-12T18:40:45.529+0000] {logging_mixin.py:190} INFO - [2026-09-12T18:40:45.529+0000] {dagbag.py:587} INFO - Filling up the DagBag from /opt/airflow/dags/Shi_HW 3.py
[2026-09-12T18:40:45.547+0000] {processor.py:925} INFO - DAG(s) 'WeatherToronto_ETL' retrieved from /opt/airflow/dags/Shi_HW 3.py
[2026-09-12T18:40:45.555+0000] {logging_mixin.py:190} INFO - [2026-09-12T18:40:45.555+0000] {dag.py:3229} INFO - Sync 1 DAGs
[2026-09-12T18:40:45.565+0000] {logging_mixin.py:190} INFO - [2026-09-12T18:40:45.565+0000] {dag.py:4156} INFO - Setting next_dagrun for WeatherToronto_ETL to 2026-09-12 18:00:00+00:00, run_after=2026-09-13 18:00:00+00:00
[2026-09-12T18:40:45.571+0000] {processor.py:208} INFO - Processing /opt/airflow/dags/Shi_HW 3.py took 0.052 seconds
[2026-09-12T18:41:15.934+0000] {processor.py:186} INFO - Started process (PID=5182) to work on /opt/airflow/dags/Shi_HW 3.py
[2026-09-12T18:41:15.937+0000] {processor.py:914} INFO - Processing file /opt/airflow/dags/Shi_HW 3.py for tasks to queue
[2026-09-12T18:41:15.939+0000] {logging_mixin.py:190} INFO - [2026-09-12T18:41:15.938+0000] {dagbag.py:587} INFO - Filling up the DagBag from /opt/airflow/dags/Shi_HW 3.py
[2026-09-12T18:41:15.989+0000] {processor.py:925} INFO - DAG(s) 'WeatherToronto_ETL' retrieved from /opt/airflow/dags/Shi_HW 3.py
[2026-09-12T18:41:16.015+0000] {logging_mixin.py:190} INFO - [2026-09-12T18:41:16.010+0000] {dag.py:3229} INFO - Sync 1 DAGs
[2026-09-12T18:41:16.034+0000] {logging_mixin.py:190} INFO - [2026-09-12T18:41:16.034+0000] {dag.py:4156} INFO - Setting next_dagrun for WeatherToronto_ETL to 2026-09-12 18:00:00+00:00, run_after=2026-09-13 18:00:00+00:00
[2026-09-12T18:41:16.044+0000] {processor.py:208} INFO - Processing /opt/airflow/dags/Shi_HW 3.py took 0.126 seconds
[2026-09-12T18:41:46.295+0000] {processor.py:186} INFO - Started process (PID=5193) to work on /opt/airflow/dags/Shi_HW 3.py
[2026-09-12T18:41:46.296+0000] {processor.py:914} INFO - Processing file /opt/airflow/dags/Shi_HW 3.py for tasks to queue
[2026-09-12T18:41:46.297+0000] {logging_mixin.py:190} INFO - [2026-09-12T18:41:46.297+0000] {dagbag.py:587} INFO - Filling up the DagBag from /opt/airflow/dags/Shi_HW 3.py
[2026-09-12T18:41:46.314+0000] {processor.py:925} INFO - DAG(s) 'WeatherToronto_ETL' retrieved from /opt/airflow/dags/Shi_HW 3.py
[2026-09-12T18:41:46.324+0000] {logging_mixin.py:190} INFO - [2026-09-12T18:41:46.323+0000] {dag.py:3229} INFO - Sync 1 DAGs
[2026-09-12T18:41:46.336+0000] {logging_mixin.py:190} INFO - [2026-09-12T18:41:46.336+0000] {dag.py:4156} INFO - Setting next_dagrun for WeatherToronto_ETL to 2026-09-12 18:00:00+00:00, run_after=2026-09-13 18:00:00+00:00
[2026-09-12T18:41:46.346+0000] {processor.py:208} INFO - Processing /opt/airflow/dags/Shi_HW 3.py took 0.058 seconds
[2026-09-12T18:42:16.651+0000] {processor.py:186} INFO - Started process (PID=5204) to work on /opt/airflow/dags/Shi_HW 3.py
[2026-09-12T18:42:16.652+0000] {processor.py:914} INFO - Processing file /opt/airflow/dags/Shi_HW 3.py for tasks to queue
[2026-09-12T18:42:16.654+0000] {logging_mixin.py:190} INFO - [2026-09-12T18:42:16.653+0000] {dagbag.py:587} INFO - Filling up the DagBag from /opt/airflow/dags/Shi_HW 3.py
[2026-09-12T18:42:16.677+0000] {processor.py:925} INFO - DAG(s) 'WeatherToronto_ETL' retrieved from /opt/airflow/dags/Shi_HW 3.py
[2026-09-12T18:42:16.689+0000] {logging_mixin.py:190} INFO - [2026-09-12T18:42:16.688+0000] {dag.py:3229} INFO - Sync 1 DAGs
[2026-09-12T18:42:16.701+0000] {logging_mixin.py:190} INFO - [2026-09-12T18:42:16.701+0000] {dag.py:4156} INFO - Setting next_dagrun for WeatherToronto_ETL to 2026-09-12 18:00:00+00:00, run_after=2026-09-13 18:00:00+00:00
[2026-09-12T18:42:16.708+0000] {processor.py:208} INFO - Processing /opt/airflow/dags/Shi_HW 3.py took 0.065 seconds
[2026-09-12T18:42:46.990+0000] {processor.py:186} INFO - Started process (PID=5215) to work on /opt/airflow/dags/Shi_HW 3.py
[2026-09-12T18:42:46.992+0000] {processor.py:914} INFO - Processing file /opt/airflow/dags/Shi_HW 3.py for tasks to queue
[2026-09-12T18:42:46.993+0000] {logging_mixin.py:190} INFO - [2026-09-12T18:42:46.993+0000] {dagbag.py:587} INFO - Filling up the DagBag from /opt/airflow/dags/Shi_HW 3.py
[2026-09-12T18:42:47.018+0000] {processor.py:925} INFO - DAG(s) 'WeatherToronto_ETL' retrieved from /opt/airflow/dags/Shi_HW 3.py
[2026-09-12T18:42:47.034+0000] {logging_mixin.py:190} INFO - [2026-09-12T18:42:47.032+0000] {dag.py:3229} INFO - Sync 1 DAGs
[2026-09-12T18:42:47.049+0000] {logging_mixin.py:190} INFO - [2026-09-12T18:42:47.049+0000] {dag.py:4156} INFO - Setting next_dagrun for WeatherToronto_ETL to 2026-09-12 18:00:00+00:00, run_after=2026-09-13 18:00:00+00:00
[2026-09-12T18:42:47.060+0000] {processor.py:208} INFO - Processing /opt/airflow/dags/Shi_HW 3.py took 0.077 seconds
[2026-09-12T18:43:17.374+0000] {processor.py:186} INFO - Started process (PID=5226) to work on /opt/airflow/dags/Shi_HW 3.py
[2026-09-12T18:43:17.377+0000] {processor.py:914} INFO - Processing file /opt/airflow/dags/Shi_HW 3.py for tasks to queue
[2026-09-12T18:43:17.381+0000] {logging_mixin.py:190} INFO - [2026-09-12T18:43:17.379+0000] {dagbag.py:587} INFO - Filling up the DagBag from /opt/airflow/dags/Shi_HW 3.py
[2026-09-12T18:43:17.408+0000] {processor.py:925} INFO - DAG(s) 'WeatherToronto_ETL' retrieved from /opt/airflow/dags/Shi_HW 3.py
[2026-09-12T18:43:17.421+0000] {logging_mixin.py:190} INFO - [2026-09-12T18:43:17.420+0000] {dag.py:3229} INFO - Sync 1 DAGs
[2026-09-12T18:43:17.433+0000] {logging_mixin.py:190} INFO - [2026-09-12T18:43:17.433+0000] {dag.py:4156} INFO - Setting next_dagrun for WeatherToronto_ETL to 2026-09-12 18:00:00+00:00, run_after=2026-09-13 18:00:00+00:00
[2026-09-12T18:43:17.441+0000] {processor.py:208} INFO - Processing /opt/airflow/dags/Shi_HW 3.py took 0.077 seconds
[2026-09-12T18:43:47.727+0000] {processor.py:186} INFO - Started process (PID=5237) to work on /opt/airflow/dags/Shi_HW 3.py
[2026-09-12T18:43:47.728+0000] {processor.py:914} INFO - Processing file /opt/airflow/dags/Shi_HW 3.py for tasks to queue
[2026-09-12T18:43:47.729+0000] {logging_mixin.py:190} INFO - [2026-09-12T18:43:47.729+0000] {dagbag.py:587} INFO - Filling up the DagBag from /opt/airflow/dags/Shi_HW 3.py
[2026-09-12T18:43:47.750+0000] {processor.py:925} INFO - DAG(s) 'WeatherToronto_ETL' retrieved from /opt/airflow/dags/Shi_HW 3.py
[2026-09-12T18:43:47.760+0000] {logging_mixin.py:190} INFO - [2026-09-12T18:43:47.759+0000] {dag.py:3229} INFO - Sync 1 DAGs
[2026-09-12T18:43:47.774+0000] {logging_mixin.py:190} INFO - [2026-09-12T18:43:47.773+0000] {dag.py:4156} INFO - Setting next_dagrun for WeatherToronto_ETL to 2026-09-12 18:00:00+00:00, run_after=2026-09-13 18:00:00+00:00
[2026-09-12T18:43:47.781+0000] {processor.py:208} INFO - Processing /opt/airflow/dags/Shi_HW 3.py took 0.062 seconds
[2026-09-12T18:44:18.138+0000] {processor.py:186} INFO - Started process (PID=5248) to work on /opt/airflow/dags/Shi_HW 3.py
[2026-09-12T18:44:18.140+0000] {processor.py:914} INFO - Processing file /opt/airflow/dags/Shi_HW 3.py for tasks to queue
[2026-09-12T18:44:18.141+0000] {logging_mixin.py:190} INFO - [2026-09-12T18:44:18.141+0000] {dagbag.py:587} INFO - Filling up the DagBag from /opt/airflow/dags/Shi_HW 3.py
[2026-09-12T18:44:18.164+0000] {processor.py:925} INFO - DAG(s) 'WeatherToronto_ETL' retrieved from /opt/airflow/dags/Shi_HW 3.py
[2026-09-12T18:44:18.175+0000] {logging_mixin.py:190} INFO - [2026-09-12T18:44:18.174+0000] {dag.py:3229} INFO - Sync 1 DAGs
[2026-09-12T18:44:18.185+0000] {logging_mixin.py:190} INFO - [2026-09-12T18:44:18.185+0000] {dag.py:4156} INFO - Setting next_dagrun for WeatherToronto_ETL to 2026-09-12 18:00:00+00:00, run_after=2026-09-13 18:00:00+00:00
[2026-09-12T18:44:18.192+0000] {processor.py:208} INFO - Processing /opt/airflow/dags/Shi_HW 3.py took 0.060 seconds
[2026-09-12T18:44:48.471+0000] {processor.py:186} INFO - Started process (PID=5259) to work on /opt/airflow/dags/Shi_HW 3.py
[2026-09-12T18:44:48.471+0000] {processor.py:914} INFO - Processing file /opt/airflow/dags/Shi_HW 3.py for tasks to queue
[2026-09-12T18:44:48.472+0000] {logging_mixin.py:190} INFO - [2026-09-12T18:44:48.472+0000] {dagbag.py:587} INFO - Filling up the DagBag from /opt/airflow/dags/Shi_HW 3.py
[2026-09-12T18:44:48.488+0000] {processor.py:925} INFO - DAG(s) 'WeatherToronto_ETL' retrieved from /opt/airflow/dags/Shi_HW 3.py
[2026-09-12T18:44:48.498+0000] {logging_mixin.py:190} INFO - [2026-09-12T18:44:48.497+0000] {dag.py:3229} INFO - Sync 1 DAGs
[2026-09-12T18:44:48.511+0000] {logging_mixin.py:190} INFO - [2026-09-12T18:44:48.511+0000] {dag.py:4156} INFO - Setting next_dagrun for WeatherToronto_ETL to 2026-09-12 18:00:00+00:00, run_after=2026-09-13 18:00:00+00:00
[2026-09-12T18:44:48.518+0000] {processor.py:208} INFO - Processing /opt/airflow/dags/Shi_HW 3.py took 0.053 seconds
[2026-09-12T18:45:18.884+0000] {processor.py:186} INFO - Started process (PID=5270) to work on /opt/airflow/dags/Shi_HW 3.py
[2026-09-12T18:45:18.886+0000] {processor.py:914} INFO - Processing file /opt/airflow/dags/Shi_HW 3.py for tasks to queue
[2026-09-12T18:45:18.887+0000] {logging_mixin.py:190} INFO - [2026-09-12T18:45:18.887+0000] {dagbag.py:587} INFO - Filling up the DagBag from /opt/airflow/dags/Shi_HW 3.py
[2026-09-12T18:45:18.908+0000] {processor.py:925} INFO - DAG(s) 'WeatherToronto_ETL' retrieved from /opt/airflow/dags/Shi_HW 3.py
[2026-09-12T18:45:18.920+0000] {logging_mixin.py:190} INFO - [2026-09-12T18:45:18.919+0000] {dag.py:3229} INFO - Sync 1 DAGs
[2026-09-12T18:45:18.930+0000] {logging_mixin.py:190} INFO - [2026-09-12T18:45:18.930+0000] {dag.py:4156} INFO - Setting next_dagrun for WeatherToronto_ETL to 2026-09-12 18:00:00+00:00, run_after=2026-09-13 18:00:00+00:00
[2026-09-12T18:45:18.936+0000] {processor.py:208} INFO - Processing /opt/airflow/dags/Shi_HW 3.py took 0.058 seconds
[2026-09-12T18:45:49.253+0000] {processor.py:186} INFO - Started process (PID=5281) to work on /opt/airflow/dags/Shi_HW 3.py
[2026-09-12T18:45:49.254+0000] {processor.py:914} INFO - Processing file /opt/airflow/dags/Shi_HW 3.py for tasks to queue
[2026-09-12T18:45:49.255+0000] {logging_mixin.py:190} INFO - [2026-09-12T18:45:49.255+0000] {dagbag.py:587} INFO - Filling up the DagBag from /opt/airflow/dags/Shi_HW 3.py
[2026-09-12T18:45:49.274+0000] {processor.py:925} INFO - DAG(s) 'WeatherToronto_ETL' retrieved from /opt/airflow/dags/Shi_HW 3.py
[2026-09-12T18:45:49.287+0000] {logging_mixin.py:190} INFO - [2026-09-12T18:45:49.285+0000] {dag.py:3229} INFO - Sync 1 DAGs
[2026-09-12T18:45:49.300+0000] {logging_mixin.py:190} INFO - [2026-09-12T18:45:49.300+0000] {dag.py:4156} INFO - Setting next_dagrun for WeatherToronto_ETL to 2026-09-12 18:00:00+00:00, run_after=2026-09-13 18:00:00+00:00
[2026-09-12T18:45:49.308+0000] {processor.py:208} INFO - Processing /opt/airflow/dags/Shi_HW 3.py took 0.060 seconds
[2026-09-12T18:46:19.596+0000] {processor.py:186} INFO - Started process (PID=5292) to work on /opt/airflow/dags/Shi_HW 3.py
[2026-09-12T18:46:19.599+0000] {processor.py:914} INFO - Processing file /opt/airflow/dags/Shi_HW 3.py for tasks to queue
[2026-09-12T18:46:19.600+0000] {logging_mixin.py:190} INFO - [2026-09-12T18:46:19.600+0000] {dagbag.py:587} INFO - Filling up the DagBag from /opt/airflow/dags/Shi_HW 3.py
[2026-09-12T18:46:19.628+0000] {processor.py:925} INFO - DAG(s) 'WeatherToronto_ETL' retrieved from /opt/airflow/dags/Shi_HW 3.py
[2026-09-12T18:46:19.649+0000] {logging_mixin.py:190} INFO - [2026-09-12T18:46:19.647+0000] {dag.py:3229} INFO - Sync 1 DAGs
[2026-09-12T18:46:19.661+0000] {logging_mixin.py:190} INFO - [2026-09-12T18:46:19.661+0000] {dag.py:4156} INFO - Setting next_dagrun for WeatherToronto_ETL to 2026-09-12 18:00:00+00:00, run_after=2026-09-13 18:00:00+00:00
[2026-09-12T18:46:19.669+0000] {processor.py:208} INFO - Processing /opt/airflow/dags/Shi_HW 3.py took 0.081 seconds
[2026-09-12T18:46:49.968+0000] {processor.py:186} INFO - Started process (PID=5303) to work on /opt/airflow/dags/Shi_HW 3.py
[2026-09-12T18:46:49.971+0000] {processor.py:914} INFO - Processing file /opt/airflow/dags/Shi_HW 3.py for tasks to queue
[2026-09-12T18:46:49.972+0000] {logging_mixin.py:190} INFO - [2026-09-12T18:46:49.972+0000] {dagbag.py:587} INFO - Filling up the DagBag from /opt/airflow/dags/Shi_HW 3.py
[2026-09-12T18:46:50.000+0000] {processor.py:925} INFO - DAG(s) 'WeatherToronto_ETL' retrieved from /opt/airflow/dags/Shi_HW 3.py
[2026-09-12T18:46:50.017+0000] {logging_mixin.py:190} INFO - [2026-09-12T18:46:50.015+0000] {dag.py:3229} INFO - Sync 1 DAGs
[2026-09-12T18:46:50.033+0000] {logging_mixin.py:190} INFO - [2026-09-12T18:46:50.033+0000] {dag.py:4156} INFO - Setting next_dagrun for WeatherToronto_ETL to 2026-09-12 18:00:00+00:00, run_after=2026-09-13 18:00:00+00:00
[2026-09-12T18:46:50.041+0000] {processor.py:208} INFO - Processing /opt/airflow/dags/Shi_HW 3.py took 0.080 seconds
[2026-09-12T18:47:20.391+0000] {processor.py:186} INFO - Started process (PID=5314) to work on /opt/airflow/dags/Shi_HW 3.py
[2026-09-12T18:47:20.395+0000] {processor.py:914} INFO - Processing file /opt/airflow/dags/Shi_HW 3.py for tasks to queue
[2026-09-12T18:47:20.396+0000] {logging_mixin.py:190} INFO - [2026-09-12T18:47:20.396+0000] {dagbag.py:587} INFO - Filling up the DagBag from /opt/airflow/dags/Shi_HW 3.py
[2026-09-12T18:47:20.425+0000] {processor.py:925} INFO - DAG(s) 'WeatherToronto_ETL' retrieved from /opt/airflow/dags/Shi_HW 3.py
[2026-09-12T18:47:20.441+0000] {logging_mixin.py:190} INFO - [2026-09-12T18:47:20.439+0000] {dag.py:3229} INFO - Sync 1 DAGs
[2026-09-12T18:47:20.456+0000] {logging_mixin.py:190} INFO - [2026-09-12T18:47:20.456+0000] {dag.py:4156} INFO - Setting next_dagrun for WeatherToronto_ETL to 2026-09-12 18:00:00+00:00, run_after=2026-09-13 18:00:00+00:00
[2026-09-12T18:47:20.466+0000] {processor.py:208} INFO - Processing /opt/airflow/dags/Shi_HW 3.py took 0.083 seconds
[2026-09-12T18:47:50.733+0000] {processor.py:186} INFO - Started process (PID=5325) to work on /opt/airflow/dags/Shi_HW 3.py
[2026-09-12T18:47:50.735+0000] {processor.py:914} INFO - Processing file /opt/airflow/dags/Shi_HW 3.py for tasks to queue
[2026-09-12T18:47:50.737+0000] {logging_mixin.py:190} INFO - [2026-09-12T18:47:50.736+0000] {dagbag.py:587} INFO - Filling up the DagBag from /opt/airflow/dags/Shi_HW 3.py
[2026-09-12T18:47:50.779+0000] {processor.py:925} INFO - DAG(s) 'WeatherToronto_ETL' retrieved from /opt/airflow/dags/Shi_HW 3.py
[2026-09-12T18:47:50.797+0000] {logging_mixin.py:190} INFO - [2026-09-12T18:47:50.792+0000] {dag.py:3229} INFO - Sync 1 DAGs
[2026-09-12T18:47:50.810+0000] {logging_mixin.py:190} INFO - [2026-09-12T18:47:50.810+0000] {dag.py:4156} INFO - Setting next_dagrun for WeatherToronto_ETL to 2026-09-12 18:00:00+00:00, run_after=2026-09-13 18:00:00+00:00
[2026-09-12T18:47:50.817+0000] {processor.py:208} INFO - Processing /opt/airflow/dags/Shi_HW 3.py took 0.094 seconds
[2026-09-12T18:48:21.136+0000] {processor.py:186} INFO - Started process (PID=5336) to work on /opt/airflow/dags/Shi_HW 3.py
[2026-09-12T18:48:21.139+0000] {processor.py:914} INFO - Processing file /opt/airflow/dags/Shi_HW 3.py for tasks to queue
[2026-09-12T18:48:21.140+0000] {logging_mixin.py:190} INFO - [2026-09-12T18:48:21.140+0000] {dagbag.py:587} INFO - Filling up the DagBag from /opt/airflow/dags/Shi_HW 3.py
[2026-09-12T18:48:21.166+0000] {processor.py:925} INFO - DAG(s) 'WeatherToronto_ETL' retrieved from /opt/airflow/dags/Shi_HW 3.py
[2026-09-12T18:48:21.180+0000] {logging_mixin.py:190} INFO - [2026-09-12T18:48:21.178+0000] {dag.py:3229} INFO - Sync 1 DAGs
[2026-09-12T18:48:21.193+0000] {logging_mixin.py:190} INFO - [2026-09-12T18:48:21.193+0000] {dag.py:4156} INFO - Setting next_dagrun for WeatherToronto_ETL to 2026-09-12 18:00:00+00:00, run_after=2026-09-13 18:00:00+00:00
[2026-09-12T18:48:21.200+0000] {processor.py:208} INFO - Processing /opt/airflow/dags/Shi_HW 3.py took 0.074 seconds
[2026-09-12T18:48:51.569+0000] {processor.py:186} INFO - Started process (PID=5347) to work on /opt/airflow/dags/Shi_HW 3.py
[2026-09-12T18:48:51.572+0000] {processor.py:914} INFO - Processing file /opt/airflow/dags/Shi_HW 3.py for tasks to queue
[2026-09-12T18:48:51.574+0000] {logging_mixin.py:190} INFO - [2026-09-12T18:48:51.573+0000] {dagbag.py:587} INFO - Filling up the DagBag from /opt/airflow/dags/Shi_HW 3.py
[2026-09-12T18:48:51.611+0000] {processor.py:925} INFO - DAG(s) 'WeatherToronto_ETL' retrieved from /opt/airflow/dags/Shi_HW 3.py
[2026-09-12T18:48:51.634+0000] {logging_mixin.py:190} INFO - [2026-09-12T18:48:51.632+0000] {dag.py:3229} INFO - Sync 1 DAGs
[2026-09-12T18:48:51.654+0000] {logging_mixin.py:190} INFO - [2026-09-12T18:48:51.654+0000] {dag.py:4156} INFO - Setting next_dagrun for WeatherToronto_ETL to 2026-09-12 18:00:00+00:00, run_after=2026-09-13 18:00:00+00:00
[2026-09-12T18:48:51.664+0000] {processor.py:208} INFO - Processing /opt/airflow/dags/Shi_HW 3.py took 0.104 seconds
[2026-09-12T18:49:21.960+0000] {processor.py:186} INFO - Started process (PID=5358) to work on /opt/airflow/dags/Shi_HW 3.py
[2026-09-12T18:49:21.962+0000] {processor.py:914} INFO - Processing file /opt/airflow/dags/Shi_HW 3.py for tasks to queue
[2026-09-12T18:49:21.964+0000] {logging_mixin.py:190} INFO - [2026-09-12T18:49:21.963+0000] {dagbag.py:587} INFO - Filling up the DagBag from /opt/airflow/dags/Shi_HW 3.py
[2026-09-12T18:49:21.995+0000] {processor.py:925} INFO - DAG(s) 'WeatherToronto_ETL' retrieved from /opt/airflow/dags/Shi_HW 3.py
[2026-09-12T18:49:22.011+0000] {logging_mixin.py:190} INFO - [2026-09-12T18:49:22.009+0000] {dag.py:3229} INFO - Sync 1 DAGs
[2026-09-12T18:49:22.024+0000] {logging_mixin.py:190} INFO - [2026-09-12T18:49:22.024+0000] {dag.py:4156} INFO - Setting next_dagrun for WeatherToronto_ETL to 2026-09-12 18:00:00+00:00, run_after=2026-09-13 18:00:00+00:00
[2026-09-12T18:49:22.031+0000] {processor.py:208} INFO - Processing /opt/airflow/dags/Shi_HW 3.py took 0.082 seconds
[2026-09-12T18:49:52.331+0000] {processor.py:186} INFO - Started process (PID=5369) to work on /opt/airflow/dags/Shi_HW 3.py
[2026-09-12T18:49:52.332+0000] {processor.py:914} INFO - Processing file /opt/airflow/dags/Shi_HW 3.py for tasks to queue
[2026-09-12T18:49:52.333+0000] {logging_mixin.py:190} INFO - [2026-09-12T18:49:52.333+0000] {dagbag.py:587} INFO - Filling up the DagBag from /opt/airflow/dags/Shi_HW 3.py
[2026-09-12T18:49:52.352+0000] {processor.py:925} INFO - DAG(s) 'WeatherToronto_ETL' retrieved from /opt/airflow/dags/Shi_HW 3.py
[2026-09-12T18:49:52.360+0000] {logging_mixin.py:190} INFO - [2026-09-12T18:49:52.360+0000] {dag.py:3229} INFO - Sync 1 DAGs
[2026-09-12T18:49:52.370+0000] {logging_mixin.py:190} INFO - [2026-09-12T18:49:52.370+0000] {dag.py:4156} INFO - Setting next_dagrun for WeatherToronto_ETL to 2026-09-12 18:00:00+00:00, run_after=2026-09-13 18:00:00+00:00
[2026-09-12T18:49:52.377+0000] {processor.py:208} INFO - Processing /opt/airflow/dags/Shi_HW 3.py took 0.051 seconds
[2026-09-12T18:50:22.679+0000] {processor.py:186} INFO - Started process (PID=5380) to work on /opt/airflow/dags/Shi_HW 3.py
[2026-09-12T18:50:22.680+0000] {processor.py:914} INFO - Processing file /opt/airflow/dags/Shi_HW 3.py for tasks to queue
[2026-09-12T18:50:22.681+0000] {logging_mixin.py:190} INFO - [2026-09-12T18:50:22.681+0000] {dagbag.py:587} INFO - Filling up the DagBag from /opt/airflow/dags/Shi_HW 3.py
[2026-09-12T18:50:22.706+0000] {processor.py:925} INFO - DAG(s) 'WeatherToronto_ETL' retrieved from /opt/airflow/dags/Shi_HW 3.py
[2026-09-12T18:50:22.721+0000] {logging_mixin.py:190} INFO - [2026-09-12T18:50:22.719+0000] {dag.py:3229} INFO - Sync 1 DAGs
[2026-09-12T18:50:22.736+0000] {logging_mixin.py:190} INFO - [2026-09-12T18:50:22.736+0000] {dag.py:4156} INFO - Setting next_dagrun for WeatherToronto_ETL to 2026-09-12 18:00:00+00:00, run_after=2026-09-13 18:00:00+00:00
[2026-09-12T18:50:22.744+0000] {processor.py:208} INFO - Processing /opt/airflow/dags/Shi_HW 3.py took 0.072 seconds
[2026-09-12T18:50:53.047+0000] {processor.py:186} INFO - Started process (PID=5391) to work on /opt/airflow/dags/Shi_HW 3.py
[2026-09-12T18:50:53.049+0000] {processor.py:914} INFO - Processing file /opt/airflow/dags/Shi_HW 3.py for tasks to queue
[2026-09-12T18:50:53.050+0000] {logging_mixin.py:190} INFO - [2026-09-12T18:50:53.050+0000] {dagbag.py:587} INFO - Filling up the DagBag from /opt/airflow/dags/Shi_HW 3.py
[2026-09-12T18:50:53.076+0000] {processor.py:925} INFO - DAG(s) 'WeatherToronto_ETL' retrieved from /opt/airflow/dags/Shi_HW 3.py
[2026-09-12T18:50:53.092+0000] {logging_mixin.py:190} INFO - [2026-09-12T18:50:53.090+0000] {dag.py:3229} INFO - Sync 1 DAGs
[2026-09-12T18:50:53.107+0000] {logging_mixin.py:190} INFO - [2026-09-12T18:50:53.107+0000] {dag.py:4156} INFO - Setting next_dagrun for WeatherToronto_ETL to 2026-09-12 18:00:00+00:00, run_after=2026-09-13 18:00:00+00:00
[2026-09-12T18:50:53.115+0000] {processor.py:208} INFO - Processing /opt/airflow/dags/Shi_HW 3.py took 0.075 seconds
[2026-09-12T18:51:23.362+0000] {processor.py:186} INFO - Started process (PID=5402) to work on /opt/airflow/dags/Shi_HW 3.py
[2026-09-12T18:51:23.363+0000] {processor.py:914} INFO - Processing file /opt/airflow/dags/Shi_HW 3.py for tasks to queue
[2026-09-12T18:51:23.364+0000] {logging_mixin.py:190} INFO - [2026-09-12T18:51:23.364+0000] {dagbag.py:587} INFO - Filling up the DagBag from /opt/airflow/dags/Shi_HW 3.py
[2026-09-12T18:51:23.388+0000] {processor.py:925} INFO - DAG(s) 'WeatherToronto_ETL' retrieved from /opt/airflow/dags/Shi_HW 3.py
[2026-09-12T18:51:23.401+0000] {logging_mixin.py:190} INFO - [2026-09-12T18:51:23.400+0000] {dag.py:3229} INFO - Sync 1 DAGs
[2026-09-12T18:51:23.414+0000] {logging_mixin.py:190} INFO - [2026-09-12T18:51:23.414+0000] {dag.py:4156} INFO - Setting next_dagrun for WeatherToronto_ETL to 2026-09-12 18:00:00+00:00, run_after=2026-09-13 18:00:00+00:00
[2026-09-12T18:51:23.421+0000] {processor.py:208} INFO - Processing /opt/airflow/dags/Shi_HW 3.py took 0.065 seconds
[2026-09-12T18:51:53.711+0000] {processor.py:186} INFO - Started process (PID=5413) to work on /opt/airflow/dags/Shi_HW 3.py
[2026-09-12T18:51:53.712+0000] {processor.py:914} INFO - Processing file /opt/airflow/dags/Shi_HW 3.py for tasks to queue
[2026-09-12T18:51:53.713+0000] {logging_mixin.py:190} INFO - [2026-09-12T18:51:53.713+0000] {dagbag.py:587} INFO - Filling up the DagBag from /opt/airflow/dags/Shi_HW 3.py
[2026-09-12T18:51:53.753+0000] {processor.py:925} INFO - DAG(s) 'WeatherToronto_ETL' retrieved from /opt/airflow/dags/Shi_HW 3.py
[2026-09-12T18:51:53.772+0000] {logging_mixin.py:190} INFO - [2026-09-12T18:51:53.770+0000] {dag.py:3229} INFO - Sync 1 DAGs
[2026-09-12T18:51:53.804+0000] {logging_mixin.py:190} INFO - [2026-09-12T18:51:53.804+0000] {dag.py:4156} INFO - Setting next_dagrun for WeatherToronto_ETL to 2026-09-12 18:00:00+00:00, run_after=2026-09-13 18:00:00+00:00
[2026-09-12T18:51:53.815+0000] {processor.py:208} INFO - Processing /opt/airflow/dags/Shi_HW 3.py took 0.110 seconds
[2026-09-12T18:52:24.075+0000] {processor.py:186} INFO - Started process (PID=5424) to work on /opt/airflow/dags/Shi_HW 3.py
[2026-09-12T18:52:24.078+0000] {processor.py:914} INFO - Processing file /opt/airflow/dags/Shi_HW 3.py for tasks to queue
[2026-09-12T18:52:24.079+0000] {logging_mixin.py:190} INFO - [2026-09-12T18:52:24.079+0000] {dagbag.py:587} INFO - Filling up the DagBag from /opt/airflow/dags/Shi_HW 3.py
[2026-09-12T18:52:24.107+0000] {processor.py:925} INFO - DAG(s) 'WeatherToronto_ETL' retrieved from /opt/airflow/dags/Shi_HW 3.py
[2026-09-12T18:52:24.120+0000] {logging_mixin.py:190} INFO - [2026-09-12T18:52:24.119+0000] {dag.py:3229} INFO - Sync 1 DAGs
[2026-09-12T18:52:24.135+0000] {logging_mixin.py:190} INFO - [2026-09-12T18:52:24.135+0000] {dag.py:4156} INFO - Setting next_dagrun for WeatherToronto_ETL to 2026-09-12 18:00:00+00:00, run_after=2026-09-13 18:00:00+00:00
[2026-09-12T18:52:24.143+0000] {processor.py:208} INFO - Processing /opt/airflow/dags/Shi_HW 3.py took 0.088 seconds
[2026-09-12T18:52:54.450+0000] {processor.py:186} INFO - Started process (PID=5435) to work on /opt/airflow/dags/Shi_HW 3.py
[2026-09-12T18:52:54.452+0000] {processor.py:914} INFO - Processing file /opt/airflow/dags/Shi_HW 3.py for tasks to queue
[2026-09-12T18:52:54.453+0000] {logging_mixin.py:190} INFO - [2026-09-12T18:52:54.453+0000] {dagbag.py:587} INFO - Filling up the DagBag from /opt/airflow/dags/Shi_HW 3.py
[2026-09-12T18:52:54.476+0000] {processor.py:925} INFO - DAG(s) 'WeatherToronto_ETL' retrieved from /opt/airflow/dags/Shi_HW 3.py
[2026-09-12T18:52:54.491+0000] {logging_mixin.py:190} INFO - [2026-09-12T18:52:54.489+0000] {dag.py:3229} INFO - Sync 1 DAGs
[2026-09-12T18:52:54.511+0000] {logging_mixin.py:190} INFO - [2026-09-12T18:52:54.511+0000] {dag.py:4156} INFO - Setting next_dagrun for WeatherToronto_ETL to 2026-09-12 18:00:00+00:00, run_after=2026-09-13 18:00:00+00:00
[2026-09-12T18:52:54.518+0000] {processor.py:208} INFO - Processing /opt/airflow/dags/Shi_HW 3.py took 0.075 seconds
[2026-09-12T18:53:24.826+0000] {processor.py:186} INFO - Started process (PID=5446) to work on /opt/airflow/dags/Shi_HW 3.py
[2026-09-12T18:53:24.827+0000] {processor.py:914} INFO - Processing file /opt/airflow/dags/Shi_HW 3.py for tasks to queue
[2026-09-12T18:53:24.828+0000] {logging_mixin.py:190} INFO - [2026-09-12T18:53:24.828+0000] {dagbag.py:587} INFO - Filling up the DagBag from /opt/airflow/dags/Shi_HW 3.py
[2026-09-12T18:53:24.854+0000] {processor.py:925} INFO - DAG(s) 'WeatherToronto_ETL' retrieved from /opt/airflow/dags/Shi_HW 3.py
[2026-09-12T18:53:24.864+0000] {logging_mixin.py:190} INFO - [2026-09-12T18:53:24.863+0000] {dag.py:3229} INFO - Sync 1 DAGs
[2026-09-12T18:53:24.875+0000] {logging_mixin.py:190} INFO - [2026-09-12T18:53:24.875+0000] {dag.py:4156} INFO - Setting next_dagrun for WeatherToronto_ETL to 2026-09-12 18:00:00+00:00, run_after=2026-09-13 18:00:00+00:00
[2026-09-12T18:53:24.882+0000] {processor.py:208} INFO - Processing /opt/airflow/dags/Shi_HW 3.py took 0.064 seconds
[2026-09-12T18:53:55.198+0000] {processor.py:186} INFO - Started process (PID=5457) to work on /opt/airflow/dags/Shi_HW 3.py
[2026-09-12T18:53:55.199+0000] {processor.py:914} INFO - Processing file /opt/airflow/dags/Shi_HW 3.py for tasks to queue
[2026-09-12T18:53:55.200+0000] {logging_mixin.py:190} INFO - [2026-09-12T18:53:55.200+0000] {dagbag.py:587} INFO - Filling up the DagBag from /opt/airflow/dags/Shi_HW 3.py
[2026-09-12T18:53:55.219+0000] {processor.py:925} INFO - DAG(s) 'WeatherToronto_ETL' retrieved from /opt/airflow/dags/Shi_HW 3.py
[2026-09-12T18:53:55.241+0000] {logging_mixin.py:190} INFO - [2026-09-12T18:53:55.239+0000] {dag.py:3229} INFO - Sync 1 DAGs
[2026-09-12T18:53:55.261+0000] {logging_mixin.py:190} INFO - [2026-09-12T18:53:55.261+0000] {dag.py:4156} INFO - Setting next_dagrun for WeatherToronto_ETL to 2026-09-12 18:00:00+00:00, run_after=2026-09-13 18:00:00+00:00
[2026-09-12T18:53:55.269+0000] {processor.py:208} INFO - Processing /opt/airflow/dags/Shi_HW 3.py took 0.076 seconds
[2026-09-12T18:54:25.574+0000] {processor.py:186} INFO - Started process (PID=5468) to work on /opt/airflow/dags/Shi_HW 3.py
[2026-09-12T18:54:25.576+0000] {processor.py:914} INFO - Processing file /opt/airflow/dags/Shi_HW 3.py for tasks to queue
[2026-09-12T18:54:25.577+0000] {logging_mixin.py:190} INFO - [2026-09-12T18:54:25.577+0000] {dagbag.py:587} INFO - Filling up the DagBag from /opt/airflow/dags/Shi_HW 3.py
[2026-09-12T18:54:25.602+0000] {processor.py:925} INFO - DAG(s) 'WeatherToronto_ETL' retrieved from /opt/airflow/dags/Shi_HW 3.py
[2026-09-12T18:54:25.613+0000] {logging_mixin.py:190} INFO - [2026-09-12T18:54:25.612+0000] {dag.py:3229} INFO - Sync 1 DAGs
[2026-09-12T18:54:25.626+0000] {logging_mixin.py:190} INFO - [2026-09-12T18:54:25.625+0000] {dag.py:4156} INFO - Setting next_dagrun for WeatherToronto_ETL to 2026-09-12 18:00:00+00:00, run_after=2026-09-13 18:00:00+00:00
[2026-09-12T18:54:25.633+0000] {processor.py:208} INFO - Processing /opt/airflow/dags/Shi_HW 3.py took 0.066 seconds
[2026-09-12T18:54:55.957+0000] {processor.py:186} INFO - Started process (PID=5479) to work on /opt/airflow/dags/Shi_HW 3.py
[2026-09-12T18:54:55.959+0000] {processor.py:914} INFO - Processing file /opt/airflow/dags/Shi_HW 3.py for tasks to queue
[2026-09-12T18:54:55.960+0000] {logging_mixin.py:190} INFO - [2026-09-12T18:54:55.960+0000] {dagbag.py:587} INFO - Filling up the DagBag from /opt/airflow/dags/Shi_HW 3.py
[2026-09-12T18:54:55.978+0000] {processor.py:925} INFO - DAG(s) 'WeatherToronto_ETL' retrieved from /opt/airflow/dags/Shi_HW 3.py
[2026-09-12T18:54:55.990+0000] {logging_mixin.py:190} INFO - [2026-09-12T18:54:55.989+0000] {dag.py:3229} INFO - Sync 1 DAGs
[2026-09-12T18:54:56.002+0000] {logging_mixin.py:190} INFO - [2026-09-12T18:54:56.002+0000] {dag.py:4156} INFO - Setting next_dagrun for WeatherToronto_ETL to 2026-09-12 18:00:00+00:00, run_after=2026-09-13 18:00:00+00:00
[2026-09-12T18:54:56.008+0000] {processor.py:208} INFO - Processing /opt/airflow/dags/Shi_HW 3.py took 0.055 seconds
[2026-09-12T18:55:26.364+0000] {processor.py:186} INFO - Started process (PID=5490) to work on /opt/airflow/dags/Shi_HW 3.py
[2026-09-12T18:55:26.367+0000] {processor.py:914} INFO - Processing file /opt/airflow/dags/Shi_HW 3.py for tasks to queue
[2026-09-12T18:55:26.368+0000] {logging_mixin.py:190} INFO - [2026-09-12T18:55:26.368+0000] {dagbag.py:587} INFO - Filling up the DagBag from /opt/airflow/dags/Shi_HW 3.py
[2026-09-12T18:55:26.403+0000] {processor.py:925} INFO - DAG(s) 'WeatherToronto_ETL' retrieved from /opt/airflow/dags/Shi_HW 3.py
[2026-09-12T18:55:26.421+0000] {logging_mixin.py:190} INFO - [2026-09-12T18:55:26.419+0000] {dag.py:3229} INFO - Sync 1 DAGs
[2026-09-12T18:55:26.439+0000] {logging_mixin.py:190} INFO - [2026-09-12T18:55:26.439+0000] {dag.py:4156} INFO - Setting next_dagrun for WeatherToronto_ETL to 2026-09-12 18:00:00+00:00, run_after=2026-09-13 18:00:00+00:00
[2026-09-12T18:55:26.447+0000] {processor.py:208} INFO - Processing /opt/airflow/dags/Shi_HW 3.py took 0.090 seconds
[2026-09-12T18:55:56.708+0000] {processor.py:186} INFO - Started process (PID=5501) to work on /opt/airflow/dags/Shi_HW 3.py
[2026-09-12T18:55:56.709+0000] {processor.py:914} INFO - Processing file /opt/airflow/dags/Shi_HW 3.py for tasks to queue
[2026-09-12T18:55:56.714+0000] {logging_mixin.py:190} INFO - [2026-09-12T18:55:56.711+0000] {dagbag.py:587} INFO - Filling up the DagBag from /opt/airflow/dags/Shi_HW 3.py
[2026-09-12T18:55:56.762+0000] {processor.py:925} INFO - DAG(s) 'WeatherToronto_ETL' retrieved from /opt/airflow/dags/Shi_HW 3.py
[2026-09-12T18:55:56.783+0000] {logging_mixin.py:190} INFO - [2026-09-12T18:55:56.781+0000] {dag.py:3229} INFO - Sync 1 DAGs
[2026-09-12T18:55:56.801+0000] {logging_mixin.py:190} INFO - [2026-09-12T18:55:56.800+0000] {dag.py:4156} INFO - Setting next_dagrun for WeatherToronto_ETL to 2026-09-12 18:00:00+00:00, run_after=2026-09-13 18:00:00+00:00
[2026-09-12T18:55:56.810+0000] {processor.py:208} INFO - Processing /opt/airflow/dags/Shi_HW 3.py took 0.115 seconds
[2026-09-12T18:56:27.073+0000] {processor.py:186} INFO - Started process (PID=5512) to work on /opt/airflow/dags/Shi_HW 3.py
[2026-09-12T18:56:27.075+0000] {processor.py:914} INFO - Processing file /opt/airflow/dags/Shi_HW 3.py for tasks to queue
[2026-09-12T18:56:27.076+0000] {logging_mixin.py:190} INFO - [2026-09-12T18:56:27.076+0000] {dagbag.py:587} INFO - Filling up the DagBag from /opt/airflow/dags/Shi_HW 3.py
[2026-09-12T18:56:27.096+0000] {processor.py:925} INFO - DAG(s) 'WeatherToronto_ETL' retrieved from /opt/airflow/dags/Shi_HW 3.py
[2026-09-12T18:56:27.106+0000] {logging_mixin.py:190} INFO - [2026-09-12T18:56:27.106+0000] {dag.py:3229} INFO - Sync 1 DAGs
[2026-09-12T18:56:27.117+0000] {logging_mixin.py:190} INFO - [2026-09-12T18:56:27.117+0000] {dag.py:4156} INFO - Setting next_dagrun for WeatherToronto_ETL to 2026-09-12 18:00:00+00:00, run_after=2026-09-13 18:00:00+00:00
[2026-09-12T18:56:27.123+0000] {processor.py:208} INFO - Processing /opt/airflow/dags/Shi_HW 3.py took 0.058 seconds
[2026-09-12T18:56:57.500+0000] {processor.py:186} INFO - Started process (PID=5523) to work on /opt/airflow/dags/Shi_HW 3.py
[2026-09-12T18:56:57.502+0000] {processor.py:914} INFO - Processing file /opt/airflow/dags/Shi_HW 3.py for tasks to queue
[2026-09-12T18:56:57.503+0000] {logging_mixin.py:190} INFO - [2026-09-12T18:56:57.503+0000] {dagbag.py:587} INFO - Filling up the DagBag from /opt/airflow/dags/Shi_HW 3.py
[2026-09-12T18:56:57.528+0000] {processor.py:925} INFO - DAG(s) 'WeatherToronto_ETL' retrieved from /opt/airflow/dags/Shi_HW 3.py
[2026-09-12T18:56:57.541+0000] {logging_mixin.py:190} INFO - [2026-09-12T18:56:57.539+0000] {dag.py:3229} INFO - Sync 1 DAGs
[2026-09-12T18:56:57.553+0000] {logging_mixin.py:190} INFO - [2026-09-12T18:56:57.553+0000] {dag.py:4156} INFO - Setting next_dagrun for WeatherToronto_ETL to 2026-09-12 18:00:00+00:00, run_after=2026-09-13 18:00:00+00:00
[2026-09-12T18:56:57.561+0000] {processor.py:208} INFO - Processing /opt/airflow/dags/Shi_HW 3.py took 0.070 seconds
[2026-09-12T18:57:27.847+0000] {processor.py:186} INFO - Started process (PID=5534) to work on /opt/airflow/dags/Shi_HW 3.py
[2026-09-12T18:57:27.849+0000] {processor.py:914} INFO - Processing file /opt/airflow/dags/Shi_HW 3.py for tasks to queue
[2026-09-12T18:57:27.850+0000] {logging_mixin.py:190} INFO - [2026-09-12T18:57:27.850+0000] {dagbag.py:587} INFO - Filling up the DagBag from /opt/airflow/dags/Shi_HW 3.py
[2026-09-12T18:57:27.872+0000] {processor.py:925} INFO - DAG(s) 'WeatherToronto_ETL' retrieved from /opt/airflow/dags/Shi_HW 3.py
[2026-09-12T18:57:27.881+0000] {logging_mixin.py:190} INFO - [2026-09-12T18:57:27.880+0000] {dag.py:3229} INFO - Sync 1 DAGs
[2026-09-12T18:57:27.892+0000] {logging_mixin.py:190} INFO - [2026-09-12T18:57:27.892+0000] {dag.py:4156} INFO - Setting next_dagrun for WeatherToronto_ETL to 2026-09-12 18:00:00+00:00, run_after=2026-09-13 18:00:00+00:00
[2026-09-12T18:57:27.898+0000] {processor.py:208} INFO - Processing /opt/airflow/dags/Shi_HW 3.py took 0.059 seconds
[2026-09-12T18:57:58.232+0000] {processor.py:186} INFO - Started process (PID=5545) to work on /opt/airflow/dags/Shi_HW 3.py
[2026-09-12T18:57:58.234+0000] {processor.py:914} INFO - Processing file /opt/airflow/dags/Shi_HW 3.py for tasks to queue
[2026-09-12T18:57:58.235+0000] {logging_mixin.py:190} INFO - [2026-09-12T18:57:58.235+0000] {dagbag.py:587} INFO - Filling up the DagBag from /opt/airflow/dags/Shi_HW 3.py
[2026-09-12T18:57:58.261+0000] {processor.py:925} INFO - DAG(s) 'WeatherToronto_ETL' retrieved from /opt/airflow/dags/Shi_HW 3.py
[2026-09-12T18:57:58.272+0000] {logging_mixin.py:190} INFO - [2026-09-12T18:57:58.271+0000] {dag.py:3229} INFO - Sync 1 DAGs
[2026-09-12T18:57:58.285+0000] {logging_mixin.py:190} INFO - [2026-09-12T18:57:58.285+0000] {dag.py:4156} INFO - Setting next_dagrun for WeatherToronto_ETL to 2026-09-12 18:00:00+00:00, run_after=2026-09-13 18:00:00+00:00
[2026-09-12T18:57:58.292+0000] {processor.py:208} INFO - Processing /opt/airflow/dags/Shi_HW 3.py took 0.067 seconds
[2026-09-12T18:58:28.589+0000] {processor.py:186} INFO - Started process (PID=5556) to work on /opt/airflow/dags/Shi_HW 3.py
[2026-09-12T18:58:28.592+0000] {processor.py:914} INFO - Processing file /opt/airflow/dags/Shi_HW 3.py for tasks to queue
[2026-09-12T18:58:28.595+0000] {logging_mixin.py:190} INFO - [2026-09-12T18:58:28.594+0000] {dagbag.py:587} INFO - Filling up the DagBag from /opt/airflow/dags/Shi_HW 3.py
[2026-09-12T18:58:28.617+0000] {processor.py:925} INFO - DAG(s) 'WeatherToronto_ETL' retrieved from /opt/airflow/dags/Shi_HW 3.py
[2026-09-12T18:58:28.628+0000] {logging_mixin.py:190} INFO - [2026-09-12T18:58:28.627+0000] {dag.py:3229} INFO - Sync 1 DAGs
[2026-09-12T18:58:28.639+0000] {logging_mixin.py:190} INFO - [2026-09-12T18:58:28.639+0000] {dag.py:4156} INFO - Setting next_dagrun for WeatherToronto_ETL to 2026-09-12 18:00:00+00:00, run_after=2026-09-13 18:00:00+00:00
[2026-09-12T18:58:28.647+0000] {processor.py:208} INFO - Processing /opt/airflow/dags/Shi_HW 3.py took 0.064 seconds
[2026-09-12T18:58:58.988+0000] {processor.py:186} INFO - Started process (PID=5567) to work on /opt/airflow/dags/Shi_HW 3.py
[2026-09-12T18:58:58.991+0000] {processor.py:914} INFO - Processing file /opt/airflow/dags/Shi_HW 3.py for tasks to queue
[2026-09-12T18:58:58.992+0000] {logging_mixin.py:190} INFO - [2026-09-12T18:58:58.992+0000] {dagbag.py:587} INFO - Filling up the DagBag from /opt/airflow/dags/Shi_HW 3.py
[2026-09-12T18:58:59.018+0000] {processor.py:925} INFO - DAG(s) 'WeatherToronto_ETL' retrieved from /opt/airflow/dags/Shi_HW 3.py
[2026-09-12T18:58:59.030+0000] {logging_mixin.py:190} INFO - [2026-09-12T18:58:59.029+0000] {dag.py:3229} INFO - Sync 1 DAGs
[2026-09-12T18:58:59.042+0000] {logging_mixin.py:190} INFO - [2026-09-12T18:58:59.042+0000] {dag.py:4156} INFO - Setting next_dagrun for WeatherToronto_ETL to 2026-09-12 18:00:00+00:00, run_after=2026-09-13 18:00:00+00:00
[2026-09-12T18:58:59.049+0000] {processor.py:208} INFO - Processing /opt/airflow/dags/Shi_HW 3.py took 0.070 seconds
[2026-09-12T18:59:29.345+0000] {processor.py:186} INFO - Started process (PID=5578) to work on /opt/airflow/dags/Shi_HW 3.py
[2026-09-12T18:59:29.348+0000] {processor.py:914} INFO - Processing file /opt/airflow/dags/Shi_HW 3.py for tasks to queue
[2026-09-12T18:59:29.349+0000] {logging_mixin.py:190} INFO - [2026-09-12T18:59:29.349+0000] {dagbag.py:587} INFO - Filling up the DagBag from /opt/airflow/dags/Shi_HW 3.py
[2026-09-12T18:59:29.369+0000] {processor.py:925} INFO - DAG(s) 'WeatherToronto_ETL' retrieved from /opt/airflow/dags/Shi_HW 3.py
[2026-09-12T18:59:29.378+0000] {logging_mixin.py:190} INFO - [2026-09-12T18:59:29.378+0000] {dag.py:3229} INFO - Sync 1 DAGs
[2026-09-12T18:59:29.389+0000] {logging_mixin.py:190} INFO - [2026-09-12T18:59:29.389+0000] {dag.py:4156} INFO - Setting next_dagrun for WeatherToronto_ETL to 2026-09-12 18:00:00+00:00, run_after=2026-09-13 18:00:00+00:00
[2026-09-12T18:59:29.395+0000] {processor.py:208} INFO - Processing /opt/airflow/dags/Shi_HW 3.py took 0.056 seconds
[2026-09-12T18:59:59.710+0000] {processor.py:186} INFO - Started process (PID=5589) to work on /opt/airflow/dags/Shi_HW 3.py
[2026-09-12T18:59:59.711+0000] {processor.py:914} INFO - Processing file /opt/airflow/dags/Shi_HW 3.py for tasks to queue
[2026-09-12T18:59:59.713+0000] {logging_mixin.py:190} INFO - [2026-09-12T18:59:59.712+0000] {dagbag.py:587} INFO - Filling up the DagBag from /opt/airflow/dags/Shi_HW 3.py
[2026-09-12T18:59:59.740+0000] {processor.py:925} INFO - DAG(s) 'WeatherToronto_ETL' retrieved from /opt/airflow/dags/Shi_HW 3.py
[2026-09-12T18:59:59.755+0000] {logging_mixin.py:190} INFO - [2026-09-12T18:59:59.754+0000] {dag.py:3229} INFO - Sync 1 DAGs
[2026-09-12T18:59:59.770+0000] {logging_mixin.py:190} INFO - [2026-09-12T18:59:59.770+0000] {dag.py:4156} INFO - Setting next_dagrun for WeatherToronto_ETL to 2026-09-12 18:00:00+00:00, run_after=2026-09-13 18:00:00+00:00
[2026-09-12T18:59:59.777+0000] {processor.py:208} INFO - Processing /opt/airflow/dags/Shi_HW 3.py took 0.074 seconds
[2026-09-12T19:00:30.079+0000] {processor.py:186} INFO - Started process (PID=5600) to work on /opt/airflow/dags/Shi_HW 3.py
[2026-09-12T19:00:30.082+0000] {processor.py:914} INFO - Processing file /opt/airflow/dags/Shi_HW 3.py for tasks to queue
[2026-09-12T19:00:30.083+0000] {logging_mixin.py:190} INFO - [2026-09-12T19:00:30.083+0000] {dagbag.py:587} INFO - Filling up the DagBag from /opt/airflow/dags/Shi_HW 3.py
[2026-09-12T19:00:30.103+0000] {processor.py:925} INFO - DAG(s) 'WeatherToronto_ETL' retrieved from /opt/airflow/dags/Shi_HW 3.py
[2026-09-12T19:00:30.112+0000] {logging_mixin.py:190} INFO - [2026-09-12T19:00:30.112+0000] {dag.py:3229} INFO - Sync 1 DAGs
[2026-09-12T19:00:30.124+0000] {logging_mixin.py:190} INFO - [2026-09-12T19:00:30.124+0000] {dag.py:4156} INFO - Setting next_dagrun for WeatherToronto_ETL to 2026-09-12 18:00:00+00:00, run_after=2026-09-13 18:00:00+00:00
[2026-09-12T19:00:30.132+0000] {processor.py:208} INFO - Processing /opt/airflow/dags/Shi_HW 3.py took 0.059 seconds
[2026-09-12T19:01:00.488+0000] {processor.py:186} INFO - Started process (PID=5611) to work on /opt/airflow/dags/Shi_HW 3.py
[2026-09-12T19:01:00.489+0000] {processor.py:914} INFO - Processing file /opt/airflow/dags/Shi_HW 3.py for tasks to queue
[2026-09-12T19:01:00.492+0000] {logging_mixin.py:190} INFO - [2026-09-12T19:01:00.491+0000] {dagbag.py:587} INFO - Filling up the DagBag from /opt/airflow/dags/Shi_HW 3.py
[2026-09-12T19:01:00.544+0000] {processor.py:925} INFO - DAG(s) 'WeatherToronto_ETL' retrieved from /opt/airflow/dags/Shi_HW 3.py
[2026-09-12T19:01:00.561+0000] {logging_mixin.py:190} INFO - [2026-09-12T19:01:00.559+0000] {dag.py:3229} INFO - Sync 1 DAGs
[2026-09-12T19:01:00.576+0000] {logging_mixin.py:190} INFO - [2026-09-12T19:01:00.576+0000] {dag.py:4156} INFO - Setting next_dagrun for WeatherToronto_ETL to 2026-09-12 18:00:00+00:00, run_after=2026-09-13 18:00:00+00:00
[2026-09-12T19:01:00.585+0000] {processor.py:208} INFO - Processing /opt/airflow/dags/Shi_HW 3.py took 0.112 seconds
[2026-09-12T19:01:30.859+0000] {processor.py:186} INFO - Started process (PID=5622) to work on /opt/airflow/dags/Shi_HW 3.py
[2026-09-12T19:01:30.861+0000] {processor.py:914} INFO - Processing file /opt/airflow/dags/Shi_HW 3.py for tasks to queue
[2026-09-12T19:01:30.862+0000] {logging_mixin.py:190} INFO - [2026-09-12T19:01:30.862+0000] {dagbag.py:587} INFO - Filling up the DagBag from /opt/airflow/dags/Shi_HW 3.py
[2026-09-12T19:01:30.893+0000] {processor.py:925} INFO - DAG(s) 'WeatherToronto_ETL' retrieved from /opt/airflow/dags/Shi_HW 3.py
[2026-09-12T19:01:30.909+0000] {logging_mixin.py:190} INFO - [2026-09-12T19:01:30.908+0000] {dag.py:3229} INFO - Sync 1 DAGs
[2026-09-12T19:01:30.925+0000] {logging_mixin.py:190} INFO - [2026-09-12T19:01:30.925+0000] {dag.py:4156} INFO - Setting next_dagrun for WeatherToronto_ETL to 2026-09-12 18:00:00+00:00, run_after=2026-09-13 18:00:00+00:00
[2026-09-12T19:01:30.933+0000] {processor.py:208} INFO - Processing /opt/airflow/dags/Shi_HW 3.py took 0.084 seconds
[2026-09-12T19:02:01.303+0000] {processor.py:186} INFO - Started process (PID=5633) to work on /opt/airflow/dags/Shi_HW 3.py
[2026-09-12T19:02:01.305+0000] {processor.py:914} INFO - Processing file /opt/airflow/dags/Shi_HW 3.py for tasks to queue
[2026-09-12T19:02:01.307+0000] {logging_mixin.py:190} INFO - [2026-09-12T19:02:01.306+0000] {dagbag.py:587} INFO - Filling up the DagBag from /opt/airflow/dags/Shi_HW 3.py
[2026-09-12T19:02:01.333+0000] {processor.py:925} INFO - DAG(s) 'WeatherToronto_ETL' retrieved from /opt/airflow/dags/Shi_HW 3.py
[2026-09-12T19:02:01.350+0000] {logging_mixin.py:190} INFO - [2026-09-12T19:02:01.348+0000] {dag.py:3229} INFO - Sync 1 DAGs
[2026-09-12T19:02:01.364+0000] {logging_mixin.py:190} INFO - [2026-09-12T19:02:01.364+0000] {dag.py:4156} INFO - Setting next_dagrun for WeatherToronto_ETL to 2026-09-12 18:00:00+00:00, run_after=2026-09-13 18:00:00+00:00
[2026-09-12T19:02:01.371+0000] {processor.py:208} INFO - Processing /opt/airflow/dags/Shi_HW 3.py took 0.075 seconds
[2026-09-12T19:02:31.667+0000] {processor.py:186} INFO - Started process (PID=5644) to work on /opt/airflow/dags/Shi_HW 3.py
[2026-09-12T19:02:31.670+0000] {processor.py:914} INFO - Processing file /opt/airflow/dags/Shi_HW 3.py for tasks to queue
[2026-09-12T19:02:31.670+0000] {logging_mixin.py:190} INFO - [2026-09-12T19:02:31.670+0000] {dagbag.py:587} INFO - Filling up the DagBag from /opt/airflow/dags/Shi_HW 3.py
[2026-09-12T19:02:31.687+0000] {processor.py:925} INFO - DAG(s) 'WeatherToronto_ETL' retrieved from /opt/airflow/dags/Shi_HW 3.py
[2026-09-12T19:02:31.696+0000] {logging_mixin.py:190} INFO - [2026-09-12T19:02:31.695+0000] {dag.py:3229} INFO - Sync 1 DAGs
[2026-09-12T19:02:31.706+0000] {logging_mixin.py:190} INFO - [2026-09-12T19:02:31.706+0000] {dag.py:4156} INFO - Setting next_dagrun for WeatherToronto_ETL to 2026-09-12 18:00:00+00:00, run_after=2026-09-13 18:00:00+00:00
[2026-09-12T19:02:31.712+0000] {processor.py:208} INFO - Processing /opt/airflow/dags/Shi_HW 3.py took 0.052 seconds
[2026-09-12T19:03:02.081+0000] {processor.py:186} INFO - Started process (PID=5655) to work on /opt/airflow/dags/Shi_HW 3.py
[2026-09-12T19:03:02.084+0000] {processor.py:914} INFO - Processing file /opt/airflow/dags/Shi_HW 3.py for tasks to queue
[2026-09-12T19:03:02.085+0000] {logging_mixin.py:190} INFO - [2026-09-12T19:03:02.085+0000] {dagbag.py:587} INFO - Filling up the DagBag from /opt/airflow/dags/Shi_HW 3.py
[2026-09-12T19:03:02.122+0000] {processor.py:925} INFO - DAG(s) 'WeatherToronto_ETL' retrieved from /opt/airflow/dags/Shi_HW 3.py
[2026-09-12T19:03:02.139+0000] {logging_mixin.py:190} INFO - [2026-09-12T19:03:02.137+0000] {dag.py:3229} INFO - Sync 1 DAGs
[2026-09-12T19:03:02.160+0000] {logging_mixin.py:190} INFO - [2026-09-12T19:03:02.159+0000] {dag.py:4156} INFO - Setting next_dagrun for WeatherToronto_ETL to 2026-09-12 18:00:00+00:00, run_after=2026-09-13 18:00:00+00:00
[2026-09-12T19:03:02.167+0000] {processor.py:208} INFO - Processing /opt/airflow/dags/Shi_HW 3.py took 0.101 seconds
[2026-09-12T19:03:32.427+0000] {processor.py:186} INFO - Started process (PID=5666) to work on /opt/airflow/dags/Shi_HW 3.py
[2026-09-12T19:03:32.429+0000] {processor.py:914} INFO - Processing file /opt/airflow/dags/Shi_HW 3.py for tasks to queue
[2026-09-12T19:03:32.434+0000] {logging_mixin.py:190} INFO - [2026-09-12T19:03:32.431+0000] {dagbag.py:587} INFO - Filling up the DagBag from /opt/airflow/dags/Shi_HW 3.py
[2026-09-12T19:03:32.485+0000] {processor.py:925} INFO - DAG(s) 'WeatherToronto_ETL' retrieved from /opt/airflow/dags/Shi_HW 3.py
[2026-09-12T19:03:32.508+0000] {logging_mixin.py:190} INFO - [2026-09-12T19:03:32.502+0000] {dag.py:3229} INFO - Sync 1 DAGs
[2026-09-12T19:03:32.523+0000] {logging_mixin.py:190} INFO - [2026-09-12T19:03:32.522+0000] {dag.py:4156} INFO - Setting next_dagrun for WeatherToronto_ETL to 2026-09-12 18:00:00+00:00, run_after=2026-09-13 18:00:00+00:00
[2026-09-12T19:03:32.534+0000] {processor.py:208} INFO - Processing /opt/airflow/dags/Shi_HW 3.py took 0.119 seconds
[2026-09-12T19:04:02.815+0000] {processor.py:186} INFO - Started process (PID=5677) to work on /opt/airflow/dags/Shi_HW 3.py
[2026-09-12T19:04:02.817+0000] {processor.py:914} INFO - Processing file /opt/airflow/dags/Shi_HW 3.py for tasks to queue
[2026-09-12T19:04:02.819+0000] {logging_mixin.py:190} INFO - [2026-09-12T19:04:02.818+0000] {dagbag.py:587} INFO - Filling up the DagBag from /opt/airflow/dags/Shi_HW 3.py
[2026-09-12T19:04:02.845+0000] {processor.py:925} INFO - DAG(s) 'WeatherToronto_ETL' retrieved from /opt/airflow/dags/Shi_HW 3.py
[2026-09-12T19:04:02.859+0000] {logging_mixin.py:190} INFO - [2026-09-12T19:04:02.857+0000] {dag.py:3229} INFO - Sync 1 DAGs
[2026-09-12T19:04:02.871+0000] {logging_mixin.py:190} INFO - [2026-09-12T19:04:02.871+0000] {dag.py:4156} INFO - Setting next_dagrun for WeatherToronto_ETL to 2026-09-12 18:00:00+00:00, run_after=2026-09-13 18:00:00+00:00
[2026-09-12T19:04:02.878+0000] {processor.py:208} INFO - Processing /opt/airflow/dags/Shi_HW 3.py took 0.074 seconds
[2026-09-12T19:04:33.186+0000] {processor.py:186} INFO - Started process (PID=5688) to work on /opt/airflow/dags/Shi_HW 3.py
[2026-09-12T19:04:33.187+0000] {processor.py:914} INFO - Processing file /opt/airflow/dags/Shi_HW 3.py for tasks to queue
[2026-09-12T19:04:33.188+0000] {logging_mixin.py:190} INFO - [2026-09-12T19:04:33.188+0000] {dagbag.py:587} INFO - Filling up the DagBag from /opt/airflow/dags/Shi_HW 3.py
[2026-09-12T19:04:33.208+0000] {processor.py:925} INFO - DAG(s) 'WeatherToronto_ETL' retrieved from /opt/airflow/dags/Shi_HW 3.py
[2026-09-12T19:04:33.218+0000] {logging_mixin.py:190} INFO - [2026-09-12T19:04:33.217+0000] {dag.py:3229} INFO - Sync 1 DAGs
[2026-09-12T19:04:33.228+0000] {logging_mixin.py:190} INFO - [2026-09-12T19:04:33.228+0000] {dag.py:4156} INFO - Setting next_dagrun for WeatherToronto_ETL to 2026-09-12 18:00:00+00:00, run_after=2026-09-13 18:00:00+00:00
[2026-09-12T19:04:33.235+0000] {processor.py:208} INFO - Processing /opt/airflow/dags/Shi_HW 3.py took 0.056 seconds
[2026-09-12T19:05:03.583+0000] {processor.py:186} INFO - Started process (PID=5699) to work on /opt/airflow/dags/Shi_HW 3.py
[2026-09-12T19:05:03.586+0000] {processor.py:914} INFO - Processing file /opt/airflow/dags/Shi_HW 3.py for tasks to queue
[2026-09-12T19:05:03.589+0000] {logging_mixin.py:190} INFO - [2026-09-12T19:05:03.589+0000] {dagbag.py:587} INFO - Filling up the DagBag from /opt/airflow/dags/Shi_HW 3.py
[2026-09-12T19:05:03.619+0000] {processor.py:925} INFO - DAG(s) 'WeatherToronto_ETL' retrieved from /opt/airflow/dags/Shi_HW 3.py
[2026-09-12T19:05:03.641+0000] {logging_mixin.py:190} INFO - [2026-09-12T19:05:03.639+0000] {dag.py:3229} INFO - Sync 1 DAGs
[2026-09-12T19:05:03.658+0000] {logging_mixin.py:190} INFO - [2026-09-12T19:05:03.658+0000] {dag.py:4156} INFO - Setting next_dagrun for WeatherToronto_ETL to 2026-09-12 18:00:00+00:00, run_after=2026-09-13 18:00:00+00:00
[2026-09-12T19:05:03.666+0000] {processor.py:208} INFO - Processing /opt/airflow/dags/Shi_HW 3.py took 0.090 seconds
[2026-09-12T19:05:33.954+0000] {processor.py:186} INFO - Started process (PID=5710) to work on /opt/airflow/dags/Shi_HW 3.py
[2026-09-12T19:05:33.957+0000] {processor.py:914} INFO - Processing file /opt/airflow/dags/Shi_HW 3.py for tasks to queue
[2026-09-12T19:05:33.959+0000] {logging_mixin.py:190} INFO - [2026-09-12T19:05:33.958+0000] {dagbag.py:587} INFO - Filling up the DagBag from /opt/airflow/dags/Shi_HW 3.py
[2026-09-12T19:05:34.000+0000] {processor.py:925} INFO - DAG(s) 'WeatherToronto_ETL' retrieved from /opt/airflow/dags/Shi_HW 3.py
[2026-09-12T19:05:34.019+0000] {logging_mixin.py:190} INFO - [2026-09-12T19:05:34.018+0000] {dag.py:3229} INFO - Sync 1 DAGs
[2026-09-12T19:05:34.036+0000] {logging_mixin.py:190} INFO - [2026-09-12T19:05:34.036+0000] {dag.py:4156} INFO - Setting next_dagrun for WeatherToronto_ETL to 2026-09-12 18:00:00+00:00, run_after=2026-09-13 18:00:00+00:00
[2026-09-12T19:05:34.045+0000] {processor.py:208} INFO - Processing /opt/airflow/dags/Shi_HW 3.py took 0.105 seconds
[2026-09-12T19:06:04.318+0000] {processor.py:186} INFO - Started process (PID=5721) to work on /opt/airflow/dags/Shi_HW 3.py
[2026-09-12T19:06:04.323+0000] {processor.py:914} INFO - Processing file /opt/airflow/dags/Shi_HW 3.py for tasks to queue
[2026-09-12T19:06:04.325+0000] {logging_mixin.py:190} INFO - [2026-09-12T19:06:04.325+0000] {dagbag.py:587} INFO - Filling up the DagBag from /opt/airflow/dags/Shi_HW 3.py
[2026-09-12T19:06:04.356+0000] {processor.py:925} INFO - DAG(s) 'WeatherToronto_ETL' retrieved from /opt/airflow/dags/Shi_HW 3.py
[2026-09-12T19:06:04.369+0000] {logging_mixin.py:190} INFO - [2026-09-12T19:06:04.368+0000] {dag.py:3229} INFO - Sync 1 DAGs
[2026-09-12T19:06:04.383+0000] {logging_mixin.py:190} INFO - [2026-09-12T19:06:04.383+0000] {dag.py:4156} INFO - Setting next_dagrun for WeatherToronto_ETL to 2026-09-12 18:00:00+00:00, run_after=2026-09-13 18:00:00+00:00
[2026-09-12T19:06:04.392+0000] {processor.py:208} INFO - Processing /opt/airflow/dags/Shi_HW 3.py took 0.084 seconds
[2026-09-12T19:06:34.728+0000] {processor.py:186} INFO - Started process (PID=5732) to work on /opt/airflow/dags/Shi_HW 3.py
[2026-09-12T19:06:34.729+0000] {processor.py:914} INFO - Processing file /opt/airflow/dags/Shi_HW 3.py for tasks to queue
[2026-09-12T19:06:34.730+0000] {logging_mixin.py:190} INFO - [2026-09-12T19:06:34.730+0000] {dagbag.py:587} INFO - Filling up the DagBag from /opt/airflow/dags/Shi_HW 3.py
[2026-09-12T19:06:34.749+0000] {processor.py:925} INFO - DAG(s) 'WeatherToronto_ETL' retrieved from /opt/airflow/dags/Shi_HW 3.py
[2026-09-12T19:06:34.759+0000] {logging_mixin.py:190} INFO - [2026-09-12T19:06:34.758+0000] {dag.py:3229} INFO - Sync 1 DAGs
[2026-09-12T19:06:34.770+0000] {logging_mixin.py:190} INFO - [2026-09-12T19:06:34.770+0000] {dag.py:4156} INFO - Setting next_dagrun for WeatherToronto_ETL to 2026-09-12 18:00:00+00:00, run_after=2026-09-13 18:00:00+00:00
[2026-09-12T19:06:34.777+0000] {processor.py:208} INFO - Processing /opt/airflow/dags/Shi_HW 3.py took 0.055 seconds
[2026-09-12T19:07:05.138+0000] {processor.py:186} INFO - Started process (PID=5743) to work on /opt/airflow/dags/Shi_HW 3.py
[2026-09-12T19:07:05.140+0000] {processor.py:914} INFO - Processing file /opt/airflow/dags/Shi_HW 3.py for tasks to queue
[2026-09-12T19:07:05.143+0000] {logging_mixin.py:190} INFO - [2026-09-12T19:07:05.142+0000] {dagbag.py:587} INFO - Filling up the DagBag from /opt/airflow/dags/Shi_HW 3.py
[2026-09-12T19:07:05.181+0000] {processor.py:925} INFO - DAG(s) 'WeatherToronto_ETL' retrieved from /opt/airflow/dags/Shi_HW 3.py
[2026-09-12T19:07:05.200+0000] {logging_mixin.py:190} INFO - [2026-09-12T19:07:05.198+0000] {dag.py:3229} INFO - Sync 1 DAGs
[2026-09-12T19:07:05.214+0000] {logging_mixin.py:190} INFO - [2026-09-12T19:07:05.214+0000] {dag.py:4156} INFO - Setting next_dagrun for WeatherToronto_ETL to 2026-09-12 18:00:00+00:00, run_after=2026-09-13 18:00:00+00:00
[2026-09-12T19:07:05.222+0000] {processor.py:208} INFO - Processing /opt/airflow/dags/Shi_HW 3.py took 0.094 seconds
[2026-09-12T19:07:35.506+0000] {processor.py:186} INFO - Started process (PID=5754) to work on /opt/airflow/dags/Shi_HW 3.py
[2026-09-12T19:07:35.508+0000] {processor.py:914} INFO - Processing file /opt/airflow/dags/Shi_HW 3.py for tasks to queue
[2026-09-12T19:07:35.509+0000] {logging_mixin.py:190} INFO - [2026-09-12T19:07:35.508+0000] {dagbag.py:587} INFO - Filling up the DagBag from /opt/airflow/dags/Shi_HW 3.py
[2026-09-12T19:07:35.534+0000] {processor.py:925} INFO - DAG(s) 'WeatherToronto_ETL' retrieved from /opt/airflow/dags/Shi_HW 3.py
[2026-09-12T19:07:35.548+0000] {logging_mixin.py:190} INFO - [2026-09-12T19:07:35.547+0000] {dag.py:3229} INFO - Sync 1 DAGs
[2026-09-12T19:07:35.563+0000] {logging_mixin.py:190} INFO - [2026-09-12T19:07:35.562+0000] {dag.py:4156} INFO - Setting next_dagrun for WeatherToronto_ETL to 2026-09-12 18:00:00+00:00, run_after=2026-09-13 18:00:00+00:00
[2026-09-12T19:07:35.570+0000] {processor.py:208} INFO - Processing /opt/airflow/dags/Shi_HW 3.py took 0.072 seconds
[2026-09-12T19:08:05.838+0000] {processor.py:186} INFO - Started process (PID=5781) to work on /opt/airflow/dags/Shi_HW 3.py
[2026-09-12T19:08:05.840+0000] {processor.py:914} INFO - Processing file /opt/airflow/dags/Shi_HW 3.py for tasks to queue
[2026-09-12T19:08:05.841+0000] {logging_mixin.py:190} INFO - [2026-09-12T19:08:05.841+0000] {dagbag.py:587} INFO - Filling up the DagBag from /opt/airflow/dags/Shi_HW 3.py
[2026-09-12T19:08:05.859+0000] {processor.py:925} INFO - DAG(s) 'WeatherToronto_ETL' retrieved from /opt/airflow/dags/Shi_HW 3.py
[2026-09-12T19:08:05.868+0000] {logging_mixin.py:190} INFO - [2026-09-12T19:08:05.867+0000] {dag.py:3229} INFO - Sync 1 DAGs
[2026-09-12T19:08:05.878+0000] {logging_mixin.py:190} INFO - [2026-09-12T19:08:05.878+0000] {dag.py:4156} INFO - Setting next_dagrun for WeatherToronto_ETL to 2026-09-12 18:00:00+00:00, run_after=2026-09-13 18:00:00+00:00
[2026-09-12T19:08:05.883+0000] {processor.py:208} INFO - Processing /opt/airflow/dags/Shi_HW 3.py took 0.050 seconds
[2026-09-12T19:08:36.139+0000] {processor.py:186} INFO - Started process (PID=5820) to work on /opt/airflow/dags/Shi_HW 3.py
[2026-09-12T19:08:36.142+0000] {processor.py:914} INFO - Processing file /opt/airflow/dags/Shi_HW 3.py for tasks to queue
[2026-09-12T19:08:36.143+0000] {logging_mixin.py:190} INFO - [2026-09-12T19:08:36.143+0000] {dagbag.py:587} INFO - Filling up the DagBag from /opt/airflow/dags/Shi_HW 3.py
[2026-09-12T19:08:36.167+0000] {processor.py:925} INFO - DAG(s) 'WeatherToronto_ETL' retrieved from /opt/airflow/dags/Shi_HW 3.py
[2026-09-12T19:08:36.181+0000] {logging_mixin.py:190} INFO - [2026-09-12T19:08:36.180+0000] {dag.py:3229} INFO - Sync 1 DAGs
[2026-09-12T19:08:36.193+0000] {logging_mixin.py:190} INFO - [2026-09-12T19:08:36.192+0000] {dag.py:4156} INFO - Setting next_dagrun for WeatherToronto_ETL to 2026-09-12 18:00:00+00:00, run_after=2026-09-13 18:00:00+00:00
[2026-09-12T19:08:36.199+0000] {processor.py:208} INFO - Processing /opt/airflow/dags/Shi_HW 3.py took 0.067 seconds
[2026-09-12T19:09:06.426+0000] {processor.py:186} INFO - Started process (PID=5831) to work on /opt/airflow/dags/Shi_HW 3.py
[2026-09-12T19:09:06.427+0000] {processor.py:914} INFO - Processing file /opt/airflow/dags/Shi_HW 3.py for tasks to queue
[2026-09-12T19:09:06.428+0000] {logging_mixin.py:190} INFO - [2026-09-12T19:09:06.428+0000] {dagbag.py:587} INFO - Filling up the DagBag from /opt/airflow/dags/Shi_HW 3.py
[2026-09-12T19:09:06.447+0000] {processor.py:925} INFO - DAG(s) 'WeatherToronto_ETL' retrieved from /opt/airflow/dags/Shi_HW 3.py
[2026-09-12T19:09:06.457+0000] {logging_mixin.py:190} INFO - [2026-09-12T19:09:06.456+0000] {dag.py:3229} INFO - Sync 1 DAGs
[2026-09-12T19:09:06.468+0000] {logging_mixin.py:190} INFO - [2026-09-12T19:09:06.468+0000] {dag.py:4156} INFO - Setting next_dagrun for WeatherToronto_ETL to 2026-09-12 18:00:00+00:00, run_after=2026-09-13 18:00:00+00:00
[2026-09-12T19:09:06.474+0000] {processor.py:208} INFO - Processing /opt/airflow/dags/Shi_HW 3.py took 0.055 seconds
[2026-09-12T19:09:36.768+0000] {processor.py:186} INFO - Started process (PID=5842) to work on /opt/airflow/dags/Shi_HW 3.py
[2026-09-12T19:09:36.770+0000] {processor.py:914} INFO - Processing file /opt/airflow/dags/Shi_HW 3.py for tasks to queue
[2026-09-12T19:09:36.772+0000] {logging_mixin.py:190} INFO - [2026-09-12T19:09:36.771+0000] {dagbag.py:587} INFO - Filling up the DagBag from /opt/airflow/dags/Shi_HW 3.py
[2026-09-12T19:09:36.795+0000] {processor.py:925} INFO - DAG(s) 'WeatherToronto_ETL' retrieved from /opt/airflow/dags/Shi_HW 3.py
[2026-09-12T19:09:36.809+0000] {logging_mixin.py:190} INFO - [2026-09-12T19:09:36.807+0000] {dag.py:3229} INFO - Sync 1 DAGs
[2026-09-12T19:09:36.821+0000] {logging_mixin.py:190} INFO - [2026-09-12T19:09:36.821+0000] {dag.py:4156} INFO - Setting next_dagrun for WeatherToronto_ETL to 2026-09-12 18:00:00+00:00, run_after=2026-09-13 18:00:00+00:00
[2026-09-12T19:09:36.829+0000] {processor.py:208} INFO - Processing /opt/airflow/dags/Shi_HW 3.py took 0.067 seconds
[2026-09-12T19:10:07.188+0000] {processor.py:186} INFO - Started process (PID=5853) to work on /opt/airflow/dags/Shi_HW 3.py
[2026-09-12T19:10:07.190+0000] {processor.py:914} INFO - Processing file /opt/airflow/dags/Shi_HW 3.py for tasks to queue
[2026-09-12T19:10:07.192+0000] {logging_mixin.py:190} INFO - [2026-09-12T19:10:07.191+0000] {dagbag.py:587} INFO - Filling up the DagBag from /opt/airflow/dags/Shi_HW 3.py
[2026-09-12T19:10:07.218+0000] {processor.py:925} INFO - DAG(s) 'WeatherToronto_ETL' retrieved from /opt/airflow/dags/Shi_HW 3.py
[2026-09-12T19:10:07.232+0000] {logging_mixin.py:190} INFO - [2026-09-12T19:10:07.231+0000] {dag.py:3229} INFO - Sync 1 DAGs
[2026-09-12T19:10:07.248+0000] {logging_mixin.py:190} INFO - [2026-09-12T19:10:07.248+0000] {dag.py:4156} INFO - Setting next_dagrun for WeatherToronto_ETL to 2026-09-12 18:00:00+00:00, run_after=2026-09-13 18:00:00+00:00
[2026-09-12T19:10:07.255+0000] {processor.py:208} INFO - Processing /opt/airflow/dags/Shi_HW 3.py took 0.073 seconds
[2026-09-12T19:10:37.606+0000] {processor.py:186} INFO - Started process (PID=5864) to work on /opt/airflow/dags/Shi_HW 3.py
[2026-09-12T19:10:37.609+0000] {processor.py:914} INFO - Processing file /opt/airflow/dags/Shi_HW 3.py for tasks to queue
[2026-09-12T19:10:37.611+0000] {logging_mixin.py:190} INFO - [2026-09-12T19:10:37.610+0000] {dagbag.py:587} INFO - Filling up the DagBag from /opt/airflow/dags/Shi_HW 3.py
[2026-09-12T19:10:37.639+0000] {processor.py:925} INFO - DAG(s) 'WeatherToronto_ETL' retrieved from /opt/airflow/dags/Shi_HW 3.py
[2026-09-12T19:10:37.654+0000] {logging_mixin.py:190} INFO - [2026-09-12T19:10:37.652+0000] {dag.py:3229} INFO - Sync 1 DAGs
[2026-09-12T19:10:37.667+0000] {logging_mixin.py:190} INFO - [2026-09-12T19:10:37.667+0000] {dag.py:4156} INFO - Setting next_dagrun for WeatherToronto_ETL to 2026-09-12 18:00:00+00:00, run_after=2026-09-13 18:00:00+00:00
[2026-09-12T19:10:37.673+0000] {processor.py:208} INFO - Processing /opt/airflow/dags/Shi_HW 3.py took 0.076 seconds
[2026-09-12T19:11:08.009+0000] {processor.py:186} INFO - Started process (PID=5875) to work on /opt/airflow/dags/Shi_HW 3.py
[2026-09-12T19:11:08.015+0000] {processor.py:914} INFO - Processing file /opt/airflow/dags/Shi_HW 3.py for tasks to queue
[2026-09-12T19:11:08.016+0000] {logging_mixin.py:190} INFO - [2026-09-12T19:11:08.016+0000] {dagbag.py:587} INFO - Filling up the DagBag from /opt/airflow/dags/Shi_HW 3.py
[2026-09-12T19:11:08.057+0000] {processor.py:925} INFO - DAG(s) 'WeatherToronto_ETL' retrieved from /opt/airflow/dags/Shi_HW 3.py
[2026-09-12T19:11:08.074+0000] {logging_mixin.py:190} INFO - [2026-09-12T19:11:08.070+0000] {dag.py:3229} INFO - Sync 1 DAGs
[2026-09-12T19:11:08.086+0000] {logging_mixin.py:190} INFO - [2026-09-12T19:11:08.086+0000] {dag.py:4156} INFO - Setting next_dagrun for WeatherToronto_ETL to 2026-09-12 18:00:00+00:00, run_after=2026-09-13 18:00:00+00:00
[2026-09-12T19:11:08.097+0000] {processor.py:208} INFO - Processing /opt/airflow/dags/Shi_HW 3.py took 0.108 seconds
[2026-09-12T19:11:38.306+0000] {processor.py:186} INFO - Started process (PID=5886) to work on /opt/airflow/dags/Shi_HW 3.py
[2026-09-12T19:11:38.308+0000] {processor.py:914} INFO - Processing file /opt/airflow/dags/Shi_HW 3.py for tasks to queue
[2026-09-12T19:11:38.309+0000] {logging_mixin.py:190} INFO - [2026-09-12T19:11:38.309+0000] {dagbag.py:587} INFO - Filling up the DagBag from /opt/airflow/dags/Shi_HW 3.py
[2026-09-12T19:11:38.324+0000] {processor.py:925} INFO - DAG(s) 'WeatherToronto_ETL' retrieved from /opt/airflow/dags/Shi_HW 3.py
[2026-09-12T19:11:38.333+0000] {logging_mixin.py:190} INFO - [2026-09-12T19:11:38.332+0000] {dag.py:3229} INFO - Sync 1 DAGs
[2026-09-12T19:11:38.342+0000] {logging_mixin.py:190} INFO - [2026-09-12T19:11:38.342+0000] {dag.py:4156} INFO - Setting next_dagrun for WeatherToronto_ETL to 2026-09-12 18:00:00+00:00, run_after=2026-09-13 18:00:00+00:00
[2026-09-12T19:11:38.348+0000] {processor.py:208} INFO - Processing /opt/airflow/dags/Shi_HW 3.py took 0.045 seconds
[2026-09-12T19:12:08.660+0000] {processor.py:186} INFO - Started process (PID=5897) to work on /opt/airflow/dags/Shi_HW 3.py
[2026-09-12T19:12:08.661+0000] {processor.py:914} INFO - Processing file /opt/airflow/dags/Shi_HW 3.py for tasks to queue
[2026-09-12T19:12:08.664+0000] {logging_mixin.py:190} INFO - [2026-09-12T19:12:08.662+0000] {dagbag.py:587} INFO - Filling up the DagBag from /opt/airflow/dags/Shi_HW 3.py
[2026-09-12T19:12:08.700+0000] {processor.py:925} INFO - DAG(s) 'WeatherToronto_ETL' retrieved from /opt/airflow/dags/Shi_HW 3.py
[2026-09-12T19:12:08.719+0000] {logging_mixin.py:190} INFO - [2026-09-12T19:12:08.715+0000] {dag.py:3229} INFO - Sync 1 DAGs
[2026-09-12T19:12:08.736+0000] {logging_mixin.py:190} INFO - [2026-09-12T19:12:08.736+0000] {dag.py:4156} INFO - Setting next_dagrun for WeatherToronto_ETL to 2026-09-12 18:00:00+00:00, run_after=2026-09-13 18:00:00+00:00
[2026-09-12T19:12:08.748+0000] {processor.py:208} INFO - Processing /opt/airflow/dags/Shi_HW 3.py took 0.095 seconds
[2026-09-12T19:12:39.027+0000] {processor.py:186} INFO - Started process (PID=5913) to work on /opt/airflow/dags/Shi_HW 3.py
[2026-09-12T19:12:39.031+0000] {processor.py:914} INFO - Processing file /opt/airflow/dags/Shi_HW 3.py for tasks to queue
[2026-09-12T19:12:39.032+0000] {logging_mixin.py:190} INFO - [2026-09-12T19:12:39.031+0000] {dagbag.py:587} INFO - Filling up the DagBag from /opt/airflow/dags/Shi_HW 3.py
[2026-09-12T19:12:39.057+0000] {processor.py:925} INFO - DAG(s) 'WeatherToronto_ETL' retrieved from /opt/airflow/dags/Shi_HW 3.py
[2026-09-12T19:12:39.072+0000] {logging_mixin.py:190} INFO - [2026-09-12T19:12:39.071+0000] {dag.py:3229} INFO - Sync 1 DAGs
[2026-09-12T19:12:39.087+0000] {logging_mixin.py:190} INFO - [2026-09-12T19:12:39.086+0000] {dag.py:4156} INFO - Setting next_dagrun for WeatherToronto_ETL to 2026-09-12 18:00:00+00:00, run_after=2026-09-13 18:00:00+00:00
[2026-09-12T19:12:39.094+0000] {processor.py:208} INFO - Processing /opt/airflow/dags/Shi_HW 3.py took 0.075 seconds
[2026-09-12T19:13:09.396+0000] {processor.py:186} INFO - Started process (PID=5924) to work on /opt/airflow/dags/Shi_HW 3.py
[2026-09-12T19:13:09.397+0000] {processor.py:914} INFO - Processing file /opt/airflow/dags/Shi_HW 3.py for tasks to queue
[2026-09-12T19:13:09.399+0000] {logging_mixin.py:190} INFO - [2026-09-12T19:13:09.398+0000] {dagbag.py:587} INFO - Filling up the DagBag from /opt/airflow/dags/Shi_HW 3.py
[2026-09-12T19:13:09.431+0000] {processor.py:925} INFO - DAG(s) 'WeatherToronto_ETL' retrieved from /opt/airflow/dags/Shi_HW 3.py
[2026-09-12T19:13:09.452+0000] {logging_mixin.py:190} INFO - [2026-09-12T19:13:09.443+0000] {dag.py:3229} INFO - Sync 1 DAGs
[2026-09-12T19:13:09.467+0000] {logging_mixin.py:190} INFO - [2026-09-12T19:13:09.467+0000] {dag.py:4156} INFO - Setting next_dagrun for WeatherToronto_ETL to 2026-09-12 18:00:00+00:00, run_after=2026-09-13 18:00:00+00:00
[2026-09-12T19:13:09.475+0000] {processor.py:208} INFO - Processing /opt/airflow/dags/Shi_HW 3.py took 0.085 seconds
[2026-09-12T19:13:39.786+0000] {processor.py:186} INFO - Started process (PID=5935) to work on /opt/airflow/dags/Shi_HW 3.py
[2026-09-12T19:13:39.788+0000] {processor.py:914} INFO - Processing file /opt/airflow/dags/Shi_HW 3.py for tasks to queue
[2026-09-12T19:13:39.789+0000] {logging_mixin.py:190} INFO - [2026-09-12T19:13:39.789+0000] {dagbag.py:587} INFO - Filling up the DagBag from /opt/airflow/dags/Shi_HW 3.py
[2026-09-12T19:13:39.830+0000] {processor.py:925} INFO - DAG(s) 'WeatherToronto_ETL' retrieved from /opt/airflow/dags/Shi_HW 3.py
[2026-09-12T19:13:39.846+0000] {logging_mixin.py:190} INFO - [2026-09-12T19:13:39.845+0000] {dag.py:3229} INFO - Sync 1 DAGs
[2026-09-12T19:13:39.866+0000] {logging_mixin.py:190} INFO - [2026-09-12T19:13:39.866+0000] {dag.py:4156} INFO - Setting next_dagrun for WeatherToronto_ETL to 2026-09-12 18:00:00+00:00, run_after=2026-09-13 18:00:00+00:00
[2026-09-12T19:13:39.875+0000] {processor.py:208} INFO - Processing /opt/airflow/dags/Shi_HW 3.py took 0.097 seconds
[2026-09-12T19:14:10.170+0000] {processor.py:186} INFO - Started process (PID=5946) to work on /opt/airflow/dags/Shi_HW 3.py
[2026-09-12T19:14:10.171+0000] {processor.py:914} INFO - Processing file /opt/airflow/dags/Shi_HW 3.py for tasks to queue
[2026-09-12T19:14:10.173+0000] {logging_mixin.py:190} INFO - [2026-09-12T19:14:10.172+0000] {dagbag.py:587} INFO - Filling up the DagBag from /opt/airflow/dags/Shi_HW 3.py
[2026-09-12T19:14:10.195+0000] {processor.py:925} INFO - DAG(s) 'WeatherToronto_ETL' retrieved from /opt/airflow/dags/Shi_HW 3.py
[2026-09-12T19:14:10.208+0000] {logging_mixin.py:190} INFO - [2026-09-12T19:14:10.207+0000] {dag.py:3229} INFO - Sync 1 DAGs
[2026-09-12T19:14:10.220+0000] {logging_mixin.py:190} INFO - [2026-09-12T19:14:10.220+0000] {dag.py:4156} INFO - Setting next_dagrun for WeatherToronto_ETL to 2026-09-12 18:00:00+00:00, run_after=2026-09-13 18:00:00+00:00
[2026-09-12T19:14:10.228+0000] {processor.py:208} INFO - Processing /opt/airflow/dags/Shi_HW 3.py took 0.063 seconds
[2026-09-12T19:14:40.516+0000] {processor.py:186} INFO - Started process (PID=5957) to work on /opt/airflow/dags/Shi_HW 3.py
[2026-09-12T19:14:40.518+0000] {processor.py:914} INFO - Processing file /opt/airflow/dags/Shi_HW 3.py for tasks to queue
[2026-09-12T19:14:40.519+0000] {logging_mixin.py:190} INFO - [2026-09-12T19:14:40.518+0000] {dagbag.py:587} INFO - Filling up the DagBag from /opt/airflow/dags/Shi_HW 3.py
[2026-09-12T19:14:40.542+0000] {processor.py:925} INFO - DAG(s) 'WeatherToronto_ETL' retrieved from /opt/airflow/dags/Shi_HW 3.py
[2026-09-12T19:14:40.556+0000] {logging_mixin.py:190} INFO - [2026-09-12T19:14:40.554+0000] {dag.py:3229} INFO - Sync 1 DAGs
[2026-09-12T19:14:40.568+0000] {logging_mixin.py:190} INFO - [2026-09-12T19:14:40.568+0000] {dag.py:4156} INFO - Setting next_dagrun for WeatherToronto_ETL to 2026-09-12 18:00:00+00:00, run_after=2026-09-13 18:00:00+00:00
[2026-09-12T19:14:40.575+0000] {processor.py:208} INFO - Processing /opt/airflow/dags/Shi_HW 3.py took 0.066 seconds
[2026-09-12T19:15:10.837+0000] {processor.py:186} INFO - Started process (PID=5968) to work on /opt/airflow/dags/Shi_HW 3.py
[2026-09-12T19:15:10.839+0000] {processor.py:914} INFO - Processing file /opt/airflow/dags/Shi_HW 3.py for tasks to queue
[2026-09-12T19:15:10.840+0000] {logging_mixin.py:190} INFO - [2026-09-12T19:15:10.840+0000] {dagbag.py:587} INFO - Filling up the DagBag from /opt/airflow/dags/Shi_HW 3.py
[2026-09-12T19:15:10.863+0000] {processor.py:925} INFO - DAG(s) 'WeatherToronto_ETL' retrieved from /opt/airflow/dags/Shi_HW 3.py
[2026-09-12T19:15:10.877+0000] {logging_mixin.py:190} INFO - [2026-09-12T19:15:10.875+0000] {dag.py:3229} INFO - Sync 1 DAGs
[2026-09-12T19:15:10.889+0000] {logging_mixin.py:190} INFO - [2026-09-12T19:15:10.889+0000] {dag.py:4156} INFO - Setting next_dagrun for WeatherToronto_ETL to 2026-09-12 18:00:00+00:00, run_after=2026-09-13 18:00:00+00:00
[2026-09-12T19:15:10.896+0000] {processor.py:208} INFO - Processing /opt/airflow/dags/Shi_HW 3.py took 0.065 seconds
[2026-09-12T19:15:41.126+0000] {processor.py:186} INFO - Started process (PID=5979) to work on /opt/airflow/dags/Shi_HW 3.py
[2026-09-12T19:15:41.128+0000] {processor.py:914} INFO - Processing file /opt/airflow/dags/Shi_HW 3.py for tasks to queue
[2026-09-12T19:15:41.129+0000] {logging_mixin.py:190} INFO - [2026-09-12T19:15:41.129+0000] {dagbag.py:587} INFO - Filling up the DagBag from /opt/airflow/dags/Shi_HW 3.py
[2026-09-12T19:15:41.147+0000] {processor.py:925} INFO - DAG(s) 'WeatherToronto_ETL' retrieved from /opt/airflow/dags/Shi_HW 3.py
[2026-09-12T19:15:41.156+0000] {logging_mixin.py:190} INFO - [2026-09-12T19:15:41.156+0000] {dag.py:3229} INFO - Sync 1 DAGs
[2026-09-12T19:15:41.166+0000] {logging_mixin.py:190} INFO - [2026-09-12T19:15:41.166+0000] {dag.py:4156} INFO - Setting next_dagrun for WeatherToronto_ETL to 2026-09-12 18:00:00+00:00, run_after=2026-09-13 18:00:00+00:00
[2026-09-12T19:15:41.172+0000] {processor.py:208} INFO - Processing /opt/airflow/dags/Shi_HW 3.py took 0.053 seconds
[2026-09-12T19:16:11.484+0000] {processor.py:186} INFO - Started process (PID=5990) to work on /opt/airflow/dags/Shi_HW 3.py
[2026-09-12T19:16:11.485+0000] {processor.py:914} INFO - Processing file /opt/airflow/dags/Shi_HW 3.py for tasks to queue
[2026-09-12T19:16:11.486+0000] {logging_mixin.py:190} INFO - [2026-09-12T19:16:11.486+0000] {dagbag.py:587} INFO - Filling up the DagBag from /opt/airflow/dags/Shi_HW 3.py
[2026-09-12T19:16:11.508+0000] {processor.py:925} INFO - DAG(s) 'WeatherToronto_ETL' retrieved from /opt/airflow/dags/Shi_HW 3.py
[2026-09-12T19:16:11.522+0000] {logging_mixin.py:190} INFO - [2026-09-12T19:16:11.521+0000] {dag.py:3229} INFO - Sync 1 DAGs
[2026-09-12T19:16:11.533+0000] {logging_mixin.py:190} INFO - [2026-09-12T19:16:11.533+0000] {dag.py:4156} INFO - Setting next_dagrun for WeatherToronto_ETL to 2026-09-12 18:00:00+00:00, run_after=2026-09-13 18:00:00+00:00
[2026-09-12T19:16:11.541+0000] {processor.py:208} INFO - Processing /opt/airflow/dags/Shi_HW 3.py took 0.063 seconds
[2026-09-12T19:16:41.834+0000] {processor.py:186} INFO - Started process (PID=6001) to work on /opt/airflow/dags/Shi_HW 3.py
[2026-09-12T19:16:41.836+0000] {processor.py:914} INFO - Processing file /opt/airflow/dags/Shi_HW 3.py for tasks to queue
[2026-09-12T19:16:41.837+0000] {logging_mixin.py:190} INFO - [2026-09-12T19:16:41.837+0000] {dagbag.py:587} INFO - Filling up the DagBag from /opt/airflow/dags/Shi_HW 3.py
[2026-09-12T19:16:41.855+0000] {processor.py:925} INFO - DAG(s) 'WeatherToronto_ETL' retrieved from /opt/airflow/dags/Shi_HW 3.py
[2026-09-12T19:16:41.863+0000] {logging_mixin.py:190} INFO - [2026-09-12T19:16:41.863+0000] {dag.py:3229} INFO - Sync 1 DAGs
[2026-09-12T19:16:41.873+0000] {logging_mixin.py:190} INFO - [2026-09-12T19:16:41.873+0000] {dag.py:4156} INFO - Setting next_dagrun for WeatherToronto_ETL to 2026-09-12 18:00:00+00:00, run_after=2026-09-13 18:00:00+00:00
[2026-09-12T19:16:41.879+0000] {processor.py:208} INFO - Processing /opt/airflow/dags/Shi_HW 3.py took 0.051 seconds
[2026-09-12T19:17:12.227+0000] {processor.py:186} INFO - Started process (PID=6012) to work on /opt/airflow/dags/Shi_HW 3.py
[2026-09-12T19:17:12.228+0000] {processor.py:914} INFO - Processing file /opt/airflow/dags/Shi_HW 3.py for tasks to queue
[2026-09-12T19:17:12.229+0000] {logging_mixin.py:190} INFO - [2026-09-12T19:17:12.229+0000] {dagbag.py:587} INFO - Filling up the DagBag from /opt/airflow/dags/Shi_HW 3.py
[2026-09-12T19:17:12.260+0000] {processor.py:925} INFO - DAG(s) 'WeatherToronto_ETL' retrieved from /opt/airflow/dags/Shi_HW 3.py
[2026-09-12T19:17:12.284+0000] {logging_mixin.py:190} INFO - [2026-09-12T19:17:12.275+0000] {dag.py:3229} INFO - Sync 1 DAGs
[2026-09-12T19:17:12.297+0000] {logging_mixin.py:190} INFO - [2026-09-12T19:17:12.297+0000] {dag.py:4156} INFO - Setting next_dagrun for WeatherToronto_ETL to 2026-09-12 18:00:00+00:00, run_after=2026-09-13 18:00:00+00:00
[2026-09-12T19:17:12.305+0000] {processor.py:208} INFO - Processing /opt/airflow/dags/Shi_HW 3.py took 0.086 seconds
[2026-09-12T19:17:42.545+0000] {processor.py:186} INFO - Started process (PID=6023) to work on /opt/airflow/dags/Shi_HW 3.py
[2026-09-12T19:17:42.547+0000] {processor.py:914} INFO - Processing file /opt/airflow/dags/Shi_HW 3.py for tasks to queue
[2026-09-12T19:17:42.548+0000] {logging_mixin.py:190} INFO - [2026-09-12T19:17:42.548+0000] {dagbag.py:587} INFO - Filling up the DagBag from /opt/airflow/dags/Shi_HW 3.py
[2026-09-12T19:17:42.570+0000] {processor.py:925} INFO - DAG(s) 'WeatherToronto_ETL' retrieved from /opt/airflow/dags/Shi_HW 3.py
[2026-09-12T19:17:42.579+0000] {logging_mixin.py:190} INFO - [2026-09-12T19:17:42.579+0000] {dag.py:3229} INFO - Sync 1 DAGs
[2026-09-12T19:17:42.590+0000] {logging_mixin.py:190} INFO - [2026-09-12T19:17:42.590+0000] {dag.py:4156} INFO - Setting next_dagrun for WeatherToronto_ETL to 2026-09-12 18:00:00+00:00, run_after=2026-09-13 18:00:00+00:00
[2026-09-12T19:17:42.596+0000] {processor.py:208} INFO - Processing /opt/airflow/dags/Shi_HW 3.py took 0.059 seconds
[2026-09-12T19:18:12.932+0000] {processor.py:186} INFO - Started process (PID=6034) to work on /opt/airflow/dags/Shi_HW 3.py
[2026-09-12T19:18:12.934+0000] {processor.py:914} INFO - Processing file /opt/airflow/dags/Shi_HW 3.py for tasks to queue
[2026-09-12T19:18:12.935+0000] {logging_mixin.py:190} INFO - [2026-09-12T19:18:12.935+0000] {dagbag.py:587} INFO - Filling up the DagBag from /opt/airflow/dags/Shi_HW 3.py
[2026-09-12T19:18:12.956+0000] {processor.py:925} INFO - DAG(s) 'WeatherToronto_ETL' retrieved from /opt/airflow/dags/Shi_HW 3.py
[2026-09-12T19:18:12.968+0000] {logging_mixin.py:190} INFO - [2026-09-12T19:18:12.967+0000] {dag.py:3229} INFO - Sync 1 DAGs
[2026-09-12T19:18:12.981+0000] {logging_mixin.py:190} INFO - [2026-09-12T19:18:12.981+0000] {dag.py:4156} INFO - Setting next_dagrun for WeatherToronto_ETL to 2026-09-12 18:00:00+00:00, run_after=2026-09-13 18:00:00+00:00
[2026-09-12T19:18:12.987+0000] {processor.py:208} INFO - Processing /opt/airflow/dags/Shi_HW 3.py took 0.061 seconds
[2026-09-12T19:18:43.283+0000] {processor.py:186} INFO - Started process (PID=6045) to work on /opt/airflow/dags/Shi_HW 3.py
[2026-09-12T19:18:43.286+0000] {processor.py:914} INFO - Processing file /opt/airflow/dags/Shi_HW 3.py for tasks to queue
[2026-09-12T19:18:43.287+0000] {logging_mixin.py:190} INFO - [2026-09-12T19:18:43.286+0000] {dagbag.py:587} INFO - Filling up the DagBag from /opt/airflow/dags/Shi_HW 3.py
[2026-09-12T19:18:43.307+0000] {processor.py:925} INFO - DAG(s) 'WeatherToronto_ETL' retrieved from /opt/airflow/dags/Shi_HW 3.py
[2026-09-12T19:18:43.317+0000] {logging_mixin.py:190} INFO - [2026-09-12T19:18:43.316+0000] {dag.py:3229} INFO - Sync 1 DAGs
[2026-09-12T19:18:43.328+0000] {logging_mixin.py:190} INFO - [2026-09-12T19:18:43.328+0000] {dag.py:4156} INFO - Setting next_dagrun for WeatherToronto_ETL to 2026-09-12 18:00:00+00:00, run_after=2026-09-13 18:00:00+00:00
[2026-09-12T19:18:43.334+0000] {processor.py:208} INFO - Processing /opt/airflow/dags/Shi_HW 3.py took 0.057 seconds
[2026-09-12T19:19:13.624+0000] {processor.py:186} INFO - Started process (PID=6056) to work on /opt/airflow/dags/Shi_HW 3.py
[2026-09-12T19:19:13.626+0000] {processor.py:914} INFO - Processing file /opt/airflow/dags/Shi_HW 3.py for tasks to queue
[2026-09-12T19:19:13.627+0000] {logging_mixin.py:190} INFO - [2026-09-12T19:19:13.627+0000] {dagbag.py:587} INFO - Filling up the DagBag from /opt/airflow/dags/Shi_HW 3.py
[2026-09-12T19:19:13.655+0000] {processor.py:925} INFO - DAG(s) 'WeatherToronto_ETL' retrieved from /opt/airflow/dags/Shi_HW 3.py
[2026-09-12T19:19:13.672+0000] {logging_mixin.py:190} INFO - [2026-09-12T19:19:13.671+0000] {dag.py:3229} INFO - Sync 1 DAGs
[2026-09-12T19:19:13.689+0000] {logging_mixin.py:190} INFO - [2026-09-12T19:19:13.689+0000] {dag.py:4156} INFO - Setting next_dagrun for WeatherToronto_ETL to 2026-09-12 18:00:00+00:00, run_after=2026-09-13 18:00:00+00:00
[2026-09-12T19:19:13.696+0000] {processor.py:208} INFO - Processing /opt/airflow/dags/Shi_HW 3.py took 0.085 seconds
[2026-09-12T19:19:43.992+0000] {processor.py:186} INFO - Started process (PID=6067) to work on /opt/airflow/dags/Shi_HW 3.py
[2026-09-12T19:19:43.993+0000] {processor.py:914} INFO - Processing file /opt/airflow/dags/Shi_HW 3.py for tasks to queue
[2026-09-12T19:19:43.995+0000] {logging_mixin.py:190} INFO - [2026-09-12T19:19:43.994+0000] {dagbag.py:587} INFO - Filling up the DagBag from /opt/airflow/dags/Shi_HW 3.py
[2026-09-12T19:19:44.015+0000] {processor.py:925} INFO - DAG(s) 'WeatherToronto_ETL' retrieved from /opt/airflow/dags/Shi_HW 3.py
[2026-09-12T19:19:44.025+0000] {logging_mixin.py:190} INFO - [2026-09-12T19:19:44.024+0000] {dag.py:3229} INFO - Sync 1 DAGs
[2026-09-12T19:19:44.035+0000] {logging_mixin.py:190} INFO - [2026-09-12T19:19:44.035+0000] {dag.py:4156} INFO - Setting next_dagrun for WeatherToronto_ETL to 2026-09-12 18:00:00+00:00, run_after=2026-09-13 18:00:00+00:00
[2026-09-12T19:19:44.041+0000] {processor.py:208} INFO - Processing /opt/airflow/dags/Shi_HW 3.py took 0.055 seconds
[2026-09-12T19:20:14.356+0000] {processor.py:186} INFO - Started process (PID=6078) to work on /opt/airflow/dags/Shi_HW 3.py
[2026-09-12T19:20:14.358+0000] {processor.py:914} INFO - Processing file /opt/airflow/dags/Shi_HW 3.py for tasks to queue
[2026-09-12T19:20:14.359+0000] {logging_mixin.py:190} INFO - [2026-09-12T19:20:14.359+0000] {dagbag.py:587} INFO - Filling up the DagBag from /opt/airflow/dags/Shi_HW 3.py
[2026-09-12T19:20:14.380+0000] {processor.py:925} INFO - DAG(s) 'WeatherToronto_ETL' retrieved from /opt/airflow/dags/Shi_HW 3.py
[2026-09-12T19:20:14.392+0000] {logging_mixin.py:190} INFO - [2026-09-12T19:20:14.391+0000] {dag.py:3229} INFO - Sync 1 DAGs
[2026-09-12T19:20:14.404+0000] {logging_mixin.py:190} INFO - [2026-09-12T19:20:14.404+0000] {dag.py:4156} INFO - Setting next_dagrun for WeatherToronto_ETL to 2026-09-12 18:00:00+00:00, run_after=2026-09-13 18:00:00+00:00
[2026-09-12T19:20:14.411+0000] {processor.py:208} INFO - Processing /opt/airflow/dags/Shi_HW 3.py took 0.060 seconds
[2026-09-12T19:20:44.699+0000] {processor.py:186} INFO - Started process (PID=6089) to work on /opt/airflow/dags/Shi_HW 3.py
[2026-09-12T19:20:44.701+0000] {processor.py:914} INFO - Processing file /opt/airflow/dags/Shi_HW 3.py for tasks to queue
[2026-09-12T19:20:44.703+0000] {logging_mixin.py:190} INFO - [2026-09-12T19:20:44.702+0000] {dagbag.py:587} INFO - Filling up the DagBag from /opt/airflow/dags/Shi_HW 3.py
[2026-09-12T19:20:44.724+0000] {processor.py:925} INFO - DAG(s) 'WeatherToronto_ETL' retrieved from /opt/airflow/dags/Shi_HW 3.py
[2026-09-12T19:20:44.734+0000] {logging_mixin.py:190} INFO - [2026-09-12T19:20:44.733+0000] {dag.py:3229} INFO - Sync 1 DAGs
[2026-09-12T19:20:44.745+0000] {logging_mixin.py:190} INFO - [2026-09-12T19:20:44.744+0000] {dag.py:4156} INFO - Setting next_dagrun for WeatherToronto_ETL to 2026-09-12 18:00:00+00:00, run_after=2026-09-13 18:00:00+00:00
[2026-09-12T19:20:44.751+0000] {processor.py:208} INFO - Processing /opt/airflow/dags/Shi_HW 3.py took 0.059 seconds
[2026-09-12T19:21:15.077+0000] {processor.py:186} INFO - Started process (PID=6100) to work on /opt/airflow/dags/Shi_HW 3.py
[2026-09-12T19:21:15.079+0000] {processor.py:914} INFO - Processing file /opt/airflow/dags/Shi_HW 3.py for tasks to queue
[2026-09-12T19:21:15.081+0000] {logging_mixin.py:190} INFO - [2026-09-12T19:21:15.080+0000] {dagbag.py:587} INFO - Filling up the DagBag from /opt/airflow/dags/Shi_HW 3.py
[2026-09-12T19:21:15.103+0000] {processor.py:925} INFO - DAG(s) 'WeatherToronto_ETL' retrieved from /opt/airflow/dags/Shi_HW 3.py
[2026-09-12T19:21:15.116+0000] {logging_mixin.py:190} INFO - [2026-09-12T19:21:15.114+0000] {dag.py:3229} INFO - Sync 1 DAGs
[2026-09-12T19:21:15.129+0000] {logging_mixin.py:190} INFO - [2026-09-12T19:21:15.129+0000] {dag.py:4156} INFO - Setting next_dagrun for WeatherToronto_ETL to 2026-09-12 18:00:00+00:00, run_after=2026-09-13 18:00:00+00:00
[2026-09-12T19:21:15.136+0000] {processor.py:208} INFO - Processing /opt/airflow/dags/Shi_HW 3.py took 0.066 seconds
[2026-09-12T19:21:45.460+0000] {processor.py:186} INFO - Started process (PID=6111) to work on /opt/airflow/dags/Shi_HW 3.py
[2026-09-12T19:21:45.461+0000] {processor.py:914} INFO - Processing file /opt/airflow/dags/Shi_HW 3.py for tasks to queue
[2026-09-12T19:21:45.462+0000] {logging_mixin.py:190} INFO - [2026-09-12T19:21:45.462+0000] {dagbag.py:587} INFO - Filling up the DagBag from /opt/airflow/dags/Shi_HW 3.py
[2026-09-12T19:21:45.482+0000] {processor.py:925} INFO - DAG(s) 'WeatherToronto_ETL' retrieved from /opt/airflow/dags/Shi_HW 3.py
[2026-09-12T19:21:45.491+0000] {logging_mixin.py:190} INFO - [2026-09-12T19:21:45.491+0000] {dag.py:3229} INFO - Sync 1 DAGs
[2026-09-12T19:21:45.502+0000] {logging_mixin.py:190} INFO - [2026-09-12T19:21:45.502+0000] {dag.py:4156} INFO - Setting next_dagrun for WeatherToronto_ETL to 2026-09-12 18:00:00+00:00, run_after=2026-09-13 18:00:00+00:00
[2026-09-12T19:21:45.509+0000] {processor.py:208} INFO - Processing /opt/airflow/dags/Shi_HW 3.py took 0.055 seconds
[2026-09-12T19:22:15.834+0000] {processor.py:186} INFO - Started process (PID=6122) to work on /opt/airflow/dags/Shi_HW 3.py
[2026-09-12T19:22:15.836+0000] {processor.py:914} INFO - Processing file /opt/airflow/dags/Shi_HW 3.py for tasks to queue
[2026-09-12T19:22:15.837+0000] {logging_mixin.py:190} INFO - [2026-09-12T19:22:15.836+0000] {dagbag.py:587} INFO - Filling up the DagBag from /opt/airflow/dags/Shi_HW 3.py
[2026-09-12T19:22:15.860+0000] {processor.py:925} INFO - DAG(s) 'WeatherToronto_ETL' retrieved from /opt/airflow/dags/Shi_HW 3.py
[2026-09-12T19:22:15.872+0000] {logging_mixin.py:190} INFO - [2026-09-12T19:22:15.871+0000] {dag.py:3229} INFO - Sync 1 DAGs
[2026-09-12T19:22:15.884+0000] {logging_mixin.py:190} INFO - [2026-09-12T19:22:15.884+0000] {dag.py:4156} INFO - Setting next_dagrun for WeatherToronto_ETL to 2026-09-12 18:00:00+00:00, run_after=2026-09-13 18:00:00+00:00
[2026-09-12T19:22:15.892+0000] {processor.py:208} INFO - Processing /opt/airflow/dags/Shi_HW 3.py took 0.065 seconds
[2026-09-12T19:22:46.181+0000] {processor.py:186} INFO - Started process (PID=6133) to work on /opt/airflow/dags/Shi_HW 3.py
[2026-09-12T19:22:46.183+0000] {processor.py:914} INFO - Processing file /opt/airflow/dags/Shi_HW 3.py for tasks to queue
[2026-09-12T19:22:46.184+0000] {logging_mixin.py:190} INFO - [2026-09-12T19:22:46.184+0000] {dagbag.py:587} INFO - Filling up the DagBag from /opt/airflow/dags/Shi_HW 3.py
[2026-09-12T19:22:46.204+0000] {processor.py:925} INFO - DAG(s) 'WeatherToronto_ETL' retrieved from /opt/airflow/dags/Shi_HW 3.py
[2026-09-12T19:22:46.214+0000] {logging_mixin.py:190} INFO - [2026-09-12T19:22:46.213+0000] {dag.py:3229} INFO - Sync 1 DAGs
[2026-09-12T19:22:46.226+0000] {logging_mixin.py:190} INFO - [2026-09-12T19:22:46.226+0000] {dag.py:4156} INFO - Setting next_dagrun for WeatherToronto_ETL to 2026-09-12 18:00:00+00:00, run_after=2026-09-13 18:00:00+00:00
[2026-09-12T19:22:46.232+0000] {processor.py:208} INFO - Processing /opt/airflow/dags/Shi_HW 3.py took 0.057 seconds
[2026-09-12T19:23:16.562+0000] {processor.py:186} INFO - Started process (PID=6150) to work on /opt/airflow/dags/Shi_HW 3.py
[2026-09-12T19:23:16.564+0000] {processor.py:914} INFO - Processing file /opt/airflow/dags/Shi_HW 3.py for tasks to queue
[2026-09-12T19:23:16.565+0000] {logging_mixin.py:190} INFO - [2026-09-12T19:23:16.565+0000] {dagbag.py:587} INFO - Filling up the DagBag from /opt/airflow/dags/Shi_HW 3.py
[2026-09-12T19:23:16.589+0000] {processor.py:925} INFO - DAG(s) 'WeatherToronto_ETL' retrieved from /opt/airflow/dags/Shi_HW 3.py
[2026-09-12T19:23:16.601+0000] {logging_mixin.py:190} INFO - [2026-09-12T19:23:16.600+0000] {dag.py:3229} INFO - Sync 1 DAGs
[2026-09-12T19:23:16.615+0000] {logging_mixin.py:190} INFO - [2026-09-12T19:23:16.615+0000] {dag.py:4156} INFO - Setting next_dagrun for WeatherToronto_ETL to 2026-09-12 18:00:00+00:00, run_after=2026-09-13 18:00:00+00:00
[2026-09-12T19:23:16.622+0000] {processor.py:208} INFO - Processing /opt/airflow/dags/Shi_HW 3.py took 0.069 seconds
[2026-09-12T19:23:46.917+0000] {processor.py:186} INFO - Started process (PID=6161) to work on /opt/airflow/dags/Shi_HW 3.py
[2026-09-12T19:23:46.918+0000] {processor.py:914} INFO - Processing file /opt/airflow/dags/Shi_HW 3.py for tasks to queue
[2026-09-12T19:23:46.919+0000] {logging_mixin.py:190} INFO - [2026-09-12T19:23:46.919+0000] {dagbag.py:587} INFO - Filling up the DagBag from /opt/airflow/dags/Shi_HW 3.py
[2026-09-12T19:23:46.939+0000] {processor.py:925} INFO - DAG(s) 'WeatherToronto_ETL' retrieved from /opt/airflow/dags/Shi_HW 3.py
[2026-09-12T19:23:46.949+0000] {logging_mixin.py:190} INFO - [2026-09-12T19:23:46.948+0000] {dag.py:3229} INFO - Sync 1 DAGs
[2026-09-12T19:23:46.960+0000] {logging_mixin.py:190} INFO - [2026-09-12T19:23:46.960+0000] {dag.py:4156} INFO - Setting next_dagrun for WeatherToronto_ETL to 2026-09-12 18:00:00+00:00, run_after=2026-09-13 18:00:00+00:00
[2026-09-12T19:23:46.968+0000] {processor.py:208} INFO - Processing /opt/airflow/dags/Shi_HW 3.py took 0.056 seconds
[2026-09-12T19:24:17.330+0000] {processor.py:186} INFO - Started process (PID=6172) to work on /opt/airflow/dags/Shi_HW 3.py
[2026-09-12T19:24:17.333+0000] {processor.py:914} INFO - Processing file /opt/airflow/dags/Shi_HW 3.py for tasks to queue
[2026-09-12T19:24:17.334+0000] {logging_mixin.py:190} INFO - [2026-09-12T19:24:17.334+0000] {dagbag.py:587} INFO - Filling up the DagBag from /opt/airflow/dags/Shi_HW 3.py
[2026-09-12T19:24:17.369+0000] {processor.py:925} INFO - DAG(s) 'WeatherToronto_ETL' retrieved from /opt/airflow/dags/Shi_HW 3.py
[2026-09-12T19:24:17.385+0000] {logging_mixin.py:190} INFO - [2026-09-12T19:24:17.382+0000] {dag.py:3229} INFO - Sync 1 DAGs
[2026-09-12T19:24:17.402+0000] {logging_mixin.py:190} INFO - [2026-09-12T19:24:17.402+0000] {dag.py:4156} INFO - Setting next_dagrun for WeatherToronto_ETL to 2026-09-12 18:00:00+00:00, run_after=2026-09-13 18:00:00+00:00
[2026-09-12T19:24:17.409+0000] {processor.py:208} INFO - Processing /opt/airflow/dags/Shi_HW 3.py took 0.090 seconds
[2026-09-12T19:24:47.789+0000] {processor.py:186} INFO - Started process (PID=6183) to work on /opt/airflow/dags/Shi_HW 3.py
[2026-09-12T19:24:47.792+0000] {processor.py:914} INFO - Processing file /opt/airflow/dags/Shi_HW 3.py for tasks to queue
[2026-09-12T19:24:47.795+0000] {logging_mixin.py:190} INFO - [2026-09-12T19:24:47.794+0000] {dagbag.py:587} INFO - Filling up the DagBag from /opt/airflow/dags/Shi_HW 3.py
[2026-09-12T19:24:47.845+0000] {processor.py:925} INFO - DAG(s) 'WeatherToronto_ETL' retrieved from /opt/airflow/dags/Shi_HW 3.py
[2026-09-12T19:24:47.871+0000] {logging_mixin.py:190} INFO - [2026-09-12T19:24:47.869+0000] {dag.py:3229} INFO - Sync 1 DAGs
[2026-09-12T19:24:47.892+0000] {logging_mixin.py:190} INFO - [2026-09-12T19:24:47.892+0000] {dag.py:4156} INFO - Setting next_dagrun for WeatherToronto_ETL to 2026-09-12 18:00:00+00:00, run_after=2026-09-13 18:00:00+00:00
[2026-09-12T19:24:47.900+0000] {processor.py:208} INFO - Processing /opt/airflow/dags/Shi_HW 3.py took 0.122 seconds
[2026-09-12T19:25:18.241+0000] {processor.py:186} INFO - Started process (PID=6195) to work on /opt/airflow/dags/Shi_HW 3.py
[2026-09-12T19:25:18.244+0000] {processor.py:914} INFO - Processing file /opt/airflow/dags/Shi_HW 3.py for tasks to queue
[2026-09-12T19:25:18.246+0000] {logging_mixin.py:190} INFO - [2026-09-12T19:25:18.245+0000] {dagbag.py:587} INFO - Filling up the DagBag from /opt/airflow/dags/Shi_HW 3.py
[2026-09-12T19:25:18.284+0000] {processor.py:925} INFO - DAG(s) 'WeatherToronto_ETL' retrieved from /opt/airflow/dags/Shi_HW 3.py
[2026-09-12T19:25:18.306+0000] {logging_mixin.py:190} INFO - [2026-09-12T19:25:18.305+0000] {dag.py:3229} INFO - Sync 1 DAGs
[2026-09-12T19:25:18.330+0000] {logging_mixin.py:190} INFO - [2026-09-12T19:25:18.330+0000] {dag.py:4156} INFO - Setting next_dagrun for WeatherToronto_ETL to 2026-09-12 18:00:00+00:00, run_after=2026-09-13 18:00:00+00:00
[2026-09-12T19:25:18.341+0000] {processor.py:208} INFO - Processing /opt/airflow/dags/Shi_HW 3.py took 0.115 seconds
[2026-09-12T19:25:48.575+0000] {processor.py:186} INFO - Started process (PID=6206) to work on /opt/airflow/dags/Shi_HW 3.py
[2026-09-12T19:25:48.577+0000] {processor.py:914} INFO - Processing file /opt/airflow/dags/Shi_HW 3.py for tasks to queue
[2026-09-12T19:25:48.578+0000] {logging_mixin.py:190} INFO - [2026-09-12T19:25:48.578+0000] {dagbag.py:587} INFO - Filling up the DagBag from /opt/airflow/dags/Shi_HW 3.py
[2026-09-12T19:25:48.615+0000] {processor.py:925} INFO - DAG(s) 'WeatherToronto_ETL' retrieved from /opt/airflow/dags/Shi_HW 3.py
[2026-09-12T19:25:48.632+0000] {logging_mixin.py:190} INFO - [2026-09-12T19:25:48.631+0000] {dag.py:3229} INFO - Sync 1 DAGs
[2026-09-12T19:25:48.648+0000] {logging_mixin.py:190} INFO - [2026-09-12T19:25:48.648+0000] {dag.py:4156} INFO - Setting next_dagrun for WeatherToronto_ETL to 2026-09-12 18:00:00+00:00, run_after=2026-09-13 18:00:00+00:00
[2026-09-12T19:25:48.656+0000] {processor.py:208} INFO - Processing /opt/airflow/dags/Shi_HW 3.py took 0.091 seconds
[2026-09-12T19:26:19.004+0000] {processor.py:186} INFO - Started process (PID=6217) to work on /opt/airflow/dags/Shi_HW 3.py
[2026-09-12T19:26:19.008+0000] {processor.py:914} INFO - Processing file /opt/airflow/dags/Shi_HW 3.py for tasks to queue
[2026-09-12T19:26:19.010+0000] {logging_mixin.py:190} INFO - [2026-09-12T19:26:19.009+0000] {dagbag.py:587} INFO - Filling up the DagBag from /opt/airflow/dags/Shi_HW 3.py
[2026-09-12T19:26:19.049+0000] {processor.py:925} INFO - DAG(s) 'WeatherToronto_ETL' retrieved from /opt/airflow/dags/Shi_HW 3.py
[2026-09-12T19:26:19.071+0000] {logging_mixin.py:190} INFO - [2026-09-12T19:26:19.069+0000] {dag.py:3229} INFO - Sync 1 DAGs
[2026-09-12T19:26:19.087+0000] {logging_mixin.py:190} INFO - [2026-09-12T19:26:19.087+0000] {dag.py:4156} INFO - Setting next_dagrun for WeatherToronto_ETL to 2026-09-12 18:00:00+00:00, run_after=2026-09-13 18:00:00+00:00
[2026-09-12T19:26:19.095+0000] {processor.py:208} INFO - Processing /opt/airflow/dags/Shi_HW 3.py took 0.102 seconds
[2026-09-12T19:26:49.411+0000] {processor.py:186} INFO - Started process (PID=6228) to work on /opt/airflow/dags/Shi_HW 3.py
[2026-09-12T19:26:49.414+0000] {processor.py:914} INFO - Processing file /opt/airflow/dags/Shi_HW 3.py for tasks to queue
[2026-09-12T19:26:49.416+0000] {logging_mixin.py:190} INFO - [2026-09-12T19:26:49.415+0000] {dagbag.py:587} INFO - Filling up the DagBag from /opt/airflow/dags/Shi_HW 3.py
[2026-09-12T19:26:49.442+0000] {processor.py:925} INFO - DAG(s) 'WeatherToronto_ETL' retrieved from /opt/airflow/dags/Shi_HW 3.py
[2026-09-12T19:26:49.455+0000] {logging_mixin.py:190} INFO - [2026-09-12T19:26:49.453+0000] {dag.py:3229} INFO - Sync 1 DAGs
[2026-09-12T19:26:49.467+0000] {logging_mixin.py:190} INFO - [2026-09-12T19:26:49.467+0000] {dag.py:4156} INFO - Setting next_dagrun for WeatherToronto_ETL to 2026-09-12 18:00:00+00:00, run_after=2026-09-13 18:00:00+00:00
[2026-09-12T19:26:49.474+0000] {processor.py:208} INFO - Processing /opt/airflow/dags/Shi_HW 3.py took 0.070 seconds
[2026-09-12T19:27:19.780+0000] {processor.py:186} INFO - Started process (PID=6239) to work on /opt/airflow/dags/Shi_HW 3.py
[2026-09-12T19:27:19.783+0000] {processor.py:914} INFO - Processing file /opt/airflow/dags/Shi_HW 3.py for tasks to queue
[2026-09-12T19:27:19.785+0000] {logging_mixin.py:190} INFO - [2026-09-12T19:27:19.784+0000] {dagbag.py:587} INFO - Filling up the DagBag from /opt/airflow/dags/Shi_HW 3.py
[2026-09-12T19:27:19.814+0000] {processor.py:925} INFO - DAG(s) 'WeatherToronto_ETL' retrieved from /opt/airflow/dags/Shi_HW 3.py
[2026-09-12T19:27:19.829+0000] {logging_mixin.py:190} INFO - [2026-09-12T19:27:19.828+0000] {dag.py:3229} INFO - Sync 1 DAGs
[2026-09-12T19:27:19.844+0000] {logging_mixin.py:190} INFO - [2026-09-12T19:27:19.844+0000] {dag.py:4156} INFO - Setting next_dagrun for WeatherToronto_ETL to 2026-09-12 18:00:00+00:00, run_after=2026-09-13 18:00:00+00:00
[2026-09-12T19:27:19.852+0000] {processor.py:208} INFO - Processing /opt/airflow/dags/Shi_HW 3.py took 0.081 seconds
[2026-09-12T19:27:50.185+0000] {processor.py:186} INFO - Started process (PID=6250) to work on /opt/airflow/dags/Shi_HW 3.py
[2026-09-12T19:27:50.187+0000] {processor.py:914} INFO - Processing file /opt/airflow/dags/Shi_HW 3.py for tasks to queue
[2026-09-12T19:27:50.189+0000] {logging_mixin.py:190} INFO - [2026-09-12T19:27:50.188+0000] {dagbag.py:587} INFO - Filling up the DagBag from /opt/airflow/dags/Shi_HW 3.py
[2026-09-12T19:27:50.233+0000] {processor.py:925} INFO - DAG(s) 'WeatherToronto_ETL' retrieved from /opt/airflow/dags/Shi_HW 3.py
[2026-09-12T19:27:50.255+0000] {logging_mixin.py:190} INFO - [2026-09-12T19:27:50.253+0000] {dag.py:3229} INFO - Sync 1 DAGs
[2026-09-12T19:27:50.275+0000] {logging_mixin.py:190} INFO - [2026-09-12T19:27:50.275+0000] {dag.py:4156} INFO - Setting next_dagrun for WeatherToronto_ETL to 2026-09-12 18:00:00+00:00, run_after=2026-09-13 18:00:00+00:00
[2026-09-12T19:27:50.283+0000] {processor.py:208} INFO - Processing /opt/airflow/dags/Shi_HW 3.py took 0.116 seconds
[2026-09-12T19:28:20.553+0000] {processor.py:186} INFO - Started process (PID=6261) to work on /opt/airflow/dags/Shi_HW 3.py
[2026-09-12T19:28:20.556+0000] {processor.py:914} INFO - Processing file /opt/airflow/dags/Shi_HW 3.py for tasks to queue
[2026-09-12T19:28:20.557+0000] {logging_mixin.py:190} INFO - [2026-09-12T19:28:20.557+0000] {dagbag.py:587} INFO - Filling up the DagBag from /opt/airflow/dags/Shi_HW 3.py
[2026-09-12T19:28:20.576+0000] {processor.py:925} INFO - DAG(s) 'WeatherToronto_ETL' retrieved from /opt/airflow/dags/Shi_HW 3.py
[2026-09-12T19:28:20.586+0000] {logging_mixin.py:190} INFO - [2026-09-12T19:28:20.585+0000] {dag.py:3229} INFO - Sync 1 DAGs
[2026-09-12T19:28:20.596+0000] {logging_mixin.py:190} INFO - [2026-09-12T19:28:20.596+0000] {dag.py:4156} INFO - Setting next_dagrun for WeatherToronto_ETL to 2026-09-12 18:00:00+00:00, run_after=2026-09-13 18:00:00+00:00
[2026-09-12T19:28:20.603+0000] {processor.py:208} INFO - Processing /opt/airflow/dags/Shi_HW 3.py took 0.058 seconds
[2026-09-12T19:28:50.932+0000] {processor.py:186} INFO - Started process (PID=6272) to work on /opt/airflow/dags/Shi_HW 3.py
[2026-09-12T19:28:50.936+0000] {processor.py:914} INFO - Processing file /opt/airflow/dags/Shi_HW 3.py for tasks to queue
[2026-09-12T19:28:50.937+0000] {logging_mixin.py:190} INFO - [2026-09-12T19:28:50.937+0000] {dagbag.py:587} INFO - Filling up the DagBag from /opt/airflow/dags/Shi_HW 3.py
[2026-09-12T19:28:50.961+0000] {processor.py:925} INFO - DAG(s) 'WeatherToronto_ETL' retrieved from /opt/airflow/dags/Shi_HW 3.py
[2026-09-12T19:28:50.973+0000] {logging_mixin.py:190} INFO - [2026-09-12T19:28:50.971+0000] {dag.py:3229} INFO - Sync 1 DAGs
[2026-09-12T19:28:50.985+0000] {logging_mixin.py:190} INFO - [2026-09-12T19:28:50.985+0000] {dag.py:4156} INFO - Setting next_dagrun for WeatherToronto_ETL to 2026-09-12 18:00:00+00:00, run_after=2026-09-13 18:00:00+00:00
[2026-09-12T19:28:50.992+0000] {processor.py:208} INFO - Processing /opt/airflow/dags/Shi_HW 3.py took 0.068 seconds
[2026-09-12T19:29:21.282+0000] {processor.py:186} INFO - Started process (PID=6283) to work on /opt/airflow/dags/Shi_HW 3.py
[2026-09-12T19:29:21.284+0000] {processor.py:914} INFO - Processing file /opt/airflow/dags/Shi_HW 3.py for tasks to queue
[2026-09-12T19:29:21.285+0000] {logging_mixin.py:190} INFO - [2026-09-12T19:29:21.285+0000] {dagbag.py:587} INFO - Filling up the DagBag from /opt/airflow/dags/Shi_HW 3.py
[2026-09-12T19:29:21.300+0000] {processor.py:925} INFO - DAG(s) 'WeatherToronto_ETL' retrieved from /opt/airflow/dags/Shi_HW 3.py
[2026-09-12T19:29:21.308+0000] {logging_mixin.py:190} INFO - [2026-09-12T19:29:21.307+0000] {dag.py:3229} INFO - Sync 1 DAGs
[2026-09-12T19:29:21.318+0000] {logging_mixin.py:190} INFO - [2026-09-12T19:29:21.318+0000] {dag.py:4156} INFO - Setting next_dagrun for WeatherToronto_ETL to 2026-09-12 18:00:00+00:00, run_after=2026-09-13 18:00:00+00:00
[2026-09-12T19:29:21.324+0000] {processor.py:208} INFO - Processing /opt/airflow/dags/Shi_HW 3.py took 0.047 seconds
[2026-09-12T19:29:51.660+0000] {processor.py:186} INFO - Started process (PID=6294) to work on /opt/airflow/dags/Shi_HW 3.py
[2026-09-12T19:29:51.661+0000] {processor.py:914} INFO - Processing file /opt/airflow/dags/Shi_HW 3.py for tasks to queue
[2026-09-12T19:29:51.662+0000] {logging_mixin.py:190} INFO - [2026-09-12T19:29:51.662+0000] {dagbag.py:587} INFO - Filling up the DagBag from /opt/airflow/dags/Shi_HW 3.py
[2026-09-12T19:29:51.684+0000] {processor.py:925} INFO - DAG(s) 'WeatherToronto_ETL' retrieved from /opt/airflow/dags/Shi_HW 3.py
[2026-09-12T19:29:51.694+0000] {logging_mixin.py:190} INFO - [2026-09-12T19:29:51.694+0000] {dag.py:3229} INFO - Sync 1 DAGs
[2026-09-12T19:29:51.705+0000] {logging_mixin.py:190} INFO - [2026-09-12T19:29:51.705+0000] {dag.py:4156} INFO - Setting next_dagrun for WeatherToronto_ETL to 2026-09-12 18:00:00+00:00, run_after=2026-09-13 18:00:00+00:00
[2026-09-12T19:29:51.712+0000] {processor.py:208} INFO - Processing /opt/airflow/dags/Shi_HW 3.py took 0.057 seconds
[2026-09-12T19:30:22.065+0000] {processor.py:186} INFO - Started process (PID=6305) to work on /opt/airflow/dags/Shi_HW 3.py
[2026-09-12T19:30:22.067+0000] {processor.py:914} INFO - Processing file /opt/airflow/dags/Shi_HW 3.py for tasks to queue
[2026-09-12T19:30:22.069+0000] {logging_mixin.py:190} INFO - [2026-09-12T19:30:22.068+0000] {dagbag.py:587} INFO - Filling up the DagBag from /opt/airflow/dags/Shi_HW 3.py
[2026-09-12T19:30:22.092+0000] {processor.py:925} INFO - DAG(s) 'WeatherToronto_ETL' retrieved from /opt/airflow/dags/Shi_HW 3.py
[2026-09-12T19:30:22.104+0000] {logging_mixin.py:190} INFO - [2026-09-12T19:30:22.103+0000] {dag.py:3229} INFO - Sync 1 DAGs
[2026-09-12T19:30:22.117+0000] {logging_mixin.py:190} INFO - [2026-09-12T19:30:22.116+0000] {dag.py:4156} INFO - Setting next_dagrun for WeatherToronto_ETL to 2026-09-12 18:00:00+00:00, run_after=2026-09-13 18:00:00+00:00
[2026-09-12T19:30:22.123+0000] {processor.py:208} INFO - Processing /opt/airflow/dags/Shi_HW 3.py took 0.068 seconds
[2026-09-12T19:30:52.442+0000] {processor.py:186} INFO - Started process (PID=6316) to work on /opt/airflow/dags/Shi_HW 3.py
[2026-09-12T19:30:52.445+0000] {processor.py:914} INFO - Processing file /opt/airflow/dags/Shi_HW 3.py for tasks to queue
[2026-09-12T19:30:52.446+0000] {logging_mixin.py:190} INFO - [2026-09-12T19:30:52.446+0000] {dagbag.py:587} INFO - Filling up the DagBag from /opt/airflow/dags/Shi_HW 3.py
[2026-09-12T19:30:52.465+0000] {processor.py:925} INFO - DAG(s) 'WeatherToronto_ETL' retrieved from /opt/airflow/dags/Shi_HW 3.py
[2026-09-12T19:30:52.475+0000] {logging_mixin.py:190} INFO - [2026-09-12T19:30:52.474+0000] {dag.py:3229} INFO - Sync 1 DAGs
[2026-09-12T19:30:52.486+0000] {logging_mixin.py:190} INFO - [2026-09-12T19:30:52.486+0000] {dag.py:4156} INFO - Setting next_dagrun for WeatherToronto_ETL to 2026-09-12 18:00:00+00:00, run_after=2026-09-13 18:00:00+00:00
[2026-09-12T19:30:52.492+0000] {processor.py:208} INFO - Processing /opt/airflow/dags/Shi_HW 3.py took 0.055 seconds
[2026-09-12T19:31:22.773+0000] {processor.py:186} INFO - Started process (PID=6327) to work on /opt/airflow/dags/Shi_HW 3.py
[2026-09-12T19:31:22.774+0000] {processor.py:914} INFO - Processing file /opt/airflow/dags/Shi_HW 3.py for tasks to queue
[2026-09-12T19:31:22.775+0000] {logging_mixin.py:190} INFO - [2026-09-12T19:31:22.775+0000] {dagbag.py:587} INFO - Filling up the DagBag from /opt/airflow/dags/Shi_HW 3.py
[2026-09-12T19:31:22.789+0000] {processor.py:925} INFO - DAG(s) 'WeatherToronto_ETL' retrieved from /opt/airflow/dags/Shi_HW 3.py
[2026-09-12T19:31:22.798+0000] {logging_mixin.py:190} INFO - [2026-09-12T19:31:22.798+0000] {dag.py:3229} INFO - Sync 1 DAGs
[2026-09-12T19:31:22.808+0000] {logging_mixin.py:190} INFO - [2026-09-12T19:31:22.808+0000] {dag.py:4156} INFO - Setting next_dagrun for WeatherToronto_ETL to 2026-09-12 18:00:00+00:00, run_after=2026-09-13 18:00:00+00:00
[2026-09-12T19:31:22.814+0000] {processor.py:208} INFO - Processing /opt/airflow/dags/Shi_HW 3.py took 0.045 seconds
[2026-09-12T19:31:53.137+0000] {processor.py:186} INFO - Started process (PID=6338) to work on /opt/airflow/dags/Shi_HW 3.py
[2026-09-12T19:31:53.140+0000] {processor.py:914} INFO - Processing file /opt/airflow/dags/Shi_HW 3.py for tasks to queue
[2026-09-12T19:31:53.141+0000] {logging_mixin.py:190} INFO - [2026-09-12T19:31:53.140+0000] {dagbag.py:587} INFO - Filling up the DagBag from /opt/airflow/dags/Shi_HW 3.py
[2026-09-12T19:31:53.167+0000] {processor.py:925} INFO - DAG(s) 'WeatherToronto_ETL' retrieved from /opt/airflow/dags/Shi_HW 3.py
[2026-09-12T19:31:53.181+0000] {logging_mixin.py:190} INFO - [2026-09-12T19:31:53.179+0000] {dag.py:3229} INFO - Sync 1 DAGs
[2026-09-12T19:31:53.193+0000] {logging_mixin.py:190} INFO - [2026-09-12T19:31:53.193+0000] {dag.py:4156} INFO - Setting next_dagrun for WeatherToronto_ETL to 2026-09-12 18:00:00+00:00, run_after=2026-09-13 18:00:00+00:00
[2026-09-12T19:31:53.200+0000] {processor.py:208} INFO - Processing /opt/airflow/dags/Shi_HW 3.py took 0.072 seconds
[2026-09-12T19:32:23.501+0000] {processor.py:186} INFO - Started process (PID=6349) to work on /opt/airflow/dags/Shi_HW 3.py
[2026-09-12T19:32:23.503+0000] {processor.py:914} INFO - Processing file /opt/airflow/dags/Shi_HW 3.py for tasks to queue
[2026-09-12T19:32:23.505+0000] {logging_mixin.py:190} INFO - [2026-09-12T19:32:23.504+0000] {dagbag.py:587} INFO - Filling up the DagBag from /opt/airflow/dags/Shi_HW 3.py
[2026-09-12T19:32:23.525+0000] {processor.py:925} INFO - DAG(s) 'WeatherToronto_ETL' retrieved from /opt/airflow/dags/Shi_HW 3.py
[2026-09-12T19:32:23.534+0000] {logging_mixin.py:190} INFO - [2026-09-12T19:32:23.534+0000] {dag.py:3229} INFO - Sync 1 DAGs
[2026-09-12T19:32:23.547+0000] {logging_mixin.py:190} INFO - [2026-09-12T19:32:23.547+0000] {dag.py:4156} INFO - Setting next_dagrun for WeatherToronto_ETL to 2026-09-12 18:00:00+00:00, run_after=2026-09-13 18:00:00+00:00
[2026-09-12T19:32:23.559+0000] {processor.py:208} INFO - Processing /opt/airflow/dags/Shi_HW 3.py took 0.064 seconds
[2026-09-12T19:32:53.821+0000] {processor.py:186} INFO - Started process (PID=6360) to work on /opt/airflow/dags/Shi_HW 3.py
[2026-09-12T19:32:53.825+0000] {processor.py:914} INFO - Processing file /opt/airflow/dags/Shi_HW 3.py for tasks to queue
[2026-09-12T19:32:53.827+0000] {logging_mixin.py:190} INFO - [2026-09-12T19:32:53.827+0000] {dagbag.py:587} INFO - Filling up the DagBag from /opt/airflow/dags/Shi_HW 3.py
[2026-09-12T19:32:53.861+0000] {processor.py:925} INFO - DAG(s) 'WeatherToronto_ETL' retrieved from /opt/airflow/dags/Shi_HW 3.py
[2026-09-12T19:32:53.875+0000] {logging_mixin.py:190} INFO - [2026-09-12T19:32:53.873+0000] {dag.py:3229} INFO - Sync 1 DAGs
[2026-09-12T19:32:53.887+0000] {logging_mixin.py:190} INFO - [2026-09-12T19:32:53.887+0000] {dag.py:4156} INFO - Setting next_dagrun for WeatherToronto_ETL to 2026-09-12 18:00:00+00:00, run_after=2026-09-13 18:00:00+00:00
[2026-09-12T19:32:53.896+0000] {processor.py:208} INFO - Processing /opt/airflow/dags/Shi_HW 3.py took 0.085 seconds
[2026-09-12T19:33:24.260+0000] {processor.py:186} INFO - Started process (PID=6371) to work on /opt/airflow/dags/Shi_HW 3.py
[2026-09-12T19:33:24.264+0000] {processor.py:914} INFO - Processing file /opt/airflow/dags/Shi_HW 3.py for tasks to queue
[2026-09-12T19:33:24.265+0000] {logging_mixin.py:190} INFO - [2026-09-12T19:33:24.265+0000] {dagbag.py:587} INFO - Filling up the DagBag from /opt/airflow/dags/Shi_HW 3.py
[2026-09-12T19:33:24.293+0000] {processor.py:925} INFO - DAG(s) 'WeatherToronto_ETL' retrieved from /opt/airflow/dags/Shi_HW 3.py
[2026-09-12T19:33:24.309+0000] {logging_mixin.py:190} INFO - [2026-09-12T19:33:24.308+0000] {dag.py:3229} INFO - Sync 1 DAGs
[2026-09-12T19:33:24.324+0000] {logging_mixin.py:190} INFO - [2026-09-12T19:33:24.324+0000] {dag.py:4156} INFO - Setting next_dagrun for WeatherToronto_ETL to 2026-09-12 18:00:00+00:00, run_after=2026-09-13 18:00:00+00:00
[2026-09-12T19:33:24.331+0000] {processor.py:208} INFO - Processing /opt/airflow/dags/Shi_HW 3.py took 0.080 seconds
[2026-09-12T19:33:54.694+0000] {processor.py:186} INFO - Started process (PID=6382) to work on /opt/airflow/dags/Shi_HW 3.py
[2026-09-12T19:33:54.696+0000] {processor.py:914} INFO - Processing file /opt/airflow/dags/Shi_HW 3.py for tasks to queue
[2026-09-12T19:33:54.697+0000] {logging_mixin.py:190} INFO - [2026-09-12T19:33:54.697+0000] {dagbag.py:587} INFO - Filling up the DagBag from /opt/airflow/dags/Shi_HW 3.py
[2026-09-12T19:33:54.724+0000] {processor.py:925} INFO - DAG(s) 'WeatherToronto_ETL' retrieved from /opt/airflow/dags/Shi_HW 3.py
[2026-09-12T19:33:54.736+0000] {logging_mixin.py:190} INFO - [2026-09-12T19:33:54.735+0000] {dag.py:3229} INFO - Sync 1 DAGs
[2026-09-12T19:33:54.749+0000] {logging_mixin.py:190} INFO - [2026-09-12T19:33:54.749+0000] {dag.py:4156} INFO - Setting next_dagrun for WeatherToronto_ETL to 2026-09-12 18:00:00+00:00, run_after=2026-09-13 18:00:00+00:00
[2026-09-12T19:33:54.756+0000] {processor.py:208} INFO - Processing /opt/airflow/dags/Shi_HW 3.py took 0.073 seconds
[2026-09-12T19:34:25.095+0000] {processor.py:186} INFO - Started process (PID=6393) to work on /opt/airflow/dags/Shi_HW 3.py
[2026-09-12T19:34:25.099+0000] {processor.py:914} INFO - Processing file /opt/airflow/dags/Shi_HW 3.py for tasks to queue
[2026-09-12T19:34:25.099+0000] {logging_mixin.py:190} INFO - [2026-09-12T19:34:25.099+0000] {dagbag.py:587} INFO - Filling up the DagBag from /opt/airflow/dags/Shi_HW 3.py
[2026-09-12T19:34:25.117+0000] {processor.py:925} INFO - DAG(s) 'WeatherToronto_ETL' retrieved from /opt/airflow/dags/Shi_HW 3.py
[2026-09-12T19:34:25.126+0000] {logging_mixin.py:190} INFO - [2026-09-12T19:34:25.125+0000] {dag.py:3229} INFO - Sync 1 DAGs
[2026-09-12T19:34:25.136+0000] {logging_mixin.py:190} INFO - [2026-09-12T19:34:25.136+0000] {dag.py:4156} INFO - Setting next_dagrun for WeatherToronto_ETL to 2026-09-12 18:00:00+00:00, run_after=2026-09-13 18:00:00+00:00
[2026-09-12T19:34:25.142+0000] {processor.py:208} INFO - Processing /opt/airflow/dags/Shi_HW 3.py took 0.055 seconds
[2026-09-12T19:34:55.598+0000] {processor.py:186} INFO - Started process (PID=6404) to work on /opt/airflow/dags/Shi_HW 3.py
[2026-09-12T19:34:55.600+0000] {processor.py:914} INFO - Processing file /opt/airflow/dags/Shi_HW 3.py for tasks to queue
[2026-09-12T19:34:55.601+0000] {logging_mixin.py:190} INFO - [2026-09-12T19:34:55.601+0000] {dagbag.py:587} INFO - Filling up the DagBag from /opt/airflow/dags/Shi_HW 3.py
[2026-09-12T19:34:55.629+0000] {processor.py:925} INFO - DAG(s) 'WeatherToronto_ETL' retrieved from /opt/airflow/dags/Shi_HW 3.py
[2026-09-12T19:34:55.644+0000] {logging_mixin.py:190} INFO - [2026-09-12T19:34:55.643+0000] {dag.py:3229} INFO - Sync 1 DAGs
[2026-09-12T19:34:55.658+0000] {logging_mixin.py:190} INFO - [2026-09-12T19:34:55.658+0000] {dag.py:4156} INFO - Setting next_dagrun for WeatherToronto_ETL to 2026-09-12 18:00:00+00:00, run_after=2026-09-13 18:00:00+00:00
[2026-09-12T19:34:55.666+0000] {processor.py:208} INFO - Processing /opt/airflow/dags/Shi_HW 3.py took 0.076 seconds
[2026-09-12T19:35:26.004+0000] {processor.py:186} INFO - Started process (PID=6415) to work on /opt/airflow/dags/Shi_HW 3.py
[2026-09-12T19:35:26.007+0000] {processor.py:914} INFO - Processing file /opt/airflow/dags/Shi_HW 3.py for tasks to queue
[2026-09-12T19:35:26.008+0000] {logging_mixin.py:190} INFO - [2026-09-12T19:35:26.007+0000] {dagbag.py:587} INFO - Filling up the DagBag from /opt/airflow/dags/Shi_HW 3.py
[2026-09-12T19:35:26.030+0000] {processor.py:925} INFO - DAG(s) 'WeatherToronto_ETL' retrieved from /opt/airflow/dags/Shi_HW 3.py
[2026-09-12T19:35:26.040+0000] {logging_mixin.py:190} INFO - [2026-09-12T19:35:26.039+0000] {dag.py:3229} INFO - Sync 1 DAGs
[2026-09-12T19:35:26.051+0000] {logging_mixin.py:190} INFO - [2026-09-12T19:35:26.051+0000] {dag.py:4156} INFO - Setting next_dagrun for WeatherToronto_ETL to 2026-09-12 18:00:00+00:00, run_after=2026-09-13 18:00:00+00:00
[2026-09-12T19:35:26.057+0000] {processor.py:208} INFO - Processing /opt/airflow/dags/Shi_HW 3.py took 0.061 seconds
[2026-09-12T19:35:56.381+0000] {processor.py:186} INFO - Started process (PID=6426) to work on /opt/airflow/dags/Shi_HW 3.py
[2026-09-12T19:35:56.383+0000] {processor.py:914} INFO - Processing file /opt/airflow/dags/Shi_HW 3.py for tasks to queue
[2026-09-12T19:35:56.385+0000] {logging_mixin.py:190} INFO - [2026-09-12T19:35:56.384+0000] {dagbag.py:587} INFO - Filling up the DagBag from /opt/airflow/dags/Shi_HW 3.py
[2026-09-12T19:35:56.417+0000] {processor.py:925} INFO - DAG(s) 'WeatherToronto_ETL' retrieved from /opt/airflow/dags/Shi_HW 3.py
[2026-09-12T19:35:56.433+0000] {logging_mixin.py:190} INFO - [2026-09-12T19:35:56.431+0000] {dag.py:3229} INFO - Sync 1 DAGs
[2026-09-12T19:35:56.447+0000] {logging_mixin.py:190} INFO - [2026-09-12T19:35:56.447+0000] {dag.py:4156} INFO - Setting next_dagrun for WeatherToronto_ETL to 2026-09-12 18:00:00+00:00, run_after=2026-09-13 18:00:00+00:00
[2026-09-12T19:35:56.455+0000] {processor.py:208} INFO - Processing /opt/airflow/dags/Shi_HW 3.py took 0.083 seconds
[2026-09-12T19:36:26.820+0000] {processor.py:186} INFO - Started process (PID=6437) to work on /opt/airflow/dags/Shi_HW 3.py
[2026-09-12T19:36:26.822+0000] {processor.py:914} INFO - Processing file /opt/airflow/dags/Shi_HW 3.py for tasks to queue
[2026-09-12T19:36:26.823+0000] {logging_mixin.py:190} INFO - [2026-09-12T19:36:26.823+0000] {dagbag.py:587} INFO - Filling up the DagBag from /opt/airflow/dags/Shi_HW 3.py
[2026-09-12T19:36:26.846+0000] {processor.py:925} INFO - DAG(s) 'WeatherToronto_ETL' retrieved from /opt/airflow/dags/Shi_HW 3.py
[2026-09-12T19:36:26.857+0000] {logging_mixin.py:190} INFO - [2026-09-12T19:36:26.857+0000] {dag.py:3229} INFO - Sync 1 DAGs
[2026-09-12T19:36:26.869+0000] {logging_mixin.py:190} INFO - [2026-09-12T19:36:26.868+0000] {dag.py:4156} INFO - Setting next_dagrun for WeatherToronto_ETL to 2026-09-12 18:00:00+00:00, run_after=2026-09-13 18:00:00+00:00
[2026-09-12T19:36:26.875+0000] {processor.py:208} INFO - Processing /opt/airflow/dags/Shi_HW 3.py took 0.061 seconds
[2026-09-12T19:36:57.238+0000] {processor.py:186} INFO - Started process (PID=6448) to work on /opt/airflow/dags/Shi_HW 3.py
[2026-09-12T19:36:57.244+0000] {processor.py:914} INFO - Processing file /opt/airflow/dags/Shi_HW 3.py for tasks to queue
[2026-09-12T19:36:57.245+0000] {logging_mixin.py:190} INFO - [2026-09-12T19:36:57.245+0000] {dagbag.py:587} INFO - Filling up the DagBag from /opt/airflow/dags/Shi_HW 3.py
[2026-09-12T19:36:57.278+0000] {processor.py:925} INFO - DAG(s) 'WeatherToronto_ETL' retrieved from /opt/airflow/dags/Shi_HW 3.py
[2026-09-12T19:36:57.292+0000] {logging_mixin.py:190} INFO - [2026-09-12T19:36:57.290+0000] {dag.py:3229} INFO - Sync 1 DAGs
[2026-09-12T19:36:57.306+0000] {logging_mixin.py:190} INFO - [2026-09-12T19:36:57.305+0000] {dag.py:4156} INFO - Setting next_dagrun for WeatherToronto_ETL to 2026-09-12 18:00:00+00:00, run_after=2026-09-13 18:00:00+00:00
[2026-09-12T19:36:57.313+0000] {processor.py:208} INFO - Processing /opt/airflow/dags/Shi_HW 3.py took 0.083 seconds
[2026-09-12T19:37:27.683+0000] {processor.py:186} INFO - Started process (PID=6459) to work on /opt/airflow/dags/Shi_HW 3.py
[2026-09-12T19:37:27.685+0000] {processor.py:914} INFO - Processing file /opt/airflow/dags/Shi_HW 3.py for tasks to queue
[2026-09-12T19:37:27.686+0000] {logging_mixin.py:190} INFO - [2026-09-12T19:37:27.686+0000] {dagbag.py:587} INFO - Filling up the DagBag from /opt/airflow/dags/Shi_HW 3.py
[2026-09-12T19:37:27.708+0000] {processor.py:925} INFO - DAG(s) 'WeatherToronto_ETL' retrieved from /opt/airflow/dags/Shi_HW 3.py
[2026-09-12T19:37:27.721+0000] {logging_mixin.py:190} INFO - [2026-09-12T19:37:27.720+0000] {dag.py:3229} INFO - Sync 1 DAGs
[2026-09-12T19:37:27.732+0000] {logging_mixin.py:190} INFO - [2026-09-12T19:37:27.732+0000] {dag.py:4156} INFO - Setting next_dagrun for WeatherToronto_ETL to 2026-09-12 18:00:00+00:00, run_after=2026-09-13 18:00:00+00:00
[2026-09-12T19:37:27.739+0000] {processor.py:208} INFO - Processing /opt/airflow/dags/Shi_HW 3.py took 0.064 seconds
[2026-09-12T19:37:58.214+0000] {processor.py:186} INFO - Started process (PID=6470) to work on /opt/airflow/dags/Shi_HW 3.py
[2026-09-12T19:37:58.216+0000] {processor.py:914} INFO - Processing file /opt/airflow/dags/Shi_HW 3.py for tasks to queue
[2026-09-12T19:37:58.217+0000] {logging_mixin.py:190} INFO - [2026-09-12T19:37:58.217+0000] {dagbag.py:587} INFO - Filling up the DagBag from /opt/airflow/dags/Shi_HW 3.py
[2026-09-12T19:37:58.243+0000] {processor.py:925} INFO - DAG(s) 'WeatherToronto_ETL' retrieved from /opt/airflow/dags/Shi_HW 3.py
[2026-09-12T19:37:58.259+0000] {logging_mixin.py:190} INFO - [2026-09-12T19:37:58.257+0000] {dag.py:3229} INFO - Sync 1 DAGs
[2026-09-12T19:37:58.273+0000] {logging_mixin.py:190} INFO - [2026-09-12T19:37:58.272+0000] {dag.py:4156} INFO - Setting next_dagrun for WeatherToronto_ETL to 2026-09-12 18:00:00+00:00, run_after=2026-09-13 18:00:00+00:00
[2026-09-12T19:37:58.280+0000] {processor.py:208} INFO - Processing /opt/airflow/dags/Shi_HW 3.py took 0.074 seconds
[2026-09-12T19:38:28.564+0000] {processor.py:186} INFO - Started process (PID=6481) to work on /opt/airflow/dags/Shi_HW 3.py
[2026-09-12T19:38:28.567+0000] {processor.py:914} INFO - Processing file /opt/airflow/dags/Shi_HW 3.py for tasks to queue
[2026-09-12T19:38:28.568+0000] {logging_mixin.py:190} INFO - [2026-09-12T19:38:28.568+0000] {dagbag.py:587} INFO - Filling up the DagBag from /opt/airflow/dags/Shi_HW 3.py
[2026-09-12T19:38:28.587+0000] {processor.py:925} INFO - DAG(s) 'WeatherToronto_ETL' retrieved from /opt/airflow/dags/Shi_HW 3.py
[2026-09-12T19:38:28.595+0000] {logging_mixin.py:190} INFO - [2026-09-12T19:38:28.595+0000] {dag.py:3229} INFO - Sync 1 DAGs
[2026-09-12T19:38:28.605+0000] {logging_mixin.py:190} INFO - [2026-09-12T19:38:28.605+0000] {dag.py:4156} INFO - Setting next_dagrun for WeatherToronto_ETL to 2026-09-12 18:00:00+00:00, run_after=2026-09-13 18:00:00+00:00
[2026-09-12T19:38:28.611+0000] {processor.py:208} INFO - Processing /opt/airflow/dags/Shi_HW 3.py took 0.054 seconds
[2026-09-12T19:38:58.875+0000] {processor.py:186} INFO - Started process (PID=6492) to work on /opt/airflow/dags/Shi_HW 3.py
[2026-09-12T19:38:58.877+0000] {processor.py:914} INFO - Processing file /opt/airflow/dags/Shi_HW 3.py for tasks to queue
[2026-09-12T19:38:58.878+0000] {logging_mixin.py:190} INFO - [2026-09-12T19:38:58.878+0000] {dagbag.py:587} INFO - Filling up the DagBag from /opt/airflow/dags/Shi_HW 3.py
[2026-09-12T19:38:58.895+0000] {processor.py:925} INFO - DAG(s) 'WeatherToronto_ETL' retrieved from /opt/airflow/dags/Shi_HW 3.py
[2026-09-12T19:38:58.904+0000] {logging_mixin.py:190} INFO - [2026-09-12T19:38:58.903+0000] {dag.py:3229} INFO - Sync 1 DAGs
[2026-09-12T19:38:58.915+0000] {logging_mixin.py:190} INFO - [2026-09-12T19:38:58.915+0000] {dag.py:4156} INFO - Setting next_dagrun for WeatherToronto_ETL to 2026-09-12 18:00:00+00:00, run_after=2026-09-13 18:00:00+00:00
[2026-09-12T19:38:58.921+0000] {processor.py:208} INFO - Processing /opt/airflow/dags/Shi_HW 3.py took 0.052 seconds
[2026-09-12T19:39:29.247+0000] {processor.py:186} INFO - Started process (PID=6503) to work on /opt/airflow/dags/Shi_HW 3.py
[2026-09-12T19:39:29.249+0000] {processor.py:914} INFO - Processing file /opt/airflow/dags/Shi_HW 3.py for tasks to queue
[2026-09-12T19:39:29.250+0000] {logging_mixin.py:190} INFO - [2026-09-12T19:39:29.250+0000] {dagbag.py:587} INFO - Filling up the DagBag from /opt/airflow/dags/Shi_HW 3.py
[2026-09-12T19:39:29.272+0000] {processor.py:925} INFO - DAG(s) 'WeatherToronto_ETL' retrieved from /opt/airflow/dags/Shi_HW 3.py
[2026-09-12T19:39:29.284+0000] {logging_mixin.py:190} INFO - [2026-09-12T19:39:29.283+0000] {dag.py:3229} INFO - Sync 1 DAGs
[2026-09-12T19:39:29.296+0000] {logging_mixin.py:190} INFO - [2026-09-12T19:39:29.296+0000] {dag.py:4156} INFO - Setting next_dagrun for WeatherToronto_ETL to 2026-09-12 18:00:00+00:00, run_after=2026-09-13 18:00:00+00:00
[2026-09-12T19:39:29.303+0000] {processor.py:208} INFO - Processing /opt/airflow/dags/Shi_HW 3.py took 0.062 seconds
[2026-09-12T19:39:59.619+0000] {processor.py:186} INFO - Started process (PID=6514) to work on /opt/airflow/dags/Shi_HW 3.py
[2026-09-12T19:39:59.621+0000] {processor.py:914} INFO - Processing file /opt/airflow/dags/Shi_HW 3.py for tasks to queue
[2026-09-12T19:39:59.622+0000] {logging_mixin.py:190} INFO - [2026-09-12T19:39:59.622+0000] {dagbag.py:587} INFO - Filling up the DagBag from /opt/airflow/dags/Shi_HW 3.py
[2026-09-12T19:39:59.641+0000] {processor.py:925} INFO - DAG(s) 'WeatherToronto_ETL' retrieved from /opt/airflow/dags/Shi_HW 3.py
[2026-09-12T19:39:59.650+0000] {logging_mixin.py:190} INFO - [2026-09-12T19:39:59.649+0000] {dag.py:3229} INFO - Sync 1 DAGs
[2026-09-12T19:39:59.660+0000] {logging_mixin.py:190} INFO - [2026-09-12T19:39:59.660+0000] {dag.py:4156} INFO - Setting next_dagrun for WeatherToronto_ETL to 2026-09-12 18:00:00+00:00, run_after=2026-09-13 18:00:00+00:00
[2026-09-12T19:39:59.666+0000] {processor.py:208} INFO - Processing /opt/airflow/dags/Shi_HW 3.py took 0.056 seconds
[2026-09-12T19:40:29.959+0000] {processor.py:186} INFO - Started process (PID=6525) to work on /opt/airflow/dags/Shi_HW 3.py
[2026-09-12T19:40:29.962+0000] {processor.py:914} INFO - Processing file /opt/airflow/dags/Shi_HW 3.py for tasks to queue
[2026-09-12T19:40:29.963+0000] {logging_mixin.py:190} INFO - [2026-09-12T19:40:29.963+0000] {dagbag.py:587} INFO - Filling up the DagBag from /opt/airflow/dags/Shi_HW 3.py
[2026-09-12T19:40:29.978+0000] {processor.py:925} INFO - DAG(s) 'WeatherToronto_ETL' retrieved from /opt/airflow/dags/Shi_HW 3.py
[2026-09-12T19:40:29.987+0000] {logging_mixin.py:190} INFO - [2026-09-12T19:40:29.986+0000] {dag.py:3229} INFO - Sync 1 DAGs
[2026-09-12T19:40:29.999+0000] {logging_mixin.py:190} INFO - [2026-09-12T19:40:29.999+0000] {dag.py:4156} INFO - Setting next_dagrun for WeatherToronto_ETL to 2026-09-12 18:00:00+00:00, run_after=2026-09-13 18:00:00+00:00
[2026-09-12T19:40:30.005+0000] {processor.py:208} INFO - Processing /opt/airflow/dags/Shi_HW 3.py took 0.054 seconds
[2026-09-12T19:41:00.356+0000] {processor.py:186} INFO - Started process (PID=6536) to work on /opt/airflow/dags/Shi_HW 3.py
[2026-09-12T19:41:00.359+0000] {processor.py:914} INFO - Processing file /opt/airflow/dags/Shi_HW 3.py for tasks to queue
[2026-09-12T19:41:00.360+0000] {logging_mixin.py:190} INFO - [2026-09-12T19:41:00.360+0000] {dagbag.py:587} INFO - Filling up the DagBag from /opt/airflow/dags/Shi_HW 3.py
[2026-09-12T19:41:00.385+0000] {processor.py:925} INFO - DAG(s) 'WeatherToronto_ETL' retrieved from /opt/airflow/dags/Shi_HW 3.py
[2026-09-12T19:41:00.397+0000] {logging_mixin.py:190} INFO - [2026-09-12T19:41:00.396+0000] {dag.py:3229} INFO - Sync 1 DAGs
[2026-09-12T19:41:00.410+0000] {logging_mixin.py:190} INFO - [2026-09-12T19:41:00.410+0000] {dag.py:4156} INFO - Setting next_dagrun for WeatherToronto_ETL to 2026-09-12 18:00:00+00:00, run_after=2026-09-13 18:00:00+00:00
[2026-09-12T19:41:00.417+0000] {processor.py:208} INFO - Processing /opt/airflow/dags/Shi_HW 3.py took 0.067 seconds
[2026-09-12T19:41:30.748+0000] {processor.py:186} INFO - Started process (PID=6547) to work on /opt/airflow/dags/Shi_HW 3.py
[2026-09-12T19:41:30.752+0000] {processor.py:914} INFO - Processing file /opt/airflow/dags/Shi_HW 3.py for tasks to queue
[2026-09-12T19:41:30.753+0000] {logging_mixin.py:190} INFO - [2026-09-12T19:41:30.753+0000] {dagbag.py:587} INFO - Filling up the DagBag from /opt/airflow/dags/Shi_HW 3.py
[2026-09-12T19:41:30.781+0000] {processor.py:925} INFO - DAG(s) 'WeatherToronto_ETL' retrieved from /opt/airflow/dags/Shi_HW 3.py
[2026-09-12T19:41:30.792+0000] {logging_mixin.py:190} INFO - [2026-09-12T19:41:30.791+0000] {dag.py:3229} INFO - Sync 1 DAGs
[2026-09-12T19:41:30.801+0000] {logging_mixin.py:190} INFO - [2026-09-12T19:41:30.801+0000] {dag.py:4156} INFO - Setting next_dagrun for WeatherToronto_ETL to 2026-09-12 18:00:00+00:00, run_after=2026-09-13 18:00:00+00:00
[2026-09-12T19:41:30.808+0000] {processor.py:208} INFO - Processing /opt/airflow/dags/Shi_HW 3.py took 0.068 seconds
[2026-09-12T19:42:01.112+0000] {processor.py:186} INFO - Started process (PID=6558) to work on /opt/airflow/dags/Shi_HW 3.py
[2026-09-12T19:42:01.113+0000] {processor.py:914} INFO - Processing file /opt/airflow/dags/Shi_HW 3.py for tasks to queue
[2026-09-12T19:42:01.114+0000] {logging_mixin.py:190} INFO - [2026-09-12T19:42:01.114+0000] {dagbag.py:587} INFO - Filling up the DagBag from /opt/airflow/dags/Shi_HW 3.py
[2026-09-12T19:42:01.132+0000] {processor.py:925} INFO - DAG(s) 'WeatherToronto_ETL' retrieved from /opt/airflow/dags/Shi_HW 3.py
[2026-09-12T19:42:01.141+0000] {logging_mixin.py:190} INFO - [2026-09-12T19:42:01.140+0000] {dag.py:3229} INFO - Sync 1 DAGs
[2026-09-12T19:42:01.151+0000] {logging_mixin.py:190} INFO - [2026-09-12T19:42:01.151+0000] {dag.py:4156} INFO - Setting next_dagrun for WeatherToronto_ETL to 2026-09-12 18:00:00+00:00, run_after=2026-09-13 18:00:00+00:00
[2026-09-12T19:42:01.157+0000] {processor.py:208} INFO - Processing /opt/airflow/dags/Shi_HW 3.py took 0.050 seconds
[2026-09-12T19:42:31.503+0000] {processor.py:186} INFO - Started process (PID=6569) to work on /opt/airflow/dags/Shi_HW 3.py
[2026-09-12T19:42:31.505+0000] {processor.py:914} INFO - Processing file /opt/airflow/dags/Shi_HW 3.py for tasks to queue
[2026-09-12T19:42:31.506+0000] {logging_mixin.py:190} INFO - [2026-09-12T19:42:31.506+0000] {dagbag.py:587} INFO - Filling up the DagBag from /opt/airflow/dags/Shi_HW 3.py
[2026-09-12T19:42:31.533+0000] {processor.py:925} INFO - DAG(s) 'WeatherToronto_ETL' retrieved from /opt/airflow/dags/Shi_HW 3.py
[2026-09-12T19:42:31.550+0000] {logging_mixin.py:190} INFO - [2026-09-12T19:42:31.547+0000] {dag.py:3229} INFO - Sync 1 DAGs
[2026-09-12T19:42:31.568+0000] {logging_mixin.py:190} INFO - [2026-09-12T19:42:31.567+0000] {dag.py:4156} INFO - Setting next_dagrun for WeatherToronto_ETL to 2026-09-12 18:00:00+00:00, run_after=2026-09-13 18:00:00+00:00
[2026-09-12T19:42:31.574+0000] {processor.py:208} INFO - Processing /opt/airflow/dags/Shi_HW 3.py took 0.081 seconds
[2026-09-12T19:43:01.810+0000] {processor.py:186} INFO - Started process (PID=6580) to work on /opt/airflow/dags/Shi_HW 3.py
[2026-09-12T19:43:01.813+0000] {processor.py:914} INFO - Processing file /opt/airflow/dags/Shi_HW 3.py for tasks to queue
[2026-09-12T19:43:01.814+0000] {logging_mixin.py:190} INFO - [2026-09-12T19:43:01.813+0000] {dagbag.py:587} INFO - Filling up the DagBag from /opt/airflow/dags/Shi_HW 3.py
[2026-09-12T19:43:01.832+0000] {processor.py:925} INFO - DAG(s) 'WeatherToronto_ETL' retrieved from /opt/airflow/dags/Shi_HW 3.py
[2026-09-12T19:43:01.841+0000] {logging_mixin.py:190} INFO - [2026-09-12T19:43:01.841+0000] {dag.py:3229} INFO - Sync 1 DAGs
[2026-09-12T19:43:01.851+0000] {logging_mixin.py:190} INFO - [2026-09-12T19:43:01.851+0000] {dag.py:4156} INFO - Setting next_dagrun for WeatherToronto_ETL to 2026-09-12 18:00:00+00:00, run_after=2026-09-13 18:00:00+00:00
[2026-09-12T19:43:01.858+0000] {processor.py:208} INFO - Processing /opt/airflow/dags/Shi_HW 3.py took 0.054 seconds
[2026-09-12T19:43:32.226+0000] {processor.py:186} INFO - Started process (PID=6591) to work on /opt/airflow/dags/Shi_HW 3.py
[2026-09-12T19:43:32.229+0000] {processor.py:914} INFO - Processing file /opt/airflow/dags/Shi_HW 3.py for tasks to queue
[2026-09-12T19:43:32.230+0000] {logging_mixin.py:190} INFO - [2026-09-12T19:43:32.229+0000] {dagbag.py:587} INFO - Filling up the DagBag from /opt/airflow/dags/Shi_HW 3.py
[2026-09-12T19:43:32.248+0000] {processor.py:925} INFO - DAG(s) 'WeatherToronto_ETL' retrieved from /opt/airflow/dags/Shi_HW 3.py
[2026-09-12T19:43:32.257+0000] {logging_mixin.py:190} INFO - [2026-09-12T19:43:32.256+0000] {dag.py:3229} INFO - Sync 1 DAGs
[2026-09-12T19:43:32.267+0000] {logging_mixin.py:190} INFO - [2026-09-12T19:43:32.267+0000] {dag.py:4156} INFO - Setting next_dagrun for WeatherToronto_ETL to 2026-09-12 18:00:00+00:00, run_after=2026-09-13 18:00:00+00:00
[2026-09-12T19:43:32.273+0000] {processor.py:208} INFO - Processing /opt/airflow/dags/Shi_HW 3.py took 0.052 seconds
[2026-09-12T19:44:02.656+0000] {processor.py:186} INFO - Started process (PID=6602) to work on /opt/airflow/dags/Shi_HW 3.py
[2026-09-12T19:44:02.658+0000] {processor.py:914} INFO - Processing file /opt/airflow/dags/Shi_HW 3.py for tasks to queue
[2026-09-12T19:44:02.660+0000] {logging_mixin.py:190} INFO - [2026-09-12T19:44:02.659+0000] {dagbag.py:587} INFO - Filling up the DagBag from /opt/airflow/dags/Shi_HW 3.py
[2026-09-12T19:44:02.684+0000] {processor.py:925} INFO - DAG(s) 'WeatherToronto_ETL' retrieved from /opt/airflow/dags/Shi_HW 3.py
[2026-09-12T19:44:02.698+0000] {logging_mixin.py:190} INFO - [2026-09-12T19:44:02.696+0000] {dag.py:3229} INFO - Sync 1 DAGs
[2026-09-12T19:44:02.711+0000] {logging_mixin.py:190} INFO - [2026-09-12T19:44:02.711+0000] {dag.py:4156} INFO - Setting next_dagrun for WeatherToronto_ETL to 2026-09-12 18:00:00+00:00, run_after=2026-09-13 18:00:00+00:00
[2026-09-12T19:44:02.718+0000] {processor.py:208} INFO - Processing /opt/airflow/dags/Shi_HW 3.py took 0.071 seconds
[2026-09-12T19:44:33.011+0000] {processor.py:186} INFO - Started process (PID=6613) to work on /opt/airflow/dags/Shi_HW 3.py
[2026-09-12T19:44:33.015+0000] {processor.py:914} INFO - Processing file /opt/airflow/dags/Shi_HW 3.py for tasks to queue
[2026-09-12T19:44:33.016+0000] {logging_mixin.py:190} INFO - [2026-09-12T19:44:33.015+0000] {dagbag.py:587} INFO - Filling up the DagBag from /opt/airflow/dags/Shi_HW 3.py
[2026-09-12T19:44:33.034+0000] {processor.py:925} INFO - DAG(s) 'WeatherToronto_ETL' retrieved from /opt/airflow/dags/Shi_HW 3.py
[2026-09-12T19:44:33.043+0000] {logging_mixin.py:190} INFO - [2026-09-12T19:44:33.042+0000] {dag.py:3229} INFO - Sync 1 DAGs
[2026-09-12T19:44:33.052+0000] {logging_mixin.py:190} INFO - [2026-09-12T19:44:33.052+0000] {dag.py:4156} INFO - Setting next_dagrun for WeatherToronto_ETL to 2026-09-12 18:00:00+00:00, run_after=2026-09-13 18:00:00+00:00
[2026-09-12T19:44:33.058+0000] {processor.py:208} INFO - Processing /opt/airflow/dags/Shi_HW 3.py took 0.056 seconds
[2026-09-12T19:45:03.426+0000] {processor.py:186} INFO - Started process (PID=6624) to work on /opt/airflow/dags/Shi_HW 3.py
[2026-09-12T19:45:03.429+0000] {processor.py:914} INFO - Processing file /opt/airflow/dags/Shi_HW 3.py for tasks to queue
[2026-09-12T19:45:03.430+0000] {logging_mixin.py:190} INFO - [2026-09-12T19:45:03.430+0000] {dagbag.py:587} INFO - Filling up the DagBag from /opt/airflow/dags/Shi_HW 3.py
[2026-09-12T19:45:03.456+0000] {processor.py:925} INFO - DAG(s) 'WeatherToronto_ETL' retrieved from /opt/airflow/dags/Shi_HW 3.py
[2026-09-12T19:45:03.471+0000] {logging_mixin.py:190} INFO - [2026-09-12T19:45:03.470+0000] {dag.py:3229} INFO - Sync 1 DAGs
[2026-09-12T19:45:03.485+0000] {logging_mixin.py:190} INFO - [2026-09-12T19:45:03.485+0000] {dag.py:4156} INFO - Setting next_dagrun for WeatherToronto_ETL to 2026-09-12 18:00:00+00:00, run_after=2026-09-13 18:00:00+00:00
[2026-09-12T19:45:03.492+0000] {processor.py:208} INFO - Processing /opt/airflow/dags/Shi_HW 3.py took 0.074 seconds
[2026-09-12T19:45:33.844+0000] {processor.py:186} INFO - Started process (PID=6635) to work on /opt/airflow/dags/Shi_HW 3.py
[2026-09-12T19:45:33.848+0000] {processor.py:914} INFO - Processing file /opt/airflow/dags/Shi_HW 3.py for tasks to queue
[2026-09-12T19:45:33.849+0000] {logging_mixin.py:190} INFO - [2026-09-12T19:45:33.848+0000] {dagbag.py:587} INFO - Filling up the DagBag from /opt/airflow/dags/Shi_HW 3.py
[2026-09-12T19:45:33.894+0000] {processor.py:925} INFO - DAG(s) 'WeatherToronto_ETL' retrieved from /opt/airflow/dags/Shi_HW 3.py
[2026-09-12T19:45:33.917+0000] {logging_mixin.py:190} INFO - [2026-09-12T19:45:33.911+0000] {dag.py:3229} INFO - Sync 1 DAGs
[2026-09-12T19:45:33.932+0000] {logging_mixin.py:190} INFO - [2026-09-12T19:45:33.932+0000] {dag.py:4156} INFO - Setting next_dagrun for WeatherToronto_ETL to 2026-09-12 18:00:00+00:00, run_after=2026-09-13 18:00:00+00:00
[2026-09-12T19:45:33.945+0000] {processor.py:208} INFO - Processing /opt/airflow/dags/Shi_HW 3.py took 0.111 seconds
[2026-09-12T19:46:04.181+0000] {processor.py:186} INFO - Started process (PID=6646) to work on /opt/airflow/dags/Shi_HW 3.py
[2026-09-12T19:46:04.183+0000] {processor.py:914} INFO - Processing file /opt/airflow/dags/Shi_HW 3.py for tasks to queue
[2026-09-12T19:46:04.184+0000] {logging_mixin.py:190} INFO - [2026-09-12T19:46:04.183+0000] {dagbag.py:587} INFO - Filling up the DagBag from /opt/airflow/dags/Shi_HW 3.py
[2026-09-12T19:46:04.203+0000] {processor.py:925} INFO - DAG(s) 'WeatherToronto_ETL' retrieved from /opt/airflow/dags/Shi_HW 3.py
[2026-09-12T19:46:04.212+0000] {logging_mixin.py:190} INFO - [2026-09-12T19:46:04.211+0000] {dag.py:3229} INFO - Sync 1 DAGs
[2026-09-12T19:46:04.222+0000] {logging_mixin.py:190} INFO - [2026-09-12T19:46:04.222+0000] {dag.py:4156} INFO - Setting next_dagrun for WeatherToronto_ETL to 2026-09-12 18:00:00+00:00, run_after=2026-09-13 18:00:00+00:00
[2026-09-12T19:46:04.228+0000] {processor.py:208} INFO - Processing /opt/airflow/dags/Shi_HW 3.py took 0.056 seconds
[2026-09-12T19:46:34.551+0000] {processor.py:186} INFO - Started process (PID=6657) to work on /opt/airflow/dags/Shi_HW 3.py
[2026-09-12T19:46:34.553+0000] {processor.py:914} INFO - Processing file /opt/airflow/dags/Shi_HW 3.py for tasks to queue
[2026-09-12T19:46:34.554+0000] {logging_mixin.py:190} INFO - [2026-09-12T19:46:34.554+0000] {dagbag.py:587} INFO - Filling up the DagBag from /opt/airflow/dags/Shi_HW 3.py
[2026-09-12T19:46:34.581+0000] {processor.py:925} INFO - DAG(s) 'WeatherToronto_ETL' retrieved from /opt/airflow/dags/Shi_HW 3.py
[2026-09-12T19:46:34.598+0000] {logging_mixin.py:190} INFO - [2026-09-12T19:46:34.597+0000] {dag.py:3229} INFO - Sync 1 DAGs
[2026-09-12T19:46:34.613+0000] {logging_mixin.py:190} INFO - [2026-09-12T19:46:34.613+0000] {dag.py:4156} INFO - Setting next_dagrun for WeatherToronto_ETL to 2026-09-12 18:00:00+00:00, run_after=2026-09-13 18:00:00+00:00
[2026-09-12T19:46:34.620+0000] {processor.py:208} INFO - Processing /opt/airflow/dags/Shi_HW 3.py took 0.077 seconds
[2026-09-12T19:47:04.884+0000] {processor.py:186} INFO - Started process (PID=6668) to work on /opt/airflow/dags/Shi_HW 3.py
[2026-09-12T19:47:04.886+0000] {processor.py:914} INFO - Processing file /opt/airflow/dags/Shi_HW 3.py for tasks to queue
[2026-09-12T19:47:04.887+0000] {logging_mixin.py:190} INFO - [2026-09-12T19:47:04.887+0000] {dagbag.py:587} INFO - Filling up the DagBag from /opt/airflow/dags/Shi_HW 3.py
[2026-09-12T19:47:04.910+0000] {processor.py:925} INFO - DAG(s) 'WeatherToronto_ETL' retrieved from /opt/airflow/dags/Shi_HW 3.py
[2026-09-12T19:47:04.919+0000] {logging_mixin.py:190} INFO - [2026-09-12T19:47:04.919+0000] {dag.py:3229} INFO - Sync 1 DAGs
[2026-09-12T19:47:04.930+0000] {logging_mixin.py:190} INFO - [2026-09-12T19:47:04.929+0000] {dag.py:4156} INFO - Setting next_dagrun for WeatherToronto_ETL to 2026-09-12 18:00:00+00:00, run_after=2026-09-13 18:00:00+00:00
[2026-09-12T19:47:04.936+0000] {processor.py:208} INFO - Processing /opt/airflow/dags/Shi_HW 3.py took 0.056 seconds
[2026-09-12T19:47:35.304+0000] {processor.py:186} INFO - Started process (PID=6679) to work on /opt/airflow/dags/Shi_HW 3.py
[2026-09-12T19:47:35.307+0000] {processor.py:914} INFO - Processing file /opt/airflow/dags/Shi_HW 3.py for tasks to queue
[2026-09-12T19:47:35.308+0000] {logging_mixin.py:190} INFO - [2026-09-12T19:47:35.308+0000] {dagbag.py:587} INFO - Filling up the DagBag from /opt/airflow/dags/Shi_HW 3.py
[2026-09-12T19:47:35.334+0000] {processor.py:925} INFO - DAG(s) 'WeatherToronto_ETL' retrieved from /opt/airflow/dags/Shi_HW 3.py
[2026-09-12T19:47:35.347+0000] {logging_mixin.py:190} INFO - [2026-09-12T19:47:35.346+0000] {dag.py:3229} INFO - Sync 1 DAGs
[2026-09-12T19:47:35.360+0000] {logging_mixin.py:190} INFO - [2026-09-12T19:47:35.360+0000] {dag.py:4156} INFO - Setting next_dagrun for WeatherToronto_ETL to 2026-09-12 18:00:00+00:00, run_after=2026-09-13 18:00:00+00:00
[2026-09-12T19:47:35.368+0000] {processor.py:208} INFO - Processing /opt/airflow/dags/Shi_HW 3.py took 0.071 seconds
[2026-09-12T19:48:05.780+0000] {processor.py:186} INFO - Started process (PID=6690) to work on /opt/airflow/dags/Shi_HW 3.py
[2026-09-12T19:48:05.781+0000] {processor.py:914} INFO - Processing file /opt/airflow/dags/Shi_HW 3.py for tasks to queue
[2026-09-12T19:48:05.782+0000] {logging_mixin.py:190} INFO - [2026-09-12T19:48:05.782+0000] {dagbag.py:587} INFO - Filling up the DagBag from /opt/airflow/dags/Shi_HW 3.py
[2026-09-12T19:48:05.803+0000] {processor.py:925} INFO - DAG(s) 'WeatherToronto_ETL' retrieved from /opt/airflow/dags/Shi_HW 3.py
[2026-09-12T19:48:05.817+0000] {logging_mixin.py:190} INFO - [2026-09-12T19:48:05.815+0000] {dag.py:3229} INFO - Sync 1 DAGs
[2026-09-12T19:48:05.831+0000] {logging_mixin.py:190} INFO - [2026-09-12T19:48:05.831+0000] {dag.py:4156} INFO - Setting next_dagrun for WeatherToronto_ETL to 2026-09-12 18:00:00+00:00, run_after=2026-09-13 18:00:00+00:00
[2026-09-12T19:48:05.839+0000] {processor.py:208} INFO - Processing /opt/airflow/dags/Shi_HW 3.py took 0.067 seconds
[2026-09-12T19:48:36.279+0000] {processor.py:186} INFO - Started process (PID=6701) to work on /opt/airflow/dags/Shi_HW 3.py
[2026-09-12T19:48:36.282+0000] {processor.py:914} INFO - Processing file /opt/airflow/dags/Shi_HW 3.py for tasks to queue
[2026-09-12T19:48:36.283+0000] {logging_mixin.py:190} INFO - [2026-09-12T19:48:36.283+0000] {dagbag.py:587} INFO - Filling up the DagBag from /opt/airflow/dags/Shi_HW 3.py
[2026-09-12T19:48:36.307+0000] {processor.py:925} INFO - DAG(s) 'WeatherToronto_ETL' retrieved from /opt/airflow/dags/Shi_HW 3.py
[2026-09-12T19:48:36.316+0000] {logging_mixin.py:190} INFO - [2026-09-12T19:48:36.315+0000] {dag.py:3229} INFO - Sync 1 DAGs
[2026-09-12T19:48:36.326+0000] {logging_mixin.py:190} INFO - [2026-09-12T19:48:36.326+0000] {dag.py:4156} INFO - Setting next_dagrun for WeatherToronto_ETL to 2026-09-12 18:00:00+00:00, run_after=2026-09-13 18:00:00+00:00
[2026-09-12T19:48:36.332+0000] {processor.py:208} INFO - Processing /opt/airflow/dags/Shi_HW 3.py took 0.059 seconds
[2026-09-12T19:49:06.677+0000] {processor.py:186} INFO - Started process (PID=6712) to work on /opt/airflow/dags/Shi_HW 3.py
[2026-09-12T19:49:06.679+0000] {processor.py:914} INFO - Processing file /opt/airflow/dags/Shi_HW 3.py for tasks to queue
[2026-09-12T19:49:06.680+0000] {logging_mixin.py:190} INFO - [2026-09-12T19:49:06.680+0000] {dagbag.py:587} INFO - Filling up the DagBag from /opt/airflow/dags/Shi_HW 3.py
[2026-09-12T19:49:06.700+0000] {processor.py:925} INFO - DAG(s) 'WeatherToronto_ETL' retrieved from /opt/airflow/dags/Shi_HW 3.py
[2026-09-12T19:49:06.715+0000] {logging_mixin.py:190} INFO - [2026-09-12T19:49:06.713+0000] {dag.py:3229} INFO - Sync 1 DAGs
[2026-09-12T19:49:06.729+0000] {logging_mixin.py:190} INFO - [2026-09-12T19:49:06.729+0000] {dag.py:4156} INFO - Setting next_dagrun for WeatherToronto_ETL to 2026-09-12 18:00:00+00:00, run_after=2026-09-13 18:00:00+00:00
[2026-09-12T19:49:06.736+0000] {processor.py:208} INFO - Processing /opt/airflow/dags/Shi_HW 3.py took 0.071 seconds
[2026-09-12T19:49:37.101+0000] {processor.py:186} INFO - Started process (PID=6723) to work on /opt/airflow/dags/Shi_HW 3.py
[2026-09-12T19:49:37.103+0000] {processor.py:914} INFO - Processing file /opt/airflow/dags/Shi_HW 3.py for tasks to queue
[2026-09-12T19:49:37.104+0000] {logging_mixin.py:190} INFO - [2026-09-12T19:49:37.104+0000] {dagbag.py:587} INFO - Filling up the DagBag from /opt/airflow/dags/Shi_HW 3.py
[2026-09-12T19:49:37.133+0000] {processor.py:925} INFO - DAG(s) 'WeatherToronto_ETL' retrieved from /opt/airflow/dags/Shi_HW 3.py
[2026-09-12T19:49:37.153+0000] {logging_mixin.py:190} INFO - [2026-09-12T19:49:37.151+0000] {dag.py:3229} INFO - Sync 1 DAGs
[2026-09-12T19:49:37.170+0000] {logging_mixin.py:190} INFO - [2026-09-12T19:49:37.170+0000] {dag.py:4156} INFO - Setting next_dagrun for WeatherToronto_ETL to 2026-09-12 18:00:00+00:00, run_after=2026-09-13 18:00:00+00:00
[2026-09-12T19:49:37.177+0000] {processor.py:208} INFO - Processing /opt/airflow/dags/Shi_HW 3.py took 0.082 seconds
[2026-09-12T19:50:07.471+0000] {processor.py:186} INFO - Started process (PID=6734) to work on /opt/airflow/dags/Shi_HW 3.py
[2026-09-12T19:50:07.475+0000] {processor.py:914} INFO - Processing file /opt/airflow/dags/Shi_HW 3.py for tasks to queue
[2026-09-12T19:50:07.476+0000] {logging_mixin.py:190} INFO - [2026-09-12T19:50:07.476+0000] {dagbag.py:587} INFO - Filling up the DagBag from /opt/airflow/dags/Shi_HW 3.py
[2026-09-12T19:50:07.510+0000] {processor.py:925} INFO - DAG(s) 'WeatherToronto_ETL' retrieved from /opt/airflow/dags/Shi_HW 3.py
[2026-09-12T19:50:07.534+0000] {logging_mixin.py:190} INFO - [2026-09-12T19:50:07.532+0000] {dag.py:3229} INFO - Sync 1 DAGs
[2026-09-12T19:50:07.551+0000] {logging_mixin.py:190} INFO - [2026-09-12T19:50:07.551+0000] {dag.py:4156} INFO - Setting next_dagrun for WeatherToronto_ETL to 2026-09-12 18:00:00+00:00, run_after=2026-09-13 18:00:00+00:00
[2026-09-12T19:50:07.560+0000] {processor.py:208} INFO - Processing /opt/airflow/dags/Shi_HW 3.py took 0.101 seconds
[2026-09-12T19:50:37.863+0000] {processor.py:186} INFO - Started process (PID=6745) to work on /opt/airflow/dags/Shi_HW 3.py
[2026-09-12T19:50:37.865+0000] {processor.py:914} INFO - Processing file /opt/airflow/dags/Shi_HW 3.py for tasks to queue
[2026-09-12T19:50:37.866+0000] {logging_mixin.py:190} INFO - [2026-09-12T19:50:37.866+0000] {dagbag.py:587} INFO - Filling up the DagBag from /opt/airflow/dags/Shi_HW 3.py
[2026-09-12T19:50:37.885+0000] {processor.py:925} INFO - DAG(s) 'WeatherToronto_ETL' retrieved from /opt/airflow/dags/Shi_HW 3.py
[2026-09-12T19:50:37.894+0000] {logging_mixin.py:190} INFO - [2026-09-12T19:50:37.893+0000] {dag.py:3229} INFO - Sync 1 DAGs
[2026-09-12T19:50:37.905+0000] {logging_mixin.py:190} INFO - [2026-09-12T19:50:37.904+0000] {dag.py:4156} INFO - Setting next_dagrun for WeatherToronto_ETL to 2026-09-12 18:00:00+00:00, run_after=2026-09-13 18:00:00+00:00
[2026-09-12T19:50:37.911+0000] {processor.py:208} INFO - Processing /opt/airflow/dags/Shi_HW 3.py took 0.058 seconds
[2026-09-12T19:51:08.231+0000] {processor.py:186} INFO - Started process (PID=6756) to work on /opt/airflow/dags/Shi_HW 3.py
[2026-09-12T19:51:08.234+0000] {processor.py:914} INFO - Processing file /opt/airflow/dags/Shi_HW 3.py for tasks to queue
[2026-09-12T19:51:08.235+0000] {logging_mixin.py:190} INFO - [2026-09-12T19:51:08.234+0000] {dagbag.py:587} INFO - Filling up the DagBag from /opt/airflow/dags/Shi_HW 3.py
[2026-09-12T19:51:08.259+0000] {processor.py:925} INFO - DAG(s) 'WeatherToronto_ETL' retrieved from /opt/airflow/dags/Shi_HW 3.py
[2026-09-12T19:51:08.271+0000] {logging_mixin.py:190} INFO - [2026-09-12T19:51:08.270+0000] {dag.py:3229} INFO - Sync 1 DAGs
[2026-09-12T19:51:08.294+0000] {logging_mixin.py:190} INFO - [2026-09-12T19:51:08.294+0000] {dag.py:4156} INFO - Setting next_dagrun for WeatherToronto_ETL to 2026-09-12 18:00:00+00:00, run_after=2026-09-13 18:00:00+00:00
[2026-09-12T19:51:08.301+0000] {processor.py:208} INFO - Processing /opt/airflow/dags/Shi_HW 3.py took 0.076 seconds
[2026-09-12T19:51:38.612+0000] {processor.py:186} INFO - Started process (PID=6767) to work on /opt/airflow/dags/Shi_HW 3.py
[2026-09-12T19:51:38.616+0000] {processor.py:914} INFO - Processing file /opt/airflow/dags/Shi_HW 3.py for tasks to queue
[2026-09-12T19:51:38.617+0000] {logging_mixin.py:190} INFO - [2026-09-12T19:51:38.616+0000] {dagbag.py:587} INFO - Filling up the DagBag from /opt/airflow/dags/Shi_HW 3.py
[2026-09-12T19:51:38.637+0000] {processor.py:925} INFO - DAG(s) 'WeatherToronto_ETL' retrieved from /opt/airflow/dags/Shi_HW 3.py
[2026-09-12T19:51:38.646+0000] {logging_mixin.py:190} INFO - [2026-09-12T19:51:38.645+0000] {dag.py:3229} INFO - Sync 1 DAGs
[2026-09-12T19:51:38.656+0000] {logging_mixin.py:190} INFO - [2026-09-12T19:51:38.656+0000] {dag.py:4156} INFO - Setting next_dagrun for WeatherToronto_ETL to 2026-09-12 18:00:00+00:00, run_after=2026-09-13 18:00:00+00:00
[2026-09-12T19:51:38.662+0000] {processor.py:208} INFO - Processing /opt/airflow/dags/Shi_HW 3.py took 0.057 seconds
[2026-09-12T19:52:09.013+0000] {processor.py:186} INFO - Started process (PID=6778) to work on /opt/airflow/dags/Shi_HW 3.py
[2026-09-12T19:52:09.017+0000] {processor.py:914} INFO - Processing file /opt/airflow/dags/Shi_HW 3.py for tasks to queue
[2026-09-12T19:52:09.019+0000] {logging_mixin.py:190} INFO - [2026-09-12T19:52:09.018+0000] {dagbag.py:587} INFO - Filling up the DagBag from /opt/airflow/dags/Shi_HW 3.py
[2026-09-12T19:52:09.064+0000] {processor.py:925} INFO - DAG(s) 'WeatherToronto_ETL' retrieved from /opt/airflow/dags/Shi_HW 3.py
[2026-09-12T19:52:09.097+0000] {logging_mixin.py:190} INFO - [2026-09-12T19:52:09.093+0000] {dag.py:3229} INFO - Sync 1 DAGs
[2026-09-12T19:52:09.123+0000] {logging_mixin.py:190} INFO - [2026-09-12T19:52:09.122+0000] {dag.py:4156} INFO - Setting next_dagrun for WeatherToronto_ETL to 2026-09-12 18:00:00+00:00, run_after=2026-09-13 18:00:00+00:00
[2026-09-12T19:52:09.133+0000] {processor.py:208} INFO - Processing /opt/airflow/dags/Shi_HW 3.py took 0.133 seconds
[2026-09-12T19:52:39.722+0000] {processor.py:186} INFO - Started process (PID=6790) to work on /opt/airflow/dags/Shi_HW 3.py
[2026-09-12T19:52:39.724+0000] {processor.py:914} INFO - Processing file /opt/airflow/dags/Shi_HW 3.py for tasks to queue
[2026-09-12T19:52:39.726+0000] {logging_mixin.py:190} INFO - [2026-09-12T19:52:39.726+0000] {dagbag.py:587} INFO - Filling up the DagBag from /opt/airflow/dags/Shi_HW 3.py
[2026-09-12T19:52:39.759+0000] {processor.py:925} INFO - DAG(s) 'WeatherToronto_ETL' retrieved from /opt/airflow/dags/Shi_HW 3.py
[2026-09-12T19:52:39.776+0000] {logging_mixin.py:190} INFO - [2026-09-12T19:52:39.774+0000] {dag.py:3229} INFO - Sync 1 DAGs
[2026-09-12T19:52:39.794+0000] {logging_mixin.py:190} INFO - [2026-09-12T19:52:39.794+0000] {dag.py:4156} INFO - Setting next_dagrun for WeatherToronto_ETL to 2026-09-12 18:00:00+00:00, run_after=2026-09-13 18:00:00+00:00
[2026-09-12T19:52:39.806+0000] {processor.py:208} INFO - Processing /opt/airflow/dags/Shi_HW 3.py took 0.097 seconds
[2026-09-12T19:53:10.073+0000] {processor.py:186} INFO - Started process (PID=6801) to work on /opt/airflow/dags/Shi_HW 3.py
[2026-09-12T19:53:10.075+0000] {processor.py:914} INFO - Processing file /opt/airflow/dags/Shi_HW 3.py for tasks to queue
[2026-09-12T19:53:10.076+0000] {logging_mixin.py:190} INFO - [2026-09-12T19:53:10.076+0000] {dagbag.py:587} INFO - Filling up the DagBag from /opt/airflow/dags/Shi_HW 3.py
[2026-09-12T19:53:10.103+0000] {processor.py:925} INFO - DAG(s) 'WeatherToronto_ETL' retrieved from /opt/airflow/dags/Shi_HW 3.py
[2026-09-12T19:53:10.119+0000] {logging_mixin.py:190} INFO - [2026-09-12T19:53:10.118+0000] {dag.py:3229} INFO - Sync 1 DAGs
[2026-09-12T19:53:10.143+0000] {logging_mixin.py:190} INFO - [2026-09-12T19:53:10.143+0000] {dag.py:4156} INFO - Setting next_dagrun for WeatherToronto_ETL to 2026-09-12 18:00:00+00:00, run_after=2026-09-13 18:00:00+00:00
[2026-09-12T19:53:10.152+0000] {processor.py:208} INFO - Processing /opt/airflow/dags/Shi_HW 3.py took 0.087 seconds
[2026-09-12T19:53:40.490+0000] {processor.py:186} INFO - Started process (PID=6812) to work on /opt/airflow/dags/Shi_HW 3.py
[2026-09-12T19:53:40.493+0000] {processor.py:914} INFO - Processing file /opt/airflow/dags/Shi_HW 3.py for tasks to queue
[2026-09-12T19:53:40.494+0000] {logging_mixin.py:190} INFO - [2026-09-12T19:53:40.494+0000] {dagbag.py:587} INFO - Filling up the DagBag from /opt/airflow/dags/Shi_HW 3.py
[2026-09-12T19:53:40.530+0000] {processor.py:925} INFO - DAG(s) 'WeatherToronto_ETL' retrieved from /opt/airflow/dags/Shi_HW 3.py
[2026-09-12T19:53:40.567+0000] {logging_mixin.py:190} INFO - [2026-09-12T19:53:40.556+0000] {dag.py:3229} INFO - Sync 1 DAGs
[2026-09-12T19:53:40.584+0000] {logging_mixin.py:190} INFO - [2026-09-12T19:53:40.584+0000] {dag.py:4156} INFO - Setting next_dagrun for WeatherToronto_ETL to 2026-09-12 18:00:00+00:00, run_after=2026-09-13 18:00:00+00:00
[2026-09-12T19:53:40.594+0000] {processor.py:208} INFO - Processing /opt/airflow/dags/Shi_HW 3.py took 0.118 seconds
[2026-09-12T19:54:10.892+0000] {processor.py:186} INFO - Started process (PID=6823) to work on /opt/airflow/dags/Shi_HW 3.py
[2026-09-12T19:54:10.895+0000] {processor.py:914} INFO - Processing file /opt/airflow/dags/Shi_HW 3.py for tasks to queue
[2026-09-12T19:54:10.896+0000] {logging_mixin.py:190} INFO - [2026-09-12T19:54:10.896+0000] {dagbag.py:587} INFO - Filling up the DagBag from /opt/airflow/dags/Shi_HW 3.py
[2026-09-12T19:54:10.922+0000] {processor.py:925} INFO - DAG(s) 'WeatherToronto_ETL' retrieved from /opt/airflow/dags/Shi_HW 3.py
[2026-09-12T19:54:10.936+0000] {logging_mixin.py:190} INFO - [2026-09-12T19:54:10.934+0000] {dag.py:3229} INFO - Sync 1 DAGs
[2026-09-12T19:54:10.951+0000] {logging_mixin.py:190} INFO - [2026-09-12T19:54:10.951+0000] {dag.py:4156} INFO - Setting next_dagrun for WeatherToronto_ETL to 2026-09-12 18:00:00+00:00, run_after=2026-09-13 18:00:00+00:00
[2026-09-12T19:54:10.958+0000] {processor.py:208} INFO - Processing /opt/airflow/dags/Shi_HW 3.py took 0.072 seconds
[2026-09-12T19:54:41.273+0000] {processor.py:186} INFO - Started process (PID=6834) to work on /opt/airflow/dags/Shi_HW 3.py
[2026-09-12T19:54:41.276+0000] {processor.py:914} INFO - Processing file /opt/airflow/dags/Shi_HW 3.py for tasks to queue
[2026-09-12T19:54:41.277+0000] {logging_mixin.py:190} INFO - [2026-09-12T19:54:41.277+0000] {dagbag.py:587} INFO - Filling up the DagBag from /opt/airflow/dags/Shi_HW 3.py
[2026-09-12T19:54:41.296+0000] {processor.py:925} INFO - DAG(s) 'WeatherToronto_ETL' retrieved from /opt/airflow/dags/Shi_HW 3.py
[2026-09-12T19:54:41.305+0000] {logging_mixin.py:190} INFO - [2026-09-12T19:54:41.304+0000] {dag.py:3229} INFO - Sync 1 DAGs
[2026-09-12T19:54:41.315+0000] {logging_mixin.py:190} INFO - [2026-09-12T19:54:41.315+0000] {dag.py:4156} INFO - Setting next_dagrun for WeatherToronto_ETL to 2026-09-12 18:00:00+00:00, run_after=2026-09-13 18:00:00+00:00
[2026-09-12T19:54:41.320+0000] {processor.py:208} INFO - Processing /opt/airflow/dags/Shi_HW 3.py took 0.053 seconds
[2026-09-12T19:55:11.671+0000] {processor.py:186} INFO - Started process (PID=6845) to work on /opt/airflow/dags/Shi_HW 3.py
[2026-09-12T19:55:11.673+0000] {processor.py:914} INFO - Processing file /opt/airflow/dags/Shi_HW 3.py for tasks to queue
[2026-09-12T19:55:11.674+0000] {logging_mixin.py:190} INFO - [2026-09-12T19:55:11.674+0000] {dagbag.py:587} INFO - Filling up the DagBag from /opt/airflow/dags/Shi_HW 3.py
[2026-09-12T19:55:11.713+0000] {processor.py:925} INFO - DAG(s) 'WeatherToronto_ETL' retrieved from /opt/airflow/dags/Shi_HW 3.py
[2026-09-12T19:55:11.735+0000] {logging_mixin.py:190} INFO - [2026-09-12T19:55:11.734+0000] {dag.py:3229} INFO - Sync 1 DAGs
[2026-09-12T19:55:11.755+0000] {logging_mixin.py:190} INFO - [2026-09-12T19:55:11.755+0000] {dag.py:4156} INFO - Setting next_dagrun for WeatherToronto_ETL to 2026-09-12 18:00:00+00:00, run_after=2026-09-13 18:00:00+00:00
[2026-09-12T19:55:11.763+0000] {processor.py:208} INFO - Processing /opt/airflow/dags/Shi_HW 3.py took 0.100 seconds
[2026-09-12T19:55:42.068+0000] {processor.py:186} INFO - Started process (PID=6856) to work on /opt/airflow/dags/Shi_HW 3.py
[2026-09-12T19:55:42.071+0000] {processor.py:914} INFO - Processing file /opt/airflow/dags/Shi_HW 3.py for tasks to queue
[2026-09-12T19:55:42.072+0000] {logging_mixin.py:190} INFO - [2026-09-12T19:55:42.071+0000] {dagbag.py:587} INFO - Filling up the DagBag from /opt/airflow/dags/Shi_HW 3.py
[2026-09-12T19:55:42.090+0000] {processor.py:925} INFO - DAG(s) 'WeatherToronto_ETL' retrieved from /opt/airflow/dags/Shi_HW 3.py
[2026-09-12T19:55:42.098+0000] {logging_mixin.py:190} INFO - [2026-09-12T19:55:42.098+0000] {dag.py:3229} INFO - Sync 1 DAGs
[2026-09-12T19:55:42.108+0000] {logging_mixin.py:190} INFO - [2026-09-12T19:55:42.108+0000] {dag.py:4156} INFO - Setting next_dagrun for WeatherToronto_ETL to 2026-09-12 18:00:00+00:00, run_after=2026-09-13 18:00:00+00:00
[2026-09-12T19:55:42.115+0000] {processor.py:208} INFO - Processing /opt/airflow/dags/Shi_HW 3.py took 0.052 seconds
[2026-09-12T19:56:12.444+0000] {processor.py:186} INFO - Started process (PID=6867) to work on /opt/airflow/dags/Shi_HW 3.py
[2026-09-12T19:56:12.446+0000] {processor.py:914} INFO - Processing file /opt/airflow/dags/Shi_HW 3.py for tasks to queue
[2026-09-12T19:56:12.447+0000] {logging_mixin.py:190} INFO - [2026-09-12T19:56:12.447+0000] {dagbag.py:587} INFO - Filling up the DagBag from /opt/airflow/dags/Shi_HW 3.py
[2026-09-12T19:56:12.463+0000] {processor.py:925} INFO - DAG(s) 'WeatherToronto_ETL' retrieved from /opt/airflow/dags/Shi_HW 3.py
[2026-09-12T19:56:12.472+0000] {logging_mixin.py:190} INFO - [2026-09-12T19:56:12.472+0000] {dag.py:3229} INFO - Sync 1 DAGs
[2026-09-12T19:56:12.483+0000] {logging_mixin.py:190} INFO - [2026-09-12T19:56:12.483+0000] {dag.py:4156} INFO - Setting next_dagrun for WeatherToronto_ETL to 2026-09-12 18:00:00+00:00, run_after=2026-09-13 18:00:00+00:00
[2026-09-12T19:56:12.489+0000] {processor.py:208} INFO - Processing /opt/airflow/dags/Shi_HW 3.py took 0.050 seconds
[2026-09-12T19:56:42.774+0000] {processor.py:186} INFO - Started process (PID=6878) to work on /opt/airflow/dags/Shi_HW 3.py
[2026-09-12T19:56:42.777+0000] {processor.py:914} INFO - Processing file /opt/airflow/dags/Shi_HW 3.py for tasks to queue
[2026-09-12T19:56:42.779+0000] {logging_mixin.py:190} INFO - [2026-09-12T19:56:42.778+0000] {dagbag.py:587} INFO - Filling up the DagBag from /opt/airflow/dags/Shi_HW 3.py
[2026-09-12T19:56:42.803+0000] {processor.py:925} INFO - DAG(s) 'WeatherToronto_ETL' retrieved from /opt/airflow/dags/Shi_HW 3.py
[2026-09-12T19:56:42.816+0000] {logging_mixin.py:190} INFO - [2026-09-12T19:56:42.815+0000] {dag.py:3229} INFO - Sync 1 DAGs
[2026-09-12T19:56:42.828+0000] {logging_mixin.py:190} INFO - [2026-09-12T19:56:42.827+0000] {dag.py:4156} INFO - Setting next_dagrun for WeatherToronto_ETL to 2026-09-12 18:00:00+00:00, run_after=2026-09-13 18:00:00+00:00
[2026-09-12T19:56:42.834+0000] {processor.py:208} INFO - Processing /opt/airflow/dags/Shi_HW 3.py took 0.068 seconds
[2026-09-12T19:57:13.150+0000] {processor.py:186} INFO - Started process (PID=6889) to work on /opt/airflow/dags/Shi_HW 3.py
[2026-09-12T19:57:13.153+0000] {processor.py:914} INFO - Processing file /opt/airflow/dags/Shi_HW 3.py for tasks to queue
[2026-09-12T19:57:13.155+0000] {logging_mixin.py:190} INFO - [2026-09-12T19:57:13.154+0000] {dagbag.py:587} INFO - Filling up the DagBag from /opt/airflow/dags/Shi_HW 3.py
[2026-09-12T19:57:13.211+0000] {processor.py:925} INFO - DAG(s) 'WeatherToronto_ETL' retrieved from /opt/airflow/dags/Shi_HW 3.py
[2026-09-12T19:57:13.232+0000] {logging_mixin.py:190} INFO - [2026-09-12T19:57:13.230+0000] {dag.py:3229} INFO - Sync 1 DAGs
[2026-09-12T19:57:13.252+0000] {logging_mixin.py:190} INFO - [2026-09-12T19:57:13.252+0000] {dag.py:4156} INFO - Setting next_dagrun for WeatherToronto_ETL to 2026-09-12 18:00:00+00:00, run_after=2026-09-13 18:00:00+00:00
[2026-09-12T19:57:13.264+0000] {processor.py:208} INFO - Processing /opt/airflow/dags/Shi_HW 3.py took 0.130 seconds
[2026-09-12T19:57:43.529+0000] {processor.py:186} INFO - Started process (PID=6900) to work on /opt/airflow/dags/Shi_HW 3.py
[2026-09-12T19:57:43.531+0000] {processor.py:914} INFO - Processing file /opt/airflow/dags/Shi_HW 3.py for tasks to queue
[2026-09-12T19:57:43.533+0000] {logging_mixin.py:190} INFO - [2026-09-12T19:57:43.532+0000] {dagbag.py:587} INFO - Filling up the DagBag from /opt/airflow/dags/Shi_HW 3.py
[2026-09-12T19:57:43.681+0000] {processor.py:925} INFO - DAG(s) 'WeatherToronto_ETL' retrieved from /opt/airflow/dags/Shi_HW 3.py
[2026-09-12T19:57:43.708+0000] {logging_mixin.py:190} INFO - [2026-09-12T19:57:43.706+0000] {dag.py:3229} INFO - Sync 1 DAGs
[2026-09-12T19:57:43.741+0000] {logging_mixin.py:190} INFO - [2026-09-12T19:57:43.741+0000] {dag.py:4156} INFO - Setting next_dagrun for WeatherToronto_ETL to 2026-09-12 18:00:00+00:00, run_after=2026-09-13 18:00:00+00:00
[2026-09-12T19:57:43.794+0000] {processor.py:208} INFO - Processing /opt/airflow/dags/Shi_HW 3.py took 0.281 seconds
[2026-09-12T19:58:13.929+0000] {processor.py:186} INFO - Started process (PID=6911) to work on /opt/airflow/dags/Shi_HW 3.py
[2026-09-12T19:58:13.931+0000] {processor.py:914} INFO - Processing file /opt/airflow/dags/Shi_HW 3.py for tasks to queue
[2026-09-12T19:58:13.935+0000] {logging_mixin.py:190} INFO - [2026-09-12T19:58:13.933+0000] {dagbag.py:587} INFO - Filling up the DagBag from /opt/airflow/dags/Shi_HW 3.py
[2026-09-12T19:58:13.975+0000] {processor.py:925} INFO - DAG(s) 'WeatherToronto_ETL' retrieved from /opt/airflow/dags/Shi_HW 3.py
[2026-09-12T19:58:14.005+0000] {logging_mixin.py:190} INFO - [2026-09-12T19:58:13.999+0000] {dag.py:3229} INFO - Sync 1 DAGs
[2026-09-12T19:58:14.021+0000] {logging_mixin.py:190} INFO - [2026-09-12T19:58:14.021+0000] {dag.py:4156} INFO - Setting next_dagrun for WeatherToronto_ETL to 2026-09-12 18:00:00+00:00, run_after=2026-09-13 18:00:00+00:00
[2026-09-12T19:58:14.029+0000] {processor.py:208} INFO - Processing /opt/airflow/dags/Shi_HW 3.py took 0.110 seconds
[2026-09-12T19:58:44.341+0000] {processor.py:186} INFO - Started process (PID=6922) to work on /opt/airflow/dags/Shi_HW 3.py
[2026-09-12T19:58:44.344+0000] {processor.py:914} INFO - Processing file /opt/airflow/dags/Shi_HW 3.py for tasks to queue
[2026-09-12T19:58:44.345+0000] {logging_mixin.py:190} INFO - [2026-09-12T19:58:44.345+0000] {dagbag.py:587} INFO - Filling up the DagBag from /opt/airflow/dags/Shi_HW 3.py
[2026-09-12T19:58:44.371+0000] {processor.py:925} INFO - DAG(s) 'WeatherToronto_ETL' retrieved from /opt/airflow/dags/Shi_HW 3.py
[2026-09-12T19:58:44.387+0000] {logging_mixin.py:190} INFO - [2026-09-12T19:58:44.385+0000] {dag.py:3229} INFO - Sync 1 DAGs
[2026-09-12T19:58:44.400+0000] {logging_mixin.py:190} INFO - [2026-09-12T19:58:44.400+0000] {dag.py:4156} INFO - Setting next_dagrun for WeatherToronto_ETL to 2026-09-12 18:00:00+00:00, run_after=2026-09-13 18:00:00+00:00
[2026-09-12T19:58:44.408+0000] {processor.py:208} INFO - Processing /opt/airflow/dags/Shi_HW 3.py took 0.074 seconds
[2026-09-12T19:59:14.749+0000] {processor.py:186} INFO - Started process (PID=6933) to work on /opt/airflow/dags/Shi_HW 3.py
[2026-09-12T19:59:14.752+0000] {processor.py:914} INFO - Processing file /opt/airflow/dags/Shi_HW 3.py for tasks to queue
[2026-09-12T19:59:14.753+0000] {logging_mixin.py:190} INFO - [2026-09-12T19:59:14.752+0000] {dagbag.py:587} INFO - Filling up the DagBag from /opt/airflow/dags/Shi_HW 3.py
[2026-09-12T19:59:14.782+0000] {processor.py:925} INFO - DAG(s) 'WeatherToronto_ETL' retrieved from /opt/airflow/dags/Shi_HW 3.py
[2026-09-12T19:59:14.797+0000] {logging_mixin.py:190} INFO - [2026-09-12T19:59:14.796+0000] {dag.py:3229} INFO - Sync 1 DAGs
[2026-09-12T19:59:14.812+0000] {logging_mixin.py:190} INFO - [2026-09-12T19:59:14.812+0000] {dag.py:4156} INFO - Setting next_dagrun for WeatherToronto_ETL to 2026-09-12 18:00:00+00:00, run_after=2026-09-13 18:00:00+00:00
[2026-09-12T19:59:14.820+0000] {processor.py:208} INFO - Processing /opt/airflow/dags/Shi_HW 3.py took 0.079 seconds
[2026-09-12T19:59:45.122+0000] {processor.py:186} INFO - Started process (PID=6944) to work on /opt/airflow/dags/Shi_HW 3.py
[2026-09-12T19:59:45.124+0000] {processor.py:914} INFO - Processing file /opt/airflow/dags/Shi_HW 3.py for tasks to queue
[2026-09-12T19:59:45.125+0000] {logging_mixin.py:190} INFO - [2026-09-12T19:59:45.125+0000] {dagbag.py:587} INFO - Filling up the DagBag from /opt/airflow/dags/Shi_HW 3.py
[2026-09-12T19:59:45.154+0000] {processor.py:925} INFO - DAG(s) 'WeatherToronto_ETL' retrieved from /opt/airflow/dags/Shi_HW 3.py
[2026-09-12T19:59:45.168+0000] {logging_mixin.py:190} INFO - [2026-09-12T19:59:45.166+0000] {dag.py:3229} INFO - Sync 1 DAGs
[2026-09-12T19:59:45.182+0000] {logging_mixin.py:190} INFO - [2026-09-12T19:59:45.182+0000] {dag.py:4156} INFO - Setting next_dagrun for WeatherToronto_ETL to 2026-09-12 18:00:00+00:00, run_after=2026-09-13 18:00:00+00:00
[2026-09-12T19:59:45.190+0000] {processor.py:208} INFO - Processing /opt/airflow/dags/Shi_HW 3.py took 0.075 seconds
[2026-09-12T20:00:15.533+0000] {processor.py:186} INFO - Started process (PID=6955) to work on /opt/airflow/dags/Shi_HW 3.py
[2026-09-12T20:00:15.535+0000] {processor.py:914} INFO - Processing file /opt/airflow/dags/Shi_HW 3.py for tasks to queue
[2026-09-12T20:00:15.536+0000] {logging_mixin.py:190} INFO - [2026-09-12T20:00:15.535+0000] {dagbag.py:587} INFO - Filling up the DagBag from /opt/airflow/dags/Shi_HW 3.py
[2026-09-12T20:00:15.563+0000] {processor.py:925} INFO - DAG(s) 'WeatherToronto_ETL' retrieved from /opt/airflow/dags/Shi_HW 3.py
[2026-09-12T20:00:15.581+0000] {logging_mixin.py:190} INFO - [2026-09-12T20:00:15.579+0000] {dag.py:3229} INFO - Sync 1 DAGs
[2026-09-12T20:00:15.596+0000] {logging_mixin.py:190} INFO - [2026-09-12T20:00:15.596+0000] {dag.py:4156} INFO - Setting next_dagrun for WeatherToronto_ETL to 2026-09-12 18:00:00+00:00, run_after=2026-09-13 18:00:00+00:00
[2026-09-12T20:00:15.610+0000] {processor.py:208} INFO - Processing /opt/airflow/dags/Shi_HW 3.py took 0.083 seconds
[2026-09-12T20:00:45.897+0000] {processor.py:186} INFO - Started process (PID=6966) to work on /opt/airflow/dags/Shi_HW 3.py
[2026-09-12T20:00:45.899+0000] {processor.py:914} INFO - Processing file /opt/airflow/dags/Shi_HW 3.py for tasks to queue
[2026-09-12T20:00:45.900+0000] {logging_mixin.py:190} INFO - [2026-09-12T20:00:45.900+0000] {dagbag.py:587} INFO - Filling up the DagBag from /opt/airflow/dags/Shi_HW 3.py
[2026-09-12T20:00:45.917+0000] {processor.py:925} INFO - DAG(s) 'WeatherToronto_ETL' retrieved from /opt/airflow/dags/Shi_HW 3.py
[2026-09-12T20:00:45.926+0000] {logging_mixin.py:190} INFO - [2026-09-12T20:00:45.925+0000] {dag.py:3229} INFO - Sync 1 DAGs
[2026-09-12T20:00:45.937+0000] {logging_mixin.py:190} INFO - [2026-09-12T20:00:45.937+0000] {dag.py:4156} INFO - Setting next_dagrun for WeatherToronto_ETL to 2026-09-12 18:00:00+00:00, run_after=2026-09-13 18:00:00+00:00
[2026-09-12T20:00:45.944+0000] {processor.py:208} INFO - Processing /opt/airflow/dags/Shi_HW 3.py took 0.053 seconds
[2026-09-12T20:01:16.223+0000] {processor.py:186} INFO - Started process (PID=6977) to work on /opt/airflow/dags/Shi_HW 3.py
[2026-09-12T20:01:16.227+0000] {processor.py:914} INFO - Processing file /opt/airflow/dags/Shi_HW 3.py for tasks to queue
[2026-09-12T20:01:16.228+0000] {logging_mixin.py:190} INFO - [2026-09-12T20:01:16.228+0000] {dagbag.py:587} INFO - Filling up the DagBag from /opt/airflow/dags/Shi_HW 3.py
[2026-09-12T20:01:16.252+0000] {processor.py:925} INFO - DAG(s) 'WeatherToronto_ETL' retrieved from /opt/airflow/dags/Shi_HW 3.py
[2026-09-12T20:01:16.266+0000] {logging_mixin.py:190} INFO - [2026-09-12T20:01:16.264+0000] {dag.py:3229} INFO - Sync 1 DAGs
[2026-09-12T20:01:16.279+0000] {logging_mixin.py:190} INFO - [2026-09-12T20:01:16.279+0000] {dag.py:4156} INFO - Setting next_dagrun for WeatherToronto_ETL to 2026-09-12 18:00:00+00:00, run_after=2026-09-13 18:00:00+00:00
[2026-09-12T20:01:16.286+0000] {processor.py:208} INFO - Processing /opt/airflow/dags/Shi_HW 3.py took 0.070 seconds
[2026-09-12T20:01:46.638+0000] {processor.py:186} INFO - Started process (PID=6988) to work on /opt/airflow/dags/Shi_HW 3.py
[2026-09-12T20:01:46.641+0000] {processor.py:914} INFO - Processing file /opt/airflow/dags/Shi_HW 3.py for tasks to queue
[2026-09-12T20:01:46.642+0000] {logging_mixin.py:190} INFO - [2026-09-12T20:01:46.642+0000] {dagbag.py:587} INFO - Filling up the DagBag from /opt/airflow/dags/Shi_HW 3.py
[2026-09-12T20:01:46.662+0000] {processor.py:925} INFO - DAG(s) 'WeatherToronto_ETL' retrieved from /opt/airflow/dags/Shi_HW 3.py
[2026-09-12T20:01:46.671+0000] {logging_mixin.py:190} INFO - [2026-09-12T20:01:46.670+0000] {dag.py:3229} INFO - Sync 1 DAGs
[2026-09-12T20:01:46.681+0000] {logging_mixin.py:190} INFO - [2026-09-12T20:01:46.681+0000] {dag.py:4156} INFO - Setting next_dagrun for WeatherToronto_ETL to 2026-09-12 18:00:00+00:00, run_after=2026-09-13 18:00:00+00:00
[2026-09-12T20:01:46.687+0000] {processor.py:208} INFO - Processing /opt/airflow/dags/Shi_HW 3.py took 0.057 seconds
[2026-09-12T20:02:17.042+0000] {processor.py:186} INFO - Started process (PID=6999) to work on /opt/airflow/dags/Shi_HW 3.py
[2026-09-12T20:02:17.047+0000] {processor.py:914} INFO - Processing file /opt/airflow/dags/Shi_HW 3.py for tasks to queue
[2026-09-12T20:02:17.050+0000] {logging_mixin.py:190} INFO - [2026-09-12T20:02:17.049+0000] {dagbag.py:587} INFO - Filling up the DagBag from /opt/airflow/dags/Shi_HW 3.py
[2026-09-12T20:02:17.090+0000] {processor.py:925} INFO - DAG(s) 'WeatherToronto_ETL' retrieved from /opt/airflow/dags/Shi_HW 3.py
[2026-09-12T20:02:17.111+0000] {logging_mixin.py:190} INFO - [2026-09-12T20:02:17.109+0000] {dag.py:3229} INFO - Sync 1 DAGs
[2026-09-12T20:02:17.132+0000] {logging_mixin.py:190} INFO - [2026-09-12T20:02:17.132+0000] {dag.py:4156} INFO - Setting next_dagrun for WeatherToronto_ETL to 2026-09-12 18:00:00+00:00, run_after=2026-09-13 18:00:00+00:00
[2026-09-12T20:02:17.142+0000] {processor.py:208} INFO - Processing /opt/airflow/dags/Shi_HW 3.py took 0.113 seconds
[2026-09-12T20:02:47.416+0000] {processor.py:186} INFO - Started process (PID=7010) to work on /opt/airflow/dags/Shi_HW 3.py
[2026-09-12T20:02:47.419+0000] {processor.py:914} INFO - Processing file /opt/airflow/dags/Shi_HW 3.py for tasks to queue
[2026-09-12T20:02:47.420+0000] {logging_mixin.py:190} INFO - [2026-09-12T20:02:47.420+0000] {dagbag.py:587} INFO - Filling up the DagBag from /opt/airflow/dags/Shi_HW 3.py
[2026-09-12T20:02:47.456+0000] {processor.py:925} INFO - DAG(s) 'WeatherToronto_ETL' retrieved from /opt/airflow/dags/Shi_HW 3.py
[2026-09-12T20:02:47.473+0000] {logging_mixin.py:190} INFO - [2026-09-12T20:02:47.471+0000] {dag.py:3229} INFO - Sync 1 DAGs
[2026-09-12T20:02:47.489+0000] {logging_mixin.py:190} INFO - [2026-09-12T20:02:47.489+0000] {dag.py:4156} INFO - Setting next_dagrun for WeatherToronto_ETL to 2026-09-12 18:00:00+00:00, run_after=2026-09-13 18:00:00+00:00
[2026-09-12T20:02:47.498+0000] {processor.py:208} INFO - Processing /opt/airflow/dags/Shi_HW 3.py took 0.093 seconds
[2026-09-12T20:03:17.781+0000] {processor.py:186} INFO - Started process (PID=7021) to work on /opt/airflow/dags/Shi_HW 3.py
[2026-09-12T20:03:17.783+0000] {processor.py:914} INFO - Processing file /opt/airflow/dags/Shi_HW 3.py for tasks to queue
[2026-09-12T20:03:17.784+0000] {logging_mixin.py:190} INFO - [2026-09-12T20:03:17.784+0000] {dagbag.py:587} INFO - Filling up the DagBag from /opt/airflow/dags/Shi_HW 3.py
[2026-09-12T20:03:17.798+0000] {processor.py:925} INFO - DAG(s) 'WeatherToronto_ETL' retrieved from /opt/airflow/dags/Shi_HW 3.py
[2026-09-12T20:03:17.806+0000] {logging_mixin.py:190} INFO - [2026-09-12T20:03:17.805+0000] {dag.py:3229} INFO - Sync 1 DAGs
[2026-09-12T20:03:17.815+0000] {logging_mixin.py:190} INFO - [2026-09-12T20:03:17.815+0000] {dag.py:4156} INFO - Setting next_dagrun for WeatherToronto_ETL to 2026-09-12 18:00:00+00:00, run_after=2026-09-13 18:00:00+00:00
[2026-09-12T20:03:17.821+0000] {processor.py:208} INFO - Processing /opt/airflow/dags/Shi_HW 3.py took 0.044 seconds
[2026-09-12T20:03:48.155+0000] {processor.py:186} INFO - Started process (PID=7032) to work on /opt/airflow/dags/Shi_HW 3.py
[2026-09-12T20:03:48.157+0000] {processor.py:914} INFO - Processing file /opt/airflow/dags/Shi_HW 3.py for tasks to queue
[2026-09-12T20:03:48.158+0000] {logging_mixin.py:190} INFO - [2026-09-12T20:03:48.158+0000] {dagbag.py:587} INFO - Filling up the DagBag from /opt/airflow/dags/Shi_HW 3.py
[2026-09-12T20:03:48.186+0000] {processor.py:925} INFO - DAG(s) 'WeatherToronto_ETL' retrieved from /opt/airflow/dags/Shi_HW 3.py
[2026-09-12T20:03:48.202+0000] {logging_mixin.py:190} INFO - [2026-09-12T20:03:48.198+0000] {dag.py:3229} INFO - Sync 1 DAGs
[2026-09-12T20:03:48.216+0000] {logging_mixin.py:190} INFO - [2026-09-12T20:03:48.216+0000] {dag.py:4156} INFO - Setting next_dagrun for WeatherToronto_ETL to 2026-09-12 18:00:00+00:00, run_after=2026-09-13 18:00:00+00:00
[2026-09-12T20:03:48.223+0000] {processor.py:208} INFO - Processing /opt/airflow/dags/Shi_HW 3.py took 0.076 seconds
[2026-09-12T20:04:18.546+0000] {processor.py:186} INFO - Started process (PID=7043) to work on /opt/airflow/dags/Shi_HW 3.py
[2026-09-12T20:04:18.549+0000] {processor.py:914} INFO - Processing file /opt/airflow/dags/Shi_HW 3.py for tasks to queue
[2026-09-12T20:04:18.550+0000] {logging_mixin.py:190} INFO - [2026-09-12T20:04:18.550+0000] {dagbag.py:587} INFO - Filling up the DagBag from /opt/airflow/dags/Shi_HW 3.py
[2026-09-12T20:04:18.567+0000] {processor.py:925} INFO - DAG(s) 'WeatherToronto_ETL' retrieved from /opt/airflow/dags/Shi_HW 3.py
[2026-09-12T20:04:18.576+0000] {logging_mixin.py:190} INFO - [2026-09-12T20:04:18.576+0000] {dag.py:3229} INFO - Sync 1 DAGs
[2026-09-12T20:04:18.588+0000] {logging_mixin.py:190} INFO - [2026-09-12T20:04:18.587+0000] {dag.py:4156} INFO - Setting next_dagrun for WeatherToronto_ETL to 2026-09-12 18:00:00+00:00, run_after=2026-09-13 18:00:00+00:00
[2026-09-12T20:04:18.594+0000] {processor.py:208} INFO - Processing /opt/airflow/dags/Shi_HW 3.py took 0.054 seconds
[2026-09-12T20:04:48.935+0000] {processor.py:186} INFO - Started process (PID=7054) to work on /opt/airflow/dags/Shi_HW 3.py
[2026-09-12T20:04:48.937+0000] {processor.py:914} INFO - Processing file /opt/airflow/dags/Shi_HW 3.py for tasks to queue
[2026-09-12T20:04:48.938+0000] {logging_mixin.py:190} INFO - [2026-09-12T20:04:48.938+0000] {dagbag.py:587} INFO - Filling up the DagBag from /opt/airflow/dags/Shi_HW 3.py
[2026-09-12T20:04:48.967+0000] {processor.py:925} INFO - DAG(s) 'WeatherToronto_ETL' retrieved from /opt/airflow/dags/Shi_HW 3.py
[2026-09-12T20:04:48.987+0000] {logging_mixin.py:190} INFO - [2026-09-12T20:04:48.985+0000] {dag.py:3229} INFO - Sync 1 DAGs
[2026-09-12T20:04:49.000+0000] {logging_mixin.py:190} INFO - [2026-09-12T20:04:49.000+0000] {dag.py:4156} INFO - Setting next_dagrun for WeatherToronto_ETL to 2026-09-12 18:00:00+00:00, run_after=2026-09-13 18:00:00+00:00
[2026-09-12T20:04:49.011+0000] {processor.py:208} INFO - Processing /opt/airflow/dags/Shi_HW 3.py took 0.083 seconds
[2026-09-12T20:05:19.333+0000] {processor.py:186} INFO - Started process (PID=7065) to work on /opt/airflow/dags/Shi_HW 3.py
[2026-09-12T20:05:19.336+0000] {processor.py:914} INFO - Processing file /opt/airflow/dags/Shi_HW 3.py for tasks to queue
[2026-09-12T20:05:19.337+0000] {logging_mixin.py:190} INFO - [2026-09-12T20:05:19.337+0000] {dagbag.py:587} INFO - Filling up the DagBag from /opt/airflow/dags/Shi_HW 3.py
[2026-09-12T20:05:19.357+0000] {processor.py:925} INFO - DAG(s) 'WeatherToronto_ETL' retrieved from /opt/airflow/dags/Shi_HW 3.py
[2026-09-12T20:05:19.367+0000] {logging_mixin.py:190} INFO - [2026-09-12T20:05:19.366+0000] {dag.py:3229} INFO - Sync 1 DAGs
[2026-09-12T20:05:19.378+0000] {logging_mixin.py:190} INFO - [2026-09-12T20:05:19.378+0000] {dag.py:4156} INFO - Setting next_dagrun for WeatherToronto_ETL to 2026-09-12 18:00:00+00:00, run_after=2026-09-13 18:00:00+00:00
[2026-09-12T20:05:19.384+0000] {processor.py:208} INFO - Processing /opt/airflow/dags/Shi_HW 3.py took 0.058 seconds
[2026-09-12T20:05:49.692+0000] {processor.py:186} INFO - Started process (PID=7076) to work on /opt/airflow/dags/Shi_HW 3.py
[2026-09-12T20:05:49.694+0000] {processor.py:914} INFO - Processing file /opt/airflow/dags/Shi_HW 3.py for tasks to queue
[2026-09-12T20:05:49.696+0000] {logging_mixin.py:190} INFO - [2026-09-12T20:05:49.695+0000] {dagbag.py:587} INFO - Filling up the DagBag from /opt/airflow/dags/Shi_HW 3.py
[2026-09-12T20:05:49.718+0000] {processor.py:925} INFO - DAG(s) 'WeatherToronto_ETL' retrieved from /opt/airflow/dags/Shi_HW 3.py
[2026-09-12T20:05:49.730+0000] {logging_mixin.py:190} INFO - [2026-09-12T20:05:49.729+0000] {dag.py:3229} INFO - Sync 1 DAGs
[2026-09-12T20:05:49.743+0000] {logging_mixin.py:190} INFO - [2026-09-12T20:05:49.743+0000] {dag.py:4156} INFO - Setting next_dagrun for WeatherToronto_ETL to 2026-09-12 18:00:00+00:00, run_after=2026-09-13 18:00:00+00:00
[2026-09-12T20:05:49.750+0000] {processor.py:208} INFO - Processing /opt/airflow/dags/Shi_HW 3.py took 0.064 seconds
[2026-09-12T20:06:20.012+0000] {processor.py:186} INFO - Started process (PID=7087) to work on /opt/airflow/dags/Shi_HW 3.py
[2026-09-12T20:06:20.015+0000] {processor.py:914} INFO - Processing file /opt/airflow/dags/Shi_HW 3.py for tasks to queue
[2026-09-12T20:06:20.016+0000] {logging_mixin.py:190} INFO - [2026-09-12T20:06:20.016+0000] {dagbag.py:587} INFO - Filling up the DagBag from /opt/airflow/dags/Shi_HW 3.py
[2026-09-12T20:06:20.037+0000] {processor.py:925} INFO - DAG(s) 'WeatherToronto_ETL' retrieved from /opt/airflow/dags/Shi_HW 3.py
[2026-09-12T20:06:20.047+0000] {logging_mixin.py:190} INFO - [2026-09-12T20:06:20.046+0000] {dag.py:3229} INFO - Sync 1 DAGs
[2026-09-12T20:06:20.057+0000] {logging_mixin.py:190} INFO - [2026-09-12T20:06:20.057+0000] {dag.py:4156} INFO - Setting next_dagrun for WeatherToronto_ETL to 2026-09-12 18:00:00+00:00, run_after=2026-09-13 18:00:00+00:00
[2026-09-12T20:06:20.063+0000] {processor.py:208} INFO - Processing /opt/airflow/dags/Shi_HW 3.py took 0.058 seconds
[2026-09-12T20:06:50.421+0000] {processor.py:186} INFO - Started process (PID=7098) to work on /opt/airflow/dags/Shi_HW 3.py
[2026-09-12T20:06:50.424+0000] {processor.py:914} INFO - Processing file /opt/airflow/dags/Shi_HW 3.py for tasks to queue
[2026-09-12T20:06:50.425+0000] {logging_mixin.py:190} INFO - [2026-09-12T20:06:50.425+0000] {dagbag.py:587} INFO - Filling up the DagBag from /opt/airflow/dags/Shi_HW 3.py
[2026-09-12T20:06:50.443+0000] {processor.py:925} INFO - DAG(s) 'WeatherToronto_ETL' retrieved from /opt/airflow/dags/Shi_HW 3.py
[2026-09-12T20:06:50.451+0000] {logging_mixin.py:190} INFO - [2026-09-12T20:06:50.451+0000] {dag.py:3229} INFO - Sync 1 DAGs
[2026-09-12T20:06:50.461+0000] {logging_mixin.py:190} INFO - [2026-09-12T20:06:50.461+0000] {dag.py:4156} INFO - Setting next_dagrun for WeatherToronto_ETL to 2026-09-12 18:00:00+00:00, run_after=2026-09-13 18:00:00+00:00
[2026-09-12T20:06:50.469+0000] {processor.py:208} INFO - Processing /opt/airflow/dags/Shi_HW 3.py took 0.055 seconds
[2026-09-12T20:07:20.792+0000] {processor.py:186} INFO - Started process (PID=7109) to work on /opt/airflow/dags/Shi_HW 3.py
[2026-09-12T20:07:20.796+0000] {processor.py:914} INFO - Processing file /opt/airflow/dags/Shi_HW 3.py for tasks to queue
[2026-09-12T20:07:20.797+0000] {logging_mixin.py:190} INFO - [2026-09-12T20:07:20.796+0000] {dagbag.py:587} INFO - Filling up the DagBag from /opt/airflow/dags/Shi_HW 3.py
[2026-09-12T20:07:20.813+0000] {processor.py:925} INFO - DAG(s) 'WeatherToronto_ETL' retrieved from /opt/airflow/dags/Shi_HW 3.py
[2026-09-12T20:07:20.823+0000] {logging_mixin.py:190} INFO - [2026-09-12T20:07:20.822+0000] {dag.py:3229} INFO - Sync 1 DAGs
[2026-09-12T20:07:20.833+0000] {logging_mixin.py:190} INFO - [2026-09-12T20:07:20.833+0000] {dag.py:4156} INFO - Setting next_dagrun for WeatherToronto_ETL to 2026-09-12 18:00:00+00:00, run_after=2026-09-13 18:00:00+00:00
[2026-09-12T20:07:20.838+0000] {processor.py:208} INFO - Processing /opt/airflow/dags/Shi_HW 3.py took 0.052 seconds
[2026-09-12T20:07:51.209+0000] {processor.py:186} INFO - Started process (PID=7120) to work on /opt/airflow/dags/Shi_HW 3.py
[2026-09-12T20:07:51.211+0000] {processor.py:914} INFO - Processing file /opt/airflow/dags/Shi_HW 3.py for tasks to queue
[2026-09-12T20:07:51.213+0000] {logging_mixin.py:190} INFO - [2026-09-12T20:07:51.212+0000] {dagbag.py:587} INFO - Filling up the DagBag from /opt/airflow/dags/Shi_HW 3.py
[2026-09-12T20:07:51.251+0000] {processor.py:925} INFO - DAG(s) 'WeatherToronto_ETL' retrieved from /opt/airflow/dags/Shi_HW 3.py
[2026-09-12T20:07:51.271+0000] {logging_mixin.py:190} INFO - [2026-09-12T20:07:51.269+0000] {dag.py:3229} INFO - Sync 1 DAGs
[2026-09-12T20:07:51.284+0000] {logging_mixin.py:190} INFO - [2026-09-12T20:07:51.284+0000] {dag.py:4156} INFO - Setting next_dagrun for WeatherToronto_ETL to 2026-09-12 18:00:00+00:00, run_after=2026-09-13 18:00:00+00:00
[2026-09-12T20:07:51.292+0000] {processor.py:208} INFO - Processing /opt/airflow/dags/Shi_HW 3.py took 0.091 seconds
[2026-09-12T20:08:21.698+0000] {processor.py:186} INFO - Started process (PID=7131) to work on /opt/airflow/dags/Shi_HW 3.py
[2026-09-12T20:08:21.700+0000] {processor.py:914} INFO - Processing file /opt/airflow/dags/Shi_HW 3.py for tasks to queue
[2026-09-12T20:08:21.702+0000] {logging_mixin.py:190} INFO - [2026-09-12T20:08:21.701+0000] {dagbag.py:587} INFO - Filling up the DagBag from /opt/airflow/dags/Shi_HW 3.py
[2026-09-12T20:08:21.737+0000] {processor.py:925} INFO - DAG(s) 'WeatherToronto_ETL' retrieved from /opt/airflow/dags/Shi_HW 3.py
[2026-09-12T20:08:21.753+0000] {logging_mixin.py:190} INFO - [2026-09-12T20:08:21.751+0000] {dag.py:3229} INFO - Sync 1 DAGs
[2026-09-12T20:08:21.768+0000] {logging_mixin.py:190} INFO - [2026-09-12T20:08:21.768+0000] {dag.py:4156} INFO - Setting next_dagrun for WeatherToronto_ETL to 2026-09-12 18:00:00+00:00, run_after=2026-09-13 18:00:00+00:00
[2026-09-12T20:08:21.775+0000] {processor.py:208} INFO - Processing /opt/airflow/dags/Shi_HW 3.py took 0.089 seconds
[2026-09-12T20:08:52.070+0000] {processor.py:186} INFO - Started process (PID=7142) to work on /opt/airflow/dags/Shi_HW 3.py
[2026-09-12T20:08:52.073+0000] {processor.py:914} INFO - Processing file /opt/airflow/dags/Shi_HW 3.py for tasks to queue
[2026-09-12T20:08:52.074+0000] {logging_mixin.py:190} INFO - [2026-09-12T20:08:52.074+0000] {dagbag.py:587} INFO - Filling up the DagBag from /opt/airflow/dags/Shi_HW 3.py
[2026-09-12T20:08:52.100+0000] {processor.py:925} INFO - DAG(s) 'WeatherToronto_ETL' retrieved from /opt/airflow/dags/Shi_HW 3.py
[2026-09-12T20:08:52.113+0000] {logging_mixin.py:190} INFO - [2026-09-12T20:08:52.112+0000] {dag.py:3229} INFO - Sync 1 DAGs
[2026-09-12T20:08:52.127+0000] {logging_mixin.py:190} INFO - [2026-09-12T20:08:52.127+0000] {dag.py:4156} INFO - Setting next_dagrun for WeatherToronto_ETL to 2026-09-12 18:00:00+00:00, run_after=2026-09-13 18:00:00+00:00
[2026-09-12T20:08:52.134+0000] {processor.py:208} INFO - Processing /opt/airflow/dags/Shi_HW 3.py took 0.073 seconds
[2026-09-12T20:09:22.446+0000] {processor.py:186} INFO - Started process (PID=7153) to work on /opt/airflow/dags/Shi_HW 3.py
[2026-09-12T20:09:22.450+0000] {processor.py:914} INFO - Processing file /opt/airflow/dags/Shi_HW 3.py for tasks to queue
[2026-09-12T20:09:22.451+0000] {logging_mixin.py:190} INFO - [2026-09-12T20:09:22.451+0000] {dagbag.py:587} INFO - Filling up the DagBag from /opt/airflow/dags/Shi_HW 3.py
[2026-09-12T20:09:22.469+0000] {processor.py:925} INFO - DAG(s) 'WeatherToronto_ETL' retrieved from /opt/airflow/dags/Shi_HW 3.py
[2026-09-12T20:09:22.478+0000] {logging_mixin.py:190} INFO - [2026-09-12T20:09:22.477+0000] {dag.py:3229} INFO - Sync 1 DAGs
[2026-09-12T20:09:22.487+0000] {logging_mixin.py:190} INFO - [2026-09-12T20:09:22.487+0000] {dag.py:4156} INFO - Setting next_dagrun for WeatherToronto_ETL to 2026-09-12 18:00:00+00:00, run_after=2026-09-13 18:00:00+00:00
[2026-09-12T20:09:22.493+0000] {processor.py:208} INFO - Processing /opt/airflow/dags/Shi_HW 3.py took 0.057 seconds
[2026-09-12T20:09:52.896+0000] {processor.py:186} INFO - Started process (PID=7170) to work on /opt/airflow/dags/Shi_HW 3.py
[2026-09-12T20:09:52.898+0000] {processor.py:914} INFO - Processing file /opt/airflow/dags/Shi_HW 3.py for tasks to queue
[2026-09-12T20:09:52.900+0000] {logging_mixin.py:190} INFO - [2026-09-12T20:09:52.899+0000] {dagbag.py:587} INFO - Filling up the DagBag from /opt/airflow/dags/Shi_HW 3.py
[2026-09-12T20:09:52.934+0000] {processor.py:925} INFO - DAG(s) 'WeatherToronto_ETL' retrieved from /opt/airflow/dags/Shi_HW 3.py
[2026-09-12T20:09:52.949+0000] {logging_mixin.py:190} INFO - [2026-09-12T20:09:52.947+0000] {dag.py:3229} INFO - Sync 1 DAGs
[2026-09-12T20:09:52.963+0000] {logging_mixin.py:190} INFO - [2026-09-12T20:09:52.963+0000] {dag.py:4156} INFO - Setting next_dagrun for WeatherToronto_ETL to 2026-09-12 18:00:00+00:00, run_after=2026-09-13 18:00:00+00:00
[2026-09-12T20:09:52.970+0000] {processor.py:208} INFO - Processing /opt/airflow/dags/Shi_HW 3.py took 0.082 seconds
[2026-09-12T20:10:23.310+0000] {processor.py:186} INFO - Started process (PID=7181) to work on /opt/airflow/dags/Shi_HW 3.py
[2026-09-12T20:10:23.314+0000] {processor.py:914} INFO - Processing file /opt/airflow/dags/Shi_HW 3.py for tasks to queue
[2026-09-12T20:10:23.315+0000] {logging_mixin.py:190} INFO - [2026-09-12T20:10:23.315+0000] {dagbag.py:587} INFO - Filling up the DagBag from /opt/airflow/dags/Shi_HW 3.py
[2026-09-12T20:10:23.359+0000] {processor.py:925} INFO - DAG(s) 'WeatherToronto_ETL' retrieved from /opt/airflow/dags/Shi_HW 3.py
[2026-09-12T20:10:23.380+0000] {logging_mixin.py:190} INFO - [2026-09-12T20:10:23.376+0000] {dag.py:3229} INFO - Sync 1 DAGs
[2026-09-12T20:10:23.394+0000] {logging_mixin.py:190} INFO - [2026-09-12T20:10:23.394+0000] {dag.py:4156} INFO - Setting next_dagrun for WeatherToronto_ETL to 2026-09-12 18:00:00+00:00, run_after=2026-09-13 18:00:00+00:00
[2026-09-12T20:10:23.410+0000] {processor.py:208} INFO - Processing /opt/airflow/dags/Shi_HW 3.py took 0.115 seconds
[2026-09-12T20:10:53.948+0000] {processor.py:186} INFO - Started process (PID=7193) to work on /opt/airflow/dags/Shi_HW 3.py
[2026-09-12T20:10:53.950+0000] {processor.py:914} INFO - Processing file /opt/airflow/dags/Shi_HW 3.py for tasks to queue
[2026-09-12T20:10:53.951+0000] {logging_mixin.py:190} INFO - [2026-09-12T20:10:53.951+0000] {dagbag.py:587} INFO - Filling up the DagBag from /opt/airflow/dags/Shi_HW 3.py
[2026-09-12T20:10:53.974+0000] {processor.py:925} INFO - DAG(s) 'WeatherToronto_ETL' retrieved from /opt/airflow/dags/Shi_HW 3.py
[2026-09-12T20:10:53.987+0000] {logging_mixin.py:190} INFO - [2026-09-12T20:10:53.985+0000] {dag.py:3229} INFO - Sync 1 DAGs
[2026-09-12T20:10:54.001+0000] {logging_mixin.py:190} INFO - [2026-09-12T20:10:54.001+0000] {dag.py:4156} INFO - Setting next_dagrun for WeatherToronto_ETL to 2026-09-12 18:00:00+00:00, run_after=2026-09-13 18:00:00+00:00
[2026-09-12T20:10:54.009+0000] {processor.py:208} INFO - Processing /opt/airflow/dags/Shi_HW 3.py took 0.066 seconds
[2026-09-12T20:11:24.420+0000] {processor.py:186} INFO - Started process (PID=7205) to work on /opt/airflow/dags/Shi_HW 3.py
[2026-09-12T20:11:24.422+0000] {processor.py:914} INFO - Processing file /opt/airflow/dags/Shi_HW 3.py for tasks to queue
[2026-09-12T20:11:24.424+0000] {logging_mixin.py:190} INFO - [2026-09-12T20:11:24.423+0000] {dagbag.py:587} INFO - Filling up the DagBag from /opt/airflow/dags/Shi_HW 3.py
[2026-09-12T20:11:24.449+0000] {processor.py:925} INFO - DAG(s) 'WeatherToronto_ETL' retrieved from /opt/airflow/dags/Shi_HW 3.py
[2026-09-12T20:11:24.464+0000] {logging_mixin.py:190} INFO - [2026-09-12T20:11:24.462+0000] {dag.py:3229} INFO - Sync 1 DAGs
[2026-09-12T20:11:24.478+0000] {logging_mixin.py:190} INFO - [2026-09-12T20:11:24.478+0000] {dag.py:4156} INFO - Setting next_dagrun for WeatherToronto_ETL to 2026-09-12 18:00:00+00:00, run_after=2026-09-13 18:00:00+00:00
[2026-09-12T20:11:24.485+0000] {processor.py:208} INFO - Processing /opt/airflow/dags/Shi_HW 3.py took 0.072 seconds
[2026-09-12T20:11:54.814+0000] {processor.py:186} INFO - Started process (PID=7216) to work on /opt/airflow/dags/Shi_HW 3.py
[2026-09-12T20:11:54.816+0000] {processor.py:914} INFO - Processing file /opt/airflow/dags/Shi_HW 3.py for tasks to queue
[2026-09-12T20:11:54.817+0000] {logging_mixin.py:190} INFO - [2026-09-12T20:11:54.817+0000] {dagbag.py:587} INFO - Filling up the DagBag from /opt/airflow/dags/Shi_HW 3.py
[2026-09-12T20:11:54.835+0000] {processor.py:925} INFO - DAG(s) 'WeatherToronto_ETL' retrieved from /opt/airflow/dags/Shi_HW 3.py
[2026-09-12T20:11:54.844+0000] {logging_mixin.py:190} INFO - [2026-09-12T20:11:54.843+0000] {dag.py:3229} INFO - Sync 1 DAGs
[2026-09-12T20:11:54.855+0000] {logging_mixin.py:190} INFO - [2026-09-12T20:11:54.855+0000] {dag.py:4156} INFO - Setting next_dagrun for WeatherToronto_ETL to 2026-09-12 18:00:00+00:00, run_after=2026-09-13 18:00:00+00:00
[2026-09-12T20:11:54.862+0000] {processor.py:208} INFO - Processing /opt/airflow/dags/Shi_HW 3.py took 0.055 seconds
[2026-09-12T20:12:25.245+0000] {processor.py:186} INFO - Started process (PID=7227) to work on /opt/airflow/dags/Shi_HW 3.py
[2026-09-12T20:12:25.248+0000] {processor.py:914} INFO - Processing file /opt/airflow/dags/Shi_HW 3.py for tasks to queue
[2026-09-12T20:12:25.249+0000] {logging_mixin.py:190} INFO - [2026-09-12T20:12:25.249+0000] {dagbag.py:587} INFO - Filling up the DagBag from /opt/airflow/dags/Shi_HW 3.py
[2026-09-12T20:12:25.275+0000] {processor.py:925} INFO - DAG(s) 'WeatherToronto_ETL' retrieved from /opt/airflow/dags/Shi_HW 3.py
[2026-09-12T20:12:25.288+0000] {logging_mixin.py:190} INFO - [2026-09-12T20:12:25.287+0000] {dag.py:3229} INFO - Sync 1 DAGs
[2026-09-12T20:12:25.301+0000] {logging_mixin.py:190} INFO - [2026-09-12T20:12:25.301+0000] {dag.py:4156} INFO - Setting next_dagrun for WeatherToronto_ETL to 2026-09-12 18:00:00+00:00, run_after=2026-09-13 18:00:00+00:00
[2026-09-12T20:12:25.309+0000] {processor.py:208} INFO - Processing /opt/airflow/dags/Shi_HW 3.py took 0.070 seconds
[2026-09-12T20:12:55.786+0000] {processor.py:186} INFO - Started process (PID=7238) to work on /opt/airflow/dags/Shi_HW 3.py
[2026-09-12T20:12:55.787+0000] {processor.py:914} INFO - Processing file /opt/airflow/dags/Shi_HW 3.py for tasks to queue
[2026-09-12T20:12:55.789+0000] {logging_mixin.py:190} INFO - [2026-09-12T20:12:55.788+0000] {dagbag.py:587} INFO - Filling up the DagBag from /opt/airflow/dags/Shi_HW 3.py
[2026-09-12T20:12:55.815+0000] {processor.py:925} INFO - DAG(s) 'WeatherToronto_ETL' retrieved from /opt/airflow/dags/Shi_HW 3.py
[2026-09-12T20:12:55.837+0000] {logging_mixin.py:190} INFO - [2026-09-12T20:12:55.833+0000] {dag.py:3229} INFO - Sync 1 DAGs
[2026-09-12T20:12:55.901+0000] {logging_mixin.py:190} INFO - [2026-09-12T20:12:55.900+0000] {dag.py:4156} INFO - Setting next_dagrun for WeatherToronto_ETL to 2026-09-12 18:00:00+00:00, run_after=2026-09-13 18:00:00+00:00
[2026-09-12T20:12:55.911+0000] {processor.py:208} INFO - Processing /opt/airflow/dags/Shi_HW 3.py took 0.132 seconds
[2026-09-12T20:13:26.189+0000] {processor.py:186} INFO - Started process (PID=7249) to work on /opt/airflow/dags/Shi_HW 3.py
[2026-09-12T20:13:26.191+0000] {processor.py:914} INFO - Processing file /opt/airflow/dags/Shi_HW 3.py for tasks to queue
[2026-09-12T20:13:26.192+0000] {logging_mixin.py:190} INFO - [2026-09-12T20:13:26.192+0000] {dagbag.py:587} INFO - Filling up the DagBag from /opt/airflow/dags/Shi_HW 3.py
[2026-09-12T20:13:26.206+0000] {processor.py:925} INFO - DAG(s) 'WeatherToronto_ETL' retrieved from /opt/airflow/dags/Shi_HW 3.py
[2026-09-12T20:13:26.214+0000] {logging_mixin.py:190} INFO - [2026-09-12T20:13:26.214+0000] {dag.py:3229} INFO - Sync 1 DAGs
[2026-09-12T20:13:26.224+0000] {logging_mixin.py:190} INFO - [2026-09-12T20:13:26.224+0000] {dag.py:4156} INFO - Setting next_dagrun for WeatherToronto_ETL to 2026-09-12 18:00:00+00:00, run_after=2026-09-13 18:00:00+00:00
[2026-09-12T20:13:26.230+0000] {processor.py:208} INFO - Processing /opt/airflow/dags/Shi_HW 3.py took 0.046 seconds
[2026-09-12T20:13:56.616+0000] {processor.py:186} INFO - Started process (PID=7260) to work on /opt/airflow/dags/Shi_HW 3.py
[2026-09-12T20:13:56.618+0000] {processor.py:914} INFO - Processing file /opt/airflow/dags/Shi_HW 3.py for tasks to queue
[2026-09-12T20:13:56.619+0000] {logging_mixin.py:190} INFO - [2026-09-12T20:13:56.619+0000] {dagbag.py:587} INFO - Filling up the DagBag from /opt/airflow/dags/Shi_HW 3.py
[2026-09-12T20:13:56.646+0000] {processor.py:925} INFO - DAG(s) 'WeatherToronto_ETL' retrieved from /opt/airflow/dags/Shi_HW 3.py
[2026-09-12T20:13:56.659+0000] {logging_mixin.py:190} INFO - [2026-09-12T20:13:56.658+0000] {dag.py:3229} INFO - Sync 1 DAGs
[2026-09-12T20:13:56.672+0000] {logging_mixin.py:190} INFO - [2026-09-12T20:13:56.671+0000] {dag.py:4156} INFO - Setting next_dagrun for WeatherToronto_ETL to 2026-09-12 18:00:00+00:00, run_after=2026-09-13 18:00:00+00:00
[2026-09-12T20:13:56.678+0000] {processor.py:208} INFO - Processing /opt/airflow/dags/Shi_HW 3.py took 0.071 seconds
[2026-09-12T20:14:26.991+0000] {processor.py:186} INFO - Started process (PID=7271) to work on /opt/airflow/dags/Shi_HW 3.py
[2026-09-12T20:14:26.994+0000] {processor.py:914} INFO - Processing file /opt/airflow/dags/Shi_HW 3.py for tasks to queue
[2026-09-12T20:14:26.995+0000] {logging_mixin.py:190} INFO - [2026-09-12T20:14:26.995+0000] {dagbag.py:587} INFO - Filling up the DagBag from /opt/airflow/dags/Shi_HW 3.py
[2026-09-12T20:14:27.014+0000] {processor.py:925} INFO - DAG(s) 'WeatherToronto_ETL' retrieved from /opt/airflow/dags/Shi_HW 3.py
[2026-09-12T20:14:27.023+0000] {logging_mixin.py:190} INFO - [2026-09-12T20:14:27.022+0000] {dag.py:3229} INFO - Sync 1 DAGs
[2026-09-12T20:14:27.034+0000] {logging_mixin.py:190} INFO - [2026-09-12T20:14:27.034+0000] {dag.py:4156} INFO - Setting next_dagrun for WeatherToronto_ETL to 2026-09-12 18:00:00+00:00, run_after=2026-09-13 18:00:00+00:00
[2026-09-12T20:14:27.041+0000] {processor.py:208} INFO - Processing /opt/airflow/dags/Shi_HW 3.py took 0.057 seconds
[2026-09-12T20:14:57.402+0000] {processor.py:186} INFO - Started process (PID=7282) to work on /opt/airflow/dags/Shi_HW 3.py
[2026-09-12T20:14:57.405+0000] {processor.py:914} INFO - Processing file /opt/airflow/dags/Shi_HW 3.py for tasks to queue
[2026-09-12T20:14:57.406+0000] {logging_mixin.py:190} INFO - [2026-09-12T20:14:57.406+0000] {dagbag.py:587} INFO - Filling up the DagBag from /opt/airflow/dags/Shi_HW 3.py
[2026-09-12T20:14:57.425+0000] {processor.py:925} INFO - DAG(s) 'WeatherToronto_ETL' retrieved from /opt/airflow/dags/Shi_HW 3.py
[2026-09-12T20:14:57.434+0000] {logging_mixin.py:190} INFO - [2026-09-12T20:14:57.433+0000] {dag.py:3229} INFO - Sync 1 DAGs
[2026-09-12T20:14:57.444+0000] {logging_mixin.py:190} INFO - [2026-09-12T20:14:57.444+0000] {dag.py:4156} INFO - Setting next_dagrun for WeatherToronto_ETL to 2026-09-12 18:00:00+00:00, run_after=2026-09-13 18:00:00+00:00
[2026-09-12T20:14:57.450+0000] {processor.py:208} INFO - Processing /opt/airflow/dags/Shi_HW 3.py took 0.054 seconds
[2026-09-12T20:15:27.824+0000] {processor.py:186} INFO - Started process (PID=7293) to work on /opt/airflow/dags/Shi_HW 3.py
[2026-09-12T20:15:27.827+0000] {processor.py:914} INFO - Processing file /opt/airflow/dags/Shi_HW 3.py for tasks to queue
[2026-09-12T20:15:27.828+0000] {logging_mixin.py:190} INFO - [2026-09-12T20:15:27.828+0000] {dagbag.py:587} INFO - Filling up the DagBag from /opt/airflow/dags/Shi_HW 3.py
[2026-09-12T20:15:27.846+0000] {processor.py:925} INFO - DAG(s) 'WeatherToronto_ETL' retrieved from /opt/airflow/dags/Shi_HW 3.py
[2026-09-12T20:15:27.854+0000] {logging_mixin.py:190} INFO - [2026-09-12T20:15:27.853+0000] {dag.py:3229} INFO - Sync 1 DAGs
[2026-09-12T20:15:27.864+0000] {logging_mixin.py:190} INFO - [2026-09-12T20:15:27.864+0000] {dag.py:4156} INFO - Setting next_dagrun for WeatherToronto_ETL to 2026-09-12 18:00:00+00:00, run_after=2026-09-13 18:00:00+00:00
[2026-09-12T20:15:27.869+0000] {processor.py:208} INFO - Processing /opt/airflow/dags/Shi_HW 3.py took 0.051 seconds
[2026-09-12T20:15:58.207+0000] {processor.py:186} INFO - Started process (PID=7304) to work on /opt/airflow/dags/Shi_HW 3.py
[2026-09-12T20:15:58.209+0000] {processor.py:914} INFO - Processing file /opt/airflow/dags/Shi_HW 3.py for tasks to queue
[2026-09-12T20:15:58.210+0000] {logging_mixin.py:190} INFO - [2026-09-12T20:15:58.210+0000] {dagbag.py:587} INFO - Filling up the DagBag from /opt/airflow/dags/Shi_HW 3.py
[2026-09-12T20:15:58.229+0000] {processor.py:925} INFO - DAG(s) 'WeatherToronto_ETL' retrieved from /opt/airflow/dags/Shi_HW 3.py
[2026-09-12T20:15:58.239+0000] {logging_mixin.py:190} INFO - [2026-09-12T20:15:58.238+0000] {dag.py:3229} INFO - Sync 1 DAGs
[2026-09-12T20:15:58.249+0000] {logging_mixin.py:190} INFO - [2026-09-12T20:15:58.249+0000] {dag.py:4156} INFO - Setting next_dagrun for WeatherToronto_ETL to 2026-09-12 18:00:00+00:00, run_after=2026-09-13 18:00:00+00:00
[2026-09-12T20:15:58.255+0000] {processor.py:208} INFO - Processing /opt/airflow/dags/Shi_HW 3.py took 0.054 seconds
[2026-09-12T20:16:28.648+0000] {processor.py:186} INFO - Started process (PID=7315) to work on /opt/airflow/dags/Shi_HW 3.py
[2026-09-12T20:16:28.651+0000] {processor.py:914} INFO - Processing file /opt/airflow/dags/Shi_HW 3.py for tasks to queue
[2026-09-12T20:16:28.652+0000] {logging_mixin.py:190} INFO - [2026-09-12T20:16:28.652+0000] {dagbag.py:587} INFO - Filling up the DagBag from /opt/airflow/dags/Shi_HW 3.py
[2026-09-12T20:16:28.680+0000] {processor.py:925} INFO - DAG(s) 'WeatherToronto_ETL' retrieved from /opt/airflow/dags/Shi_HW 3.py
[2026-09-12T20:16:28.694+0000] {logging_mixin.py:190} INFO - [2026-09-12T20:16:28.692+0000] {dag.py:3229} INFO - Sync 1 DAGs
[2026-09-12T20:16:28.708+0000] {logging_mixin.py:190} INFO - [2026-09-12T20:16:28.708+0000] {dag.py:4156} INFO - Setting next_dagrun for WeatherToronto_ETL to 2026-09-12 18:00:00+00:00, run_after=2026-09-13 18:00:00+00:00
[2026-09-12T20:16:29.342+0000] {processor.py:208} INFO - Processing /opt/airflow/dags/Shi_HW 3.py took 0.703 seconds
[2026-09-12T20:16:59.701+0000] {processor.py:186} INFO - Started process (PID=7326) to work on /opt/airflow/dags/Shi_HW 3.py
[2026-09-12T20:16:59.705+0000] {processor.py:914} INFO - Processing file /opt/airflow/dags/Shi_HW 3.py for tasks to queue
[2026-09-12T20:16:59.706+0000] {logging_mixin.py:190} INFO - [2026-09-12T20:16:59.706+0000] {dagbag.py:587} INFO - Filling up the DagBag from /opt/airflow/dags/Shi_HW 3.py
[2026-09-12T20:16:59.724+0000] {processor.py:925} INFO - DAG(s) 'WeatherToronto_ETL' retrieved from /opt/airflow/dags/Shi_HW 3.py
[2026-09-12T20:16:59.732+0000] {logging_mixin.py:190} INFO - [2026-09-12T20:16:59.731+0000] {dag.py:3229} INFO - Sync 1 DAGs
[2026-09-12T20:16:59.742+0000] {logging_mixin.py:190} INFO - [2026-09-12T20:16:59.742+0000] {dag.py:4156} INFO - Setting next_dagrun for WeatherToronto_ETL to 2026-09-12 18:00:00+00:00, run_after=2026-09-13 18:00:00+00:00
[2026-09-12T20:16:59.748+0000] {processor.py:208} INFO - Processing /opt/airflow/dags/Shi_HW 3.py took 0.055 seconds
[2026-09-12T20:17:30.090+0000] {processor.py:186} INFO - Started process (PID=7337) to work on /opt/airflow/dags/Shi_HW 3.py
[2026-09-12T20:17:30.095+0000] {processor.py:914} INFO - Processing file /opt/airflow/dags/Shi_HW 3.py for tasks to queue
[2026-09-12T20:17:30.096+0000] {logging_mixin.py:190} INFO - [2026-09-12T20:17:30.095+0000] {dagbag.py:587} INFO - Filling up the DagBag from /opt/airflow/dags/Shi_HW 3.py
[2026-09-12T20:17:30.115+0000] {processor.py:925} INFO - DAG(s) 'WeatherToronto_ETL' retrieved from /opt/airflow/dags/Shi_HW 3.py
[2026-09-12T20:17:30.125+0000] {logging_mixin.py:190} INFO - [2026-09-12T20:17:30.124+0000] {dag.py:3229} INFO - Sync 1 DAGs
[2026-09-12T20:17:30.136+0000] {logging_mixin.py:190} INFO - [2026-09-12T20:17:30.136+0000] {dag.py:4156} INFO - Setting next_dagrun for WeatherToronto_ETL to 2026-09-12 18:00:00+00:00, run_after=2026-09-13 18:00:00+00:00
[2026-09-12T20:17:30.142+0000] {processor.py:208} INFO - Processing /opt/airflow/dags/Shi_HW 3.py took 0.060 seconds
[2026-09-12T20:18:00.522+0000] {processor.py:186} INFO - Started process (PID=7348) to work on /opt/airflow/dags/Shi_HW 3.py
[2026-09-12T20:18:00.524+0000] {processor.py:914} INFO - Processing file /opt/airflow/dags/Shi_HW 3.py for tasks to queue
[2026-09-12T20:18:00.526+0000] {logging_mixin.py:190} INFO - [2026-09-12T20:18:00.525+0000] {dagbag.py:587} INFO - Filling up the DagBag from /opt/airflow/dags/Shi_HW 3.py
[2026-09-12T20:18:00.554+0000] {processor.py:925} INFO - DAG(s) 'WeatherToronto_ETL' retrieved from /opt/airflow/dags/Shi_HW 3.py
[2026-09-12T20:18:00.569+0000] {logging_mixin.py:190} INFO - [2026-09-12T20:18:00.567+0000] {dag.py:3229} INFO - Sync 1 DAGs
[2026-09-12T20:18:00.583+0000] {logging_mixin.py:190} INFO - [2026-09-12T20:18:00.583+0000] {dag.py:4156} INFO - Setting next_dagrun for WeatherToronto_ETL to 2026-09-12 18:00:00+00:00, run_after=2026-09-13 18:00:00+00:00
[2026-09-12T20:18:00.590+0000] {processor.py:208} INFO - Processing /opt/airflow/dags/Shi_HW 3.py took 0.076 seconds
[2026-09-12T20:18:30.926+0000] {processor.py:186} INFO - Started process (PID=7359) to work on /opt/airflow/dags/Shi_HW 3.py
[2026-09-12T20:18:30.928+0000] {processor.py:914} INFO - Processing file /opt/airflow/dags/Shi_HW 3.py for tasks to queue
[2026-09-12T20:18:30.929+0000] {logging_mixin.py:190} INFO - [2026-09-12T20:18:30.929+0000] {dagbag.py:587} INFO - Filling up the DagBag from /opt/airflow/dags/Shi_HW 3.py
[2026-09-12T20:18:30.944+0000] {processor.py:925} INFO - DAG(s) 'WeatherToronto_ETL' retrieved from /opt/airflow/dags/Shi_HW 3.py
[2026-09-12T20:18:30.954+0000] {logging_mixin.py:190} INFO - [2026-09-12T20:18:30.953+0000] {dag.py:3229} INFO - Sync 1 DAGs
[2026-09-12T20:18:30.964+0000] {logging_mixin.py:190} INFO - [2026-09-12T20:18:30.964+0000] {dag.py:4156} INFO - Setting next_dagrun for WeatherToronto_ETL to 2026-09-12 18:00:00+00:00, run_after=2026-09-13 18:00:00+00:00
[2026-09-12T20:18:30.970+0000] {processor.py:208} INFO - Processing /opt/airflow/dags/Shi_HW 3.py took 0.051 seconds
[2026-09-12T20:19:01.352+0000] {processor.py:186} INFO - Started process (PID=7370) to work on /opt/airflow/dags/Shi_HW 3.py
[2026-09-12T20:19:01.355+0000] {processor.py:914} INFO - Processing file /opt/airflow/dags/Shi_HW 3.py for tasks to queue
[2026-09-12T20:19:01.357+0000] {logging_mixin.py:190} INFO - [2026-09-12T20:19:01.356+0000] {dagbag.py:587} INFO - Filling up the DagBag from /opt/airflow/dags/Shi_HW 3.py
[2026-09-12T20:19:01.384+0000] {processor.py:925} INFO - DAG(s) 'WeatherToronto_ETL' retrieved from /opt/airflow/dags/Shi_HW 3.py
[2026-09-12T20:19:01.397+0000] {logging_mixin.py:190} INFO - [2026-09-12T20:19:01.396+0000] {dag.py:3229} INFO - Sync 1 DAGs
[2026-09-12T20:19:01.410+0000] {logging_mixin.py:190} INFO - [2026-09-12T20:19:01.410+0000] {dag.py:4156} INFO - Setting next_dagrun for WeatherToronto_ETL to 2026-09-12 18:00:00+00:00, run_after=2026-09-13 18:00:00+00:00
[2026-09-12T20:19:01.551+0000] {processor.py:208} INFO - Processing /opt/airflow/dags/Shi_HW 3.py took 0.208 seconds
[2026-09-12T20:19:31.803+0000] {processor.py:186} INFO - Started process (PID=7381) to work on /opt/airflow/dags/Shi_HW 3.py
[2026-09-12T20:19:31.806+0000] {processor.py:914} INFO - Processing file /opt/airflow/dags/Shi_HW 3.py for tasks to queue
[2026-09-12T20:19:31.807+0000] {logging_mixin.py:190} INFO - [2026-09-12T20:19:31.807+0000] {dagbag.py:587} INFO - Filling up the DagBag from /opt/airflow/dags/Shi_HW 3.py
[2026-09-12T20:19:31.825+0000] {processor.py:925} INFO - DAG(s) 'WeatherToronto_ETL' retrieved from /opt/airflow/dags/Shi_HW 3.py
[2026-09-12T20:19:31.834+0000] {logging_mixin.py:190} INFO - [2026-09-12T20:19:31.833+0000] {dag.py:3229} INFO - Sync 1 DAGs
[2026-09-12T20:19:31.844+0000] {logging_mixin.py:190} INFO - [2026-09-12T20:19:31.844+0000] {dag.py:4156} INFO - Setting next_dagrun for WeatherToronto_ETL to 2026-09-12 18:00:00+00:00, run_after=2026-09-13 18:00:00+00:00
[2026-09-12T20:19:31.851+0000] {processor.py:208} INFO - Processing /opt/airflow/dags/Shi_HW 3.py took 0.054 seconds
[2026-09-12T20:20:02.203+0000] {processor.py:186} INFO - Started process (PID=7392) to work on /opt/airflow/dags/Shi_HW 3.py
[2026-09-12T20:20:02.205+0000] {processor.py:914} INFO - Processing file /opt/airflow/dags/Shi_HW 3.py for tasks to queue
[2026-09-12T20:20:02.207+0000] {logging_mixin.py:190} INFO - [2026-09-12T20:20:02.206+0000] {dagbag.py:587} INFO - Filling up the DagBag from /opt/airflow/dags/Shi_HW 3.py
[2026-09-12T20:20:02.232+0000] {processor.py:925} INFO - DAG(s) 'WeatherToronto_ETL' retrieved from /opt/airflow/dags/Shi_HW 3.py
[2026-09-12T20:20:02.245+0000] {logging_mixin.py:190} INFO - [2026-09-12T20:20:02.244+0000] {dag.py:3229} INFO - Sync 1 DAGs
[2026-09-12T20:20:02.258+0000] {logging_mixin.py:190} INFO - [2026-09-12T20:20:02.258+0000] {dag.py:4156} INFO - Setting next_dagrun for WeatherToronto_ETL to 2026-09-12 18:00:00+00:00, run_after=2026-09-13 18:00:00+00:00
[2026-09-12T20:20:02.265+0000] {processor.py:208} INFO - Processing /opt/airflow/dags/Shi_HW 3.py took 0.070 seconds
[2026-09-12T20:20:32.634+0000] {processor.py:186} INFO - Started process (PID=7403) to work on /opt/airflow/dags/Shi_HW 3.py
[2026-09-12T20:20:32.638+0000] {processor.py:914} INFO - Processing file /opt/airflow/dags/Shi_HW 3.py for tasks to queue
[2026-09-12T20:20:32.639+0000] {logging_mixin.py:190} INFO - [2026-09-12T20:20:32.638+0000] {dagbag.py:587} INFO - Filling up the DagBag from /opt/airflow/dags/Shi_HW 3.py
[2026-09-12T20:20:32.666+0000] {processor.py:925} INFO - DAG(s) 'WeatherToronto_ETL' retrieved from /opt/airflow/dags/Shi_HW 3.py
[2026-09-12T20:20:32.681+0000] {logging_mixin.py:190} INFO - [2026-09-12T20:20:32.679+0000] {dag.py:3229} INFO - Sync 1 DAGs
[2026-09-12T20:20:32.695+0000] {logging_mixin.py:190} INFO - [2026-09-12T20:20:32.695+0000] {dag.py:4156} INFO - Setting next_dagrun for WeatherToronto_ETL to 2026-09-12 18:00:00+00:00, run_after=2026-09-13 18:00:00+00:00
[2026-09-12T20:20:32.703+0000] {processor.py:208} INFO - Processing /opt/airflow/dags/Shi_HW 3.py took 0.075 seconds
[2026-09-12T20:21:03.096+0000] {processor.py:186} INFO - Started process (PID=7414) to work on /opt/airflow/dags/Shi_HW 3.py
[2026-09-12T20:21:03.098+0000] {processor.py:914} INFO - Processing file /opt/airflow/dags/Shi_HW 3.py for tasks to queue
[2026-09-12T20:21:03.100+0000] {logging_mixin.py:190} INFO - [2026-09-12T20:21:03.099+0000] {dagbag.py:587} INFO - Filling up the DagBag from /opt/airflow/dags/Shi_HW 3.py
[2026-09-12T20:21:03.129+0000] {processor.py:925} INFO - DAG(s) 'WeatherToronto_ETL' retrieved from /opt/airflow/dags/Shi_HW 3.py
[2026-09-12T20:21:03.141+0000] {logging_mixin.py:190} INFO - [2026-09-12T20:21:03.140+0000] {dag.py:3229} INFO - Sync 1 DAGs
[2026-09-12T20:21:03.152+0000] {logging_mixin.py:190} INFO - [2026-09-12T20:21:03.152+0000] {dag.py:4156} INFO - Setting next_dagrun for WeatherToronto_ETL to 2026-09-12 18:00:00+00:00, run_after=2026-09-13 18:00:00+00:00
[2026-09-12T20:21:03.159+0000] {processor.py:208} INFO - Processing /opt/airflow/dags/Shi_HW 3.py took 0.070 seconds
[2026-09-12T20:21:33.481+0000] {processor.py:186} INFO - Started process (PID=7425) to work on /opt/airflow/dags/Shi_HW 3.py
[2026-09-12T20:21:33.484+0000] {processor.py:914} INFO - Processing file /opt/airflow/dags/Shi_HW 3.py for tasks to queue
[2026-09-12T20:21:33.485+0000] {logging_mixin.py:190} INFO - [2026-09-12T20:21:33.484+0000] {dagbag.py:587} INFO - Filling up the DagBag from /opt/airflow/dags/Shi_HW 3.py
[2026-09-12T20:21:33.504+0000] {processor.py:925} INFO - DAG(s) 'WeatherToronto_ETL' retrieved from /opt/airflow/dags/Shi_HW 3.py
[2026-09-12T20:21:33.514+0000] {logging_mixin.py:190} INFO - [2026-09-12T20:21:33.512+0000] {dag.py:3229} INFO - Sync 1 DAGs
[2026-09-12T20:21:33.526+0000] {logging_mixin.py:190} INFO - [2026-09-12T20:21:33.526+0000] {dag.py:4156} INFO - Setting next_dagrun for WeatherToronto_ETL to 2026-09-12 18:00:00+00:00, run_after=2026-09-13 18:00:00+00:00
[2026-09-12T20:21:33.681+0000] {processor.py:208} INFO - Processing /opt/airflow/dags/Shi_HW 3.py took 0.208 seconds
[2026-09-12T20:22:03.907+0000] {processor.py:186} INFO - Started process (PID=7436) to work on /opt/airflow/dags/Shi_HW 3.py
[2026-09-12T20:22:03.911+0000] {processor.py:914} INFO - Processing file /opt/airflow/dags/Shi_HW 3.py for tasks to queue
[2026-09-12T20:22:03.912+0000] {logging_mixin.py:190} INFO - [2026-09-12T20:22:03.912+0000] {dagbag.py:587} INFO - Filling up the DagBag from /opt/airflow/dags/Shi_HW 3.py
[2026-09-12T20:22:03.938+0000] {processor.py:925} INFO - DAG(s) 'WeatherToronto_ETL' retrieved from /opt/airflow/dags/Shi_HW 3.py
[2026-09-12T20:22:03.950+0000] {logging_mixin.py:190} INFO - [2026-09-12T20:22:03.949+0000] {dag.py:3229} INFO - Sync 1 DAGs
[2026-09-12T20:22:03.962+0000] {logging_mixin.py:190} INFO - [2026-09-12T20:22:03.962+0000] {dag.py:4156} INFO - Setting next_dagrun for WeatherToronto_ETL to 2026-09-12 18:00:00+00:00, run_after=2026-09-13 18:00:00+00:00
[2026-09-12T20:22:03.971+0000] {processor.py:208} INFO - Processing /opt/airflow/dags/Shi_HW 3.py took 0.075 seconds
[2026-09-12T20:22:34.358+0000] {processor.py:186} INFO - Started process (PID=7447) to work on /opt/airflow/dags/Shi_HW 3.py
[2026-09-12T20:22:34.362+0000] {processor.py:914} INFO - Processing file /opt/airflow/dags/Shi_HW 3.py for tasks to queue
[2026-09-12T20:22:34.364+0000] {logging_mixin.py:190} INFO - [2026-09-12T20:22:34.363+0000] {dagbag.py:587} INFO - Filling up the DagBag from /opt/airflow/dags/Shi_HW 3.py
[2026-09-12T20:22:34.408+0000] {processor.py:925} INFO - DAG(s) 'WeatherToronto_ETL' retrieved from /opt/airflow/dags/Shi_HW 3.py
[2026-09-12T20:22:34.427+0000] {logging_mixin.py:190} INFO - [2026-09-12T20:22:34.425+0000] {dag.py:3229} INFO - Sync 1 DAGs
[2026-09-12T20:22:34.444+0000] {logging_mixin.py:190} INFO - [2026-09-12T20:22:34.444+0000] {dag.py:4156} INFO - Setting next_dagrun for WeatherToronto_ETL to 2026-09-12 18:00:00+00:00, run_after=2026-09-13 18:00:00+00:00
[2026-09-12T20:22:34.455+0000] {processor.py:208} INFO - Processing /opt/airflow/dags/Shi_HW 3.py took 0.108 seconds
[2026-09-12T20:23:04.859+0000] {processor.py:186} INFO - Started process (PID=7458) to work on /opt/airflow/dags/Shi_HW 3.py
[2026-09-12T20:23:04.864+0000] {processor.py:914} INFO - Processing file /opt/airflow/dags/Shi_HW 3.py for tasks to queue
[2026-09-12T20:23:04.866+0000] {logging_mixin.py:190} INFO - [2026-09-12T20:23:04.865+0000] {dagbag.py:587} INFO - Filling up the DagBag from /opt/airflow/dags/Shi_HW 3.py
[2026-09-12T20:23:04.905+0000] {processor.py:925} INFO - DAG(s) 'WeatherToronto_ETL' retrieved from /opt/airflow/dags/Shi_HW 3.py
[2026-09-12T20:23:04.927+0000] {logging_mixin.py:190} INFO - [2026-09-12T20:23:04.923+0000] {dag.py:3229} INFO - Sync 1 DAGs
[2026-09-12T20:23:04.944+0000] {logging_mixin.py:190} INFO - [2026-09-12T20:23:04.944+0000] {dag.py:4156} INFO - Setting next_dagrun for WeatherToronto_ETL to 2026-09-12 18:00:00+00:00, run_after=2026-09-13 18:00:00+00:00
[2026-09-12T20:23:04.951+0000] {processor.py:208} INFO - Processing /opt/airflow/dags/Shi_HW 3.py took 0.112 seconds
[2026-09-12T20:23:35.284+0000] {processor.py:186} INFO - Started process (PID=7469) to work on /opt/airflow/dags/Shi_HW 3.py
[2026-09-12T20:23:35.288+0000] {processor.py:914} INFO - Processing file /opt/airflow/dags/Shi_HW 3.py for tasks to queue
[2026-09-12T20:23:35.290+0000] {logging_mixin.py:190} INFO - [2026-09-12T20:23:35.289+0000] {dagbag.py:587} INFO - Filling up the DagBag from /opt/airflow/dags/Shi_HW 3.py
[2026-09-12T20:23:35.321+0000] {processor.py:925} INFO - DAG(s) 'WeatherToronto_ETL' retrieved from /opt/airflow/dags/Shi_HW 3.py
[2026-09-12T20:23:35.338+0000] {logging_mixin.py:190} INFO - [2026-09-12T20:23:35.336+0000] {dag.py:3229} INFO - Sync 1 DAGs
[2026-09-12T20:23:35.351+0000] {logging_mixin.py:190} INFO - [2026-09-12T20:23:35.351+0000] {dag.py:4156} INFO - Setting next_dagrun for WeatherToronto_ETL to 2026-09-12 18:00:00+00:00, run_after=2026-09-13 18:00:00+00:00
[2026-09-12T20:23:35.358+0000] {processor.py:208} INFO - Processing /opt/airflow/dags/Shi_HW 3.py took 0.084 seconds
[2026-09-12T20:24:05.788+0000] {processor.py:186} INFO - Started process (PID=7480) to work on /opt/airflow/dags/Shi_HW 3.py
[2026-09-12T20:24:05.791+0000] {processor.py:914} INFO - Processing file /opt/airflow/dags/Shi_HW 3.py for tasks to queue
[2026-09-12T20:24:05.792+0000] {logging_mixin.py:190} INFO - [2026-09-12T20:24:05.792+0000] {dagbag.py:587} INFO - Filling up the DagBag from /opt/airflow/dags/Shi_HW 3.py
[2026-09-12T20:24:05.840+0000] {processor.py:925} INFO - DAG(s) 'WeatherToronto_ETL' retrieved from /opt/airflow/dags/Shi_HW 3.py
[2026-09-12T20:24:05.859+0000] {logging_mixin.py:190} INFO - [2026-09-12T20:24:05.856+0000] {dag.py:3229} INFO - Sync 1 DAGs
[2026-09-12T20:24:05.887+0000] {logging_mixin.py:190} INFO - [2026-09-12T20:24:05.886+0000] {dag.py:4156} INFO - Setting next_dagrun for WeatherToronto_ETL to 2026-09-12 18:00:00+00:00, run_after=2026-09-13 18:00:00+00:00
[2026-09-12T20:24:06.125+0000] {processor.py:208} INFO - Processing /opt/airflow/dags/Shi_HW 3.py took 0.348 seconds
[2026-09-12T20:24:36.264+0000] {processor.py:186} INFO - Started process (PID=7491) to work on /opt/airflow/dags/Shi_HW 3.py
[2026-09-12T20:24:36.266+0000] {processor.py:914} INFO - Processing file /opt/airflow/dags/Shi_HW 3.py for tasks to queue
[2026-09-12T20:24:36.267+0000] {logging_mixin.py:190} INFO - [2026-09-12T20:24:36.267+0000] {dagbag.py:587} INFO - Filling up the DagBag from /opt/airflow/dags/Shi_HW 3.py
[2026-09-12T20:24:36.298+0000] {processor.py:925} INFO - DAG(s) 'WeatherToronto_ETL' retrieved from /opt/airflow/dags/Shi_HW 3.py
[2026-09-12T20:24:36.318+0000] {logging_mixin.py:190} INFO - [2026-09-12T20:24:36.316+0000] {dag.py:3229} INFO - Sync 1 DAGs
[2026-09-12T20:24:36.574+0000] {logging_mixin.py:190} INFO - [2026-09-12T20:24:36.574+0000] {dag.py:4156} INFO - Setting next_dagrun for WeatherToronto_ETL to 2026-09-12 18:00:00+00:00, run_after=2026-09-13 18:00:00+00:00
[2026-09-12T20:24:36.580+0000] {processor.py:208} INFO - Processing /opt/airflow/dags/Shi_HW 3.py took 0.323 seconds
[2026-09-12T20:25:07.046+0000] {processor.py:186} INFO - Started process (PID=7502) to work on /opt/airflow/dags/Shi_HW 3.py
[2026-09-12T20:25:07.048+0000] {processor.py:914} INFO - Processing file /opt/airflow/dags/Shi_HW 3.py for tasks to queue
[2026-09-12T20:25:07.049+0000] {logging_mixin.py:190} INFO - [2026-09-12T20:25:07.049+0000] {dagbag.py:587} INFO - Filling up the DagBag from /opt/airflow/dags/Shi_HW 3.py
[2026-09-12T20:25:07.081+0000] {processor.py:925} INFO - DAG(s) 'WeatherToronto_ETL' retrieved from /opt/airflow/dags/Shi_HW 3.py
[2026-09-12T20:25:07.105+0000] {logging_mixin.py:190} INFO - [2026-09-12T20:25:07.101+0000] {dag.py:3229} INFO - Sync 1 DAGs
[2026-09-12T20:25:07.125+0000] {logging_mixin.py:190} INFO - [2026-09-12T20:25:07.124+0000] {dag.py:4156} INFO - Setting next_dagrun for WeatherToronto_ETL to 2026-09-12 18:00:00+00:00, run_after=2026-09-13 18:00:00+00:00
[2026-09-12T20:25:07.136+0000] {processor.py:208} INFO - Processing /opt/airflow/dags/Shi_HW 3.py took 0.099 seconds
[2026-09-12T20:25:37.549+0000] {processor.py:186} INFO - Started process (PID=7513) to work on /opt/airflow/dags/Shi_HW 3.py
[2026-09-12T20:25:37.552+0000] {processor.py:914} INFO - Processing file /opt/airflow/dags/Shi_HW 3.py for tasks to queue
[2026-09-12T20:25:37.555+0000] {logging_mixin.py:190} INFO - [2026-09-12T20:25:37.554+0000] {dagbag.py:587} INFO - Filling up the DagBag from /opt/airflow/dags/Shi_HW 3.py
[2026-09-12T20:25:37.583+0000] {processor.py:925} INFO - DAG(s) 'WeatherToronto_ETL' retrieved from /opt/airflow/dags/Shi_HW 3.py
[2026-09-12T20:25:37.596+0000] {logging_mixin.py:190} INFO - [2026-09-12T20:25:37.595+0000] {dag.py:3229} INFO - Sync 1 DAGs
[2026-09-12T20:25:37.609+0000] {logging_mixin.py:190} INFO - [2026-09-12T20:25:37.609+0000] {dag.py:4156} INFO - Setting next_dagrun for WeatherToronto_ETL to 2026-09-12 18:00:00+00:00, run_after=2026-09-13 18:00:00+00:00
[2026-09-12T20:25:37.616+0000] {processor.py:208} INFO - Processing /opt/airflow/dags/Shi_HW 3.py took 0.082 seconds
[2026-09-12T20:26:08.020+0000] {processor.py:186} INFO - Started process (PID=7524) to work on /opt/airflow/dags/Shi_HW 3.py
[2026-09-12T20:26:08.022+0000] {processor.py:914} INFO - Processing file /opt/airflow/dags/Shi_HW 3.py for tasks to queue
[2026-09-12T20:26:08.023+0000] {logging_mixin.py:190} INFO - [2026-09-12T20:26:08.023+0000] {dagbag.py:587} INFO - Filling up the DagBag from /opt/airflow/dags/Shi_HW 3.py
[2026-09-12T20:26:08.044+0000] {processor.py:925} INFO - DAG(s) 'WeatherToronto_ETL' retrieved from /opt/airflow/dags/Shi_HW 3.py
[2026-09-12T20:26:08.053+0000] {logging_mixin.py:190} INFO - [2026-09-12T20:26:08.053+0000] {dag.py:3229} INFO - Sync 1 DAGs
[2026-09-12T20:26:08.064+0000] {logging_mixin.py:190} INFO - [2026-09-12T20:26:08.064+0000] {dag.py:4156} INFO - Setting next_dagrun for WeatherToronto_ETL to 2026-09-12 18:00:00+00:00, run_after=2026-09-13 18:00:00+00:00
[2026-09-12T20:26:08.070+0000] {processor.py:208} INFO - Processing /opt/airflow/dags/Shi_HW 3.py took 0.057 seconds
[2026-09-12T20:26:38.497+0000] {processor.py:186} INFO - Started process (PID=7535) to work on /opt/airflow/dags/Shi_HW 3.py
[2026-09-12T20:26:38.501+0000] {processor.py:914} INFO - Processing file /opt/airflow/dags/Shi_HW 3.py for tasks to queue
[2026-09-12T20:26:38.502+0000] {logging_mixin.py:190} INFO - [2026-09-12T20:26:38.502+0000] {dagbag.py:587} INFO - Filling up the DagBag from /opt/airflow/dags/Shi_HW 3.py
[2026-09-12T20:26:38.533+0000] {processor.py:925} INFO - DAG(s) 'WeatherToronto_ETL' retrieved from /opt/airflow/dags/Shi_HW 3.py
[2026-09-12T20:26:38.550+0000] {logging_mixin.py:190} INFO - [2026-09-12T20:26:38.548+0000] {dag.py:3229} INFO - Sync 1 DAGs
[2026-09-12T20:26:38.566+0000] {logging_mixin.py:190} INFO - [2026-09-12T20:26:38.566+0000] {dag.py:4156} INFO - Setting next_dagrun for WeatherToronto_ETL to 2026-09-12 18:00:00+00:00, run_after=2026-09-13 18:00:00+00:00
[2026-09-12T20:26:38.814+0000] {processor.py:208} INFO - Processing /opt/airflow/dags/Shi_HW 3.py took 0.329 seconds
[2026-09-12T20:27:08.937+0000] {processor.py:186} INFO - Started process (PID=7546) to work on /opt/airflow/dags/Shi_HW 3.py
[2026-09-12T20:27:08.941+0000] {processor.py:914} INFO - Processing file /opt/airflow/dags/Shi_HW 3.py for tasks to queue
[2026-09-12T20:27:08.942+0000] {logging_mixin.py:190} INFO - [2026-09-12T20:27:08.942+0000] {dagbag.py:587} INFO - Filling up the DagBag from /opt/airflow/dags/Shi_HW 3.py
[2026-09-12T20:27:08.973+0000] {processor.py:925} INFO - DAG(s) 'WeatherToronto_ETL' retrieved from /opt/airflow/dags/Shi_HW 3.py
[2026-09-12T20:27:08.994+0000] {logging_mixin.py:190} INFO - [2026-09-12T20:27:08.988+0000] {dag.py:3229} INFO - Sync 1 DAGs
[2026-09-12T20:27:09.199+0000] {logging_mixin.py:190} INFO - [2026-09-12T20:27:09.199+0000] {dag.py:4156} INFO - Setting next_dagrun for WeatherToronto_ETL to 2026-09-12 18:00:00+00:00, run_after=2026-09-13 18:00:00+00:00
[2026-09-12T20:27:09.205+0000] {processor.py:208} INFO - Processing /opt/airflow/dags/Shi_HW 3.py took 0.278 seconds
[2026-09-12T20:27:39.517+0000] {processor.py:186} INFO - Started process (PID=7557) to work on /opt/airflow/dags/Shi_HW 3.py
[2026-09-12T20:27:39.519+0000] {processor.py:914} INFO - Processing file /opt/airflow/dags/Shi_HW 3.py for tasks to queue
[2026-09-12T20:27:39.520+0000] {logging_mixin.py:190} INFO - [2026-09-12T20:27:39.520+0000] {dagbag.py:587} INFO - Filling up the DagBag from /opt/airflow/dags/Shi_HW 3.py
[2026-09-12T20:27:39.540+0000] {processor.py:925} INFO - DAG(s) 'WeatherToronto_ETL' retrieved from /opt/airflow/dags/Shi_HW 3.py
[2026-09-12T20:27:39.549+0000] {logging_mixin.py:190} INFO - [2026-09-12T20:27:39.548+0000] {dag.py:3229} INFO - Sync 1 DAGs
[2026-09-12T20:27:39.559+0000] {logging_mixin.py:190} INFO - [2026-09-12T20:27:39.559+0000] {dag.py:4156} INFO - Setting next_dagrun for WeatherToronto_ETL to 2026-09-12 18:00:00+00:00, run_after=2026-09-13 18:00:00+00:00
[2026-09-12T20:27:39.565+0000] {processor.py:208} INFO - Processing /opt/airflow/dags/Shi_HW 3.py took 0.054 seconds
[2026-09-12T20:28:09.999+0000] {processor.py:186} INFO - Started process (PID=7568) to work on /opt/airflow/dags/Shi_HW 3.py
[2026-09-12T20:28:10.001+0000] {processor.py:914} INFO - Processing file /opt/airflow/dags/Shi_HW 3.py for tasks to queue
[2026-09-12T20:28:10.002+0000] {logging_mixin.py:190} INFO - [2026-09-12T20:28:10.002+0000] {dagbag.py:587} INFO - Filling up the DagBag from /opt/airflow/dags/Shi_HW 3.py
[2026-09-12T20:28:10.027+0000] {processor.py:925} INFO - DAG(s) 'WeatherToronto_ETL' retrieved from /opt/airflow/dags/Shi_HW 3.py
[2026-09-12T20:28:10.039+0000] {logging_mixin.py:190} INFO - [2026-09-12T20:28:10.038+0000] {dag.py:3229} INFO - Sync 1 DAGs
[2026-09-12T20:28:10.051+0000] {logging_mixin.py:190} INFO - [2026-09-12T20:28:10.050+0000] {dag.py:4156} INFO - Setting next_dagrun for WeatherToronto_ETL to 2026-09-12 18:00:00+00:00, run_after=2026-09-13 18:00:00+00:00
[2026-09-12T20:28:10.057+0000] {processor.py:208} INFO - Processing /opt/airflow/dags/Shi_HW 3.py took 0.067 seconds
[2026-09-12T20:28:40.385+0000] {processor.py:186} INFO - Started process (PID=7579) to work on /opt/airflow/dags/Shi_HW 3.py
[2026-09-12T20:28:40.387+0000] {processor.py:914} INFO - Processing file /opt/airflow/dags/Shi_HW 3.py for tasks to queue
[2026-09-12T20:28:40.388+0000] {logging_mixin.py:190} INFO - [2026-09-12T20:28:40.388+0000] {dagbag.py:587} INFO - Filling up the DagBag from /opt/airflow/dags/Shi_HW 3.py
[2026-09-12T20:28:40.408+0000] {processor.py:925} INFO - DAG(s) 'WeatherToronto_ETL' retrieved from /opt/airflow/dags/Shi_HW 3.py
[2026-09-12T20:28:40.416+0000] {logging_mixin.py:190} INFO - [2026-09-12T20:28:40.416+0000] {dag.py:3229} INFO - Sync 1 DAGs
[2026-09-12T20:28:40.427+0000] {logging_mixin.py:190} INFO - [2026-09-12T20:28:40.426+0000] {dag.py:4156} INFO - Setting next_dagrun for WeatherToronto_ETL to 2026-09-12 18:00:00+00:00, run_after=2026-09-13 18:00:00+00:00
[2026-09-12T20:28:40.433+0000] {processor.py:208} INFO - Processing /opt/airflow/dags/Shi_HW 3.py took 0.054 seconds
[2026-09-12T20:29:10.810+0000] {processor.py:186} INFO - Started process (PID=7590) to work on /opt/airflow/dags/Shi_HW 3.py
[2026-09-12T20:29:10.814+0000] {processor.py:914} INFO - Processing file /opt/airflow/dags/Shi_HW 3.py for tasks to queue
[2026-09-12T20:29:10.815+0000] {logging_mixin.py:190} INFO - [2026-09-12T20:29:10.815+0000] {dagbag.py:587} INFO - Filling up the DagBag from /opt/airflow/dags/Shi_HW 3.py
[2026-09-12T20:29:10.834+0000] {processor.py:925} INFO - DAG(s) 'WeatherToronto_ETL' retrieved from /opt/airflow/dags/Shi_HW 3.py
[2026-09-12T20:29:10.842+0000] {logging_mixin.py:190} INFO - [2026-09-12T20:29:10.842+0000] {dag.py:3229} INFO - Sync 1 DAGs
[2026-09-12T20:29:10.853+0000] {logging_mixin.py:190} INFO - [2026-09-12T20:29:10.853+0000] {dag.py:4156} INFO - Setting next_dagrun for WeatherToronto_ETL to 2026-09-12 18:00:00+00:00, run_after=2026-09-13 18:00:00+00:00
[2026-09-12T20:29:10.859+0000] {processor.py:208} INFO - Processing /opt/airflow/dags/Shi_HW 3.py took 0.055 seconds
[2026-09-12T20:29:41.212+0000] {processor.py:186} INFO - Started process (PID=7601) to work on /opt/airflow/dags/Shi_HW 3.py
[2026-09-12T20:29:41.214+0000] {processor.py:914} INFO - Processing file /opt/airflow/dags/Shi_HW 3.py for tasks to queue
[2026-09-12T20:29:41.215+0000] {logging_mixin.py:190} INFO - [2026-09-12T20:29:41.215+0000] {dagbag.py:587} INFO - Filling up the DagBag from /opt/airflow/dags/Shi_HW 3.py
[2026-09-12T20:29:41.233+0000] {processor.py:925} INFO - DAG(s) 'WeatherToronto_ETL' retrieved from /opt/airflow/dags/Shi_HW 3.py
[2026-09-12T20:29:41.241+0000] {logging_mixin.py:190} INFO - [2026-09-12T20:29:41.241+0000] {dag.py:3229} INFO - Sync 1 DAGs
[2026-09-12T20:29:41.391+0000] {logging_mixin.py:190} INFO - [2026-09-12T20:29:41.391+0000] {dag.py:4156} INFO - Setting next_dagrun for WeatherToronto_ETL to 2026-09-12 18:00:00+00:00, run_after=2026-09-13 18:00:00+00:00
[2026-09-12T20:29:41.397+0000] {processor.py:208} INFO - Processing /opt/airflow/dags/Shi_HW 3.py took 0.191 seconds
[2026-09-12T20:30:11.627+0000] {processor.py:186} INFO - Started process (PID=7612) to work on /opt/airflow/dags/Shi_HW 3.py
[2026-09-12T20:30:11.629+0000] {processor.py:914} INFO - Processing file /opt/airflow/dags/Shi_HW 3.py for tasks to queue
[2026-09-12T20:30:11.631+0000] {logging_mixin.py:190} INFO - [2026-09-12T20:30:11.630+0000] {dagbag.py:587} INFO - Filling up the DagBag from /opt/airflow/dags/Shi_HW 3.py
[2026-09-12T20:30:11.657+0000] {processor.py:925} INFO - DAG(s) 'WeatherToronto_ETL' retrieved from /opt/airflow/dags/Shi_HW 3.py
[2026-09-12T20:30:11.670+0000] {logging_mixin.py:190} INFO - [2026-09-12T20:30:11.668+0000] {dag.py:3229} INFO - Sync 1 DAGs
[2026-09-12T20:30:11.681+0000] {logging_mixin.py:190} INFO - [2026-09-12T20:30:11.681+0000] {dag.py:4156} INFO - Setting next_dagrun for WeatherToronto_ETL to 2026-09-12 18:00:00+00:00, run_after=2026-09-13 18:00:00+00:00
[2026-09-12T20:30:11.688+0000] {processor.py:208} INFO - Processing /opt/airflow/dags/Shi_HW 3.py took 0.069 seconds
[2026-09-12T20:30:42.009+0000] {processor.py:186} INFO - Started process (PID=7623) to work on /opt/airflow/dags/Shi_HW 3.py
[2026-09-12T20:30:42.011+0000] {processor.py:914} INFO - Processing file /opt/airflow/dags/Shi_HW 3.py for tasks to queue
[2026-09-12T20:30:42.012+0000] {logging_mixin.py:190} INFO - [2026-09-12T20:30:42.012+0000] {dagbag.py:587} INFO - Filling up the DagBag from /opt/airflow/dags/Shi_HW 3.py
[2026-09-12T20:30:42.031+0000] {processor.py:925} INFO - DAG(s) 'WeatherToronto_ETL' retrieved from /opt/airflow/dags/Shi_HW 3.py
[2026-09-12T20:30:42.040+0000] {logging_mixin.py:190} INFO - [2026-09-12T20:30:42.039+0000] {dag.py:3229} INFO - Sync 1 DAGs
[2026-09-12T20:30:42.053+0000] {logging_mixin.py:190} INFO - [2026-09-12T20:30:42.053+0000] {dag.py:4156} INFO - Setting next_dagrun for WeatherToronto_ETL to 2026-09-12 18:00:00+00:00, run_after=2026-09-13 18:00:00+00:00
[2026-09-12T20:30:42.059+0000] {processor.py:208} INFO - Processing /opt/airflow/dags/Shi_HW 3.py took 0.057 seconds
[2026-09-12T20:31:12.482+0000] {processor.py:186} INFO - Started process (PID=7634) to work on /opt/airflow/dags/Shi_HW 3.py
[2026-09-12T20:31:12.485+0000] {processor.py:914} INFO - Processing file /opt/airflow/dags/Shi_HW 3.py for tasks to queue
[2026-09-12T20:31:12.486+0000] {logging_mixin.py:190} INFO - [2026-09-12T20:31:12.486+0000] {dagbag.py:587} INFO - Filling up the DagBag from /opt/airflow/dags/Shi_HW 3.py
[2026-09-12T20:31:12.514+0000] {processor.py:925} INFO - DAG(s) 'WeatherToronto_ETL' retrieved from /opt/airflow/dags/Shi_HW 3.py
[2026-09-12T20:31:12.530+0000] {logging_mixin.py:190} INFO - [2026-09-12T20:31:12.528+0000] {dag.py:3229} INFO - Sync 1 DAGs
[2026-09-12T20:31:12.544+0000] {logging_mixin.py:190} INFO - [2026-09-12T20:31:12.544+0000] {dag.py:4156} INFO - Setting next_dagrun for WeatherToronto_ETL to 2026-09-12 18:00:00+00:00, run_after=2026-09-13 18:00:00+00:00
[2026-09-12T20:31:12.553+0000] {processor.py:208} INFO - Processing /opt/airflow/dags/Shi_HW 3.py took 0.077 seconds
[2026-09-12T20:31:42.883+0000] {processor.py:186} INFO - Started process (PID=7645) to work on /opt/airflow/dags/Shi_HW 3.py
[2026-09-12T20:31:42.885+0000] {processor.py:914} INFO - Processing file /opt/airflow/dags/Shi_HW 3.py for tasks to queue
[2026-09-12T20:31:42.886+0000] {logging_mixin.py:190} INFO - [2026-09-12T20:31:42.886+0000] {dagbag.py:587} INFO - Filling up the DagBag from /opt/airflow/dags/Shi_HW 3.py
[2026-09-12T20:31:42.906+0000] {processor.py:925} INFO - DAG(s) 'WeatherToronto_ETL' retrieved from /opt/airflow/dags/Shi_HW 3.py
[2026-09-12T20:31:42.914+0000] {logging_mixin.py:190} INFO - [2026-09-12T20:31:42.913+0000] {dag.py:3229} INFO - Sync 1 DAGs
[2026-09-12T20:31:42.924+0000] {logging_mixin.py:190} INFO - [2026-09-12T20:31:42.924+0000] {dag.py:4156} INFO - Setting next_dagrun for WeatherToronto_ETL to 2026-09-12 18:00:00+00:00, run_after=2026-09-13 18:00:00+00:00
[2026-09-12T20:31:43.070+0000] {processor.py:208} INFO - Processing /opt/airflow/dags/Shi_HW 3.py took 0.195 seconds
[2026-09-12T20:32:13.328+0000] {processor.py:186} INFO - Started process (PID=7656) to work on /opt/airflow/dags/Shi_HW 3.py
[2026-09-12T20:32:13.331+0000] {processor.py:914} INFO - Processing file /opt/airflow/dags/Shi_HW 3.py for tasks to queue
[2026-09-12T20:32:13.332+0000] {logging_mixin.py:190} INFO - [2026-09-12T20:32:13.332+0000] {dagbag.py:587} INFO - Filling up the DagBag from /opt/airflow/dags/Shi_HW 3.py
[2026-09-12T20:32:13.371+0000] {processor.py:925} INFO - DAG(s) 'WeatherToronto_ETL' retrieved from /opt/airflow/dags/Shi_HW 3.py
[2026-09-12T20:32:13.389+0000] {logging_mixin.py:190} INFO - [2026-09-12T20:32:13.388+0000] {dag.py:3229} INFO - Sync 1 DAGs
[2026-09-12T20:32:13.540+0000] {logging_mixin.py:190} INFO - [2026-09-12T20:32:13.540+0000] {dag.py:4156} INFO - Setting next_dagrun for WeatherToronto_ETL to 2026-09-12 18:00:00+00:00, run_after=2026-09-13 18:00:00+00:00
[2026-09-12T20:32:13.546+0000] {processor.py:208} INFO - Processing /opt/airflow/dags/Shi_HW 3.py took 0.238 seconds
[2026-09-12T20:32:43.761+0000] {processor.py:186} INFO - Started process (PID=7667) to work on /opt/airflow/dags/Shi_HW 3.py
[2026-09-12T20:32:43.764+0000] {processor.py:914} INFO - Processing file /opt/airflow/dags/Shi_HW 3.py for tasks to queue
[2026-09-12T20:32:43.765+0000] {logging_mixin.py:190} INFO - [2026-09-12T20:32:43.765+0000] {dagbag.py:587} INFO - Filling up the DagBag from /opt/airflow/dags/Shi_HW 3.py
[2026-09-12T20:32:43.797+0000] {processor.py:925} INFO - DAG(s) 'WeatherToronto_ETL' retrieved from /opt/airflow/dags/Shi_HW 3.py
[2026-09-12T20:32:43.810+0000] {logging_mixin.py:190} INFO - [2026-09-12T20:32:43.809+0000] {dag.py:3229} INFO - Sync 1 DAGs
[2026-09-12T20:32:43.821+0000] {logging_mixin.py:190} INFO - [2026-09-12T20:32:43.821+0000] {dag.py:4156} INFO - Setting next_dagrun for WeatherToronto_ETL to 2026-09-12 18:00:00+00:00, run_after=2026-09-13 18:00:00+00:00
[2026-09-12T20:32:43.833+0000] {processor.py:208} INFO - Processing /opt/airflow/dags/Shi_HW 3.py took 0.078 seconds
[2026-09-12T20:33:14.222+0000] {processor.py:186} INFO - Started process (PID=7678) to work on /opt/airflow/dags/Shi_HW 3.py
[2026-09-12T20:33:14.225+0000] {processor.py:914} INFO - Processing file /opt/airflow/dags/Shi_HW 3.py for tasks to queue
[2026-09-12T20:33:14.226+0000] {logging_mixin.py:190} INFO - [2026-09-12T20:33:14.226+0000] {dagbag.py:587} INFO - Filling up the DagBag from /opt/airflow/dags/Shi_HW 3.py
[2026-09-12T20:33:14.271+0000] {processor.py:925} INFO - DAG(s) 'WeatherToronto_ETL' retrieved from /opt/airflow/dags/Shi_HW 3.py
[2026-09-12T20:33:14.298+0000] {logging_mixin.py:190} INFO - [2026-09-12T20:33:14.296+0000] {dag.py:3229} INFO - Sync 1 DAGs
[2026-09-12T20:33:14.318+0000] {logging_mixin.py:190} INFO - [2026-09-12T20:33:14.317+0000] {dag.py:4156} INFO - Setting next_dagrun for WeatherToronto_ETL to 2026-09-12 18:00:00+00:00, run_after=2026-09-13 18:00:00+00:00
[2026-09-12T20:33:14.327+0000] {processor.py:208} INFO - Processing /opt/airflow/dags/Shi_HW 3.py took 0.117 seconds
[2026-09-12T20:33:44.622+0000] {processor.py:186} INFO - Started process (PID=7689) to work on /opt/airflow/dags/Shi_HW 3.py
[2026-09-12T20:33:44.624+0000] {processor.py:914} INFO - Processing file /opt/airflow/dags/Shi_HW 3.py for tasks to queue
[2026-09-12T20:33:44.626+0000] {logging_mixin.py:190} INFO - [2026-09-12T20:33:44.625+0000] {dagbag.py:587} INFO - Filling up the DagBag from /opt/airflow/dags/Shi_HW 3.py
[2026-09-12T20:33:44.681+0000] {processor.py:925} INFO - DAG(s) 'WeatherToronto_ETL' retrieved from /opt/airflow/dags/Shi_HW 3.py
[2026-09-12T20:33:44.714+0000] {logging_mixin.py:190} INFO - [2026-09-12T20:33:44.711+0000] {dag.py:3229} INFO - Sync 1 DAGs
[2026-09-12T20:33:44.748+0000] {logging_mixin.py:190} INFO - [2026-09-12T20:33:44.748+0000] {dag.py:4156} INFO - Setting next_dagrun for WeatherToronto_ETL to 2026-09-12 18:00:00+00:00, run_after=2026-09-13 18:00:00+00:00
[2026-09-12T20:33:44.761+0000] {processor.py:208} INFO - Processing /opt/airflow/dags/Shi_HW 3.py took 0.150 seconds
[2026-09-12T20:34:15.136+0000] {processor.py:186} INFO - Started process (PID=7700) to work on /opt/airflow/dags/Shi_HW 3.py
[2026-09-12T20:34:15.138+0000] {processor.py:914} INFO - Processing file /opt/airflow/dags/Shi_HW 3.py for tasks to queue
[2026-09-12T20:34:15.139+0000] {logging_mixin.py:190} INFO - [2026-09-12T20:34:15.139+0000] {dagbag.py:587} INFO - Filling up the DagBag from /opt/airflow/dags/Shi_HW 3.py
[2026-09-12T20:34:15.183+0000] {processor.py:925} INFO - DAG(s) 'WeatherToronto_ETL' retrieved from /opt/airflow/dags/Shi_HW 3.py
[2026-09-12T20:34:15.200+0000] {logging_mixin.py:190} INFO - [2026-09-12T20:34:15.198+0000] {dag.py:3229} INFO - Sync 1 DAGs
[2026-09-12T20:34:15.216+0000] {logging_mixin.py:190} INFO - [2026-09-12T20:34:15.216+0000] {dag.py:4156} INFO - Setting next_dagrun for WeatherToronto_ETL to 2026-09-12 18:00:00+00:00, run_after=2026-09-13 18:00:00+00:00
[2026-09-12T20:34:15.225+0000] {processor.py:208} INFO - Processing /opt/airflow/dags/Shi_HW 3.py took 0.100 seconds
[2026-09-12T20:34:45.548+0000] {processor.py:186} INFO - Started process (PID=7711) to work on /opt/airflow/dags/Shi_HW 3.py
[2026-09-12T20:34:45.550+0000] {processor.py:914} INFO - Processing file /opt/airflow/dags/Shi_HW 3.py for tasks to queue
[2026-09-12T20:34:45.552+0000] {logging_mixin.py:190} INFO - [2026-09-12T20:34:45.551+0000] {dagbag.py:587} INFO - Filling up the DagBag from /opt/airflow/dags/Shi_HW 3.py
[2026-09-12T20:34:45.584+0000] {processor.py:925} INFO - DAG(s) 'WeatherToronto_ETL' retrieved from /opt/airflow/dags/Shi_HW 3.py
[2026-09-12T20:34:45.605+0000] {logging_mixin.py:190} INFO - [2026-09-12T20:34:45.604+0000] {dag.py:3229} INFO - Sync 1 DAGs
[2026-09-12T20:34:45.813+0000] {logging_mixin.py:190} INFO - [2026-09-12T20:34:45.813+0000] {dag.py:4156} INFO - Setting next_dagrun for WeatherToronto_ETL to 2026-09-12 18:00:00+00:00, run_after=2026-09-13 18:00:00+00:00
[2026-09-12T20:34:45.819+0000] {processor.py:208} INFO - Processing /opt/airflow/dags/Shi_HW 3.py took 0.280 seconds
[2026-09-12T20:35:15.907+0000] {processor.py:186} INFO - Started process (PID=7722) to work on /opt/airflow/dags/Shi_HW 3.py
[2026-09-12T20:35:15.910+0000] {processor.py:914} INFO - Processing file /opt/airflow/dags/Shi_HW 3.py for tasks to queue
[2026-09-12T20:35:15.911+0000] {logging_mixin.py:190} INFO - [2026-09-12T20:35:15.911+0000] {dagbag.py:587} INFO - Filling up the DagBag from /opt/airflow/dags/Shi_HW 3.py
[2026-09-12T20:35:15.948+0000] {processor.py:925} INFO - DAG(s) 'WeatherToronto_ETL' retrieved from /opt/airflow/dags/Shi_HW 3.py
[2026-09-12T20:35:15.962+0000] {logging_mixin.py:190} INFO - [2026-09-12T20:35:15.961+0000] {dag.py:3229} INFO - Sync 1 DAGs
[2026-09-12T20:35:15.979+0000] {logging_mixin.py:190} INFO - [2026-09-12T20:35:15.979+0000] {dag.py:4156} INFO - Setting next_dagrun for WeatherToronto_ETL to 2026-09-12 18:00:00+00:00, run_after=2026-09-13 18:00:00+00:00
[2026-09-12T20:35:15.987+0000] {processor.py:208} INFO - Processing /opt/airflow/dags/Shi_HW 3.py took 0.091 seconds
[2026-09-12T20:35:46.335+0000] {processor.py:186} INFO - Started process (PID=7733) to work on /opt/airflow/dags/Shi_HW 3.py
[2026-09-12T20:35:46.338+0000] {processor.py:914} INFO - Processing file /opt/airflow/dags/Shi_HW 3.py for tasks to queue
[2026-09-12T20:35:46.339+0000] {logging_mixin.py:190} INFO - [2026-09-12T20:35:46.338+0000] {dagbag.py:587} INFO - Filling up the DagBag from /opt/airflow/dags/Shi_HW 3.py
[2026-09-12T20:35:46.371+0000] {processor.py:925} INFO - DAG(s) 'WeatherToronto_ETL' retrieved from /opt/airflow/dags/Shi_HW 3.py
[2026-09-12T20:35:46.391+0000] {logging_mixin.py:190} INFO - [2026-09-12T20:35:46.389+0000] {dag.py:3229} INFO - Sync 1 DAGs
[2026-09-12T20:35:46.405+0000] {logging_mixin.py:190} INFO - [2026-09-12T20:35:46.405+0000] {dag.py:4156} INFO - Setting next_dagrun for WeatherToronto_ETL to 2026-09-12 18:00:00+00:00, run_after=2026-09-13 18:00:00+00:00
[2026-09-12T20:35:46.413+0000] {processor.py:208} INFO - Processing /opt/airflow/dags/Shi_HW 3.py took 0.089 seconds
[2026-09-12T20:36:16.761+0000] {processor.py:186} INFO - Started process (PID=7744) to work on /opt/airflow/dags/Shi_HW 3.py
[2026-09-12T20:36:16.763+0000] {processor.py:914} INFO - Processing file /opt/airflow/dags/Shi_HW 3.py for tasks to queue
[2026-09-12T20:36:16.764+0000] {logging_mixin.py:190} INFO - [2026-09-12T20:36:16.764+0000] {dagbag.py:587} INFO - Filling up the DagBag from /opt/airflow/dags/Shi_HW 3.py
[2026-09-12T20:36:16.793+0000] {processor.py:925} INFO - DAG(s) 'WeatherToronto_ETL' retrieved from /opt/airflow/dags/Shi_HW 3.py
[2026-09-12T20:36:16.808+0000] {logging_mixin.py:190} INFO - [2026-09-12T20:36:16.806+0000] {dag.py:3229} INFO - Sync 1 DAGs
[2026-09-12T20:36:16.822+0000] {logging_mixin.py:190} INFO - [2026-09-12T20:36:16.821+0000] {dag.py:4156} INFO - Setting next_dagrun for WeatherToronto_ETL to 2026-09-12 18:00:00+00:00, run_after=2026-09-13 18:00:00+00:00
[2026-09-12T20:36:16.830+0000] {processor.py:208} INFO - Processing /opt/airflow/dags/Shi_HW 3.py took 0.076 seconds
[2026-09-12T20:36:47.148+0000] {processor.py:186} INFO - Started process (PID=7755) to work on /opt/airflow/dags/Shi_HW 3.py
[2026-09-12T20:36:47.152+0000] {processor.py:914} INFO - Processing file /opt/airflow/dags/Shi_HW 3.py for tasks to queue
[2026-09-12T20:36:47.153+0000] {logging_mixin.py:190} INFO - [2026-09-12T20:36:47.153+0000] {dagbag.py:587} INFO - Filling up the DagBag from /opt/airflow/dags/Shi_HW 3.py
[2026-09-12T20:36:47.174+0000] {processor.py:925} INFO - DAG(s) 'WeatherToronto_ETL' retrieved from /opt/airflow/dags/Shi_HW 3.py
[2026-09-12T20:36:47.183+0000] {logging_mixin.py:190} INFO - [2026-09-12T20:36:47.183+0000] {dag.py:3229} INFO - Sync 1 DAGs
[2026-09-12T20:36:47.195+0000] {logging_mixin.py:190} INFO - [2026-09-12T20:36:47.195+0000] {dag.py:4156} INFO - Setting next_dagrun for WeatherToronto_ETL to 2026-09-12 18:00:00+00:00, run_after=2026-09-13 18:00:00+00:00
[2026-09-12T20:36:47.428+0000] {processor.py:208} INFO - Processing /opt/airflow/dags/Shi_HW 3.py took 0.286 seconds
[2026-09-12T20:37:17.624+0000] {processor.py:186} INFO - Started process (PID=7766) to work on /opt/airflow/dags/Shi_HW 3.py
[2026-09-12T20:37:17.628+0000] {processor.py:914} INFO - Processing file /opt/airflow/dags/Shi_HW 3.py for tasks to queue
[2026-09-12T20:37:17.629+0000] {logging_mixin.py:190} INFO - [2026-09-12T20:37:17.629+0000] {dagbag.py:587} INFO - Filling up the DagBag from /opt/airflow/dags/Shi_HW 3.py
[2026-09-12T20:37:17.659+0000] {processor.py:925} INFO - DAG(s) 'WeatherToronto_ETL' retrieved from /opt/airflow/dags/Shi_HW 3.py
[2026-09-12T20:37:17.675+0000] {logging_mixin.py:190} INFO - [2026-09-12T20:37:17.674+0000] {dag.py:3229} INFO - Sync 1 DAGs
[2026-09-12T20:37:17.830+0000] {logging_mixin.py:190} INFO - [2026-09-12T20:37:17.830+0000] {dag.py:4156} INFO - Setting next_dagrun for WeatherToronto_ETL to 2026-09-12 18:00:00+00:00, run_after=2026-09-13 18:00:00+00:00
[2026-09-12T20:37:17.837+0000] {processor.py:208} INFO - Processing /opt/airflow/dags/Shi_HW 3.py took 0.224 seconds
[2026-09-12T20:37:48.189+0000] {processor.py:186} INFO - Started process (PID=7777) to work on /opt/airflow/dags/Shi_HW 3.py
[2026-09-12T20:37:48.192+0000] {processor.py:914} INFO - Processing file /opt/airflow/dags/Shi_HW 3.py for tasks to queue
[2026-09-12T20:37:48.193+0000] {logging_mixin.py:190} INFO - [2026-09-12T20:37:48.193+0000] {dagbag.py:587} INFO - Filling up the DagBag from /opt/airflow/dags/Shi_HW 3.py
[2026-09-12T20:37:48.235+0000] {processor.py:925} INFO - DAG(s) 'WeatherToronto_ETL' retrieved from /opt/airflow/dags/Shi_HW 3.py
[2026-09-12T20:37:48.260+0000] {logging_mixin.py:190} INFO - [2026-09-12T20:37:48.258+0000] {dag.py:3229} INFO - Sync 1 DAGs
[2026-09-12T20:37:48.277+0000] {logging_mixin.py:190} INFO - [2026-09-12T20:37:48.277+0000] {dag.py:4156} INFO - Setting next_dagrun for WeatherToronto_ETL to 2026-09-12 18:00:00+00:00, run_after=2026-09-13 18:00:00+00:00
[2026-09-12T20:37:48.288+0000] {processor.py:208} INFO - Processing /opt/airflow/dags/Shi_HW 3.py took 0.112 seconds
[2026-09-12T20:38:18.700+0000] {processor.py:186} INFO - Started process (PID=7788) to work on /opt/airflow/dags/Shi_HW 3.py
[2026-09-12T20:38:18.703+0000] {processor.py:914} INFO - Processing file /opt/airflow/dags/Shi_HW 3.py for tasks to queue
[2026-09-12T20:38:18.706+0000] {logging_mixin.py:190} INFO - [2026-09-12T20:38:18.705+0000] {dagbag.py:587} INFO - Filling up the DagBag from /opt/airflow/dags/Shi_HW 3.py
[2026-09-12T20:38:18.744+0000] {processor.py:925} INFO - DAG(s) 'WeatherToronto_ETL' retrieved from /opt/airflow/dags/Shi_HW 3.py
[2026-09-12T20:38:18.761+0000] {logging_mixin.py:190} INFO - [2026-09-12T20:38:18.759+0000] {dag.py:3229} INFO - Sync 1 DAGs
[2026-09-12T20:38:18.778+0000] {logging_mixin.py:190} INFO - [2026-09-12T20:38:18.778+0000] {dag.py:4156} INFO - Setting next_dagrun for WeatherToronto_ETL to 2026-09-12 18:00:00+00:00, run_after=2026-09-13 18:00:00+00:00
[2026-09-12T20:38:18.786+0000] {processor.py:208} INFO - Processing /opt/airflow/dags/Shi_HW 3.py took 0.094 seconds
[2026-09-12T20:38:49.171+0000] {processor.py:186} INFO - Started process (PID=7799) to work on /opt/airflow/dags/Shi_HW 3.py
[2026-09-12T20:38:49.175+0000] {processor.py:914} INFO - Processing file /opt/airflow/dags/Shi_HW 3.py for tasks to queue
[2026-09-12T20:38:49.176+0000] {logging_mixin.py:190} INFO - [2026-09-12T20:38:49.176+0000] {dagbag.py:587} INFO - Filling up the DagBag from /opt/airflow/dags/Shi_HW 3.py
[2026-09-12T20:38:49.203+0000] {processor.py:925} INFO - DAG(s) 'WeatherToronto_ETL' retrieved from /opt/airflow/dags/Shi_HW 3.py
[2026-09-12T20:38:49.216+0000] {logging_mixin.py:190} INFO - [2026-09-12T20:38:49.214+0000] {dag.py:3229} INFO - Sync 1 DAGs
[2026-09-12T20:38:49.229+0000] {logging_mixin.py:190} INFO - [2026-09-12T20:38:49.229+0000] {dag.py:4156} INFO - Setting next_dagrun for WeatherToronto_ETL to 2026-09-12 18:00:00+00:00, run_after=2026-09-13 18:00:00+00:00
[2026-09-12T20:38:49.237+0000] {processor.py:208} INFO - Processing /opt/airflow/dags/Shi_HW 3.py took 0.074 seconds
[2026-09-12T20:39:19.552+0000] {processor.py:186} INFO - Started process (PID=7810) to work on /opt/airflow/dags/Shi_HW 3.py
[2026-09-12T20:39:19.555+0000] {processor.py:914} INFO - Processing file /opt/airflow/dags/Shi_HW 3.py for tasks to queue
[2026-09-12T20:39:19.556+0000] {logging_mixin.py:190} INFO - [2026-09-12T20:39:19.555+0000] {dagbag.py:587} INFO - Filling up the DagBag from /opt/airflow/dags/Shi_HW 3.py
[2026-09-12T20:39:19.574+0000] {processor.py:925} INFO - DAG(s) 'WeatherToronto_ETL' retrieved from /opt/airflow/dags/Shi_HW 3.py
[2026-09-12T20:39:19.584+0000] {logging_mixin.py:190} INFO - [2026-09-12T20:39:19.583+0000] {dag.py:3229} INFO - Sync 1 DAGs
[2026-09-12T20:39:19.596+0000] {logging_mixin.py:190} INFO - [2026-09-12T20:39:19.596+0000] {dag.py:4156} INFO - Setting next_dagrun for WeatherToronto_ETL to 2026-09-12 18:00:00+00:00, run_after=2026-09-13 18:00:00+00:00
[2026-09-12T20:39:19.603+0000] {processor.py:208} INFO - Processing /opt/airflow/dags/Shi_HW 3.py took 0.058 seconds
[2026-09-12T20:39:49.939+0000] {processor.py:186} INFO - Started process (PID=7821) to work on /opt/airflow/dags/Shi_HW 3.py
[2026-09-12T20:39:49.943+0000] {processor.py:914} INFO - Processing file /opt/airflow/dags/Shi_HW 3.py for tasks to queue
[2026-09-12T20:39:49.944+0000] {logging_mixin.py:190} INFO - [2026-09-12T20:39:49.944+0000] {dagbag.py:587} INFO - Filling up the DagBag from /opt/airflow/dags/Shi_HW 3.py
[2026-09-12T20:39:49.980+0000] {processor.py:925} INFO - DAG(s) 'WeatherToronto_ETL' retrieved from /opt/airflow/dags/Shi_HW 3.py
[2026-09-12T20:39:49.999+0000] {logging_mixin.py:190} INFO - [2026-09-12T20:39:49.992+0000] {dag.py:3229} INFO - Sync 1 DAGs
[2026-09-12T20:39:50.220+0000] {logging_mixin.py:190} INFO - [2026-09-12T20:39:50.220+0000] {dag.py:4156} INFO - Setting next_dagrun for WeatherToronto_ETL to 2026-09-12 18:00:00+00:00, run_after=2026-09-13 18:00:00+00:00
[2026-09-12T20:39:50.226+0000] {processor.py:208} INFO - Processing /opt/airflow/dags/Shi_HW 3.py took 0.296 seconds
[2026-09-12T20:40:20.359+0000] {processor.py:186} INFO - Started process (PID=7832) to work on /opt/airflow/dags/Shi_HW 3.py
[2026-09-12T20:40:20.361+0000] {processor.py:914} INFO - Processing file /opt/airflow/dags/Shi_HW 3.py for tasks to queue
[2026-09-12T20:40:20.362+0000] {logging_mixin.py:190} INFO - [2026-09-12T20:40:20.362+0000] {dagbag.py:587} INFO - Filling up the DagBag from /opt/airflow/dags/Shi_HW 3.py
[2026-09-12T20:40:20.380+0000] {processor.py:925} INFO - DAG(s) 'WeatherToronto_ETL' retrieved from /opt/airflow/dags/Shi_HW 3.py
[2026-09-12T20:40:20.390+0000] {logging_mixin.py:190} INFO - [2026-09-12T20:40:20.389+0000] {dag.py:3229} INFO - Sync 1 DAGs
[2026-09-12T20:40:20.400+0000] {logging_mixin.py:190} INFO - [2026-09-12T20:40:20.399+0000] {dag.py:4156} INFO - Setting next_dagrun for WeatherToronto_ETL to 2026-09-12 18:00:00+00:00, run_after=2026-09-13 18:00:00+00:00
[2026-09-12T20:40:20.406+0000] {processor.py:208} INFO - Processing /opt/airflow/dags/Shi_HW 3.py took 0.058 seconds
[2026-09-12T20:40:50.755+0000] {processor.py:186} INFO - Started process (PID=7843) to work on /opt/airflow/dags/Shi_HW 3.py
[2026-09-12T20:40:50.762+0000] {processor.py:914} INFO - Processing file /opt/airflow/dags/Shi_HW 3.py for tasks to queue
[2026-09-12T20:40:50.763+0000] {logging_mixin.py:190} INFO - [2026-09-12T20:40:50.763+0000] {dagbag.py:587} INFO - Filling up the DagBag from /opt/airflow/dags/Shi_HW 3.py
[2026-09-12T20:40:50.797+0000] {processor.py:925} INFO - DAG(s) 'WeatherToronto_ETL' retrieved from /opt/airflow/dags/Shi_HW 3.py
[2026-09-12T20:40:50.816+0000] {logging_mixin.py:190} INFO - [2026-09-12T20:40:50.814+0000] {dag.py:3229} INFO - Sync 1 DAGs
[2026-09-12T20:40:50.839+0000] {logging_mixin.py:190} INFO - [2026-09-12T20:40:50.839+0000] {dag.py:4156} INFO - Setting next_dagrun for WeatherToronto_ETL to 2026-09-12 18:00:00+00:00, run_after=2026-09-13 18:00:00+00:00
[2026-09-12T20:40:50.847+0000] {processor.py:208} INFO - Processing /opt/airflow/dags/Shi_HW 3.py took 0.103 seconds
[2026-09-12T20:41:21.213+0000] {processor.py:186} INFO - Started process (PID=7854) to work on /opt/airflow/dags/Shi_HW 3.py
[2026-09-12T20:41:21.216+0000] {processor.py:914} INFO - Processing file /opt/airflow/dags/Shi_HW 3.py for tasks to queue
[2026-09-12T20:41:21.218+0000] {logging_mixin.py:190} INFO - [2026-09-12T20:41:21.217+0000] {dagbag.py:587} INFO - Filling up the DagBag from /opt/airflow/dags/Shi_HW 3.py
[2026-09-12T20:41:21.245+0000] {processor.py:925} INFO - DAG(s) 'WeatherToronto_ETL' retrieved from /opt/airflow/dags/Shi_HW 3.py
[2026-09-12T20:41:21.261+0000] {logging_mixin.py:190} INFO - [2026-09-12T20:41:21.259+0000] {dag.py:3229} INFO - Sync 1 DAGs
[2026-09-12T20:41:21.278+0000] {logging_mixin.py:190} INFO - [2026-09-12T20:41:21.278+0000] {dag.py:4156} INFO - Setting next_dagrun for WeatherToronto_ETL to 2026-09-12 18:00:00+00:00, run_after=2026-09-13 18:00:00+00:00
[2026-09-12T20:41:21.294+0000] {processor.py:208} INFO - Processing /opt/airflow/dags/Shi_HW 3.py took 0.089 seconds
[2026-09-12T20:41:51.551+0000] {processor.py:186} INFO - Started process (PID=7865) to work on /opt/airflow/dags/Shi_HW 3.py
[2026-09-12T20:41:51.554+0000] {processor.py:914} INFO - Processing file /opt/airflow/dags/Shi_HW 3.py for tasks to queue
[2026-09-12T20:41:51.555+0000] {logging_mixin.py:190} INFO - [2026-09-12T20:41:51.555+0000] {dagbag.py:587} INFO - Filling up the DagBag from /opt/airflow/dags/Shi_HW 3.py
[2026-09-12T20:41:51.575+0000] {processor.py:925} INFO - DAG(s) 'WeatherToronto_ETL' retrieved from /opt/airflow/dags/Shi_HW 3.py
[2026-09-12T20:41:51.583+0000] {logging_mixin.py:190} INFO - [2026-09-12T20:41:51.582+0000] {dag.py:3229} INFO - Sync 1 DAGs
[2026-09-12T20:41:51.594+0000] {logging_mixin.py:190} INFO - [2026-09-12T20:41:51.594+0000] {dag.py:4156} INFO - Setting next_dagrun for WeatherToronto_ETL to 2026-09-12 18:00:00+00:00, run_after=2026-09-13 18:00:00+00:00
[2026-09-12T20:41:51.758+0000] {processor.py:208} INFO - Processing /opt/airflow/dags/Shi_HW 3.py took 0.216 seconds
[2026-09-12T20:42:21.999+0000] {processor.py:186} INFO - Started process (PID=7876) to work on /opt/airflow/dags/Shi_HW 3.py
[2026-09-12T20:42:22.004+0000] {processor.py:914} INFO - Processing file /opt/airflow/dags/Shi_HW 3.py for tasks to queue
[2026-09-12T20:42:22.005+0000] {logging_mixin.py:190} INFO - [2026-09-12T20:42:22.004+0000] {dagbag.py:587} INFO - Filling up the DagBag from /opt/airflow/dags/Shi_HW 3.py
[2026-09-12T20:42:22.032+0000] {processor.py:925} INFO - DAG(s) 'WeatherToronto_ETL' retrieved from /opt/airflow/dags/Shi_HW 3.py
[2026-09-12T20:42:22.046+0000] {logging_mixin.py:190} INFO - [2026-09-12T20:42:22.045+0000] {dag.py:3229} INFO - Sync 1 DAGs
[2026-09-12T20:42:22.185+0000] {logging_mixin.py:190} INFO - [2026-09-12T20:42:22.185+0000] {dag.py:4156} INFO - Setting next_dagrun for WeatherToronto_ETL to 2026-09-12 18:00:00+00:00, run_after=2026-09-13 18:00:00+00:00
[2026-09-12T20:42:22.190+0000] {processor.py:208} INFO - Processing /opt/airflow/dags/Shi_HW 3.py took 0.203 seconds
[2026-09-12T20:42:52.391+0000] {processor.py:186} INFO - Started process (PID=7887) to work on /opt/airflow/dags/Shi_HW 3.py
[2026-09-12T20:42:52.395+0000] {processor.py:914} INFO - Processing file /opt/airflow/dags/Shi_HW 3.py for tasks to queue
[2026-09-12T20:42:52.396+0000] {logging_mixin.py:190} INFO - [2026-09-12T20:42:52.395+0000] {dagbag.py:587} INFO - Filling up the DagBag from /opt/airflow/dags/Shi_HW 3.py
[2026-09-12T20:42:52.415+0000] {processor.py:925} INFO - DAG(s) 'WeatherToronto_ETL' retrieved from /opt/airflow/dags/Shi_HW 3.py
[2026-09-12T20:42:52.424+0000] {logging_mixin.py:190} INFO - [2026-09-12T20:42:52.423+0000] {dag.py:3229} INFO - Sync 1 DAGs
[2026-09-12T20:42:52.434+0000] {logging_mixin.py:190} INFO - [2026-09-12T20:42:52.434+0000] {dag.py:4156} INFO - Setting next_dagrun for WeatherToronto_ETL to 2026-09-12 18:00:00+00:00, run_after=2026-09-13 18:00:00+00:00
[2026-09-12T20:42:52.440+0000] {processor.py:208} INFO - Processing /opt/airflow/dags/Shi_HW 3.py took 0.056 seconds
[2026-09-12T20:43:22.751+0000] {processor.py:186} INFO - Started process (PID=7898) to work on /opt/airflow/dags/Shi_HW 3.py
[2026-09-12T20:43:22.754+0000] {processor.py:914} INFO - Processing file /opt/airflow/dags/Shi_HW 3.py for tasks to queue
[2026-09-12T20:43:22.755+0000] {logging_mixin.py:190} INFO - [2026-09-12T20:43:22.755+0000] {dagbag.py:587} INFO - Filling up the DagBag from /opt/airflow/dags/Shi_HW 3.py
[2026-09-12T20:43:22.778+0000] {processor.py:925} INFO - DAG(s) 'WeatherToronto_ETL' retrieved from /opt/airflow/dags/Shi_HW 3.py
[2026-09-12T20:43:22.790+0000] {logging_mixin.py:190} INFO - [2026-09-12T20:43:22.788+0000] {dag.py:3229} INFO - Sync 1 DAGs
[2026-09-12T20:43:22.802+0000] {logging_mixin.py:190} INFO - [2026-09-12T20:43:22.801+0000] {dag.py:4156} INFO - Setting next_dagrun for WeatherToronto_ETL to 2026-09-12 18:00:00+00:00, run_after=2026-09-13 18:00:00+00:00
[2026-09-12T20:43:22.808+0000] {processor.py:208} INFO - Processing /opt/airflow/dags/Shi_HW 3.py took 0.064 seconds
[2026-09-12T20:43:53.124+0000] {processor.py:186} INFO - Started process (PID=7909) to work on /opt/airflow/dags/Shi_HW 3.py
[2026-09-12T20:43:53.127+0000] {processor.py:914} INFO - Processing file /opt/airflow/dags/Shi_HW 3.py for tasks to queue
[2026-09-12T20:43:53.128+0000] {logging_mixin.py:190} INFO - [2026-09-12T20:43:53.128+0000] {dagbag.py:587} INFO - Filling up the DagBag from /opt/airflow/dags/Shi_HW 3.py
[2026-09-12T20:43:53.145+0000] {processor.py:925} INFO - DAG(s) 'WeatherToronto_ETL' retrieved from /opt/airflow/dags/Shi_HW 3.py
[2026-09-12T20:43:53.155+0000] {logging_mixin.py:190} INFO - [2026-09-12T20:43:53.154+0000] {dag.py:3229} INFO - Sync 1 DAGs
[2026-09-12T20:43:53.167+0000] {logging_mixin.py:190} INFO - [2026-09-12T20:43:53.166+0000] {dag.py:4156} INFO - Setting next_dagrun for WeatherToronto_ETL to 2026-09-12 18:00:00+00:00, run_after=2026-09-13 18:00:00+00:00
[2026-09-12T20:43:53.173+0000] {processor.py:208} INFO - Processing /opt/airflow/dags/Shi_HW 3.py took 0.054 seconds
[2026-09-12T20:44:23.446+0000] {processor.py:186} INFO - Started process (PID=7920) to work on /opt/airflow/dags/Shi_HW 3.py
[2026-09-12T20:44:23.449+0000] {processor.py:914} INFO - Processing file /opt/airflow/dags/Shi_HW 3.py for tasks to queue
[2026-09-12T20:44:23.450+0000] {logging_mixin.py:190} INFO - [2026-09-12T20:44:23.450+0000] {dagbag.py:587} INFO - Filling up the DagBag from /opt/airflow/dags/Shi_HW 3.py
[2026-09-12T20:44:23.478+0000] {processor.py:925} INFO - DAG(s) 'WeatherToronto_ETL' retrieved from /opt/airflow/dags/Shi_HW 3.py
[2026-09-12T20:44:23.492+0000] {logging_mixin.py:190} INFO - [2026-09-12T20:44:23.490+0000] {dag.py:3229} INFO - Sync 1 DAGs
[2026-09-12T20:44:23.505+0000] {logging_mixin.py:190} INFO - [2026-09-12T20:44:23.504+0000] {dag.py:4156} INFO - Setting next_dagrun for WeatherToronto_ETL to 2026-09-12 18:00:00+00:00, run_after=2026-09-13 18:00:00+00:00
[2026-09-12T20:44:23.512+0000] {processor.py:208} INFO - Processing /opt/airflow/dags/Shi_HW 3.py took 0.074 seconds
[2026-09-12T20:44:53.842+0000] {processor.py:186} INFO - Started process (PID=7931) to work on /opt/airflow/dags/Shi_HW 3.py
[2026-09-12T20:44:53.845+0000] {processor.py:914} INFO - Processing file /opt/airflow/dags/Shi_HW 3.py for tasks to queue
[2026-09-12T20:44:53.846+0000] {logging_mixin.py:190} INFO - [2026-09-12T20:44:53.846+0000] {dagbag.py:587} INFO - Filling up the DagBag from /opt/airflow/dags/Shi_HW 3.py
[2026-09-12T20:44:53.871+0000] {processor.py:925} INFO - DAG(s) 'WeatherToronto_ETL' retrieved from /opt/airflow/dags/Shi_HW 3.py
[2026-09-12T20:44:53.885+0000] {logging_mixin.py:190} INFO - [2026-09-12T20:44:53.884+0000] {dag.py:3229} INFO - Sync 1 DAGs
[2026-09-12T20:44:54.069+0000] {logging_mixin.py:190} INFO - [2026-09-12T20:44:54.069+0000] {dag.py:4156} INFO - Setting next_dagrun for WeatherToronto_ETL to 2026-09-12 18:00:00+00:00, run_after=2026-09-13 18:00:00+00:00
[2026-09-12T20:44:54.075+0000] {processor.py:208} INFO - Processing /opt/airflow/dags/Shi_HW 3.py took 0.241 seconds
[2026-09-12T20:45:24.218+0000] {processor.py:186} INFO - Started process (PID=7942) to work on /opt/airflow/dags/Shi_HW 3.py
[2026-09-12T20:45:24.221+0000] {processor.py:914} INFO - Processing file /opt/airflow/dags/Shi_HW 3.py for tasks to queue
[2026-09-12T20:45:24.222+0000] {logging_mixin.py:190} INFO - [2026-09-12T20:45:24.221+0000] {dagbag.py:587} INFO - Filling up the DagBag from /opt/airflow/dags/Shi_HW 3.py
[2026-09-12T20:45:24.243+0000] {processor.py:925} INFO - DAG(s) 'WeatherToronto_ETL' retrieved from /opt/airflow/dags/Shi_HW 3.py
[2026-09-12T20:45:24.255+0000] {logging_mixin.py:190} INFO - [2026-09-12T20:45:24.254+0000] {dag.py:3229} INFO - Sync 1 DAGs
[2026-09-12T20:45:24.267+0000] {logging_mixin.py:190} INFO - [2026-09-12T20:45:24.267+0000] {dag.py:4156} INFO - Setting next_dagrun for WeatherToronto_ETL to 2026-09-12 18:00:00+00:00, run_after=2026-09-13 18:00:00+00:00
[2026-09-12T20:45:24.274+0000] {processor.py:208} INFO - Processing /opt/airflow/dags/Shi_HW 3.py took 0.062 seconds
[2026-09-12T20:45:54.619+0000] {processor.py:186} INFO - Started process (PID=7952) to work on /opt/airflow/dags/Shi_HW 3.py
[2026-09-12T20:45:54.623+0000] {processor.py:914} INFO - Processing file /opt/airflow/dags/Shi_HW 3.py for tasks to queue
[2026-09-12T20:45:54.624+0000] {logging_mixin.py:190} INFO - [2026-09-12T20:45:54.624+0000] {dagbag.py:587} INFO - Filling up the DagBag from /opt/airflow/dags/Shi_HW 3.py
[2026-09-12T20:45:54.670+0000] {processor.py:925} INFO - DAG(s) 'WeatherToronto_ETL' retrieved from /opt/airflow/dags/Shi_HW 3.py
[2026-09-12T20:45:54.690+0000] {logging_mixin.py:190} INFO - [2026-09-12T20:45:54.686+0000] {dag.py:3229} INFO - Sync 1 DAGs
[2026-09-12T20:45:54.706+0000] {logging_mixin.py:190} INFO - [2026-09-12T20:45:54.706+0000] {dag.py:4156} INFO - Setting next_dagrun for WeatherToronto_ETL to 2026-09-12 18:00:00+00:00, run_after=2026-09-13 18:00:00+00:00
[2026-09-12T20:45:54.714+0000] {processor.py:208} INFO - Processing /opt/airflow/dags/Shi_HW 3.py took 0.109 seconds
[2026-09-12T20:46:25.014+0000] {processor.py:186} INFO - Started process (PID=7963) to work on /opt/airflow/dags/Shi_HW 3.py
[2026-09-12T20:46:25.017+0000] {processor.py:914} INFO - Processing file /opt/airflow/dags/Shi_HW 3.py for tasks to queue
[2026-09-12T20:46:25.018+0000] {logging_mixin.py:190} INFO - [2026-09-12T20:46:25.018+0000] {dagbag.py:587} INFO - Filling up the DagBag from /opt/airflow/dags/Shi_HW 3.py
[2026-09-12T20:46:25.071+0000] {processor.py:925} INFO - DAG(s) 'WeatherToronto_ETL' retrieved from /opt/airflow/dags/Shi_HW 3.py
[2026-09-12T20:46:25.095+0000] {logging_mixin.py:190} INFO - [2026-09-12T20:46:25.093+0000] {dag.py:3229} INFO - Sync 1 DAGs
[2026-09-12T20:46:25.113+0000] {logging_mixin.py:190} INFO - [2026-09-12T20:46:25.112+0000] {dag.py:4156} INFO - Setting next_dagrun for WeatherToronto_ETL to 2026-09-12 18:00:00+00:00, run_after=2026-09-13 18:00:00+00:00
[2026-09-12T20:46:25.125+0000] {processor.py:208} INFO - Processing /opt/airflow/dags/Shi_HW 3.py took 0.129 seconds
[2026-09-12T20:46:55.427+0000] {processor.py:186} INFO - Started process (PID=7974) to work on /opt/airflow/dags/Shi_HW 3.py
[2026-09-12T20:46:55.430+0000] {processor.py:914} INFO - Processing file /opt/airflow/dags/Shi_HW 3.py for tasks to queue
[2026-09-12T20:46:55.431+0000] {logging_mixin.py:190} INFO - [2026-09-12T20:46:55.431+0000] {dagbag.py:587} INFO - Filling up the DagBag from /opt/airflow/dags/Shi_HW 3.py
[2026-09-12T20:46:55.457+0000] {processor.py:925} INFO - DAG(s) 'WeatherToronto_ETL' retrieved from /opt/airflow/dags/Shi_HW 3.py
[2026-09-12T20:46:55.471+0000] {logging_mixin.py:190} INFO - [2026-09-12T20:46:55.469+0000] {dag.py:3229} INFO - Sync 1 DAGs
[2026-09-12T20:46:55.485+0000] {logging_mixin.py:190} INFO - [2026-09-12T20:46:55.485+0000] {dag.py:4156} INFO - Setting next_dagrun for WeatherToronto_ETL to 2026-09-12 18:00:00+00:00, run_after=2026-09-13 18:00:00+00:00
[2026-09-12T20:46:55.662+0000] {processor.py:208} INFO - Processing /opt/airflow/dags/Shi_HW 3.py took 0.244 seconds
[2026-09-12T20:47:25.706+0000] {processor.py:186} INFO - Started process (PID=7985) to work on /opt/airflow/dags/Shi_HW 3.py
[2026-09-12T20:47:25.709+0000] {processor.py:914} INFO - Processing file /opt/airflow/dags/Shi_HW 3.py for tasks to queue
[2026-09-12T20:47:25.710+0000] {logging_mixin.py:190} INFO - [2026-09-12T20:47:25.710+0000] {dagbag.py:587} INFO - Filling up the DagBag from /opt/airflow/dags/Shi_HW 3.py
[2026-09-12T20:47:25.725+0000] {processor.py:925} INFO - DAG(s) 'WeatherToronto_ETL' retrieved from /opt/airflow/dags/Shi_HW 3.py
[2026-09-12T20:47:25.734+0000] {logging_mixin.py:190} INFO - [2026-09-12T20:47:25.733+0000] {dag.py:3229} INFO - Sync 1 DAGs
[2026-09-12T20:47:25.831+0000] {logging_mixin.py:190} INFO - [2026-09-12T20:47:25.831+0000] {dag.py:4156} INFO - Setting next_dagrun for WeatherToronto_ETL to 2026-09-12 18:00:00+00:00, run_after=2026-09-13 18:00:00+00:00
[2026-09-12T20:47:25.838+0000] {processor.py:208} INFO - Processing /opt/airflow/dags/Shi_HW 3.py took 0.137 seconds
[2026-09-12T20:47:56.108+0000] {processor.py:186} INFO - Started process (PID=7996) to work on /opt/airflow/dags/Shi_HW 3.py
[2026-09-12T20:47:56.112+0000] {processor.py:914} INFO - Processing file /opt/airflow/dags/Shi_HW 3.py for tasks to queue
[2026-09-12T20:47:56.115+0000] {logging_mixin.py:190} INFO - [2026-09-12T20:47:56.114+0000] {dagbag.py:587} INFO - Filling up the DagBag from /opt/airflow/dags/Shi_HW 3.py
[2026-09-12T20:47:56.163+0000] {processor.py:925} INFO - DAG(s) 'WeatherToronto_ETL' retrieved from /opt/airflow/dags/Shi_HW 3.py
[2026-09-12T20:47:56.187+0000] {logging_mixin.py:190} INFO - [2026-09-12T20:47:56.185+0000] {dag.py:3229} INFO - Sync 1 DAGs
[2026-09-12T20:47:56.204+0000] {logging_mixin.py:190} INFO - [2026-09-12T20:47:56.204+0000] {dag.py:4156} INFO - Setting next_dagrun for WeatherToronto_ETL to 2026-09-12 18:00:00+00:00, run_after=2026-09-13 18:00:00+00:00
[2026-09-12T20:47:56.213+0000] {processor.py:208} INFO - Processing /opt/airflow/dags/Shi_HW 3.py took 0.117 seconds
[2026-09-12T20:48:26.542+0000] {processor.py:186} INFO - Started process (PID=8007) to work on /opt/airflow/dags/Shi_HW 3.py
[2026-09-12T20:48:26.544+0000] {processor.py:914} INFO - Processing file /opt/airflow/dags/Shi_HW 3.py for tasks to queue
[2026-09-12T20:48:26.545+0000] {logging_mixin.py:190} INFO - [2026-09-12T20:48:26.545+0000] {dagbag.py:587} INFO - Filling up the DagBag from /opt/airflow/dags/Shi_HW 3.py
[2026-09-12T20:48:26.571+0000] {processor.py:925} INFO - DAG(s) 'WeatherToronto_ETL' retrieved from /opt/airflow/dags/Shi_HW 3.py
[2026-09-12T20:48:26.586+0000] {logging_mixin.py:190} INFO - [2026-09-12T20:48:26.584+0000] {dag.py:3229} INFO - Sync 1 DAGs
[2026-09-12T20:48:26.599+0000] {logging_mixin.py:190} INFO - [2026-09-12T20:48:26.599+0000] {dag.py:4156} INFO - Setting next_dagrun for WeatherToronto_ETL to 2026-09-12 18:00:00+00:00, run_after=2026-09-13 18:00:00+00:00
[2026-09-12T20:48:26.606+0000] {processor.py:208} INFO - Processing /opt/airflow/dags/Shi_HW 3.py took 0.073 seconds
[2026-09-12T20:48:56.969+0000] {processor.py:186} INFO - Started process (PID=8018) to work on /opt/airflow/dags/Shi_HW 3.py
[2026-09-12T20:48:56.973+0000] {processor.py:914} INFO - Processing file /opt/airflow/dags/Shi_HW 3.py for tasks to queue
[2026-09-12T20:48:56.974+0000] {logging_mixin.py:190} INFO - [2026-09-12T20:48:56.974+0000] {dagbag.py:587} INFO - Filling up the DagBag from /opt/airflow/dags/Shi_HW 3.py
[2026-09-12T20:48:57.003+0000] {processor.py:925} INFO - DAG(s) 'WeatherToronto_ETL' retrieved from /opt/airflow/dags/Shi_HW 3.py
[2026-09-12T20:48:57.017+0000] {logging_mixin.py:190} INFO - [2026-09-12T20:48:57.016+0000] {dag.py:3229} INFO - Sync 1 DAGs
[2026-09-12T20:48:57.030+0000] {logging_mixin.py:190} INFO - [2026-09-12T20:48:57.030+0000] {dag.py:4156} INFO - Setting next_dagrun for WeatherToronto_ETL to 2026-09-12 18:00:00+00:00, run_after=2026-09-13 18:00:00+00:00
[2026-09-12T20:48:57.037+0000] {processor.py:208} INFO - Processing /opt/airflow/dags/Shi_HW 3.py took 0.078 seconds
[2026-09-12T20:49:27.316+0000] {processor.py:186} INFO - Started process (PID=8029) to work on /opt/airflow/dags/Shi_HW 3.py
[2026-09-12T20:49:27.319+0000] {processor.py:914} INFO - Processing file /opt/airflow/dags/Shi_HW 3.py for tasks to queue
[2026-09-12T20:49:27.320+0000] {logging_mixin.py:190} INFO - [2026-09-12T20:49:27.320+0000] {dagbag.py:587} INFO - Filling up the DagBag from /opt/airflow/dags/Shi_HW 3.py
[2026-09-12T20:49:27.341+0000] {processor.py:925} INFO - DAG(s) 'WeatherToronto_ETL' retrieved from /opt/airflow/dags/Shi_HW 3.py
[2026-09-12T20:49:27.351+0000] {logging_mixin.py:190} INFO - [2026-09-12T20:49:27.350+0000] {dag.py:3229} INFO - Sync 1 DAGs
[2026-09-12T20:49:27.362+0000] {logging_mixin.py:190} INFO - [2026-09-12T20:49:27.362+0000] {dag.py:4156} INFO - Setting next_dagrun for WeatherToronto_ETL to 2026-09-12 18:00:00+00:00, run_after=2026-09-13 18:00:00+00:00
[2026-09-12T20:49:27.371+0000] {processor.py:208} INFO - Processing /opt/airflow/dags/Shi_HW 3.py took 0.063 seconds
[2026-09-12T20:49:57.734+0000] {processor.py:186} INFO - Started process (PID=8040) to work on /opt/airflow/dags/Shi_HW 3.py
[2026-09-12T20:49:57.737+0000] {processor.py:914} INFO - Processing file /opt/airflow/dags/Shi_HW 3.py for tasks to queue
[2026-09-12T20:49:57.739+0000] {logging_mixin.py:190} INFO - [2026-09-12T20:49:57.738+0000] {dagbag.py:587} INFO - Filling up the DagBag from /opt/airflow/dags/Shi_HW 3.py
[2026-09-12T20:49:57.777+0000] {processor.py:925} INFO - DAG(s) 'WeatherToronto_ETL' retrieved from /opt/airflow/dags/Shi_HW 3.py
[2026-09-12T20:49:57.795+0000] {logging_mixin.py:190} INFO - [2026-09-12T20:49:57.793+0000] {dag.py:3229} INFO - Sync 1 DAGs
[2026-09-12T20:49:58.037+0000] {logging_mixin.py:190} INFO - [2026-09-12T20:49:58.037+0000] {dag.py:4156} INFO - Setting next_dagrun for WeatherToronto_ETL to 2026-09-12 18:00:00+00:00, run_after=2026-09-13 18:00:00+00:00
[2026-09-12T20:49:58.044+0000] {processor.py:208} INFO - Processing /opt/airflow/dags/Shi_HW 3.py took 0.323 seconds
[2026-09-12T20:50:28.122+0000] {processor.py:186} INFO - Started process (PID=8051) to work on /opt/airflow/dags/Shi_HW 3.py
[2026-09-12T20:50:28.125+0000] {processor.py:914} INFO - Processing file /opt/airflow/dags/Shi_HW 3.py for tasks to queue
[2026-09-12T20:50:28.126+0000] {logging_mixin.py:190} INFO - [2026-09-12T20:50:28.126+0000] {dagbag.py:587} INFO - Filling up the DagBag from /opt/airflow/dags/Shi_HW 3.py
[2026-09-12T20:50:28.154+0000] {processor.py:925} INFO - DAG(s) 'WeatherToronto_ETL' retrieved from /opt/airflow/dags/Shi_HW 3.py
[2026-09-12T20:50:28.172+0000] {logging_mixin.py:190} INFO - [2026-09-12T20:50:28.170+0000] {dag.py:3229} INFO - Sync 1 DAGs
[2026-09-12T20:50:28.187+0000] {logging_mixin.py:190} INFO - [2026-09-12T20:50:28.187+0000] {dag.py:4156} INFO - Setting next_dagrun for WeatherToronto_ETL to 2026-09-12 18:00:00+00:00, run_after=2026-09-13 18:00:00+00:00
[2026-09-12T20:50:28.196+0000] {processor.py:208} INFO - Processing /opt/airflow/dags/Shi_HW 3.py took 0.082 seconds
[2026-09-12T20:50:58.474+0000] {processor.py:186} INFO - Started process (PID=8062) to work on /opt/airflow/dags/Shi_HW 3.py
[2026-09-12T20:50:58.480+0000] {processor.py:914} INFO - Processing file /opt/airflow/dags/Shi_HW 3.py for tasks to queue
[2026-09-12T20:50:58.482+0000] {logging_mixin.py:190} INFO - [2026-09-12T20:50:58.481+0000] {dagbag.py:587} INFO - Filling up the DagBag from /opt/airflow/dags/Shi_HW 3.py
[2026-09-12T20:50:58.504+0000] {processor.py:925} INFO - DAG(s) 'WeatherToronto_ETL' retrieved from /opt/airflow/dags/Shi_HW 3.py
[2026-09-12T20:50:58.514+0000] {logging_mixin.py:190} INFO - [2026-09-12T20:50:58.513+0000] {dag.py:3229} INFO - Sync 1 DAGs
[2026-09-12T20:50:58.526+0000] {logging_mixin.py:190} INFO - [2026-09-12T20:50:58.526+0000] {dag.py:4156} INFO - Setting next_dagrun for WeatherToronto_ETL to 2026-09-12 18:00:00+00:00, run_after=2026-09-13 18:00:00+00:00
[2026-09-12T20:50:58.534+0000] {processor.py:208} INFO - Processing /opt/airflow/dags/Shi_HW 3.py took 0.068 seconds
[2026-09-12T20:51:28.854+0000] {processor.py:186} INFO - Started process (PID=8079) to work on /opt/airflow/dags/Shi_HW 3.py
[2026-09-12T20:51:28.857+0000] {processor.py:914} INFO - Processing file /opt/airflow/dags/Shi_HW 3.py for tasks to queue
[2026-09-12T20:51:28.858+0000] {logging_mixin.py:190} INFO - [2026-09-12T20:51:28.857+0000] {dagbag.py:587} INFO - Filling up the DagBag from /opt/airflow/dags/Shi_HW 3.py
[2026-09-12T20:51:28.888+0000] {processor.py:925} INFO - DAG(s) 'WeatherToronto_ETL' retrieved from /opt/airflow/dags/Shi_HW 3.py
[2026-09-12T20:51:28.903+0000] {logging_mixin.py:190} INFO - [2026-09-12T20:51:28.901+0000] {dag.py:3229} INFO - Sync 1 DAGs
[2026-09-12T20:51:28.917+0000] {logging_mixin.py:190} INFO - [2026-09-12T20:51:28.917+0000] {dag.py:4156} INFO - Setting next_dagrun for WeatherToronto_ETL to 2026-09-12 18:00:00+00:00, run_after=2026-09-13 18:00:00+00:00
[2026-09-12T20:51:28.924+0000] {processor.py:208} INFO - Processing /opt/airflow/dags/Shi_HW 3.py took 0.081 seconds
[2026-09-12T20:51:59.209+0000] {processor.py:186} INFO - Started process (PID=8090) to work on /opt/airflow/dags/Shi_HW 3.py
[2026-09-12T20:51:59.212+0000] {processor.py:914} INFO - Processing file /opt/airflow/dags/Shi_HW 3.py for tasks to queue
[2026-09-12T20:51:59.214+0000] {logging_mixin.py:190} INFO - [2026-09-12T20:51:59.213+0000] {dagbag.py:587} INFO - Filling up the DagBag from /opt/airflow/dags/Shi_HW 3.py
[2026-09-12T20:51:59.242+0000] {processor.py:925} INFO - DAG(s) 'WeatherToronto_ETL' retrieved from /opt/airflow/dags/Shi_HW 3.py
[2026-09-12T20:51:59.253+0000] {logging_mixin.py:190} INFO - [2026-09-12T20:51:59.251+0000] {dag.py:3229} INFO - Sync 1 DAGs
[2026-09-12T20:51:59.268+0000] {logging_mixin.py:190} INFO - [2026-09-12T20:51:59.268+0000] {dag.py:4156} INFO - Setting next_dagrun for WeatherToronto_ETL to 2026-09-12 18:00:00+00:00, run_after=2026-09-13 18:00:00+00:00
[2026-09-12T20:51:59.469+0000] {processor.py:208} INFO - Processing /opt/airflow/dags/Shi_HW 3.py took 0.270 seconds
[2026-09-12T20:52:29.645+0000] {processor.py:186} INFO - Started process (PID=8101) to work on /opt/airflow/dags/Shi_HW 3.py
[2026-09-12T20:52:29.649+0000] {processor.py:914} INFO - Processing file /opt/airflow/dags/Shi_HW 3.py for tasks to queue
[2026-09-12T20:52:29.650+0000] {logging_mixin.py:190} INFO - [2026-09-12T20:52:29.650+0000] {dagbag.py:587} INFO - Filling up the DagBag from /opt/airflow/dags/Shi_HW 3.py
[2026-09-12T20:52:29.689+0000] {processor.py:925} INFO - DAG(s) 'WeatherToronto_ETL' retrieved from /opt/airflow/dags/Shi_HW 3.py
[2026-09-12T20:52:29.707+0000] {logging_mixin.py:190} INFO - [2026-09-12T20:52:29.705+0000] {dag.py:3229} INFO - Sync 1 DAGs
[2026-09-12T20:52:29.918+0000] {logging_mixin.py:190} INFO - [2026-09-12T20:52:29.918+0000] {dag.py:4156} INFO - Setting next_dagrun for WeatherToronto_ETL to 2026-09-12 18:00:00+00:00, run_after=2026-09-13 18:00:00+00:00
[2026-09-12T20:52:29.924+0000] {processor.py:208} INFO - Processing /opt/airflow/dags/Shi_HW 3.py took 0.299 seconds
[2026-09-12T20:53:00.295+0000] {processor.py:186} INFO - Started process (PID=8112) to work on /opt/airflow/dags/Shi_HW 3.py
[2026-09-12T20:53:00.299+0000] {processor.py:914} INFO - Processing file /opt/airflow/dags/Shi_HW 3.py for tasks to queue
[2026-09-12T20:53:00.301+0000] {logging_mixin.py:190} INFO - [2026-09-12T20:53:00.300+0000] {dagbag.py:587} INFO - Filling up the DagBag from /opt/airflow/dags/Shi_HW 3.py
[2026-09-12T20:53:00.342+0000] {processor.py:925} INFO - DAG(s) 'WeatherToronto_ETL' retrieved from /opt/airflow/dags/Shi_HW 3.py
[2026-09-12T20:53:00.357+0000] {logging_mixin.py:190} INFO - [2026-09-12T20:53:00.355+0000] {dag.py:3229} INFO - Sync 1 DAGs
[2026-09-12T20:53:00.542+0000] {logging_mixin.py:190} INFO - [2026-09-12T20:53:00.542+0000] {dag.py:4156} INFO - Setting next_dagrun for WeatherToronto_ETL to 2026-09-12 18:00:00+00:00, run_after=2026-09-13 18:00:00+00:00
[2026-09-12T20:53:00.547+0000] {processor.py:208} INFO - Processing /opt/airflow/dags/Shi_HW 3.py took 0.271 seconds
[2026-09-12T20:53:30.730+0000] {processor.py:186} INFO - Started process (PID=8123) to work on /opt/airflow/dags/Shi_HW 3.py
[2026-09-12T20:53:30.733+0000] {processor.py:914} INFO - Processing file /opt/airflow/dags/Shi_HW 3.py for tasks to queue
[2026-09-12T20:53:30.734+0000] {logging_mixin.py:190} INFO - [2026-09-12T20:53:30.734+0000] {dagbag.py:587} INFO - Filling up the DagBag from /opt/airflow/dags/Shi_HW 3.py
[2026-09-12T20:53:30.770+0000] {processor.py:925} INFO - DAG(s) 'WeatherToronto_ETL' retrieved from /opt/airflow/dags/Shi_HW 3.py
[2026-09-12T20:53:30.786+0000] {logging_mixin.py:190} INFO - [2026-09-12T20:53:30.784+0000] {dag.py:3229} INFO - Sync 1 DAGs
[2026-09-12T20:53:30.802+0000] {logging_mixin.py:190} INFO - [2026-09-12T20:53:30.802+0000] {dag.py:4156} INFO - Setting next_dagrun for WeatherToronto_ETL to 2026-09-12 18:00:00+00:00, run_after=2026-09-13 18:00:00+00:00
[2026-09-12T20:53:30.810+0000] {processor.py:208} INFO - Processing /opt/airflow/dags/Shi_HW 3.py took 0.091 seconds
[2026-09-12T20:54:01.242+0000] {processor.py:186} INFO - Started process (PID=8134) to work on /opt/airflow/dags/Shi_HW 3.py
[2026-09-12T20:54:01.245+0000] {processor.py:914} INFO - Processing file /opt/airflow/dags/Shi_HW 3.py for tasks to queue
[2026-09-12T20:54:01.247+0000] {logging_mixin.py:190} INFO - [2026-09-12T20:54:01.246+0000] {dagbag.py:587} INFO - Filling up the DagBag from /opt/airflow/dags/Shi_HW 3.py
[2026-09-12T20:54:01.291+0000] {processor.py:925} INFO - DAG(s) 'WeatherToronto_ETL' retrieved from /opt/airflow/dags/Shi_HW 3.py
[2026-09-12T20:54:01.308+0000] {logging_mixin.py:190} INFO - [2026-09-12T20:54:01.306+0000] {dag.py:3229} INFO - Sync 1 DAGs
[2026-09-12T20:54:01.324+0000] {logging_mixin.py:190} INFO - [2026-09-12T20:54:01.324+0000] {dag.py:4156} INFO - Setting next_dagrun for WeatherToronto_ETL to 2026-09-12 18:00:00+00:00, run_after=2026-09-13 18:00:00+00:00
[2026-09-12T20:54:01.333+0000] {processor.py:208} INFO - Processing /opt/airflow/dags/Shi_HW 3.py took 0.101 seconds
[2026-09-12T20:54:31.599+0000] {processor.py:186} INFO - Started process (PID=8145) to work on /opt/airflow/dags/Shi_HW 3.py
[2026-09-12T20:54:31.601+0000] {processor.py:914} INFO - Processing file /opt/airflow/dags/Shi_HW 3.py for tasks to queue
[2026-09-12T20:54:31.605+0000] {logging_mixin.py:190} INFO - [2026-09-12T20:54:31.605+0000] {dagbag.py:587} INFO - Filling up the DagBag from /opt/airflow/dags/Shi_HW 3.py
[2026-09-12T20:54:31.649+0000] {processor.py:925} INFO - DAG(s) 'WeatherToronto_ETL' retrieved from /opt/airflow/dags/Shi_HW 3.py
[2026-09-12T20:54:31.670+0000] {logging_mixin.py:190} INFO - [2026-09-12T20:54:31.668+0000] {dag.py:3229} INFO - Sync 1 DAGs
[2026-09-12T20:54:31.693+0000] {logging_mixin.py:190} INFO - [2026-09-12T20:54:31.693+0000] {dag.py:4156} INFO - Setting next_dagrun for WeatherToronto_ETL to 2026-09-12 18:00:00+00:00, run_after=2026-09-13 18:00:00+00:00
[2026-09-12T20:54:31.708+0000] {processor.py:208} INFO - Processing /opt/airflow/dags/Shi_HW 3.py took 0.119 seconds
[2026-09-12T20:55:02.024+0000] {processor.py:186} INFO - Started process (PID=8156) to work on /opt/airflow/dags/Shi_HW 3.py
[2026-09-12T20:55:02.027+0000] {processor.py:914} INFO - Processing file /opt/airflow/dags/Shi_HW 3.py for tasks to queue
[2026-09-12T20:55:02.028+0000] {logging_mixin.py:190} INFO - [2026-09-12T20:55:02.027+0000] {dagbag.py:587} INFO - Filling up the DagBag from /opt/airflow/dags/Shi_HW 3.py
[2026-09-12T20:55:02.046+0000] {processor.py:925} INFO - DAG(s) 'WeatherToronto_ETL' retrieved from /opt/airflow/dags/Shi_HW 3.py
[2026-09-12T20:55:02.054+0000] {logging_mixin.py:190} INFO - [2026-09-12T20:55:02.054+0000] {dag.py:3229} INFO - Sync 1 DAGs
[2026-09-12T20:55:02.198+0000] {logging_mixin.py:190} INFO - [2026-09-12T20:55:02.198+0000] {dag.py:4156} INFO - Setting next_dagrun for WeatherToronto_ETL to 2026-09-12 18:00:00+00:00, run_after=2026-09-13 18:00:00+00:00
[2026-09-12T20:55:02.204+0000] {processor.py:208} INFO - Processing /opt/airflow/dags/Shi_HW 3.py took 0.188 seconds
[2026-09-12T20:55:32.379+0000] {processor.py:186} INFO - Started process (PID=8167) to work on /opt/airflow/dags/Shi_HW 3.py
[2026-09-12T20:55:32.383+0000] {processor.py:914} INFO - Processing file /opt/airflow/dags/Shi_HW 3.py for tasks to queue
[2026-09-12T20:55:32.384+0000] {logging_mixin.py:190} INFO - [2026-09-12T20:55:32.383+0000] {dagbag.py:587} INFO - Filling up the DagBag from /opt/airflow/dags/Shi_HW 3.py
[2026-09-12T20:55:32.402+0000] {processor.py:925} INFO - DAG(s) 'WeatherToronto_ETL' retrieved from /opt/airflow/dags/Shi_HW 3.py
[2026-09-12T20:55:32.411+0000] {logging_mixin.py:190} INFO - [2026-09-12T20:55:32.410+0000] {dag.py:3229} INFO - Sync 1 DAGs
[2026-09-12T20:55:32.421+0000] {logging_mixin.py:190} INFO - [2026-09-12T20:55:32.421+0000] {dag.py:4156} INFO - Setting next_dagrun for WeatherToronto_ETL to 2026-09-12 18:00:00+00:00, run_after=2026-09-13 18:00:00+00:00
[2026-09-12T20:55:32.427+0000] {processor.py:208} INFO - Processing /opt/airflow/dags/Shi_HW 3.py took 0.054 seconds
[2026-09-12T20:56:02.724+0000] {processor.py:186} INFO - Started process (PID=8178) to work on /opt/airflow/dags/Shi_HW 3.py
[2026-09-12T20:56:02.727+0000] {processor.py:914} INFO - Processing file /opt/airflow/dags/Shi_HW 3.py for tasks to queue
[2026-09-12T20:56:02.728+0000] {logging_mixin.py:190} INFO - [2026-09-12T20:56:02.728+0000] {dagbag.py:587} INFO - Filling up the DagBag from /opt/airflow/dags/Shi_HW 3.py
[2026-09-12T20:56:02.753+0000] {processor.py:925} INFO - DAG(s) 'WeatherToronto_ETL' retrieved from /opt/airflow/dags/Shi_HW 3.py
[2026-09-12T20:56:02.765+0000] {logging_mixin.py:190} INFO - [2026-09-12T20:56:02.764+0000] {dag.py:3229} INFO - Sync 1 DAGs
[2026-09-12T20:56:02.776+0000] {logging_mixin.py:190} INFO - [2026-09-12T20:56:02.776+0000] {dag.py:4156} INFO - Setting next_dagrun for WeatherToronto_ETL to 2026-09-12 18:00:00+00:00, run_after=2026-09-13 18:00:00+00:00
[2026-09-12T20:56:02.783+0000] {processor.py:208} INFO - Processing /opt/airflow/dags/Shi_HW 3.py took 0.067 seconds
[2026-09-12T20:56:33.144+0000] {processor.py:186} INFO - Started process (PID=8189) to work on /opt/airflow/dags/Shi_HW 3.py
[2026-09-12T20:56:33.150+0000] {processor.py:914} INFO - Processing file /opt/airflow/dags/Shi_HW 3.py for tasks to queue
[2026-09-12T20:56:33.151+0000] {logging_mixin.py:190} INFO - [2026-09-12T20:56:33.151+0000] {dagbag.py:587} INFO - Filling up the DagBag from /opt/airflow/dags/Shi_HW 3.py
[2026-09-12T20:56:33.172+0000] {processor.py:925} INFO - DAG(s) 'WeatherToronto_ETL' retrieved from /opt/airflow/dags/Shi_HW 3.py
[2026-09-12T20:56:33.185+0000] {logging_mixin.py:190} INFO - [2026-09-12T20:56:33.184+0000] {dag.py:3229} INFO - Sync 1 DAGs
[2026-09-12T20:56:33.197+0000] {logging_mixin.py:190} INFO - [2026-09-12T20:56:33.197+0000] {dag.py:4156} INFO - Setting next_dagrun for WeatherToronto_ETL to 2026-09-12 18:00:00+00:00, run_after=2026-09-13 18:00:00+00:00
[2026-09-12T20:56:33.204+0000] {processor.py:208} INFO - Processing /opt/airflow/dags/Shi_HW 3.py took 0.067 seconds
[2026-09-12T20:57:03.519+0000] {processor.py:186} INFO - Started process (PID=8200) to work on /opt/airflow/dags/Shi_HW 3.py
[2026-09-12T20:57:03.524+0000] {processor.py:914} INFO - Processing file /opt/airflow/dags/Shi_HW 3.py for tasks to queue
[2026-09-12T20:57:03.525+0000] {logging_mixin.py:190} INFO - [2026-09-12T20:57:03.525+0000] {dagbag.py:587} INFO - Filling up the DagBag from /opt/airflow/dags/Shi_HW 3.py
[2026-09-12T20:57:03.549+0000] {processor.py:925} INFO - DAG(s) 'WeatherToronto_ETL' retrieved from /opt/airflow/dags/Shi_HW 3.py
[2026-09-12T20:57:03.560+0000] {logging_mixin.py:190} INFO - [2026-09-12T20:57:03.559+0000] {dag.py:3229} INFO - Sync 1 DAGs
[2026-09-12T20:57:03.572+0000] {logging_mixin.py:190} INFO - [2026-09-12T20:57:03.572+0000] {dag.py:4156} INFO - Setting next_dagrun for WeatherToronto_ETL to 2026-09-12 18:00:00+00:00, run_after=2026-09-13 18:00:00+00:00
[2026-09-12T20:57:03.704+0000] {processor.py:208} INFO - Processing /opt/airflow/dags/Shi_HW 3.py took 0.192 seconds
[2026-09-12T20:57:34.035+0000] {processor.py:186} INFO - Started process (PID=8211) to work on /opt/airflow/dags/Shi_HW 3.py
[2026-09-12T20:57:34.038+0000] {processor.py:914} INFO - Processing file /opt/airflow/dags/Shi_HW 3.py for tasks to queue
[2026-09-12T20:57:34.039+0000] {logging_mixin.py:190} INFO - [2026-09-12T20:57:34.039+0000] {dagbag.py:587} INFO - Filling up the DagBag from /opt/airflow/dags/Shi_HW 3.py
[2026-09-12T20:57:34.066+0000] {processor.py:925} INFO - DAG(s) 'WeatherToronto_ETL' retrieved from /opt/airflow/dags/Shi_HW 3.py
[2026-09-12T20:57:34.081+0000] {logging_mixin.py:190} INFO - [2026-09-12T20:57:34.079+0000] {dag.py:3229} INFO - Sync 1 DAGs
[2026-09-12T20:57:34.278+0000] {logging_mixin.py:190} INFO - [2026-09-12T20:57:34.278+0000] {dag.py:4156} INFO - Setting next_dagrun for WeatherToronto_ETL to 2026-09-12 18:00:00+00:00, run_after=2026-09-13 18:00:00+00:00
[2026-09-12T20:57:34.283+0000] {processor.py:208} INFO - Processing /opt/airflow/dags/Shi_HW 3.py took 0.255 seconds
[2026-09-12T20:58:04.417+0000] {processor.py:186} INFO - Started process (PID=8222) to work on /opt/airflow/dags/Shi_HW 3.py
[2026-09-12T20:58:04.420+0000] {processor.py:914} INFO - Processing file /opt/airflow/dags/Shi_HW 3.py for tasks to queue
[2026-09-12T20:58:04.421+0000] {logging_mixin.py:190} INFO - [2026-09-12T20:58:04.421+0000] {dagbag.py:587} INFO - Filling up the DagBag from /opt/airflow/dags/Shi_HW 3.py
[2026-09-12T20:58:04.523+0000] {processor.py:925} INFO - DAG(s) 'WeatherToronto_ETL' retrieved from /opt/airflow/dags/Shi_HW 3.py
[2026-09-12T20:58:04.587+0000] {logging_mixin.py:190} INFO - [2026-09-12T20:58:04.585+0000] {dag.py:3229} INFO - Sync 1 DAGs
[2026-09-12T20:58:04.919+0000] {logging_mixin.py:190} INFO - [2026-09-12T20:58:04.919+0000] {dag.py:4156} INFO - Setting next_dagrun for WeatherToronto_ETL to 2026-09-12 18:00:00+00:00, run_after=2026-09-13 18:00:00+00:00
[2026-09-12T20:58:04.926+0000] {processor.py:208} INFO - Processing /opt/airflow/dags/Shi_HW 3.py took 0.518 seconds
[2026-09-12T20:58:35.312+0000] {processor.py:186} INFO - Started process (PID=8233) to work on /opt/airflow/dags/Shi_HW 3.py
[2026-09-12T20:58:35.316+0000] {processor.py:914} INFO - Processing file /opt/airflow/dags/Shi_HW 3.py for tasks to queue
[2026-09-12T20:58:35.318+0000] {logging_mixin.py:190} INFO - [2026-09-12T20:58:35.317+0000] {dagbag.py:587} INFO - Filling up the DagBag from /opt/airflow/dags/Shi_HW 3.py
[2026-09-12T20:58:35.347+0000] {processor.py:925} INFO - DAG(s) 'WeatherToronto_ETL' retrieved from /opt/airflow/dags/Shi_HW 3.py
[2026-09-12T20:58:35.362+0000] {logging_mixin.py:190} INFO - [2026-09-12T20:58:35.361+0000] {dag.py:3229} INFO - Sync 1 DAGs
[2026-09-12T20:58:35.377+0000] {logging_mixin.py:190} INFO - [2026-09-12T20:58:35.376+0000] {dag.py:4156} INFO - Setting next_dagrun for WeatherToronto_ETL to 2026-09-12 18:00:00+00:00, run_after=2026-09-13 18:00:00+00:00
[2026-09-12T20:58:35.384+0000] {processor.py:208} INFO - Processing /opt/airflow/dags/Shi_HW 3.py took 0.081 seconds
[2026-09-12T20:59:05.669+0000] {processor.py:186} INFO - Started process (PID=8244) to work on /opt/airflow/dags/Shi_HW 3.py
[2026-09-12T20:59:05.673+0000] {processor.py:914} INFO - Processing file /opt/airflow/dags/Shi_HW 3.py for tasks to queue
[2026-09-12T20:59:05.674+0000] {logging_mixin.py:190} INFO - [2026-09-12T20:59:05.674+0000] {dagbag.py:587} INFO - Filling up the DagBag from /opt/airflow/dags/Shi_HW 3.py
[2026-09-12T20:59:05.694+0000] {processor.py:925} INFO - DAG(s) 'WeatherToronto_ETL' retrieved from /opt/airflow/dags/Shi_HW 3.py
[2026-09-12T20:59:05.702+0000] {logging_mixin.py:190} INFO - [2026-09-12T20:59:05.702+0000] {dag.py:3229} INFO - Sync 1 DAGs
[2026-09-12T20:59:05.711+0000] {logging_mixin.py:190} INFO - [2026-09-12T20:59:05.711+0000] {dag.py:4156} INFO - Setting next_dagrun for WeatherToronto_ETL to 2026-09-12 18:00:00+00:00, run_after=2026-09-13 18:00:00+00:00
[2026-09-12T20:59:05.717+0000] {processor.py:208} INFO - Processing /opt/airflow/dags/Shi_HW 3.py took 0.055 seconds
[2026-09-12T20:59:36.030+0000] {processor.py:186} INFO - Started process (PID=8255) to work on /opt/airflow/dags/Shi_HW 3.py
[2026-09-12T20:59:36.034+0000] {processor.py:914} INFO - Processing file /opt/airflow/dags/Shi_HW 3.py for tasks to queue
[2026-09-12T20:59:36.035+0000] {logging_mixin.py:190} INFO - [2026-09-12T20:59:36.034+0000] {dagbag.py:587} INFO - Filling up the DagBag from /opt/airflow/dags/Shi_HW 3.py
[2026-09-12T20:59:36.053+0000] {processor.py:925} INFO - DAG(s) 'WeatherToronto_ETL' retrieved from /opt/airflow/dags/Shi_HW 3.py
[2026-09-12T20:59:36.062+0000] {logging_mixin.py:190} INFO - [2026-09-12T20:59:36.061+0000] {dag.py:3229} INFO - Sync 1 DAGs
[2026-09-12T20:59:36.072+0000] {logging_mixin.py:190} INFO - [2026-09-12T20:59:36.071+0000] {dag.py:4156} INFO - Setting next_dagrun for WeatherToronto_ETL to 2026-09-12 18:00:00+00:00, run_after=2026-09-13 18:00:00+00:00
[2026-09-12T20:59:36.078+0000] {processor.py:208} INFO - Processing /opt/airflow/dags/Shi_HW 3.py took 0.053 seconds
[2026-09-12T21:00:06.323+0000] {processor.py:186} INFO - Started process (PID=8266) to work on /opt/airflow/dags/Shi_HW 3.py
[2026-09-12T21:00:06.325+0000] {processor.py:914} INFO - Processing file /opt/airflow/dags/Shi_HW 3.py for tasks to queue
[2026-09-12T21:00:06.326+0000] {logging_mixin.py:190} INFO - [2026-09-12T21:00:06.326+0000] {dagbag.py:587} INFO - Filling up the DagBag from /opt/airflow/dags/Shi_HW 3.py
[2026-09-12T21:00:06.343+0000] {processor.py:925} INFO - DAG(s) 'WeatherToronto_ETL' retrieved from /opt/airflow/dags/Shi_HW 3.py
[2026-09-12T21:00:06.352+0000] {logging_mixin.py:190} INFO - [2026-09-12T21:00:06.351+0000] {dag.py:3229} INFO - Sync 1 DAGs
[2026-09-12T21:00:06.520+0000] {logging_mixin.py:190} INFO - [2026-09-12T21:00:06.520+0000] {dag.py:4156} INFO - Setting next_dagrun for WeatherToronto_ETL to 2026-09-12 18:00:00+00:00, run_after=2026-09-13 18:00:00+00:00
[2026-09-12T21:00:06.526+0000] {processor.py:208} INFO - Processing /opt/airflow/dags/Shi_HW 3.py took 0.209 seconds
[2026-09-12T21:00:36.662+0000] {processor.py:186} INFO - Started process (PID=8277) to work on /opt/airflow/dags/Shi_HW 3.py
[2026-09-12T21:00:36.665+0000] {processor.py:914} INFO - Processing file /opt/airflow/dags/Shi_HW 3.py for tasks to queue
[2026-09-12T21:00:36.666+0000] {logging_mixin.py:190} INFO - [2026-09-12T21:00:36.666+0000] {dagbag.py:587} INFO - Filling up the DagBag from /opt/airflow/dags/Shi_HW 3.py
[2026-09-12T21:00:36.688+0000] {processor.py:925} INFO - DAG(s) 'WeatherToronto_ETL' retrieved from /opt/airflow/dags/Shi_HW 3.py
[2026-09-12T21:00:36.699+0000] {logging_mixin.py:190} INFO - [2026-09-12T21:00:36.698+0000] {dag.py:3229} INFO - Sync 1 DAGs
[2026-09-12T21:00:36.804+0000] {logging_mixin.py:190} INFO - [2026-09-12T21:00:36.804+0000] {dag.py:4156} INFO - Setting next_dagrun for WeatherToronto_ETL to 2026-09-12 18:00:00+00:00, run_after=2026-09-13 18:00:00+00:00
[2026-09-12T21:00:36.809+0000] {processor.py:208} INFO - Processing /opt/airflow/dags/Shi_HW 3.py took 0.155 seconds
[2026-09-12T21:01:07.026+0000] {processor.py:186} INFO - Started process (PID=8288) to work on /opt/airflow/dags/Shi_HW 3.py
[2026-09-12T21:01:07.029+0000] {processor.py:914} INFO - Processing file /opt/airflow/dags/Shi_HW 3.py for tasks to queue
[2026-09-12T21:01:07.031+0000] {logging_mixin.py:190} INFO - [2026-09-12T21:01:07.030+0000] {dagbag.py:587} INFO - Filling up the DagBag from /opt/airflow/dags/Shi_HW 3.py
[2026-09-12T21:01:07.056+0000] {processor.py:925} INFO - DAG(s) 'WeatherToronto_ETL' retrieved from /opt/airflow/dags/Shi_HW 3.py
[2026-09-12T21:01:07.067+0000] {logging_mixin.py:190} INFO - [2026-09-12T21:01:07.066+0000] {dag.py:3229} INFO - Sync 1 DAGs
[2026-09-12T21:01:07.080+0000] {logging_mixin.py:190} INFO - [2026-09-12T21:01:07.079+0000] {dag.py:4156} INFO - Setting next_dagrun for WeatherToronto_ETL to 2026-09-12 18:00:00+00:00, run_after=2026-09-13 18:00:00+00:00
[2026-09-12T21:01:07.087+0000] {processor.py:208} INFO - Processing /opt/airflow/dags/Shi_HW 3.py took 0.070 seconds
[2026-09-12T21:01:37.375+0000] {processor.py:186} INFO - Started process (PID=8299) to work on /opt/airflow/dags/Shi_HW 3.py
[2026-09-12T21:01:37.379+0000] {processor.py:914} INFO - Processing file /opt/airflow/dags/Shi_HW 3.py for tasks to queue
[2026-09-12T21:01:37.380+0000] {logging_mixin.py:190} INFO - [2026-09-12T21:01:37.380+0000] {dagbag.py:587} INFO - Filling up the DagBag from /opt/airflow/dags/Shi_HW 3.py
[2026-09-12T21:01:37.397+0000] {processor.py:925} INFO - DAG(s) 'WeatherToronto_ETL' retrieved from /opt/airflow/dags/Shi_HW 3.py
[2026-09-12T21:01:37.405+0000] {logging_mixin.py:190} INFO - [2026-09-12T21:01:37.405+0000] {dag.py:3229} INFO - Sync 1 DAGs
[2026-09-12T21:01:37.414+0000] {logging_mixin.py:190} INFO - [2026-09-12T21:01:37.414+0000] {dag.py:4156} INFO - Setting next_dagrun for WeatherToronto_ETL to 2026-09-12 18:00:00+00:00, run_after=2026-09-13 18:00:00+00:00
[2026-09-12T21:01:37.420+0000] {processor.py:208} INFO - Processing /opt/airflow/dags/Shi_HW 3.py took 0.053 seconds
[2026-09-12T21:02:07.734+0000] {processor.py:186} INFO - Started process (PID=8310) to work on /opt/airflow/dags/Shi_HW 3.py
[2026-09-12T21:02:07.737+0000] {processor.py:914} INFO - Processing file /opt/airflow/dags/Shi_HW 3.py for tasks to queue
[2026-09-12T21:02:07.738+0000] {logging_mixin.py:190} INFO - [2026-09-12T21:02:07.737+0000] {dagbag.py:587} INFO - Filling up the DagBag from /opt/airflow/dags/Shi_HW 3.py
[2026-09-12T21:02:07.756+0000] {processor.py:925} INFO - DAG(s) 'WeatherToronto_ETL' retrieved from /opt/airflow/dags/Shi_HW 3.py
[2026-09-12T21:02:07.765+0000] {logging_mixin.py:190} INFO - [2026-09-12T21:02:07.765+0000] {dag.py:3229} INFO - Sync 1 DAGs
[2026-09-12T21:02:07.775+0000] {logging_mixin.py:190} INFO - [2026-09-12T21:02:07.775+0000] {dag.py:4156} INFO - Setting next_dagrun for WeatherToronto_ETL to 2026-09-12 18:00:00+00:00, run_after=2026-09-13 18:00:00+00:00
[2026-09-12T21:02:07.781+0000] {processor.py:208} INFO - Processing /opt/airflow/dags/Shi_HW 3.py took 0.053 seconds
[2026-09-12T21:02:38.132+0000] {processor.py:186} INFO - Started process (PID=8321) to work on /opt/airflow/dags/Shi_HW 3.py
[2026-09-12T21:02:38.136+0000] {processor.py:914} INFO - Processing file /opt/airflow/dags/Shi_HW 3.py for tasks to queue
[2026-09-12T21:02:38.137+0000] {logging_mixin.py:190} INFO - [2026-09-12T21:02:38.137+0000] {dagbag.py:587} INFO - Filling up the DagBag from /opt/airflow/dags/Shi_HW 3.py
[2026-09-12T21:02:38.161+0000] {processor.py:925} INFO - DAG(s) 'WeatherToronto_ETL' retrieved from /opt/airflow/dags/Shi_HW 3.py
[2026-09-12T21:02:38.175+0000] {logging_mixin.py:190} INFO - [2026-09-12T21:02:38.174+0000] {dag.py:3229} INFO - Sync 1 DAGs
[2026-09-12T21:02:38.190+0000] {logging_mixin.py:190} INFO - [2026-09-12T21:02:38.190+0000] {dag.py:4156} INFO - Setting next_dagrun for WeatherToronto_ETL to 2026-09-12 18:00:00+00:00, run_after=2026-09-13 18:00:00+00:00
[2026-09-12T21:02:38.384+0000] {processor.py:208} INFO - Processing /opt/airflow/dags/Shi_HW 3.py took 0.258 seconds
[2026-09-12T21:03:08.513+0000] {processor.py:186} INFO - Started process (PID=8332) to work on /opt/airflow/dags/Shi_HW 3.py
[2026-09-12T21:03:08.516+0000] {processor.py:914} INFO - Processing file /opt/airflow/dags/Shi_HW 3.py for tasks to queue
[2026-09-12T21:03:08.518+0000] {logging_mixin.py:190} INFO - [2026-09-12T21:03:08.517+0000] {dagbag.py:587} INFO - Filling up the DagBag from /opt/airflow/dags/Shi_HW 3.py
[2026-09-12T21:03:08.551+0000] {processor.py:925} INFO - DAG(s) 'WeatherToronto_ETL' retrieved from /opt/airflow/dags/Shi_HW 3.py
[2026-09-12T21:03:08.566+0000] {logging_mixin.py:190} INFO - [2026-09-12T21:03:08.564+0000] {dag.py:3229} INFO - Sync 1 DAGs
[2026-09-12T21:03:08.707+0000] {logging_mixin.py:190} INFO - [2026-09-12T21:03:08.707+0000] {dag.py:4156} INFO - Setting next_dagrun for WeatherToronto_ETL to 2026-09-12 18:00:00+00:00, run_after=2026-09-13 18:00:00+00:00
[2026-09-12T21:03:08.713+0000] {processor.py:208} INFO - Processing /opt/airflow/dags/Shi_HW 3.py took 0.209 seconds
[2026-09-12T21:03:39.029+0000] {processor.py:186} INFO - Started process (PID=8343) to work on /opt/airflow/dags/Shi_HW 3.py
[2026-09-12T21:03:39.035+0000] {processor.py:914} INFO - Processing file /opt/airflow/dags/Shi_HW 3.py for tasks to queue
[2026-09-12T21:03:39.037+0000] {logging_mixin.py:190} INFO - [2026-09-12T21:03:39.036+0000] {dagbag.py:587} INFO - Filling up the DagBag from /opt/airflow/dags/Shi_HW 3.py
[2026-09-12T21:03:39.062+0000] {processor.py:925} INFO - DAG(s) 'WeatherToronto_ETL' retrieved from /opt/airflow/dags/Shi_HW 3.py
[2026-09-12T21:03:39.075+0000] {logging_mixin.py:190} INFO - [2026-09-12T21:03:39.074+0000] {dag.py:3229} INFO - Sync 1 DAGs
[2026-09-12T21:03:39.090+0000] {logging_mixin.py:190} INFO - [2026-09-12T21:03:39.090+0000] {dag.py:4156} INFO - Setting next_dagrun for WeatherToronto_ETL to 2026-09-12 18:00:00+00:00, run_after=2026-09-13 18:00:00+00:00
[2026-09-12T21:03:39.097+0000] {processor.py:208} INFO - Processing /opt/airflow/dags/Shi_HW 3.py took 0.082 seconds
[2026-09-12T21:04:09.414+0000] {processor.py:186} INFO - Started process (PID=8354) to work on /opt/airflow/dags/Shi_HW 3.py
[2026-09-12T21:04:09.417+0000] {processor.py:914} INFO - Processing file /opt/airflow/dags/Shi_HW 3.py for tasks to queue
[2026-09-12T21:04:09.418+0000] {logging_mixin.py:190} INFO - [2026-09-12T21:04:09.418+0000] {dagbag.py:587} INFO - Filling up the DagBag from /opt/airflow/dags/Shi_HW 3.py
[2026-09-12T21:04:09.446+0000] {processor.py:925} INFO - DAG(s) 'WeatherToronto_ETL' retrieved from /opt/airflow/dags/Shi_HW 3.py
[2026-09-12T21:04:09.461+0000] {logging_mixin.py:190} INFO - [2026-09-12T21:04:09.460+0000] {dag.py:3229} INFO - Sync 1 DAGs
[2026-09-12T21:04:09.475+0000] {logging_mixin.py:190} INFO - [2026-09-12T21:04:09.475+0000] {dag.py:4156} INFO - Setting next_dagrun for WeatherToronto_ETL to 2026-09-12 18:00:00+00:00, run_after=2026-09-13 18:00:00+00:00
[2026-09-12T21:04:09.483+0000] {processor.py:208} INFO - Processing /opt/airflow/dags/Shi_HW 3.py took 0.077 seconds
[2026-09-12T21:04:39.800+0000] {processor.py:186} INFO - Started process (PID=8365) to work on /opt/airflow/dags/Shi_HW 3.py
[2026-09-12T21:04:39.804+0000] {processor.py:914} INFO - Processing file /opt/airflow/dags/Shi_HW 3.py for tasks to queue
[2026-09-12T21:04:39.805+0000] {logging_mixin.py:190} INFO - [2026-09-12T21:04:39.804+0000] {dagbag.py:587} INFO - Filling up the DagBag from /opt/airflow/dags/Shi_HW 3.py
[2026-09-12T21:04:39.822+0000] {processor.py:925} INFO - DAG(s) 'WeatherToronto_ETL' retrieved from /opt/airflow/dags/Shi_HW 3.py
[2026-09-12T21:04:39.831+0000] {logging_mixin.py:190} INFO - [2026-09-12T21:04:39.831+0000] {dag.py:3229} INFO - Sync 1 DAGs
[2026-09-12T21:04:39.841+0000] {logging_mixin.py:190} INFO - [2026-09-12T21:04:39.841+0000] {dag.py:4156} INFO - Setting next_dagrun for WeatherToronto_ETL to 2026-09-12 18:00:00+00:00, run_after=2026-09-13 18:00:00+00:00
[2026-09-12T21:04:39.847+0000] {processor.py:208} INFO - Processing /opt/airflow/dags/Shi_HW 3.py took 0.055 seconds
[2026-09-12T21:05:10.196+0000] {processor.py:186} INFO - Started process (PID=8376) to work on /opt/airflow/dags/Shi_HW 3.py
[2026-09-12T21:05:10.198+0000] {processor.py:914} INFO - Processing file /opt/airflow/dags/Shi_HW 3.py for tasks to queue
[2026-09-12T21:05:10.199+0000] {logging_mixin.py:190} INFO - [2026-09-12T21:05:10.199+0000] {dagbag.py:587} INFO - Filling up the DagBag from /opt/airflow/dags/Shi_HW 3.py
[2026-09-12T21:05:10.222+0000] {processor.py:925} INFO - DAG(s) 'WeatherToronto_ETL' retrieved from /opt/airflow/dags/Shi_HW 3.py
[2026-09-12T21:05:10.234+0000] {logging_mixin.py:190} INFO - [2026-09-12T21:05:10.233+0000] {dag.py:3229} INFO - Sync 1 DAGs
[2026-09-12T21:05:10.247+0000] {logging_mixin.py:190} INFO - [2026-09-12T21:05:10.247+0000] {dag.py:4156} INFO - Setting next_dagrun for WeatherToronto_ETL to 2026-09-12 18:00:00+00:00, run_after=2026-09-13 18:00:00+00:00
[2026-09-12T21:05:10.392+0000] {processor.py:208} INFO - Processing /opt/airflow/dags/Shi_HW 3.py took 0.203 seconds
[2026-09-12T21:05:40.571+0000] {processor.py:186} INFO - Started process (PID=8387) to work on /opt/airflow/dags/Shi_HW 3.py
[2026-09-12T21:05:40.574+0000] {processor.py:914} INFO - Processing file /opt/airflow/dags/Shi_HW 3.py for tasks to queue
[2026-09-12T21:05:40.575+0000] {logging_mixin.py:190} INFO - [2026-09-12T21:05:40.574+0000] {dagbag.py:587} INFO - Filling up the DagBag from /opt/airflow/dags/Shi_HW 3.py
[2026-09-12T21:05:40.593+0000] {processor.py:925} INFO - DAG(s) 'WeatherToronto_ETL' retrieved from /opt/airflow/dags/Shi_HW 3.py
[2026-09-12T21:05:40.602+0000] {logging_mixin.py:190} INFO - [2026-09-12T21:05:40.601+0000] {dag.py:3229} INFO - Sync 1 DAGs
[2026-09-12T21:05:40.694+0000] {logging_mixin.py:190} INFO - [2026-09-12T21:05:40.694+0000] {dag.py:4156} INFO - Setting next_dagrun for WeatherToronto_ETL to 2026-09-12 18:00:00+00:00, run_after=2026-09-13 18:00:00+00:00
[2026-09-12T21:05:40.700+0000] {processor.py:208} INFO - Processing /opt/airflow/dags/Shi_HW 3.py took 0.134 seconds
[2026-09-12T21:06:10.954+0000] {processor.py:186} INFO - Started process (PID=8398) to work on /opt/airflow/dags/Shi_HW 3.py
[2026-09-12T21:06:10.957+0000] {processor.py:914} INFO - Processing file /opt/airflow/dags/Shi_HW 3.py for tasks to queue
[2026-09-12T21:06:10.958+0000] {logging_mixin.py:190} INFO - [2026-09-12T21:06:10.957+0000] {dagbag.py:587} INFO - Filling up the DagBag from /opt/airflow/dags/Shi_HW 3.py
[2026-09-12T21:06:10.979+0000] {processor.py:925} INFO - DAG(s) 'WeatherToronto_ETL' retrieved from /opt/airflow/dags/Shi_HW 3.py
[2026-09-12T21:06:11.079+0000] {logging_mixin.py:190} INFO - [2026-09-12T21:06:11.078+0000] {dag.py:3229} INFO - Sync 1 DAGs
[2026-09-12T21:06:11.086+0000] {logging_mixin.py:190} INFO - [2026-09-12T21:06:11.086+0000] {dag.py:4156} INFO - Setting next_dagrun for WeatherToronto_ETL to 2026-09-12 18:00:00+00:00, run_after=2026-09-13 18:00:00+00:00
[2026-09-12T21:06:11.092+0000] {processor.py:208} INFO - Processing /opt/airflow/dags/Shi_HW 3.py took 0.145 seconds
[2026-09-12T21:06:41.411+0000] {processor.py:186} INFO - Started process (PID=8409) to work on /opt/airflow/dags/Shi_HW 3.py
[2026-09-12T21:06:41.414+0000] {processor.py:914} INFO - Processing file /opt/airflow/dags/Shi_HW 3.py for tasks to queue
[2026-09-12T21:06:41.415+0000] {logging_mixin.py:190} INFO - [2026-09-12T21:06:41.415+0000] {dagbag.py:587} INFO - Filling up the DagBag from /opt/airflow/dags/Shi_HW 3.py
[2026-09-12T21:06:41.433+0000] {processor.py:925} INFO - DAG(s) 'WeatherToronto_ETL' retrieved from /opt/airflow/dags/Shi_HW 3.py
[2026-09-12T21:06:41.441+0000] {logging_mixin.py:190} INFO - [2026-09-12T21:06:41.440+0000] {dag.py:3229} INFO - Sync 1 DAGs
[2026-09-12T21:06:41.450+0000] {logging_mixin.py:190} INFO - [2026-09-12T21:06:41.450+0000] {dag.py:4156} INFO - Setting next_dagrun for WeatherToronto_ETL to 2026-09-12 18:00:00+00:00, run_after=2026-09-13 18:00:00+00:00
[2026-09-12T21:06:41.456+0000] {processor.py:208} INFO - Processing /opt/airflow/dags/Shi_HW 3.py took 0.050 seconds
[2026-09-12T21:07:11.729+0000] {processor.py:186} INFO - Started process (PID=8420) to work on /opt/airflow/dags/Shi_HW 3.py
[2026-09-12T21:07:11.732+0000] {processor.py:914} INFO - Processing file /opt/airflow/dags/Shi_HW 3.py for tasks to queue
[2026-09-12T21:07:11.733+0000] {logging_mixin.py:190} INFO - [2026-09-12T21:07:11.733+0000] {dagbag.py:587} INFO - Filling up the DagBag from /opt/airflow/dags/Shi_HW 3.py
[2026-09-12T21:07:11.748+0000] {processor.py:925} INFO - DAG(s) 'WeatherToronto_ETL' retrieved from /opt/airflow/dags/Shi_HW 3.py
[2026-09-12T21:07:11.757+0000] {logging_mixin.py:190} INFO - [2026-09-12T21:07:11.756+0000] {dag.py:3229} INFO - Sync 1 DAGs
[2026-09-12T21:07:11.767+0000] {logging_mixin.py:190} INFO - [2026-09-12T21:07:11.767+0000] {dag.py:4156} INFO - Setting next_dagrun for WeatherToronto_ETL to 2026-09-12 18:00:00+00:00, run_after=2026-09-13 18:00:00+00:00
[2026-09-12T21:07:11.773+0000] {processor.py:208} INFO - Processing /opt/airflow/dags/Shi_HW 3.py took 0.048 seconds
[2026-09-12T21:07:42.121+0000] {processor.py:186} INFO - Started process (PID=8431) to work on /opt/airflow/dags/Shi_HW 3.py
[2026-09-12T21:07:42.127+0000] {processor.py:914} INFO - Processing file /opt/airflow/dags/Shi_HW 3.py for tasks to queue
[2026-09-12T21:07:42.129+0000] {logging_mixin.py:190} INFO - [2026-09-12T21:07:42.128+0000] {dagbag.py:587} INFO - Filling up the DagBag from /opt/airflow/dags/Shi_HW 3.py
[2026-09-12T21:07:42.173+0000] {processor.py:925} INFO - DAG(s) 'WeatherToronto_ETL' retrieved from /opt/airflow/dags/Shi_HW 3.py
[2026-09-12T21:07:42.191+0000] {logging_mixin.py:190} INFO - [2026-09-12T21:07:42.189+0000] {dag.py:3229} INFO - Sync 1 DAGs
[2026-09-12T21:07:42.212+0000] {logging_mixin.py:190} INFO - [2026-09-12T21:07:42.212+0000] {dag.py:4156} INFO - Setting next_dagrun for WeatherToronto_ETL to 2026-09-12 18:00:00+00:00, run_after=2026-09-13 18:00:00+00:00
[2026-09-12T21:07:42.478+0000] {processor.py:208} INFO - Processing /opt/airflow/dags/Shi_HW 3.py took 0.370 seconds
[2026-09-12T21:08:12.818+0000] {processor.py:186} INFO - Started process (PID=8442) to work on /opt/airflow/dags/Shi_HW 3.py
[2026-09-12T21:08:12.822+0000] {processor.py:914} INFO - Processing file /opt/airflow/dags/Shi_HW 3.py for tasks to queue
[2026-09-12T21:08:12.824+0000] {logging_mixin.py:190} INFO - [2026-09-12T21:08:12.823+0000] {dagbag.py:587} INFO - Filling up the DagBag from /opt/airflow/dags/Shi_HW 3.py
[2026-09-12T21:08:12.880+0000] {processor.py:925} INFO - DAG(s) 'WeatherToronto_ETL' retrieved from /opt/airflow/dags/Shi_HW 3.py
[2026-09-12T21:08:12.906+0000] {logging_mixin.py:190} INFO - [2026-09-12T21:08:12.904+0000] {dag.py:3229} INFO - Sync 1 DAGs
[2026-09-12T21:08:13.151+0000] {logging_mixin.py:190} INFO - [2026-09-12T21:08:13.151+0000] {dag.py:4156} INFO - Setting next_dagrun for WeatherToronto_ETL to 2026-09-12 18:00:00+00:00, run_after=2026-09-13 18:00:00+00:00
[2026-09-12T21:08:13.157+0000] {processor.py:208} INFO - Processing /opt/airflow/dags/Shi_HW 3.py took 0.349 seconds
[2026-09-12T21:08:43.204+0000] {processor.py:186} INFO - Started process (PID=8453) to work on /opt/airflow/dags/Shi_HW 3.py
[2026-09-12T21:08:43.207+0000] {processor.py:914} INFO - Processing file /opt/airflow/dags/Shi_HW 3.py for tasks to queue
[2026-09-12T21:08:43.208+0000] {logging_mixin.py:190} INFO - [2026-09-12T21:08:43.207+0000] {dagbag.py:587} INFO - Filling up the DagBag from /opt/airflow/dags/Shi_HW 3.py
[2026-09-12T21:08:43.226+0000] {processor.py:925} INFO - DAG(s) 'WeatherToronto_ETL' retrieved from /opt/airflow/dags/Shi_HW 3.py
[2026-09-12T21:08:43.322+0000] {logging_mixin.py:190} INFO - [2026-09-12T21:08:43.322+0000] {dag.py:3229} INFO - Sync 1 DAGs
[2026-09-12T21:08:43.329+0000] {logging_mixin.py:190} INFO - [2026-09-12T21:08:43.329+0000] {dag.py:4156} INFO - Setting next_dagrun for WeatherToronto_ETL to 2026-09-12 18:00:00+00:00, run_after=2026-09-13 18:00:00+00:00
[2026-09-12T21:08:43.335+0000] {processor.py:208} INFO - Processing /opt/airflow/dags/Shi_HW 3.py took 0.139 seconds
[2026-09-12T21:09:13.537+0000] {processor.py:186} INFO - Started process (PID=8464) to work on /opt/airflow/dags/Shi_HW 3.py
[2026-09-12T21:09:13.541+0000] {processor.py:914} INFO - Processing file /opt/airflow/dags/Shi_HW 3.py for tasks to queue
[2026-09-12T21:09:13.543+0000] {logging_mixin.py:190} INFO - [2026-09-12T21:09:13.542+0000] {dagbag.py:587} INFO - Filling up the DagBag from /opt/airflow/dags/Shi_HW 3.py
[2026-09-12T21:09:13.569+0000] {processor.py:925} INFO - DAG(s) 'WeatherToronto_ETL' retrieved from /opt/airflow/dags/Shi_HW 3.py
[2026-09-12T21:09:13.581+0000] {logging_mixin.py:190} INFO - [2026-09-12T21:09:13.580+0000] {dag.py:3229} INFO - Sync 1 DAGs
[2026-09-12T21:09:13.594+0000] {logging_mixin.py:190} INFO - [2026-09-12T21:09:13.594+0000] {dag.py:4156} INFO - Setting next_dagrun for WeatherToronto_ETL to 2026-09-12 18:00:00+00:00, run_after=2026-09-13 18:00:00+00:00
[2026-09-12T21:09:13.601+0000] {processor.py:208} INFO - Processing /opt/airflow/dags/Shi_HW 3.py took 0.074 seconds
[2026-09-12T21:09:43.873+0000] {processor.py:186} INFO - Started process (PID=8475) to work on /opt/airflow/dags/Shi_HW 3.py
[2026-09-12T21:09:43.875+0000] {processor.py:914} INFO - Processing file /opt/airflow/dags/Shi_HW 3.py for tasks to queue
[2026-09-12T21:09:43.876+0000] {logging_mixin.py:190} INFO - [2026-09-12T21:09:43.876+0000] {dagbag.py:587} INFO - Filling up the DagBag from /opt/airflow/dags/Shi_HW 3.py
[2026-09-12T21:09:43.892+0000] {processor.py:925} INFO - DAG(s) 'WeatherToronto_ETL' retrieved from /opt/airflow/dags/Shi_HW 3.py
[2026-09-12T21:09:43.900+0000] {logging_mixin.py:190} INFO - [2026-09-12T21:09:43.899+0000] {dag.py:3229} INFO - Sync 1 DAGs
[2026-09-12T21:09:43.909+0000] {logging_mixin.py:190} INFO - [2026-09-12T21:09:43.909+0000] {dag.py:4156} INFO - Setting next_dagrun for WeatherToronto_ETL to 2026-09-12 18:00:00+00:00, run_after=2026-09-13 18:00:00+00:00
[2026-09-12T21:09:43.915+0000] {processor.py:208} INFO - Processing /opt/airflow/dags/Shi_HW 3.py took 0.048 seconds
[2026-09-12T21:10:14.277+0000] {processor.py:186} INFO - Started process (PID=8486) to work on /opt/airflow/dags/Shi_HW 3.py
[2026-09-12T21:10:14.282+0000] {processor.py:914} INFO - Processing file /opt/airflow/dags/Shi_HW 3.py for tasks to queue
[2026-09-12T21:10:14.283+0000] {logging_mixin.py:190} INFO - [2026-09-12T21:10:14.283+0000] {dagbag.py:587} INFO - Filling up the DagBag from /opt/airflow/dags/Shi_HW 3.py
[2026-09-12T21:10:14.306+0000] {processor.py:925} INFO - DAG(s) 'WeatherToronto_ETL' retrieved from /opt/airflow/dags/Shi_HW 3.py
[2026-09-12T21:10:14.315+0000] {logging_mixin.py:190} INFO - [2026-09-12T21:10:14.314+0000] {dag.py:3229} INFO - Sync 1 DAGs
[2026-09-12T21:10:14.324+0000] {logging_mixin.py:190} INFO - [2026-09-12T21:10:14.324+0000] {dag.py:4156} INFO - Setting next_dagrun for WeatherToronto_ETL to 2026-09-12 18:00:00+00:00, run_after=2026-09-13 18:00:00+00:00
[2026-09-12T21:10:14.506+0000] {processor.py:208} INFO - Processing /opt/airflow/dags/Shi_HW 3.py took 0.238 seconds
[2026-09-12T21:10:44.650+0000] {processor.py:186} INFO - Started process (PID=8497) to work on /opt/airflow/dags/Shi_HW 3.py
[2026-09-12T21:10:44.654+0000] {processor.py:914} INFO - Processing file /opt/airflow/dags/Shi_HW 3.py for tasks to queue
[2026-09-12T21:10:44.655+0000] {logging_mixin.py:190} INFO - [2026-09-12T21:10:44.655+0000] {dagbag.py:587} INFO - Filling up the DagBag from /opt/airflow/dags/Shi_HW 3.py
[2026-09-12T21:10:44.675+0000] {processor.py:925} INFO - DAG(s) 'WeatherToronto_ETL' retrieved from /opt/airflow/dags/Shi_HW 3.py
[2026-09-12T21:10:44.686+0000] {logging_mixin.py:190} INFO - [2026-09-12T21:10:44.685+0000] {dag.py:3229} INFO - Sync 1 DAGs
[2026-09-12T21:10:44.798+0000] {logging_mixin.py:190} INFO - [2026-09-12T21:10:44.798+0000] {dag.py:4156} INFO - Setting next_dagrun for WeatherToronto_ETL to 2026-09-12 18:00:00+00:00, run_after=2026-09-13 18:00:00+00:00
[2026-09-12T21:10:44.804+0000] {processor.py:208} INFO - Processing /opt/airflow/dags/Shi_HW 3.py took 0.167 seconds
[2026-09-12T21:11:14.977+0000] {processor.py:186} INFO - Started process (PID=8508) to work on /opt/airflow/dags/Shi_HW 3.py
[2026-09-12T21:11:14.980+0000] {processor.py:914} INFO - Processing file /opt/airflow/dags/Shi_HW 3.py for tasks to queue
[2026-09-12T21:11:14.981+0000] {logging_mixin.py:190} INFO - [2026-09-12T21:11:14.980+0000] {dagbag.py:587} INFO - Filling up the DagBag from /opt/airflow/dags/Shi_HW 3.py
[2026-09-12T21:11:15.001+0000] {processor.py:925} INFO - DAG(s) 'WeatherToronto_ETL' retrieved from /opt/airflow/dags/Shi_HW 3.py
[2026-09-12T21:11:15.011+0000] {logging_mixin.py:190} INFO - [2026-09-12T21:11:15.010+0000] {dag.py:3229} INFO - Sync 1 DAGs
[2026-09-12T21:11:15.138+0000] {logging_mixin.py:190} INFO - [2026-09-12T21:11:15.137+0000] {dag.py:4156} INFO - Setting next_dagrun for WeatherToronto_ETL to 2026-09-12 18:00:00+00:00, run_after=2026-09-13 18:00:00+00:00
[2026-09-12T21:11:15.143+0000] {processor.py:208} INFO - Processing /opt/airflow/dags/Shi_HW 3.py took 0.175 seconds
[2026-09-12T21:11:45.484+0000] {processor.py:186} INFO - Started process (PID=8519) to work on /opt/airflow/dags/Shi_HW 3.py
[2026-09-12T21:11:45.487+0000] {processor.py:914} INFO - Processing file /opt/airflow/dags/Shi_HW 3.py for tasks to queue
[2026-09-12T21:11:45.488+0000] {logging_mixin.py:190} INFO - [2026-09-12T21:11:45.488+0000] {dagbag.py:587} INFO - Filling up the DagBag from /opt/airflow/dags/Shi_HW 3.py
[2026-09-12T21:11:45.505+0000] {processor.py:925} INFO - DAG(s) 'WeatherToronto_ETL' retrieved from /opt/airflow/dags/Shi_HW 3.py
[2026-09-12T21:11:45.514+0000] {logging_mixin.py:190} INFO - [2026-09-12T21:11:45.513+0000] {dag.py:3229} INFO - Sync 1 DAGs
[2026-09-12T21:11:45.523+0000] {logging_mixin.py:190} INFO - [2026-09-12T21:11:45.523+0000] {dag.py:4156} INFO - Setting next_dagrun for WeatherToronto_ETL to 2026-09-12 18:00:00+00:00, run_after=2026-09-13 18:00:00+00:00
[2026-09-12T21:11:45.529+0000] {processor.py:208} INFO - Processing /opt/airflow/dags/Shi_HW 3.py took 0.051 seconds
[2026-09-12T21:12:15.802+0000] {processor.py:186} INFO - Started process (PID=8530) to work on /opt/airflow/dags/Shi_HW 3.py
[2026-09-12T21:12:15.805+0000] {processor.py:914} INFO - Processing file /opt/airflow/dags/Shi_HW 3.py for tasks to queue
[2026-09-12T21:12:15.806+0000] {logging_mixin.py:190} INFO - [2026-09-12T21:12:15.806+0000] {dagbag.py:587} INFO - Filling up the DagBag from /opt/airflow/dags/Shi_HW 3.py
[2026-09-12T21:12:15.824+0000] {processor.py:925} INFO - DAG(s) 'WeatherToronto_ETL' retrieved from /opt/airflow/dags/Shi_HW 3.py
[2026-09-12T21:12:15.833+0000] {logging_mixin.py:190} INFO - [2026-09-12T21:12:15.832+0000] {dag.py:3229} INFO - Sync 1 DAGs
[2026-09-12T21:12:15.842+0000] {logging_mixin.py:190} INFO - [2026-09-12T21:12:15.842+0000] {dag.py:4156} INFO - Setting next_dagrun for WeatherToronto_ETL to 2026-09-12 18:00:00+00:00, run_after=2026-09-13 18:00:00+00:00
[2026-09-12T21:12:15.848+0000] {processor.py:208} INFO - Processing /opt/airflow/dags/Shi_HW 3.py took 0.052 seconds
[2026-09-12T21:12:46.201+0000] {processor.py:186} INFO - Started process (PID=8541) to work on /opt/airflow/dags/Shi_HW 3.py
[2026-09-12T21:12:46.204+0000] {processor.py:914} INFO - Processing file /opt/airflow/dags/Shi_HW 3.py for tasks to queue
[2026-09-12T21:12:46.205+0000] {logging_mixin.py:190} INFO - [2026-09-12T21:12:46.204+0000] {dagbag.py:587} INFO - Filling up the DagBag from /opt/airflow/dags/Shi_HW 3.py
[2026-09-12T21:12:46.226+0000] {processor.py:925} INFO - DAG(s) 'WeatherToronto_ETL' retrieved from /opt/airflow/dags/Shi_HW 3.py
[2026-09-12T21:12:46.242+0000] {logging_mixin.py:190} INFO - [2026-09-12T21:12:46.241+0000] {dag.py:3229} INFO - Sync 1 DAGs
[2026-09-12T21:12:46.259+0000] {logging_mixin.py:190} INFO - [2026-09-12T21:12:46.259+0000] {dag.py:4156} INFO - Setting next_dagrun for WeatherToronto_ETL to 2026-09-12 18:00:00+00:00, run_after=2026-09-13 18:00:00+00:00
[2026-09-12T21:12:46.267+0000] {processor.py:208} INFO - Processing /opt/airflow/dags/Shi_HW 3.py took 0.072 seconds
[2026-09-12T21:13:16.569+0000] {processor.py:186} INFO - Started process (PID=8552) to work on /opt/airflow/dags/Shi_HW 3.py
[2026-09-12T21:13:16.571+0000] {processor.py:914} INFO - Processing file /opt/airflow/dags/Shi_HW 3.py for tasks to queue
[2026-09-12T21:13:16.572+0000] {logging_mixin.py:190} INFO - [2026-09-12T21:13:16.572+0000] {dagbag.py:587} INFO - Filling up the DagBag from /opt/airflow/dags/Shi_HW 3.py
[2026-09-12T21:13:16.590+0000] {processor.py:925} INFO - DAG(s) 'WeatherToronto_ETL' retrieved from /opt/airflow/dags/Shi_HW 3.py
[2026-09-12T21:13:16.599+0000] {logging_mixin.py:190} INFO - [2026-09-12T21:13:16.599+0000] {dag.py:3229} INFO - Sync 1 DAGs
[2026-09-12T21:13:16.748+0000] {logging_mixin.py:190} INFO - [2026-09-12T21:13:16.748+0000] {dag.py:4156} INFO - Setting next_dagrun for WeatherToronto_ETL to 2026-09-12 18:00:00+00:00, run_after=2026-09-13 18:00:00+00:00
[2026-09-12T21:13:16.754+0000] {processor.py:208} INFO - Processing /opt/airflow/dags/Shi_HW 3.py took 0.189 seconds
[2026-09-12T21:13:46.950+0000] {processor.py:186} INFO - Started process (PID=8563) to work on /opt/airflow/dags/Shi_HW 3.py
[2026-09-12T21:13:46.952+0000] {processor.py:914} INFO - Processing file /opt/airflow/dags/Shi_HW 3.py for tasks to queue
[2026-09-12T21:13:46.954+0000] {logging_mixin.py:190} INFO - [2026-09-12T21:13:46.953+0000] {dagbag.py:587} INFO - Filling up the DagBag from /opt/airflow/dags/Shi_HW 3.py
[2026-09-12T21:13:46.975+0000] {processor.py:925} INFO - DAG(s) 'WeatherToronto_ETL' retrieved from /opt/airflow/dags/Shi_HW 3.py
[2026-09-12T21:13:46.985+0000] {logging_mixin.py:190} INFO - [2026-09-12T21:13:46.984+0000] {dag.py:3229} INFO - Sync 1 DAGs
[2026-09-12T21:13:47.090+0000] {logging_mixin.py:190} INFO - [2026-09-12T21:13:47.090+0000] {dag.py:4156} INFO - Setting next_dagrun for WeatherToronto_ETL to 2026-09-12 18:00:00+00:00, run_after=2026-09-13 18:00:00+00:00
[2026-09-12T21:13:47.095+0000] {processor.py:208} INFO - Processing /opt/airflow/dags/Shi_HW 3.py took 0.152 seconds
[2026-09-12T21:14:17.393+0000] {processor.py:186} INFO - Started process (PID=8574) to work on /opt/airflow/dags/Shi_HW 3.py
[2026-09-12T21:14:17.398+0000] {processor.py:914} INFO - Processing file /opt/airflow/dags/Shi_HW 3.py for tasks to queue
[2026-09-12T21:14:17.399+0000] {logging_mixin.py:190} INFO - [2026-09-12T21:14:17.399+0000] {dagbag.py:587} INFO - Filling up the DagBag from /opt/airflow/dags/Shi_HW 3.py
[2026-09-12T21:14:17.419+0000] {processor.py:925} INFO - DAG(s) 'WeatherToronto_ETL' retrieved from /opt/airflow/dags/Shi_HW 3.py
[2026-09-12T21:14:17.534+0000] {logging_mixin.py:190} INFO - [2026-09-12T21:14:17.534+0000] {dag.py:3229} INFO - Sync 1 DAGs
[2026-09-12T21:14:17.542+0000] {logging_mixin.py:190} INFO - [2026-09-12T21:14:17.542+0000] {dag.py:4156} INFO - Setting next_dagrun for WeatherToronto_ETL to 2026-09-12 18:00:00+00:00, run_after=2026-09-13 18:00:00+00:00
[2026-09-12T21:14:17.547+0000] {processor.py:208} INFO - Processing /opt/airflow/dags/Shi_HW 3.py took 0.160 seconds
[2026-09-12T21:14:47.769+0000] {processor.py:186} INFO - Started process (PID=8585) to work on /opt/airflow/dags/Shi_HW 3.py
[2026-09-12T21:14:47.774+0000] {processor.py:914} INFO - Processing file /opt/airflow/dags/Shi_HW 3.py for tasks to queue
[2026-09-12T21:14:47.775+0000] {logging_mixin.py:190} INFO - [2026-09-12T21:14:47.775+0000] {dagbag.py:587} INFO - Filling up the DagBag from /opt/airflow/dags/Shi_HW 3.py
[2026-09-12T21:14:47.800+0000] {processor.py:925} INFO - DAG(s) 'WeatherToronto_ETL' retrieved from /opt/airflow/dags/Shi_HW 3.py
[2026-09-12T21:14:47.814+0000] {logging_mixin.py:190} INFO - [2026-09-12T21:14:47.813+0000] {dag.py:3229} INFO - Sync 1 DAGs
[2026-09-12T21:14:47.826+0000] {logging_mixin.py:190} INFO - [2026-09-12T21:14:47.826+0000] {dag.py:4156} INFO - Setting next_dagrun for WeatherToronto_ETL to 2026-09-12 18:00:00+00:00, run_after=2026-09-13 18:00:00+00:00
[2026-09-12T21:14:47.833+0000] {processor.py:208} INFO - Processing /opt/airflow/dags/Shi_HW 3.py took 0.072 seconds
[2026-09-12T21:15:18.162+0000] {processor.py:186} INFO - Started process (PID=8596) to work on /opt/airflow/dags/Shi_HW 3.py
[2026-09-12T21:15:18.166+0000] {processor.py:914} INFO - Processing file /opt/airflow/dags/Shi_HW 3.py for tasks to queue
[2026-09-12T21:15:18.167+0000] {logging_mixin.py:190} INFO - [2026-09-12T21:15:18.167+0000] {dagbag.py:587} INFO - Filling up the DagBag from /opt/airflow/dags/Shi_HW 3.py
[2026-09-12T21:15:18.189+0000] {processor.py:925} INFO - DAG(s) 'WeatherToronto_ETL' retrieved from /opt/airflow/dags/Shi_HW 3.py
[2026-09-12T21:15:18.198+0000] {logging_mixin.py:190} INFO - [2026-09-12T21:15:18.197+0000] {dag.py:3229} INFO - Sync 1 DAGs
[2026-09-12T21:15:18.209+0000] {logging_mixin.py:190} INFO - [2026-09-12T21:15:18.209+0000] {dag.py:4156} INFO - Setting next_dagrun for WeatherToronto_ETL to 2026-09-12 18:00:00+00:00, run_after=2026-09-13 18:00:00+00:00
[2026-09-12T21:15:18.335+0000] {processor.py:208} INFO - Processing /opt/airflow/dags/Shi_HW 3.py took 0.183 seconds
[2026-09-12T21:15:48.530+0000] {processor.py:186} INFO - Started process (PID=8607) to work on /opt/airflow/dags/Shi_HW 3.py
[2026-09-12T21:15:48.533+0000] {processor.py:914} INFO - Processing file /opt/airflow/dags/Shi_HW 3.py for tasks to queue
[2026-09-12T21:15:48.534+0000] {logging_mixin.py:190} INFO - [2026-09-12T21:15:48.534+0000] {dagbag.py:587} INFO - Filling up the DagBag from /opt/airflow/dags/Shi_HW 3.py
[2026-09-12T21:15:48.554+0000] {processor.py:925} INFO - DAG(s) 'WeatherToronto_ETL' retrieved from /opt/airflow/dags/Shi_HW 3.py
[2026-09-12T21:15:48.564+0000] {logging_mixin.py:190} INFO - [2026-09-12T21:15:48.563+0000] {dag.py:3229} INFO - Sync 1 DAGs
[2026-09-12T21:15:48.655+0000] {logging_mixin.py:190} INFO - [2026-09-12T21:15:48.655+0000] {dag.py:4156} INFO - Setting next_dagrun for WeatherToronto_ETL to 2026-09-12 18:00:00+00:00, run_after=2026-09-13 18:00:00+00:00
[2026-09-12T21:15:48.660+0000] {processor.py:208} INFO - Processing /opt/airflow/dags/Shi_HW 3.py took 0.137 seconds
[2026-09-12T21:16:19.017+0000] {processor.py:186} INFO - Started process (PID=8618) to work on /opt/airflow/dags/Shi_HW 3.py
[2026-09-12T21:16:19.021+0000] {processor.py:914} INFO - Processing file /opt/airflow/dags/Shi_HW 3.py for tasks to queue
[2026-09-12T21:16:19.022+0000] {logging_mixin.py:190} INFO - [2026-09-12T21:16:19.021+0000] {dagbag.py:587} INFO - Filling up the DagBag from /opt/airflow/dags/Shi_HW 3.py
[2026-09-12T21:16:19.043+0000] {processor.py:925} INFO - DAG(s) 'WeatherToronto_ETL' retrieved from /opt/airflow/dags/Shi_HW 3.py
[2026-09-12T21:16:19.056+0000] {logging_mixin.py:190} INFO - [2026-09-12T21:16:19.055+0000] {dag.py:3229} INFO - Sync 1 DAGs
[2026-09-12T21:16:19.156+0000] {logging_mixin.py:190} INFO - [2026-09-12T21:16:19.156+0000] {dag.py:4156} INFO - Setting next_dagrun for WeatherToronto_ETL to 2026-09-12 18:00:00+00:00, run_after=2026-09-13 18:00:00+00:00
[2026-09-12T21:16:19.161+0000] {processor.py:208} INFO - Processing /opt/airflow/dags/Shi_HW 3.py took 0.150 seconds
[2026-09-12T21:16:49.419+0000] {processor.py:186} INFO - Started process (PID=8629) to work on /opt/airflow/dags/Shi_HW 3.py
[2026-09-12T21:16:49.424+0000] {processor.py:914} INFO - Processing file /opt/airflow/dags/Shi_HW 3.py for tasks to queue
[2026-09-12T21:16:49.425+0000] {logging_mixin.py:190} INFO - [2026-09-12T21:16:49.425+0000] {dagbag.py:587} INFO - Filling up the DagBag from /opt/airflow/dags/Shi_HW 3.py
[2026-09-12T21:16:49.458+0000] {processor.py:925} INFO - DAG(s) 'WeatherToronto_ETL' retrieved from /opt/airflow/dags/Shi_HW 3.py
[2026-09-12T21:16:49.744+0000] {logging_mixin.py:190} INFO - [2026-09-12T21:16:49.743+0000] {dag.py:3229} INFO - Sync 1 DAGs
[2026-09-12T21:16:49.753+0000] {logging_mixin.py:190} INFO - [2026-09-12T21:16:49.753+0000] {dag.py:4156} INFO - Setting next_dagrun for WeatherToronto_ETL to 2026-09-12 18:00:00+00:00, run_after=2026-09-13 18:00:00+00:00
[2026-09-12T21:16:49.758+0000] {processor.py:208} INFO - Processing /opt/airflow/dags/Shi_HW 3.py took 0.352 seconds
[2026-09-12T21:17:19.926+0000] {processor.py:186} INFO - Started process (PID=8640) to work on /opt/airflow/dags/Shi_HW 3.py
[2026-09-12T21:17:19.931+0000] {processor.py:914} INFO - Processing file /opt/airflow/dags/Shi_HW 3.py for tasks to queue
[2026-09-12T21:17:19.931+0000] {logging_mixin.py:190} INFO - [2026-09-12T21:17:19.931+0000] {dagbag.py:587} INFO - Filling up the DagBag from /opt/airflow/dags/Shi_HW 3.py
[2026-09-12T21:17:19.953+0000] {processor.py:925} INFO - DAG(s) 'WeatherToronto_ETL' retrieved from /opt/airflow/dags/Shi_HW 3.py
[2026-09-12T21:17:19.964+0000] {logging_mixin.py:190} INFO - [2026-09-12T21:17:19.963+0000] {dag.py:3229} INFO - Sync 1 DAGs
[2026-09-12T21:17:19.973+0000] {logging_mixin.py:190} INFO - [2026-09-12T21:17:19.973+0000] {dag.py:4156} INFO - Setting next_dagrun for WeatherToronto_ETL to 2026-09-12 18:00:00+00:00, run_after=2026-09-13 18:00:00+00:00
[2026-09-12T21:17:19.980+0000] {processor.py:208} INFO - Processing /opt/airflow/dags/Shi_HW 3.py took 0.061 seconds
[2026-09-12T21:17:50.320+0000] {processor.py:186} INFO - Started process (PID=8651) to work on /opt/airflow/dags/Shi_HW 3.py
[2026-09-12T21:17:50.324+0000] {processor.py:914} INFO - Processing file /opt/airflow/dags/Shi_HW 3.py for tasks to queue
[2026-09-12T21:17:50.325+0000] {logging_mixin.py:190} INFO - [2026-09-12T21:17:50.325+0000] {dagbag.py:587} INFO - Filling up the DagBag from /opt/airflow/dags/Shi_HW 3.py
[2026-09-12T21:17:50.360+0000] {processor.py:925} INFO - DAG(s) 'WeatherToronto_ETL' retrieved from /opt/airflow/dags/Shi_HW 3.py
[2026-09-12T21:17:50.380+0000] {logging_mixin.py:190} INFO - [2026-09-12T21:17:50.378+0000] {dag.py:3229} INFO - Sync 1 DAGs
[2026-09-12T21:17:50.396+0000] {logging_mixin.py:190} INFO - [2026-09-12T21:17:50.396+0000] {dag.py:4156} INFO - Setting next_dagrun for WeatherToronto_ETL to 2026-09-12 18:00:00+00:00, run_after=2026-09-13 18:00:00+00:00
[2026-09-12T21:17:50.405+0000] {processor.py:208} INFO - Processing /opt/airflow/dags/Shi_HW 3.py took 0.095 seconds
[2026-09-12T21:18:20.754+0000] {processor.py:186} INFO - Started process (PID=8662) to work on /opt/airflow/dags/Shi_HW 3.py
[2026-09-12T21:18:20.757+0000] {processor.py:914} INFO - Processing file /opt/airflow/dags/Shi_HW 3.py for tasks to queue
[2026-09-12T21:18:20.758+0000] {logging_mixin.py:190} INFO - [2026-09-12T21:18:20.758+0000] {dagbag.py:587} INFO - Filling up the DagBag from /opt/airflow/dags/Shi_HW 3.py
[2026-09-12T21:18:20.779+0000] {processor.py:925} INFO - DAG(s) 'WeatherToronto_ETL' retrieved from /opt/airflow/dags/Shi_HW 3.py
[2026-09-12T21:18:20.788+0000] {logging_mixin.py:190} INFO - [2026-09-12T21:18:20.788+0000] {dag.py:3229} INFO - Sync 1 DAGs
[2026-09-12T21:18:20.954+0000] {logging_mixin.py:190} INFO - [2026-09-12T21:18:20.954+0000] {dag.py:4156} INFO - Setting next_dagrun for WeatherToronto_ETL to 2026-09-12 18:00:00+00:00, run_after=2026-09-13 18:00:00+00:00
[2026-09-12T21:18:20.960+0000] {processor.py:208} INFO - Processing /opt/airflow/dags/Shi_HW 3.py took 0.215 seconds
[2026-09-12T21:18:51.275+0000] {processor.py:186} INFO - Started process (PID=8673) to work on /opt/airflow/dags/Shi_HW 3.py
[2026-09-12T21:18:51.280+0000] {processor.py:914} INFO - Processing file /opt/airflow/dags/Shi_HW 3.py for tasks to queue
[2026-09-12T21:18:51.283+0000] {logging_mixin.py:190} INFO - [2026-09-12T21:18:51.282+0000] {dagbag.py:587} INFO - Filling up the DagBag from /opt/airflow/dags/Shi_HW 3.py
[2026-09-12T21:18:51.338+0000] {processor.py:925} INFO - DAG(s) 'WeatherToronto_ETL' retrieved from /opt/airflow/dags/Shi_HW 3.py
[2026-09-12T21:18:51.355+0000] {logging_mixin.py:190} INFO - [2026-09-12T21:18:51.353+0000] {dag.py:3229} INFO - Sync 1 DAGs
[2026-09-12T21:18:51.532+0000] {logging_mixin.py:190} INFO - [2026-09-12T21:18:51.532+0000] {dag.py:4156} INFO - Setting next_dagrun for WeatherToronto_ETL to 2026-09-12 18:00:00+00:00, run_after=2026-09-13 18:00:00+00:00
[2026-09-12T21:18:51.537+0000] {processor.py:208} INFO - Processing /opt/airflow/dags/Shi_HW 3.py took 0.290 seconds
[2026-09-12T21:19:21.774+0000] {processor.py:186} INFO - Started process (PID=8684) to work on /opt/airflow/dags/Shi_HW 3.py
[2026-09-12T21:19:21.777+0000] {processor.py:914} INFO - Processing file /opt/airflow/dags/Shi_HW 3.py for tasks to queue
[2026-09-12T21:19:21.778+0000] {logging_mixin.py:190} INFO - [2026-09-12T21:19:21.778+0000] {dagbag.py:587} INFO - Filling up the DagBag from /opt/airflow/dags/Shi_HW 3.py
[2026-09-12T21:19:21.813+0000] {processor.py:925} INFO - DAG(s) 'WeatherToronto_ETL' retrieved from /opt/airflow/dags/Shi_HW 3.py
[2026-09-12T21:19:22.041+0000] {logging_mixin.py:190} INFO - [2026-09-12T21:19:22.041+0000] {dag.py:3229} INFO - Sync 1 DAGs
[2026-09-12T21:19:22.052+0000] {logging_mixin.py:190} INFO - [2026-09-12T21:19:22.052+0000] {dag.py:4156} INFO - Setting next_dagrun for WeatherToronto_ETL to 2026-09-12 18:00:00+00:00, run_after=2026-09-13 18:00:00+00:00
[2026-09-12T21:19:22.058+0000] {processor.py:208} INFO - Processing /opt/airflow/dags/Shi_HW 3.py took 0.294 seconds
[2026-09-12T21:19:52.362+0000] {processor.py:186} INFO - Started process (PID=8695) to work on /opt/airflow/dags/Shi_HW 3.py
[2026-09-12T21:19:52.365+0000] {processor.py:914} INFO - Processing file /opt/airflow/dags/Shi_HW 3.py for tasks to queue
[2026-09-12T21:19:52.367+0000] {logging_mixin.py:190} INFO - [2026-09-12T21:19:52.367+0000] {dagbag.py:587} INFO - Filling up the DagBag from /opt/airflow/dags/Shi_HW 3.py
[2026-09-12T21:19:52.417+0000] {processor.py:925} INFO - DAG(s) 'WeatherToronto_ETL' retrieved from /opt/airflow/dags/Shi_HW 3.py
[2026-09-12T21:19:52.445+0000] {logging_mixin.py:190} INFO - [2026-09-12T21:19:52.443+0000] {dag.py:3229} INFO - Sync 1 DAGs
[2026-09-12T21:19:52.462+0000] {logging_mixin.py:190} INFO - [2026-09-12T21:19:52.462+0000] {dag.py:4156} INFO - Setting next_dagrun for WeatherToronto_ETL to 2026-09-12 18:00:00+00:00, run_after=2026-09-13 18:00:00+00:00
[2026-09-12T21:19:52.470+0000] {processor.py:208} INFO - Processing /opt/airflow/dags/Shi_HW 3.py took 0.119 seconds
[2026-09-12T21:20:22.863+0000] {processor.py:186} INFO - Started process (PID=8706) to work on /opt/airflow/dags/Shi_HW 3.py
[2026-09-12T21:20:22.866+0000] {processor.py:914} INFO - Processing file /opt/airflow/dags/Shi_HW 3.py for tasks to queue
[2026-09-12T21:20:22.868+0000] {logging_mixin.py:190} INFO - [2026-09-12T21:20:22.867+0000] {dagbag.py:587} INFO - Filling up the DagBag from /opt/airflow/dags/Shi_HW 3.py
[2026-09-12T21:20:22.896+0000] {processor.py:925} INFO - DAG(s) 'WeatherToronto_ETL' retrieved from /opt/airflow/dags/Shi_HW 3.py
[2026-09-12T21:20:22.911+0000] {logging_mixin.py:190} INFO - [2026-09-12T21:20:22.910+0000] {dag.py:3229} INFO - Sync 1 DAGs
[2026-09-12T21:20:22.926+0000] {logging_mixin.py:190} INFO - [2026-09-12T21:20:22.926+0000] {dag.py:4156} INFO - Setting next_dagrun for WeatherToronto_ETL to 2026-09-12 18:00:00+00:00, run_after=2026-09-13 18:00:00+00:00
[2026-09-12T21:20:23.145+0000] {processor.py:208} INFO - Processing /opt/airflow/dags/Shi_HW 3.py took 0.291 seconds
[2026-09-12T21:20:53.399+0000] {processor.py:186} INFO - Started process (PID=8717) to work on /opt/airflow/dags/Shi_HW 3.py
[2026-09-12T21:20:53.403+0000] {processor.py:914} INFO - Processing file /opt/airflow/dags/Shi_HW 3.py for tasks to queue
[2026-09-12T21:20:53.405+0000] {logging_mixin.py:190} INFO - [2026-09-12T21:20:53.405+0000] {dagbag.py:587} INFO - Filling up the DagBag from /opt/airflow/dags/Shi_HW 3.py
[2026-09-12T21:20:53.447+0000] {processor.py:925} INFO - DAG(s) 'WeatherToronto_ETL' retrieved from /opt/airflow/dags/Shi_HW 3.py
[2026-09-12T21:20:53.469+0000] {logging_mixin.py:190} INFO - [2026-09-12T21:20:53.467+0000] {dag.py:3229} INFO - Sync 1 DAGs
[2026-09-12T21:20:53.693+0000] {logging_mixin.py:190} INFO - [2026-09-12T21:20:53.692+0000] {dag.py:4156} INFO - Setting next_dagrun for WeatherToronto_ETL to 2026-09-12 18:00:00+00:00, run_after=2026-09-13 18:00:00+00:00
[2026-09-12T21:20:53.698+0000] {processor.py:208} INFO - Processing /opt/airflow/dags/Shi_HW 3.py took 0.313 seconds
[2026-09-12T21:21:23.938+0000] {processor.py:186} INFO - Started process (PID=8728) to work on /opt/airflow/dags/Shi_HW 3.py
[2026-09-12T21:21:23.941+0000] {processor.py:914} INFO - Processing file /opt/airflow/dags/Shi_HW 3.py for tasks to queue
[2026-09-12T21:21:23.942+0000] {logging_mixin.py:190} INFO - [2026-09-12T21:21:23.942+0000] {dagbag.py:587} INFO - Filling up the DagBag from /opt/airflow/dags/Shi_HW 3.py
[2026-09-12T21:21:23.979+0000] {processor.py:925} INFO - DAG(s) 'WeatherToronto_ETL' retrieved from /opt/airflow/dags/Shi_HW 3.py
[2026-09-12T21:21:23.997+0000] {logging_mixin.py:190} INFO - [2026-09-12T21:21:23.996+0000] {dag.py:3229} INFO - Sync 1 DAGs
[2026-09-12T21:21:24.505+0000] {logging_mixin.py:190} INFO - [2026-09-12T21:21:24.504+0000] {dag.py:4156} INFO - Setting next_dagrun for WeatherToronto_ETL to 2026-09-12 18:00:00+00:00, run_after=2026-09-13 18:00:00+00:00
[2026-09-12T21:21:24.520+0000] {processor.py:208} INFO - Processing /opt/airflow/dags/Shi_HW 3.py took 0.591 seconds
[2026-09-12T21:21:54.643+0000] {processor.py:186} INFO - Started process (PID=8739) to work on /opt/airflow/dags/Shi_HW 3.py
[2026-09-12T21:21:54.646+0000] {processor.py:914} INFO - Processing file /opt/airflow/dags/Shi_HW 3.py for tasks to queue
[2026-09-12T21:21:54.647+0000] {logging_mixin.py:190} INFO - [2026-09-12T21:21:54.646+0000] {dagbag.py:587} INFO - Filling up the DagBag from /opt/airflow/dags/Shi_HW 3.py
[2026-09-12T21:21:54.690+0000] {processor.py:925} INFO - DAG(s) 'WeatherToronto_ETL' retrieved from /opt/airflow/dags/Shi_HW 3.py
[2026-09-12T21:21:54.921+0000] {logging_mixin.py:190} INFO - [2026-09-12T21:21:54.920+0000] {dag.py:3229} INFO - Sync 1 DAGs
[2026-09-12T21:21:54.929+0000] {logging_mixin.py:190} INFO - [2026-09-12T21:21:54.929+0000] {dag.py:4156} INFO - Setting next_dagrun for WeatherToronto_ETL to 2026-09-12 18:00:00+00:00, run_after=2026-09-13 18:00:00+00:00
[2026-09-12T21:21:54.935+0000] {processor.py:208} INFO - Processing /opt/airflow/dags/Shi_HW 3.py took 0.300 seconds
[2026-09-12T21:22:24.967+0000] {processor.py:186} INFO - Started process (PID=8750) to work on /opt/airflow/dags/Shi_HW 3.py
[2026-09-12T21:22:24.971+0000] {processor.py:914} INFO - Processing file /opt/airflow/dags/Shi_HW 3.py for tasks to queue
[2026-09-12T21:22:24.971+0000] {logging_mixin.py:190} INFO - [2026-09-12T21:22:24.971+0000] {dagbag.py:587} INFO - Filling up the DagBag from /opt/airflow/dags/Shi_HW 3.py
[2026-09-12T21:22:24.990+0000] {processor.py:925} INFO - DAG(s) 'WeatherToronto_ETL' retrieved from /opt/airflow/dags/Shi_HW 3.py
[2026-09-12T21:22:24.998+0000] {logging_mixin.py:190} INFO - [2026-09-12T21:22:24.997+0000] {dag.py:3229} INFO - Sync 1 DAGs
[2026-09-12T21:22:25.007+0000] {logging_mixin.py:190} INFO - [2026-09-12T21:22:25.007+0000] {dag.py:4156} INFO - Setting next_dagrun for WeatherToronto_ETL to 2026-09-12 18:00:00+00:00, run_after=2026-09-13 18:00:00+00:00
[2026-09-12T21:22:25.013+0000] {processor.py:208} INFO - Processing /opt/airflow/dags/Shi_HW 3.py took 0.052 seconds
[2026-09-12T21:22:55.366+0000] {processor.py:186} INFO - Started process (PID=8761) to work on /opt/airflow/dags/Shi_HW 3.py
[2026-09-12T21:22:55.370+0000] {processor.py:914} INFO - Processing file /opt/airflow/dags/Shi_HW 3.py for tasks to queue
[2026-09-12T21:22:55.371+0000] {logging_mixin.py:190} INFO - [2026-09-12T21:22:55.371+0000] {dagbag.py:587} INFO - Filling up the DagBag from /opt/airflow/dags/Shi_HW 3.py
[2026-09-12T21:22:55.391+0000] {processor.py:925} INFO - DAG(s) 'WeatherToronto_ETL' retrieved from /opt/airflow/dags/Shi_HW 3.py
[2026-09-12T21:22:55.400+0000] {logging_mixin.py:190} INFO - [2026-09-12T21:22:55.399+0000] {dag.py:3229} INFO - Sync 1 DAGs
[2026-09-12T21:22:55.409+0000] {logging_mixin.py:190} INFO - [2026-09-12T21:22:55.409+0000] {dag.py:4156} INFO - Setting next_dagrun for WeatherToronto_ETL to 2026-09-12 18:00:00+00:00, run_after=2026-09-13 18:00:00+00:00
[2026-09-12T21:22:55.416+0000] {processor.py:208} INFO - Processing /opt/airflow/dags/Shi_HW 3.py took 0.056 seconds
[2026-09-12T21:23:25.778+0000] {processor.py:186} INFO - Started process (PID=8772) to work on /opt/airflow/dags/Shi_HW 3.py
[2026-09-12T21:23:25.782+0000] {processor.py:914} INFO - Processing file /opt/airflow/dags/Shi_HW 3.py for tasks to queue
[2026-09-12T21:23:25.783+0000] {logging_mixin.py:190} INFO - [2026-09-12T21:23:25.783+0000] {dagbag.py:587} INFO - Filling up the DagBag from /opt/airflow/dags/Shi_HW 3.py
[2026-09-12T21:23:25.814+0000] {processor.py:925} INFO - DAG(s) 'WeatherToronto_ETL' retrieved from /opt/airflow/dags/Shi_HW 3.py
[2026-09-12T21:23:25.828+0000] {logging_mixin.py:190} INFO - [2026-09-12T21:23:25.827+0000] {dag.py:3229} INFO - Sync 1 DAGs
[2026-09-12T21:23:25.842+0000] {logging_mixin.py:190} INFO - [2026-09-12T21:23:25.842+0000] {dag.py:4156} INFO - Setting next_dagrun for WeatherToronto_ETL to 2026-09-12 18:00:00+00:00, run_after=2026-09-13 18:00:00+00:00
[2026-09-12T21:23:26.032+0000] {processor.py:208} INFO - Processing /opt/airflow/dags/Shi_HW 3.py took 0.264 seconds
[2026-09-12T21:23:56.184+0000] {processor.py:186} INFO - Started process (PID=8783) to work on /opt/airflow/dags/Shi_HW 3.py
[2026-09-12T21:23:56.188+0000] {processor.py:914} INFO - Processing file /opt/airflow/dags/Shi_HW 3.py for tasks to queue
[2026-09-12T21:23:56.189+0000] {logging_mixin.py:190} INFO - [2026-09-12T21:23:56.189+0000] {dagbag.py:587} INFO - Filling up the DagBag from /opt/airflow/dags/Shi_HW 3.py
[2026-09-12T21:23:56.218+0000] {processor.py:925} INFO - DAG(s) 'WeatherToronto_ETL' retrieved from /opt/airflow/dags/Shi_HW 3.py
[2026-09-12T21:23:56.231+0000] {logging_mixin.py:190} INFO - [2026-09-12T21:23:56.230+0000] {dag.py:3229} INFO - Sync 1 DAGs
[2026-09-12T21:23:56.370+0000] {logging_mixin.py:190} INFO - [2026-09-12T21:23:56.369+0000] {dag.py:4156} INFO - Setting next_dagrun for WeatherToronto_ETL to 2026-09-12 18:00:00+00:00, run_after=2026-09-13 18:00:00+00:00
[2026-09-12T21:23:56.375+0000] {processor.py:208} INFO - Processing /opt/airflow/dags/Shi_HW 3.py took 0.201 seconds
[2026-09-12T21:24:26.716+0000] {processor.py:186} INFO - Started process (PID=8794) to work on /opt/airflow/dags/Shi_HW 3.py
[2026-09-12T21:24:26.719+0000] {processor.py:914} INFO - Processing file /opt/airflow/dags/Shi_HW 3.py for tasks to queue
[2026-09-12T21:24:26.721+0000] {logging_mixin.py:190} INFO - [2026-09-12T21:24:26.720+0000] {dagbag.py:587} INFO - Filling up the DagBag from /opt/airflow/dags/Shi_HW 3.py
[2026-09-12T21:24:26.752+0000] {processor.py:925} INFO - DAG(s) 'WeatherToronto_ETL' retrieved from /opt/airflow/dags/Shi_HW 3.py
[2026-09-12T21:24:26.938+0000] {logging_mixin.py:190} INFO - [2026-09-12T21:24:26.937+0000] {dag.py:3229} INFO - Sync 1 DAGs
[2026-09-12T21:24:26.946+0000] {logging_mixin.py:190} INFO - [2026-09-12T21:24:26.946+0000] {dag.py:4156} INFO - Setting next_dagrun for WeatherToronto_ETL to 2026-09-12 18:00:00+00:00, run_after=2026-09-13 18:00:00+00:00
[2026-09-12T21:24:26.952+0000] {processor.py:208} INFO - Processing /opt/airflow/dags/Shi_HW 3.py took 0.243 seconds
[2026-09-12T21:24:57.110+0000] {processor.py:186} INFO - Started process (PID=8805) to work on /opt/airflow/dags/Shi_HW 3.py
[2026-09-12T21:24:57.113+0000] {processor.py:914} INFO - Processing file /opt/airflow/dags/Shi_HW 3.py for tasks to queue
[2026-09-12T21:24:57.114+0000] {logging_mixin.py:190} INFO - [2026-09-12T21:24:57.114+0000] {dagbag.py:587} INFO - Filling up the DagBag from /opt/airflow/dags/Shi_HW 3.py
[2026-09-12T21:24:57.135+0000] {processor.py:925} INFO - DAG(s) 'WeatherToronto_ETL' retrieved from /opt/airflow/dags/Shi_HW 3.py
[2026-09-12T21:24:57.149+0000] {logging_mixin.py:190} INFO - [2026-09-12T21:24:57.147+0000] {dag.py:3229} INFO - Sync 1 DAGs
[2026-09-12T21:24:57.161+0000] {logging_mixin.py:190} INFO - [2026-09-12T21:24:57.161+0000] {dag.py:4156} INFO - Setting next_dagrun for WeatherToronto_ETL to 2026-09-12 18:00:00+00:00, run_after=2026-09-13 18:00:00+00:00
[2026-09-12T21:24:57.167+0000] {processor.py:208} INFO - Processing /opt/airflow/dags/Shi_HW 3.py took 0.065 seconds
[2026-09-12T21:25:27.484+0000] {processor.py:186} INFO - Started process (PID=8816) to work on /opt/airflow/dags/Shi_HW 3.py
[2026-09-12T21:25:27.486+0000] {processor.py:914} INFO - Processing file /opt/airflow/dags/Shi_HW 3.py for tasks to queue
[2026-09-12T21:25:27.487+0000] {logging_mixin.py:190} INFO - [2026-09-12T21:25:27.487+0000] {dagbag.py:587} INFO - Filling up the DagBag from /opt/airflow/dags/Shi_HW 3.py
[2026-09-12T21:25:27.505+0000] {processor.py:925} INFO - DAG(s) 'WeatherToronto_ETL' retrieved from /opt/airflow/dags/Shi_HW 3.py
[2026-09-12T21:25:27.516+0000] {logging_mixin.py:190} INFO - [2026-09-12T21:25:27.515+0000] {dag.py:3229} INFO - Sync 1 DAGs
[2026-09-12T21:25:27.528+0000] {logging_mixin.py:190} INFO - [2026-09-12T21:25:27.527+0000] {dag.py:4156} INFO - Setting next_dagrun for WeatherToronto_ETL to 2026-09-12 18:00:00+00:00, run_after=2026-09-13 18:00:00+00:00
[2026-09-12T21:25:27.535+0000] {processor.py:208} INFO - Processing /opt/airflow/dags/Shi_HW 3.py took 0.056 seconds
[2026-09-12T21:25:57.930+0000] {processor.py:186} INFO - Started process (PID=8826) to work on /opt/airflow/dags/Shi_HW 3.py
[2026-09-12T21:25:57.933+0000] {processor.py:914} INFO - Processing file /opt/airflow/dags/Shi_HW 3.py for tasks to queue
[2026-09-12T21:25:57.934+0000] {logging_mixin.py:190} INFO - [2026-09-12T21:25:57.933+0000] {dagbag.py:587} INFO - Filling up the DagBag from /opt/airflow/dags/Shi_HW 3.py
[2026-09-12T21:25:57.957+0000] {processor.py:925} INFO - DAG(s) 'WeatherToronto_ETL' retrieved from /opt/airflow/dags/Shi_HW 3.py
[2026-09-12T21:25:57.967+0000] {logging_mixin.py:190} INFO - [2026-09-12T21:25:57.966+0000] {dag.py:3229} INFO - Sync 1 DAGs
[2026-09-12T21:25:57.978+0000] {logging_mixin.py:190} INFO - [2026-09-12T21:25:57.978+0000] {dag.py:4156} INFO - Setting next_dagrun for WeatherToronto_ETL to 2026-09-12 18:00:00+00:00, run_after=2026-09-13 18:00:00+00:00
[2026-09-12T21:25:58.143+0000] {processor.py:208} INFO - Processing /opt/airflow/dags/Shi_HW 3.py took 0.219 seconds
[2026-09-12T21:26:28.364+0000] {processor.py:186} INFO - Started process (PID=8837) to work on /opt/airflow/dags/Shi_HW 3.py
[2026-09-12T21:26:28.368+0000] {processor.py:914} INFO - Processing file /opt/airflow/dags/Shi_HW 3.py for tasks to queue
[2026-09-12T21:26:28.370+0000] {logging_mixin.py:190} INFO - [2026-09-12T21:26:28.369+0000] {dagbag.py:587} INFO - Filling up the DagBag from /opt/airflow/dags/Shi_HW 3.py
[2026-09-12T21:26:28.432+0000] {processor.py:925} INFO - DAG(s) 'WeatherToronto_ETL' retrieved from /opt/airflow/dags/Shi_HW 3.py
[2026-09-12T21:26:28.459+0000] {logging_mixin.py:190} INFO - [2026-09-12T21:26:28.456+0000] {dag.py:3229} INFO - Sync 1 DAGs
[2026-09-12T21:26:28.683+0000] {logging_mixin.py:190} INFO - [2026-09-12T21:26:28.683+0000] {dag.py:4156} INFO - Setting next_dagrun for WeatherToronto_ETL to 2026-09-12 18:00:00+00:00, run_after=2026-09-13 18:00:00+00:00
[2026-09-12T21:26:28.690+0000] {processor.py:208} INFO - Processing /opt/airflow/dags/Shi_HW 3.py took 0.337 seconds
[2026-09-12T21:26:58.898+0000] {processor.py:186} INFO - Started process (PID=8848) to work on /opt/airflow/dags/Shi_HW 3.py
[2026-09-12T21:26:58.902+0000] {processor.py:914} INFO - Processing file /opt/airflow/dags/Shi_HW 3.py for tasks to queue
[2026-09-12T21:26:58.903+0000] {logging_mixin.py:190} INFO - [2026-09-12T21:26:58.902+0000] {dagbag.py:587} INFO - Filling up the DagBag from /opt/airflow/dags/Shi_HW 3.py
[2026-09-12T21:26:58.966+0000] {processor.py:925} INFO - DAG(s) 'WeatherToronto_ETL' retrieved from /opt/airflow/dags/Shi_HW 3.py
[2026-09-12T21:26:59.201+0000] {logging_mixin.py:190} INFO - [2026-09-12T21:26:59.201+0000] {dag.py:3229} INFO - Sync 1 DAGs
[2026-09-12T21:26:59.210+0000] {logging_mixin.py:190} INFO - [2026-09-12T21:26:59.210+0000] {dag.py:4156} INFO - Setting next_dagrun for WeatherToronto_ETL to 2026-09-12 18:00:00+00:00, run_after=2026-09-13 18:00:00+00:00
[2026-09-12T21:26:59.216+0000] {processor.py:208} INFO - Processing /opt/airflow/dags/Shi_HW 3.py took 0.328 seconds
[2026-09-12T21:27:29.386+0000] {processor.py:186} INFO - Started process (PID=8859) to work on /opt/airflow/dags/Shi_HW 3.py
[2026-09-12T21:27:29.390+0000] {processor.py:914} INFO - Processing file /opt/airflow/dags/Shi_HW 3.py for tasks to queue
[2026-09-12T21:27:29.391+0000] {logging_mixin.py:190} INFO - [2026-09-12T21:27:29.390+0000] {dagbag.py:587} INFO - Filling up the DagBag from /opt/airflow/dags/Shi_HW 3.py
[2026-09-12T21:27:29.410+0000] {processor.py:925} INFO - DAG(s) 'WeatherToronto_ETL' retrieved from /opt/airflow/dags/Shi_HW 3.py
[2026-09-12T21:27:29.418+0000] {logging_mixin.py:190} INFO - [2026-09-12T21:27:29.417+0000] {dag.py:3229} INFO - Sync 1 DAGs
[2026-09-12T21:27:29.428+0000] {logging_mixin.py:190} INFO - [2026-09-12T21:27:29.428+0000] {dag.py:4156} INFO - Setting next_dagrun for WeatherToronto_ETL to 2026-09-12 18:00:00+00:00, run_after=2026-09-13 18:00:00+00:00
[2026-09-12T21:27:29.434+0000] {processor.py:208} INFO - Processing /opt/airflow/dags/Shi_HW 3.py took 0.054 seconds
[2026-09-12T21:27:59.777+0000] {processor.py:186} INFO - Started process (PID=8870) to work on /opt/airflow/dags/Shi_HW 3.py
[2026-09-12T21:27:59.781+0000] {processor.py:914} INFO - Processing file /opt/airflow/dags/Shi_HW 3.py for tasks to queue
[2026-09-12T21:27:59.783+0000] {logging_mixin.py:190} INFO - [2026-09-12T21:27:59.782+0000] {dagbag.py:587} INFO - Filling up the DagBag from /opt/airflow/dags/Shi_HW 3.py
[2026-09-12T21:27:59.815+0000] {processor.py:925} INFO - DAG(s) 'WeatherToronto_ETL' retrieved from /opt/airflow/dags/Shi_HW 3.py
[2026-09-12T21:27:59.831+0000] {logging_mixin.py:190} INFO - [2026-09-12T21:27:59.830+0000] {dag.py:3229} INFO - Sync 1 DAGs
[2026-09-12T21:27:59.847+0000] {logging_mixin.py:190} INFO - [2026-09-12T21:27:59.847+0000] {dag.py:4156} INFO - Setting next_dagrun for WeatherToronto_ETL to 2026-09-12 18:00:00+00:00, run_after=2026-09-13 18:00:00+00:00
[2026-09-12T21:27:59.856+0000] {processor.py:208} INFO - Processing /opt/airflow/dags/Shi_HW 3.py took 0.089 seconds
[2026-09-12T21:28:30.205+0000] {processor.py:186} INFO - Started process (PID=8881) to work on /opt/airflow/dags/Shi_HW 3.py
[2026-09-12T21:28:30.208+0000] {processor.py:914} INFO - Processing file /opt/airflow/dags/Shi_HW 3.py for tasks to queue
[2026-09-12T21:28:30.210+0000] {logging_mixin.py:190} INFO - [2026-09-12T21:28:30.209+0000] {dagbag.py:587} INFO - Filling up the DagBag from /opt/airflow/dags/Shi_HW 3.py
[2026-09-12T21:28:30.251+0000] {processor.py:925} INFO - DAG(s) 'WeatherToronto_ETL' retrieved from /opt/airflow/dags/Shi_HW 3.py
[2026-09-12T21:28:30.270+0000] {logging_mixin.py:190} INFO - [2026-09-12T21:28:30.268+0000] {dag.py:3229} INFO - Sync 1 DAGs
[2026-09-12T21:28:30.286+0000] {logging_mixin.py:190} INFO - [2026-09-12T21:28:30.286+0000] {dag.py:4156} INFO - Setting next_dagrun for WeatherToronto_ETL to 2026-09-12 18:00:00+00:00, run_after=2026-09-13 18:00:00+00:00
[2026-09-12T21:28:30.525+0000] {processor.py:208} INFO - Processing /opt/airflow/dags/Shi_HW 3.py took 0.334 seconds
[2026-09-12T21:29:00.862+0000] {processor.py:186} INFO - Started process (PID=8892) to work on /opt/airflow/dags/Shi_HW 3.py
[2026-09-12T21:29:00.865+0000] {processor.py:914} INFO - Processing file /opt/airflow/dags/Shi_HW 3.py for tasks to queue
[2026-09-12T21:29:00.866+0000] {logging_mixin.py:190} INFO - [2026-09-12T21:29:00.865+0000] {dagbag.py:587} INFO - Filling up the DagBag from /opt/airflow/dags/Shi_HW 3.py
[2026-09-12T21:29:00.892+0000] {processor.py:925} INFO - DAG(s) 'WeatherToronto_ETL' retrieved from /opt/airflow/dags/Shi_HW 3.py
[2026-09-12T21:29:00.910+0000] {logging_mixin.py:190} INFO - [2026-09-12T21:29:00.909+0000] {dag.py:3229} INFO - Sync 1 DAGs
[2026-09-12T21:29:01.110+0000] {logging_mixin.py:190} INFO - [2026-09-12T21:29:01.110+0000] {dag.py:4156} INFO - Setting next_dagrun for WeatherToronto_ETL to 2026-09-12 18:00:00+00:00, run_after=2026-09-13 18:00:00+00:00
[2026-09-12T21:29:01.117+0000] {processor.py:208} INFO - Processing /opt/airflow/dags/Shi_HW 3.py took 0.267 seconds
[2026-09-12T21:29:31.224+0000] {processor.py:186} INFO - Started process (PID=8903) to work on /opt/airflow/dags/Shi_HW 3.py
[2026-09-12T21:29:31.229+0000] {processor.py:914} INFO - Processing file /opt/airflow/dags/Shi_HW 3.py for tasks to queue
[2026-09-12T21:29:31.230+0000] {logging_mixin.py:190} INFO - [2026-09-12T21:29:31.229+0000] {dagbag.py:587} INFO - Filling up the DagBag from /opt/airflow/dags/Shi_HW 3.py
[2026-09-12T21:29:31.248+0000] {processor.py:925} INFO - DAG(s) 'WeatherToronto_ETL' retrieved from /opt/airflow/dags/Shi_HW 3.py
[2026-09-12T21:29:31.343+0000] {logging_mixin.py:190} INFO - [2026-09-12T21:29:31.343+0000] {dag.py:3229} INFO - Sync 1 DAGs
[2026-09-12T21:29:31.351+0000] {logging_mixin.py:190} INFO - [2026-09-12T21:29:31.351+0000] {dag.py:4156} INFO - Setting next_dagrun for WeatherToronto_ETL to 2026-09-12 18:00:00+00:00, run_after=2026-09-13 18:00:00+00:00
[2026-09-12T21:29:31.356+0000] {processor.py:208} INFO - Processing /opt/airflow/dags/Shi_HW 3.py took 0.139 seconds
[2026-09-12T21:30:01.634+0000] {processor.py:186} INFO - Started process (PID=8914) to work on /opt/airflow/dags/Shi_HW 3.py
[2026-09-12T21:30:01.638+0000] {processor.py:914} INFO - Processing file /opt/airflow/dags/Shi_HW 3.py for tasks to queue
[2026-09-12T21:30:01.639+0000] {logging_mixin.py:190} INFO - [2026-09-12T21:30:01.639+0000] {dagbag.py:587} INFO - Filling up the DagBag from /opt/airflow/dags/Shi_HW 3.py
[2026-09-12T21:30:01.916+0000] {processor.py:925} INFO - DAG(s) 'WeatherToronto_ETL' retrieved from /opt/airflow/dags/Shi_HW 3.py
[2026-09-12T21:30:01.923+0000] {logging_mixin.py:190} INFO - [2026-09-12T21:30:01.923+0000] {dag.py:3229} INFO - Sync 1 DAGs
[2026-09-12T21:30:01.931+0000] {logging_mixin.py:190} INFO - [2026-09-12T21:30:01.931+0000] {dag.py:4156} INFO - Setting next_dagrun for WeatherToronto_ETL to 2026-09-12 18:00:00+00:00, run_after=2026-09-13 18:00:00+00:00
[2026-09-12T21:30:01.937+0000] {processor.py:208} INFO - Processing /opt/airflow/dags/Shi_HW 3.py took 0.313 seconds
[2026-09-12T21:30:32.287+0000] {processor.py:186} INFO - Started process (PID=8925) to work on /opt/airflow/dags/Shi_HW 3.py
[2026-09-12T21:30:32.290+0000] {processor.py:914} INFO - Processing file /opt/airflow/dags/Shi_HW 3.py for tasks to queue
[2026-09-12T21:30:32.291+0000] {logging_mixin.py:190} INFO - [2026-09-12T21:30:32.291+0000] {dagbag.py:587} INFO - Filling up the DagBag from /opt/airflow/dags/Shi_HW 3.py
[2026-09-12T21:30:32.317+0000] {processor.py:925} INFO - DAG(s) 'WeatherToronto_ETL' retrieved from /opt/airflow/dags/Shi_HW 3.py
[2026-09-12T21:30:32.335+0000] {logging_mixin.py:190} INFO - [2026-09-12T21:30:32.333+0000] {dag.py:3229} INFO - Sync 1 DAGs
[2026-09-12T21:30:32.351+0000] {logging_mixin.py:190} INFO - [2026-09-12T21:30:32.351+0000] {dag.py:4156} INFO - Setting next_dagrun for WeatherToronto_ETL to 2026-09-12 18:00:00+00:00, run_after=2026-09-13 18:00:00+00:00
[2026-09-12T21:30:32.362+0000] {processor.py:208} INFO - Processing /opt/airflow/dags/Shi_HW 3.py took 0.083 seconds
[2026-09-12T21:31:02.652+0000] {processor.py:186} INFO - Started process (PID=8936) to work on /opt/airflow/dags/Shi_HW 3.py
[2026-09-12T21:31:02.657+0000] {processor.py:914} INFO - Processing file /opt/airflow/dags/Shi_HW 3.py for tasks to queue
[2026-09-12T21:31:02.658+0000] {logging_mixin.py:190} INFO - [2026-09-12T21:31:02.658+0000] {dagbag.py:587} INFO - Filling up the DagBag from /opt/airflow/dags/Shi_HW 3.py
[2026-09-12T21:31:02.679+0000] {processor.py:925} INFO - DAG(s) 'WeatherToronto_ETL' retrieved from /opt/airflow/dags/Shi_HW 3.py
[2026-09-12T21:31:02.691+0000] {logging_mixin.py:190} INFO - [2026-09-12T21:31:02.689+0000] {dag.py:3229} INFO - Sync 1 DAGs
[2026-09-12T21:31:02.703+0000] {logging_mixin.py:190} INFO - [2026-09-12T21:31:02.703+0000] {dag.py:4156} INFO - Setting next_dagrun for WeatherToronto_ETL to 2026-09-12 18:00:00+00:00, run_after=2026-09-13 18:00:00+00:00
[2026-09-12T21:31:02.710+0000] {processor.py:208} INFO - Processing /opt/airflow/dags/Shi_HW 3.py took 0.068 seconds
[2026-09-12T21:31:33.058+0000] {processor.py:186} INFO - Started process (PID=8947) to work on /opt/airflow/dags/Shi_HW 3.py
[2026-09-12T21:31:33.062+0000] {processor.py:914} INFO - Processing file /opt/airflow/dags/Shi_HW 3.py for tasks to queue
[2026-09-12T21:31:33.063+0000] {logging_mixin.py:190} INFO - [2026-09-12T21:31:33.062+0000] {dagbag.py:587} INFO - Filling up the DagBag from /opt/airflow/dags/Shi_HW 3.py
[2026-09-12T21:31:33.083+0000] {processor.py:925} INFO - DAG(s) 'WeatherToronto_ETL' retrieved from /opt/airflow/dags/Shi_HW 3.py
[2026-09-12T21:31:33.094+0000] {logging_mixin.py:190} INFO - [2026-09-12T21:31:33.093+0000] {dag.py:3229} INFO - Sync 1 DAGs
[2026-09-12T21:31:33.105+0000] {logging_mixin.py:190} INFO - [2026-09-12T21:31:33.105+0000] {dag.py:4156} INFO - Setting next_dagrun for WeatherToronto_ETL to 2026-09-12 18:00:00+00:00, run_after=2026-09-13 18:00:00+00:00
[2026-09-12T21:31:33.111+0000] {processor.py:208} INFO - Processing /opt/airflow/dags/Shi_HW 3.py took 0.060 seconds
[2026-09-12T21:32:03.459+0000] {processor.py:186} INFO - Started process (PID=8958) to work on /opt/airflow/dags/Shi_HW 3.py
[2026-09-12T21:32:03.463+0000] {processor.py:914} INFO - Processing file /opt/airflow/dags/Shi_HW 3.py for tasks to queue
[2026-09-12T21:32:03.464+0000] {logging_mixin.py:190} INFO - [2026-09-12T21:32:03.463+0000] {dagbag.py:587} INFO - Filling up the DagBag from /opt/airflow/dags/Shi_HW 3.py
[2026-09-12T21:32:03.481+0000] {processor.py:925} INFO - DAG(s) 'WeatherToronto_ETL' retrieved from /opt/airflow/dags/Shi_HW 3.py
[2026-09-12T21:32:03.491+0000] {logging_mixin.py:190} INFO - [2026-09-12T21:32:03.491+0000] {dag.py:3229} INFO - Sync 1 DAGs
[2026-09-12T21:32:03.502+0000] {logging_mixin.py:190} INFO - [2026-09-12T21:32:03.502+0000] {dag.py:4156} INFO - Setting next_dagrun for WeatherToronto_ETL to 2026-09-12 18:00:00+00:00, run_after=2026-09-13 18:00:00+00:00
[2026-09-12T21:32:03.509+0000] {processor.py:208} INFO - Processing /opt/airflow/dags/Shi_HW 3.py took 0.054 seconds
[2026-09-12T21:32:33.828+0000] {processor.py:186} INFO - Started process (PID=8970) to work on /opt/airflow/dags/Shi_HW 3.py
[2026-09-12T21:32:33.833+0000] {processor.py:914} INFO - Processing file /opt/airflow/dags/Shi_HW 3.py for tasks to queue
[2026-09-12T21:32:33.834+0000] {logging_mixin.py:190} INFO - [2026-09-12T21:32:33.834+0000] {dagbag.py:587} INFO - Filling up the DagBag from /opt/airflow/dags/Shi_HW 3.py
[2026-09-12T21:32:33.867+0000] {processor.py:925} INFO - DAG(s) 'WeatherToronto_ETL' retrieved from /opt/airflow/dags/Shi_HW 3.py
[2026-09-12T21:32:33.884+0000] {logging_mixin.py:190} INFO - [2026-09-12T21:32:33.882+0000] {dag.py:3229} INFO - Sync 1 DAGs
[2026-09-12T21:32:33.905+0000] {logging_mixin.py:190} INFO - [2026-09-12T21:32:33.905+0000] {dag.py:4156} INFO - Setting next_dagrun for WeatherToronto_ETL to 2026-09-12 18:00:00+00:00, run_after=2026-09-13 18:00:00+00:00
[2026-09-12T21:32:33.914+0000] {processor.py:208} INFO - Processing /opt/airflow/dags/Shi_HW 3.py took 0.096 seconds
[2026-09-12T21:33:04.222+0000] {processor.py:186} INFO - Started process (PID=8987) to work on /opt/airflow/dags/Shi_HW 3.py
[2026-09-12T21:33:04.225+0000] {processor.py:914} INFO - Processing file /opt/airflow/dags/Shi_HW 3.py for tasks to queue
[2026-09-12T21:33:04.229+0000] {logging_mixin.py:190} INFO - [2026-09-12T21:33:04.228+0000] {dagbag.py:587} INFO - Filling up the DagBag from /opt/airflow/dags/Shi_HW 3.py
[2026-09-12T21:33:04.257+0000] {processor.py:925} INFO - DAG(s) 'WeatherToronto_ETL' retrieved from /opt/airflow/dags/Shi_HW 3.py
[2026-09-12T21:33:04.268+0000] {logging_mixin.py:190} INFO - [2026-09-12T21:33:04.267+0000] {dag.py:3229} INFO - Sync 1 DAGs
[2026-09-12T21:33:04.283+0000] {logging_mixin.py:190} INFO - [2026-09-12T21:33:04.283+0000] {dag.py:4156} INFO - Setting next_dagrun for WeatherToronto_ETL to 2026-09-12 18:00:00+00:00, run_after=2026-09-13 18:00:00+00:00
[2026-09-12T21:33:04.292+0000] {processor.py:208} INFO - Processing /opt/airflow/dags/Shi_HW 3.py took 0.076 seconds
[2026-09-12T21:33:34.654+0000] {processor.py:186} INFO - Started process (PID=8998) to work on /opt/airflow/dags/Shi_HW 3.py
[2026-09-12T21:33:34.656+0000] {processor.py:914} INFO - Processing file /opt/airflow/dags/Shi_HW 3.py for tasks to queue
[2026-09-12T21:33:34.657+0000] {logging_mixin.py:190} INFO - [2026-09-12T21:33:34.657+0000] {dagbag.py:587} INFO - Filling up the DagBag from /opt/airflow/dags/Shi_HW 3.py
[2026-09-12T21:33:34.678+0000] {processor.py:925} INFO - DAG(s) 'WeatherToronto_ETL' retrieved from /opt/airflow/dags/Shi_HW 3.py
[2026-09-12T21:33:34.690+0000] {logging_mixin.py:190} INFO - [2026-09-12T21:33:34.689+0000] {dag.py:3229} INFO - Sync 1 DAGs
[2026-09-12T21:33:34.702+0000] {logging_mixin.py:190} INFO - [2026-09-12T21:33:34.702+0000] {dag.py:4156} INFO - Setting next_dagrun for WeatherToronto_ETL to 2026-09-12 18:00:00+00:00, run_after=2026-09-13 18:00:00+00:00
[2026-09-12T21:33:34.710+0000] {processor.py:208} INFO - Processing /opt/airflow/dags/Shi_HW 3.py took 0.061 seconds
[2026-09-12T21:34:04.988+0000] {processor.py:186} INFO - Started process (PID=9009) to work on /opt/airflow/dags/Shi_HW 3.py
[2026-09-12T21:34:04.991+0000] {processor.py:914} INFO - Processing file /opt/airflow/dags/Shi_HW 3.py for tasks to queue
[2026-09-12T21:34:04.991+0000] {logging_mixin.py:190} INFO - [2026-09-12T21:34:04.991+0000] {dagbag.py:587} INFO - Filling up the DagBag from /opt/airflow/dags/Shi_HW 3.py
[2026-09-12T21:34:05.008+0000] {processor.py:925} INFO - DAG(s) 'WeatherToronto_ETL' retrieved from /opt/airflow/dags/Shi_HW 3.py
[2026-09-12T21:34:05.019+0000] {logging_mixin.py:190} INFO - [2026-09-12T21:34:05.018+0000] {dag.py:3229} INFO - Sync 1 DAGs
[2026-09-12T21:34:05.030+0000] {logging_mixin.py:190} INFO - [2026-09-12T21:34:05.030+0000] {dag.py:4156} INFO - Setting next_dagrun for WeatherToronto_ETL to 2026-09-12 18:00:00+00:00, run_after=2026-09-13 18:00:00+00:00
[2026-09-12T21:34:05.036+0000] {processor.py:208} INFO - Processing /opt/airflow/dags/Shi_HW 3.py took 0.052 seconds
[2026-09-12T21:34:35.309+0000] {processor.py:186} INFO - Started process (PID=9020) to work on /opt/airflow/dags/Shi_HW 3.py
[2026-09-12T21:34:35.311+0000] {processor.py:914} INFO - Processing file /opt/airflow/dags/Shi_HW 3.py for tasks to queue
[2026-09-12T21:34:35.312+0000] {logging_mixin.py:190} INFO - [2026-09-12T21:34:35.312+0000] {dagbag.py:587} INFO - Filling up the DagBag from /opt/airflow/dags/Shi_HW 3.py
[2026-09-12T21:34:35.328+0000] {processor.py:925} INFO - DAG(s) 'WeatherToronto_ETL' retrieved from /opt/airflow/dags/Shi_HW 3.py
[2026-09-12T21:34:35.337+0000] {logging_mixin.py:190} INFO - [2026-09-12T21:34:35.336+0000] {dag.py:3229} INFO - Sync 1 DAGs
[2026-09-12T21:34:35.347+0000] {logging_mixin.py:190} INFO - [2026-09-12T21:34:35.347+0000] {dag.py:4156} INFO - Setting next_dagrun for WeatherToronto_ETL to 2026-09-12 18:00:00+00:00, run_after=2026-09-13 18:00:00+00:00
[2026-09-12T21:34:35.353+0000] {processor.py:208} INFO - Processing /opt/airflow/dags/Shi_HW 3.py took 0.051 seconds
[2026-09-12T21:35:05.717+0000] {processor.py:186} INFO - Started process (PID=9031) to work on /opt/airflow/dags/Shi_HW 3.py
[2026-09-12T21:35:05.719+0000] {processor.py:914} INFO - Processing file /opt/airflow/dags/Shi_HW 3.py for tasks to queue
[2026-09-12T21:35:05.720+0000] {logging_mixin.py:190} INFO - [2026-09-12T21:35:05.720+0000] {dagbag.py:587} INFO - Filling up the DagBag from /opt/airflow/dags/Shi_HW 3.py
[2026-09-12T21:35:05.749+0000] {processor.py:925} INFO - DAG(s) 'WeatherToronto_ETL' retrieved from /opt/airflow/dags/Shi_HW 3.py
[2026-09-12T21:35:05.767+0000] {logging_mixin.py:190} INFO - [2026-09-12T21:35:05.761+0000] {dag.py:3229} INFO - Sync 1 DAGs
[2026-09-12T21:35:05.779+0000] {logging_mixin.py:190} INFO - [2026-09-12T21:35:05.779+0000] {dag.py:4156} INFO - Setting next_dagrun for WeatherToronto_ETL to 2026-09-12 18:00:00+00:00, run_after=2026-09-13 18:00:00+00:00
[2026-09-12T21:35:05.786+0000] {processor.py:208} INFO - Processing /opt/airflow/dags/Shi_HW 3.py took 0.083 seconds
[2026-09-12T21:35:36.111+0000] {processor.py:186} INFO - Started process (PID=9042) to work on /opt/airflow/dags/Shi_HW 3.py
[2026-09-12T21:35:36.116+0000] {processor.py:914} INFO - Processing file /opt/airflow/dags/Shi_HW 3.py for tasks to queue
[2026-09-12T21:35:36.117+0000] {logging_mixin.py:190} INFO - [2026-09-12T21:35:36.116+0000] {dagbag.py:587} INFO - Filling up the DagBag from /opt/airflow/dags/Shi_HW 3.py
[2026-09-12T21:35:36.138+0000] {processor.py:925} INFO - DAG(s) 'WeatherToronto_ETL' retrieved from /opt/airflow/dags/Shi_HW 3.py
[2026-09-12T21:35:36.150+0000] {logging_mixin.py:190} INFO - [2026-09-12T21:35:36.149+0000] {dag.py:3229} INFO - Sync 1 DAGs
[2026-09-12T21:35:36.162+0000] {logging_mixin.py:190} INFO - [2026-09-12T21:35:36.162+0000] {dag.py:4156} INFO - Setting next_dagrun for WeatherToronto_ETL to 2026-09-12 18:00:00+00:00, run_after=2026-09-13 18:00:00+00:00
[2026-09-12T21:35:36.170+0000] {processor.py:208} INFO - Processing /opt/airflow/dags/Shi_HW 3.py took 0.067 seconds
[2026-09-12T21:36:06.546+0000] {processor.py:186} INFO - Started process (PID=9053) to work on /opt/airflow/dags/Shi_HW 3.py
[2026-09-12T21:36:06.549+0000] {processor.py:914} INFO - Processing file /opt/airflow/dags/Shi_HW 3.py for tasks to queue
[2026-09-12T21:36:06.550+0000] {logging_mixin.py:190} INFO - [2026-09-12T21:36:06.550+0000] {dagbag.py:587} INFO - Filling up the DagBag from /opt/airflow/dags/Shi_HW 3.py
[2026-09-12T21:36:06.573+0000] {processor.py:925} INFO - DAG(s) 'WeatherToronto_ETL' retrieved from /opt/airflow/dags/Shi_HW 3.py
[2026-09-12T21:36:06.585+0000] {logging_mixin.py:190} INFO - [2026-09-12T21:36:06.584+0000] {dag.py:3229} INFO - Sync 1 DAGs
[2026-09-12T21:36:06.598+0000] {logging_mixin.py:190} INFO - [2026-09-12T21:36:06.598+0000] {dag.py:4156} INFO - Setting next_dagrun for WeatherToronto_ETL to 2026-09-12 18:00:00+00:00, run_after=2026-09-13 18:00:00+00:00
[2026-09-12T21:36:06.604+0000] {processor.py:208} INFO - Processing /opt/airflow/dags/Shi_HW 3.py took 0.065 seconds
[2026-09-12T21:36:37.019+0000] {processor.py:186} INFO - Started process (PID=9064) to work on /opt/airflow/dags/Shi_HW 3.py
[2026-09-12T21:36:37.022+0000] {processor.py:914} INFO - Processing file /opt/airflow/dags/Shi_HW 3.py for tasks to queue
[2026-09-12T21:36:37.024+0000] {logging_mixin.py:190} INFO - [2026-09-12T21:36:37.023+0000] {dagbag.py:587} INFO - Filling up the DagBag from /opt/airflow/dags/Shi_HW 3.py
[2026-09-12T21:36:37.056+0000] {processor.py:925} INFO - DAG(s) 'WeatherToronto_ETL' retrieved from /opt/airflow/dags/Shi_HW 3.py
[2026-09-12T21:36:37.072+0000] {logging_mixin.py:190} INFO - [2026-09-12T21:36:37.070+0000] {dag.py:3229} INFO - Sync 1 DAGs
[2026-09-12T21:36:37.086+0000] {logging_mixin.py:190} INFO - [2026-09-12T21:36:37.086+0000] {dag.py:4156} INFO - Setting next_dagrun for WeatherToronto_ETL to 2026-09-12 18:00:00+00:00, run_after=2026-09-13 18:00:00+00:00
[2026-09-12T21:36:37.093+0000] {processor.py:208} INFO - Processing /opt/airflow/dags/Shi_HW 3.py took 0.085 seconds
[2026-09-12T21:37:07.462+0000] {processor.py:186} INFO - Started process (PID=9075) to work on /opt/airflow/dags/Shi_HW 3.py
[2026-09-12T21:37:07.466+0000] {processor.py:914} INFO - Processing file /opt/airflow/dags/Shi_HW 3.py for tasks to queue
[2026-09-12T21:37:07.467+0000] {logging_mixin.py:190} INFO - [2026-09-12T21:37:07.466+0000] {dagbag.py:587} INFO - Filling up the DagBag from /opt/airflow/dags/Shi_HW 3.py
[2026-09-12T21:37:07.490+0000] {processor.py:925} INFO - DAG(s) 'WeatherToronto_ETL' retrieved from /opt/airflow/dags/Shi_HW 3.py
[2026-09-12T21:37:07.503+0000] {logging_mixin.py:190} INFO - [2026-09-12T21:37:07.502+0000] {dag.py:3229} INFO - Sync 1 DAGs
[2026-09-12T21:37:07.517+0000] {logging_mixin.py:190} INFO - [2026-09-12T21:37:07.516+0000] {dag.py:4156} INFO - Setting next_dagrun for WeatherToronto_ETL to 2026-09-12 18:00:00+00:00, run_after=2026-09-13 18:00:00+00:00
[2026-09-12T21:37:07.524+0000] {processor.py:208} INFO - Processing /opt/airflow/dags/Shi_HW 3.py took 0.071 seconds
[2026-09-12T21:37:38.044+0000] {processor.py:186} INFO - Started process (PID=9086) to work on /opt/airflow/dags/Shi_HW 3.py
[2026-09-12T21:37:38.047+0000] {processor.py:914} INFO - Processing file /opt/airflow/dags/Shi_HW 3.py for tasks to queue
[2026-09-12T21:37:38.048+0000] {logging_mixin.py:190} INFO - [2026-09-12T21:37:38.048+0000] {dagbag.py:587} INFO - Filling up the DagBag from /opt/airflow/dags/Shi_HW 3.py
[2026-09-12T21:37:38.088+0000] {processor.py:925} INFO - DAG(s) 'WeatherToronto_ETL' retrieved from /opt/airflow/dags/Shi_HW 3.py
[2026-09-12T21:37:38.107+0000] {logging_mixin.py:190} INFO - [2026-09-12T21:37:38.102+0000] {dag.py:3229} INFO - Sync 1 DAGs
[2026-09-12T21:37:38.123+0000] {logging_mixin.py:190} INFO - [2026-09-12T21:37:38.123+0000] {dag.py:4156} INFO - Setting next_dagrun for WeatherToronto_ETL to 2026-09-12 18:00:00+00:00, run_after=2026-09-13 18:00:00+00:00
[2026-09-12T21:37:38.135+0000] {processor.py:208} INFO - Processing /opt/airflow/dags/Shi_HW 3.py took 0.103 seconds
[2026-09-12T21:38:08.493+0000] {processor.py:186} INFO - Started process (PID=9097) to work on /opt/airflow/dags/Shi_HW 3.py
[2026-09-12T21:38:08.498+0000] {processor.py:914} INFO - Processing file /opt/airflow/dags/Shi_HW 3.py for tasks to queue
[2026-09-12T21:38:08.500+0000] {logging_mixin.py:190} INFO - [2026-09-12T21:38:08.499+0000] {dagbag.py:587} INFO - Filling up the DagBag from /opt/airflow/dags/Shi_HW 3.py
[2026-09-12T21:38:08.547+0000] {processor.py:925} INFO - DAG(s) 'WeatherToronto_ETL' retrieved from /opt/airflow/dags/Shi_HW 3.py
[2026-09-12T21:38:08.569+0000] {logging_mixin.py:190} INFO - [2026-09-12T21:38:08.566+0000] {dag.py:3229} INFO - Sync 1 DAGs
[2026-09-12T21:38:08.588+0000] {logging_mixin.py:190} INFO - [2026-09-12T21:38:08.588+0000] {dag.py:4156} INFO - Setting next_dagrun for WeatherToronto_ETL to 2026-09-12 18:00:00+00:00, run_after=2026-09-13 18:00:00+00:00
[2026-09-12T21:38:08.599+0000] {processor.py:208} INFO - Processing /opt/airflow/dags/Shi_HW 3.py took 0.119 seconds
[2026-09-12T21:38:38.996+0000] {processor.py:186} INFO - Started process (PID=9108) to work on /opt/airflow/dags/Shi_HW 3.py
[2026-09-12T21:38:38.999+0000] {processor.py:914} INFO - Processing file /opt/airflow/dags/Shi_HW 3.py for tasks to queue
[2026-09-12T21:38:39.001+0000] {logging_mixin.py:190} INFO - [2026-09-12T21:38:39.000+0000] {dagbag.py:587} INFO - Filling up the DagBag from /opt/airflow/dags/Shi_HW 3.py
[2026-09-12T21:38:39.024+0000] {processor.py:925} INFO - DAG(s) 'WeatherToronto_ETL' retrieved from /opt/airflow/dags/Shi_HW 3.py
[2026-09-12T21:38:39.036+0000] {logging_mixin.py:190} INFO - [2026-09-12T21:38:39.035+0000] {dag.py:3229} INFO - Sync 1 DAGs
[2026-09-12T21:38:39.049+0000] {logging_mixin.py:190} INFO - [2026-09-12T21:38:39.049+0000] {dag.py:4156} INFO - Setting next_dagrun for WeatherToronto_ETL to 2026-09-12 18:00:00+00:00, run_after=2026-09-13 18:00:00+00:00
[2026-09-12T21:38:39.056+0000] {processor.py:208} INFO - Processing /opt/airflow/dags/Shi_HW 3.py took 0.067 seconds
[2026-09-12T21:39:09.481+0000] {processor.py:186} INFO - Started process (PID=9119) to work on /opt/airflow/dags/Shi_HW 3.py
[2026-09-12T21:39:09.484+0000] {processor.py:914} INFO - Processing file /opt/airflow/dags/Shi_HW 3.py for tasks to queue
[2026-09-12T21:39:09.485+0000] {logging_mixin.py:190} INFO - [2026-09-12T21:39:09.485+0000] {dagbag.py:587} INFO - Filling up the DagBag from /opt/airflow/dags/Shi_HW 3.py
[2026-09-12T21:39:09.508+0000] {processor.py:925} INFO - DAG(s) 'WeatherToronto_ETL' retrieved from /opt/airflow/dags/Shi_HW 3.py
[2026-09-12T21:39:09.521+0000] {logging_mixin.py:190} INFO - [2026-09-12T21:39:09.520+0000] {dag.py:3229} INFO - Sync 1 DAGs
[2026-09-12T21:39:09.534+0000] {logging_mixin.py:190} INFO - [2026-09-12T21:39:09.534+0000] {dag.py:4156} INFO - Setting next_dagrun for WeatherToronto_ETL to 2026-09-12 18:00:00+00:00, run_after=2026-09-13 18:00:00+00:00
[2026-09-12T21:39:09.542+0000] {processor.py:208} INFO - Processing /opt/airflow/dags/Shi_HW 3.py took 0.068 seconds
[2026-09-12T21:39:39.945+0000] {processor.py:186} INFO - Started process (PID=9130) to work on /opt/airflow/dags/Shi_HW 3.py
[2026-09-12T21:39:39.948+0000] {processor.py:914} INFO - Processing file /opt/airflow/dags/Shi_HW 3.py for tasks to queue
[2026-09-12T21:39:39.950+0000] {logging_mixin.py:190} INFO - [2026-09-12T21:39:39.949+0000] {dagbag.py:587} INFO - Filling up the DagBag from /opt/airflow/dags/Shi_HW 3.py
[2026-09-12T21:39:39.981+0000] {processor.py:925} INFO - DAG(s) 'WeatherToronto_ETL' retrieved from /opt/airflow/dags/Shi_HW 3.py
[2026-09-12T21:39:39.995+0000] {logging_mixin.py:190} INFO - [2026-09-12T21:39:39.994+0000] {dag.py:3229} INFO - Sync 1 DAGs
[2026-09-12T21:39:40.020+0000] {logging_mixin.py:190} INFO - [2026-09-12T21:39:40.020+0000] {dag.py:4156} INFO - Setting next_dagrun for WeatherToronto_ETL to 2026-09-12 18:00:00+00:00, run_after=2026-09-13 18:00:00+00:00
[2026-09-12T21:39:40.028+0000] {processor.py:208} INFO - Processing /opt/airflow/dags/Shi_HW 3.py took 0.092 seconds
[2026-09-12T21:40:10.441+0000] {processor.py:186} INFO - Started process (PID=9141) to work on /opt/airflow/dags/Shi_HW 3.py
[2026-09-12T21:40:10.443+0000] {processor.py:914} INFO - Processing file /opt/airflow/dags/Shi_HW 3.py for tasks to queue
[2026-09-12T21:40:10.445+0000] {logging_mixin.py:190} INFO - [2026-09-12T21:40:10.444+0000] {dagbag.py:587} INFO - Filling up the DagBag from /opt/airflow/dags/Shi_HW 3.py
[2026-09-12T21:40:10.476+0000] {processor.py:925} INFO - DAG(s) 'WeatherToronto_ETL' retrieved from /opt/airflow/dags/Shi_HW 3.py
[2026-09-12T21:40:10.496+0000] {logging_mixin.py:190} INFO - [2026-09-12T21:40:10.491+0000] {dag.py:3229} INFO - Sync 1 DAGs
[2026-09-12T21:40:10.511+0000] {logging_mixin.py:190} INFO - [2026-09-12T21:40:10.511+0000] {dag.py:4156} INFO - Setting next_dagrun for WeatherToronto_ETL to 2026-09-12 18:00:00+00:00, run_after=2026-09-13 18:00:00+00:00
[2026-09-12T21:40:10.519+0000] {processor.py:208} INFO - Processing /opt/airflow/dags/Shi_HW 3.py took 0.086 seconds
[2026-09-12T21:40:40.905+0000] {processor.py:186} INFO - Started process (PID=9153) to work on /opt/airflow/dags/Shi_HW 3.py
[2026-09-12T21:40:40.909+0000] {processor.py:914} INFO - Processing file /opt/airflow/dags/Shi_HW 3.py for tasks to queue
[2026-09-12T21:40:40.910+0000] {logging_mixin.py:190} INFO - [2026-09-12T21:40:40.910+0000] {dagbag.py:587} INFO - Filling up the DagBag from /opt/airflow/dags/Shi_HW 3.py
[2026-09-12T21:40:40.939+0000] {processor.py:925} INFO - DAG(s) 'WeatherToronto_ETL' retrieved from /opt/airflow/dags/Shi_HW 3.py
[2026-09-12T21:40:40.956+0000] {logging_mixin.py:190} INFO - [2026-09-12T21:40:40.954+0000] {dag.py:3229} INFO - Sync 1 DAGs
[2026-09-12T21:40:40.971+0000] {logging_mixin.py:190} INFO - [2026-09-12T21:40:40.971+0000] {dag.py:4156} INFO - Setting next_dagrun for WeatherToronto_ETL to 2026-09-12 18:00:00+00:00, run_after=2026-09-13 18:00:00+00:00
[2026-09-12T21:40:40.979+0000] {processor.py:208} INFO - Processing /opt/airflow/dags/Shi_HW 3.py took 0.084 seconds
[2026-09-12T21:41:11.428+0000] {processor.py:186} INFO - Started process (PID=9164) to work on /opt/airflow/dags/Shi_HW 3.py
[2026-09-12T21:41:11.432+0000] {processor.py:914} INFO - Processing file /opt/airflow/dags/Shi_HW 3.py for tasks to queue
[2026-09-12T21:41:11.433+0000] {logging_mixin.py:190} INFO - [2026-09-12T21:41:11.433+0000] {dagbag.py:587} INFO - Filling up the DagBag from /opt/airflow/dags/Shi_HW 3.py
[2026-09-12T21:41:11.464+0000] {processor.py:925} INFO - DAG(s) 'WeatherToronto_ETL' retrieved from /opt/airflow/dags/Shi_HW 3.py
[2026-09-12T21:41:11.487+0000] {logging_mixin.py:190} INFO - [2026-09-12T21:41:11.484+0000] {dag.py:3229} INFO - Sync 1 DAGs
[2026-09-12T21:41:11.505+0000] {logging_mixin.py:190} INFO - [2026-09-12T21:41:11.505+0000] {dag.py:4156} INFO - Setting next_dagrun for WeatherToronto_ETL to 2026-09-12 18:00:00+00:00, run_after=2026-09-13 18:00:00+00:00
[2026-09-12T21:41:11.516+0000] {processor.py:208} INFO - Processing /opt/airflow/dags/Shi_HW 3.py took 0.098 seconds
[2026-09-12T21:41:41.981+0000] {processor.py:186} INFO - Started process (PID=9175) to work on /opt/airflow/dags/Shi_HW 3.py
[2026-09-12T21:41:41.984+0000] {processor.py:914} INFO - Processing file /opt/airflow/dags/Shi_HW 3.py for tasks to queue
[2026-09-12T21:41:41.986+0000] {logging_mixin.py:190} INFO - [2026-09-12T21:41:41.985+0000] {dagbag.py:587} INFO - Filling up the DagBag from /opt/airflow/dags/Shi_HW 3.py
[2026-09-12T21:41:42.025+0000] {processor.py:925} INFO - DAG(s) 'WeatherToronto_ETL' retrieved from /opt/airflow/dags/Shi_HW 3.py
[2026-09-12T21:41:42.046+0000] {logging_mixin.py:190} INFO - [2026-09-12T21:41:42.042+0000] {dag.py:3229} INFO - Sync 1 DAGs
[2026-09-12T21:41:42.067+0000] {logging_mixin.py:190} INFO - [2026-09-12T21:41:42.067+0000] {dag.py:4156} INFO - Setting next_dagrun for WeatherToronto_ETL to 2026-09-12 18:00:00+00:00, run_after=2026-09-13 18:00:00+00:00
[2026-09-12T21:41:42.076+0000] {processor.py:208} INFO - Processing /opt/airflow/dags/Shi_HW 3.py took 0.104 seconds
[2026-09-12T21:42:12.434+0000] {processor.py:186} INFO - Started process (PID=9186) to work on /opt/airflow/dags/Shi_HW 3.py
[2026-09-12T21:42:12.439+0000] {processor.py:914} INFO - Processing file /opt/airflow/dags/Shi_HW 3.py for tasks to queue
[2026-09-12T21:42:12.442+0000] {logging_mixin.py:190} INFO - [2026-09-12T21:42:12.441+0000] {dagbag.py:587} INFO - Filling up the DagBag from /opt/airflow/dags/Shi_HW 3.py
[2026-09-12T21:42:12.478+0000] {processor.py:925} INFO - DAG(s) 'WeatherToronto_ETL' retrieved from /opt/airflow/dags/Shi_HW 3.py
[2026-09-12T21:42:12.497+0000] {logging_mixin.py:190} INFO - [2026-09-12T21:42:12.496+0000] {dag.py:3229} INFO - Sync 1 DAGs
[2026-09-12T21:42:12.512+0000] {logging_mixin.py:190} INFO - [2026-09-12T21:42:12.512+0000] {dag.py:4156} INFO - Setting next_dagrun for WeatherToronto_ETL to 2026-09-12 18:00:00+00:00, run_after=2026-09-13 18:00:00+00:00
[2026-09-12T21:42:12.521+0000] {processor.py:208} INFO - Processing /opt/airflow/dags/Shi_HW 3.py took 0.098 seconds
[2026-09-12T21:42:42.871+0000] {processor.py:186} INFO - Started process (PID=9197) to work on /opt/airflow/dags/Shi_HW 3.py
[2026-09-12T21:42:42.874+0000] {processor.py:914} INFO - Processing file /opt/airflow/dags/Shi_HW 3.py for tasks to queue
[2026-09-12T21:42:42.876+0000] {logging_mixin.py:190} INFO - [2026-09-12T21:42:42.875+0000] {dagbag.py:587} INFO - Filling up the DagBag from /opt/airflow/dags/Shi_HW 3.py
[2026-09-12T21:42:42.907+0000] {processor.py:925} INFO - DAG(s) 'WeatherToronto_ETL' retrieved from /opt/airflow/dags/Shi_HW 3.py
[2026-09-12T21:42:42.923+0000] {logging_mixin.py:190} INFO - [2026-09-12T21:42:42.921+0000] {dag.py:3229} INFO - Sync 1 DAGs
[2026-09-12T21:42:42.940+0000] {logging_mixin.py:190} INFO - [2026-09-12T21:42:42.940+0000] {dag.py:4156} INFO - Setting next_dagrun for WeatherToronto_ETL to 2026-09-12 18:00:00+00:00, run_after=2026-09-13 18:00:00+00:00
[2026-09-12T21:42:42.948+0000] {processor.py:208} INFO - Processing /opt/airflow/dags/Shi_HW 3.py took 0.086 seconds
[2026-09-12T21:43:13.258+0000] {processor.py:186} INFO - Started process (PID=9208) to work on /opt/airflow/dags/Shi_HW 3.py
[2026-09-12T21:43:13.260+0000] {processor.py:914} INFO - Processing file /opt/airflow/dags/Shi_HW 3.py for tasks to queue
[2026-09-12T21:43:13.261+0000] {logging_mixin.py:190} INFO - [2026-09-12T21:43:13.261+0000] {dagbag.py:587} INFO - Filling up the DagBag from /opt/airflow/dags/Shi_HW 3.py
[2026-09-12T21:43:13.287+0000] {processor.py:925} INFO - DAG(s) 'WeatherToronto_ETL' retrieved from /opt/airflow/dags/Shi_HW 3.py
[2026-09-12T21:43:13.300+0000] {logging_mixin.py:190} INFO - [2026-09-12T21:43:13.299+0000] {dag.py:3229} INFO - Sync 1 DAGs
[2026-09-12T21:43:13.314+0000] {logging_mixin.py:190} INFO - [2026-09-12T21:43:13.314+0000] {dag.py:4156} INFO - Setting next_dagrun for WeatherToronto_ETL to 2026-09-12 18:00:00+00:00, run_after=2026-09-13 18:00:00+00:00
[2026-09-12T21:43:13.321+0000] {processor.py:208} INFO - Processing /opt/airflow/dags/Shi_HW 3.py took 0.070 seconds
[2026-09-12T21:43:43.625+0000] {processor.py:186} INFO - Started process (PID=9219) to work on /opt/airflow/dags/Shi_HW 3.py
[2026-09-12T21:43:43.628+0000] {processor.py:914} INFO - Processing file /opt/airflow/dags/Shi_HW 3.py for tasks to queue
[2026-09-12T21:43:43.629+0000] {logging_mixin.py:190} INFO - [2026-09-12T21:43:43.629+0000] {dagbag.py:587} INFO - Filling up the DagBag from /opt/airflow/dags/Shi_HW 3.py
[2026-09-12T21:43:43.650+0000] {processor.py:925} INFO - DAG(s) 'WeatherToronto_ETL' retrieved from /opt/airflow/dags/Shi_HW 3.py
[2026-09-12T21:43:43.660+0000] {logging_mixin.py:190} INFO - [2026-09-12T21:43:43.659+0000] {dag.py:3229} INFO - Sync 1 DAGs
[2026-09-12T21:43:43.671+0000] {logging_mixin.py:190} INFO - [2026-09-12T21:43:43.671+0000] {dag.py:4156} INFO - Setting next_dagrun for WeatherToronto_ETL to 2026-09-12 18:00:00+00:00, run_after=2026-09-13 18:00:00+00:00
[2026-09-12T21:43:43.681+0000] {processor.py:208} INFO - Processing /opt/airflow/dags/Shi_HW 3.py took 0.067 seconds
[2026-09-12T21:44:14.200+0000] {processor.py:186} INFO - Started process (PID=9230) to work on /opt/airflow/dags/Shi_HW 3.py
[2026-09-12T21:44:14.203+0000] {processor.py:914} INFO - Processing file /opt/airflow/dags/Shi_HW 3.py for tasks to queue
[2026-09-12T21:44:14.204+0000] {logging_mixin.py:190} INFO - [2026-09-12T21:44:14.204+0000] {dagbag.py:587} INFO - Filling up the DagBag from /opt/airflow/dags/Shi_HW 3.py
[2026-09-12T21:44:14.231+0000] {processor.py:925} INFO - DAG(s) 'WeatherToronto_ETL' retrieved from /opt/airflow/dags/Shi_HW 3.py
[2026-09-12T21:44:14.244+0000] {logging_mixin.py:190} INFO - [2026-09-12T21:44:14.243+0000] {dag.py:3229} INFO - Sync 1 DAGs
[2026-09-12T21:44:14.258+0000] {logging_mixin.py:190} INFO - [2026-09-12T21:44:14.258+0000] {dag.py:4156} INFO - Setting next_dagrun for WeatherToronto_ETL to 2026-09-12 18:00:00+00:00, run_after=2026-09-13 18:00:00+00:00
[2026-09-12T21:44:14.264+0000] {processor.py:208} INFO - Processing /opt/airflow/dags/Shi_HW 3.py took 0.073 seconds
[2026-09-12T21:44:44.692+0000] {processor.py:186} INFO - Started process (PID=9241) to work on /opt/airflow/dags/Shi_HW 3.py
[2026-09-12T21:44:44.693+0000] {processor.py:914} INFO - Processing file /opt/airflow/dags/Shi_HW 3.py for tasks to queue
[2026-09-12T21:44:44.694+0000] {logging_mixin.py:190} INFO - [2026-09-12T21:44:44.694+0000] {dagbag.py:587} INFO - Filling up the DagBag from /opt/airflow/dags/Shi_HW 3.py
[2026-09-12T21:44:44.713+0000] {processor.py:925} INFO - DAG(s) 'WeatherToronto_ETL' retrieved from /opt/airflow/dags/Shi_HW 3.py
[2026-09-12T21:44:44.723+0000] {logging_mixin.py:190} INFO - [2026-09-12T21:44:44.722+0000] {dag.py:3229} INFO - Sync 1 DAGs
[2026-09-12T21:44:44.734+0000] {logging_mixin.py:190} INFO - [2026-09-12T21:44:44.734+0000] {dag.py:4156} INFO - Setting next_dagrun for WeatherToronto_ETL to 2026-09-12 18:00:00+00:00, run_after=2026-09-13 18:00:00+00:00
[2026-09-12T21:44:44.746+0000] {processor.py:208} INFO - Processing /opt/airflow/dags/Shi_HW 3.py took 0.060 seconds
[2026-09-12T21:45:15.141+0000] {processor.py:186} INFO - Started process (PID=9252) to work on /opt/airflow/dags/Shi_HW 3.py
[2026-09-12T21:45:15.144+0000] {processor.py:914} INFO - Processing file /opt/airflow/dags/Shi_HW 3.py for tasks to queue
[2026-09-12T21:45:15.145+0000] {logging_mixin.py:190} INFO - [2026-09-12T21:45:15.145+0000] {dagbag.py:587} INFO - Filling up the DagBag from /opt/airflow/dags/Shi_HW 3.py
[2026-09-12T21:45:15.173+0000] {processor.py:925} INFO - DAG(s) 'WeatherToronto_ETL' retrieved from /opt/airflow/dags/Shi_HW 3.py
[2026-09-12T21:45:15.196+0000] {logging_mixin.py:190} INFO - [2026-09-12T21:45:15.194+0000] {dag.py:3229} INFO - Sync 1 DAGs
[2026-09-12T21:45:15.214+0000] {logging_mixin.py:190} INFO - [2026-09-12T21:45:15.214+0000] {dag.py:4156} INFO - Setting next_dagrun for WeatherToronto_ETL to 2026-09-12 18:00:00+00:00, run_after=2026-09-13 18:00:00+00:00
[2026-09-12T21:45:15.222+0000] {processor.py:208} INFO - Processing /opt/airflow/dags/Shi_HW 3.py took 0.099 seconds
[2026-09-12T21:45:45.537+0000] {processor.py:186} INFO - Started process (PID=9263) to work on /opt/airflow/dags/Shi_HW 3.py
[2026-09-12T21:45:45.540+0000] {processor.py:914} INFO - Processing file /opt/airflow/dags/Shi_HW 3.py for tasks to queue
[2026-09-12T21:45:45.541+0000] {logging_mixin.py:190} INFO - [2026-09-12T21:45:45.541+0000] {dagbag.py:587} INFO - Filling up the DagBag from /opt/airflow/dags/Shi_HW 3.py
[2026-09-12T21:45:45.562+0000] {processor.py:925} INFO - DAG(s) 'WeatherToronto_ETL' retrieved from /opt/airflow/dags/Shi_HW 3.py
[2026-09-12T21:45:45.571+0000] {logging_mixin.py:190} INFO - [2026-09-12T21:45:45.570+0000] {dag.py:3229} INFO - Sync 1 DAGs
[2026-09-12T21:45:45.581+0000] {logging_mixin.py:190} INFO - [2026-09-12T21:45:45.581+0000] {dag.py:4156} INFO - Setting next_dagrun for WeatherToronto_ETL to 2026-09-12 18:00:00+00:00, run_after=2026-09-13 18:00:00+00:00
[2026-09-12T21:45:45.591+0000] {processor.py:208} INFO - Processing /opt/airflow/dags/Shi_HW 3.py took 0.060 seconds
[2026-09-12T21:46:15.991+0000] {processor.py:186} INFO - Started process (PID=9274) to work on /opt/airflow/dags/Shi_HW 3.py
[2026-09-12T21:46:15.995+0000] {processor.py:914} INFO - Processing file /opt/airflow/dags/Shi_HW 3.py for tasks to queue
[2026-09-12T21:46:15.996+0000] {logging_mixin.py:190} INFO - [2026-09-12T21:46:15.996+0000] {dagbag.py:587} INFO - Filling up the DagBag from /opt/airflow/dags/Shi_HW 3.py
[2026-09-12T21:46:16.013+0000] {processor.py:925} INFO - DAG(s) 'WeatherToronto_ETL' retrieved from /opt/airflow/dags/Shi_HW 3.py
[2026-09-12T21:46:16.023+0000] {logging_mixin.py:190} INFO - [2026-09-12T21:46:16.022+0000] {dag.py:3229} INFO - Sync 1 DAGs
[2026-09-12T21:46:16.037+0000] {logging_mixin.py:190} INFO - [2026-09-12T21:46:16.037+0000] {dag.py:4156} INFO - Setting next_dagrun for WeatherToronto_ETL to 2026-09-12 18:00:00+00:00, run_after=2026-09-13 18:00:00+00:00
[2026-09-12T21:46:16.045+0000] {processor.py:208} INFO - Processing /opt/airflow/dags/Shi_HW 3.py took 0.060 seconds
[2026-09-12T21:46:46.546+0000] {processor.py:186} INFO - Started process (PID=9285) to work on /opt/airflow/dags/Shi_HW 3.py
[2026-09-12T21:46:46.549+0000] {processor.py:914} INFO - Processing file /opt/airflow/dags/Shi_HW 3.py for tasks to queue
[2026-09-12T21:46:46.550+0000] {logging_mixin.py:190} INFO - [2026-09-12T21:46:46.550+0000] {dagbag.py:587} INFO - Filling up the DagBag from /opt/airflow/dags/Shi_HW 3.py
[2026-09-12T21:46:46.586+0000] {processor.py:925} INFO - DAG(s) 'WeatherToronto_ETL' retrieved from /opt/airflow/dags/Shi_HW 3.py
[2026-09-12T21:46:46.613+0000] {logging_mixin.py:190} INFO - [2026-09-12T21:46:46.610+0000] {dag.py:3229} INFO - Sync 1 DAGs
[2026-09-12T21:46:46.629+0000] {logging_mixin.py:190} INFO - [2026-09-12T21:46:46.629+0000] {dag.py:4156} INFO - Setting next_dagrun for WeatherToronto_ETL to 2026-09-12 18:00:00+00:00, run_after=2026-09-13 18:00:00+00:00
[2026-09-12T21:46:46.637+0000] {processor.py:208} INFO - Processing /opt/airflow/dags/Shi_HW 3.py took 0.111 seconds
[2026-09-12T21:47:17.010+0000] {processor.py:186} INFO - Started process (PID=9296) to work on /opt/airflow/dags/Shi_HW 3.py
[2026-09-12T21:47:17.012+0000] {processor.py:914} INFO - Processing file /opt/airflow/dags/Shi_HW 3.py for tasks to queue
[2026-09-12T21:47:17.013+0000] {logging_mixin.py:190} INFO - [2026-09-12T21:47:17.013+0000] {dagbag.py:587} INFO - Filling up the DagBag from /opt/airflow/dags/Shi_HW 3.py
[2026-09-12T21:47:17.043+0000] {processor.py:925} INFO - DAG(s) 'WeatherToronto_ETL' retrieved from /opt/airflow/dags/Shi_HW 3.py
[2026-09-12T21:47:17.058+0000] {logging_mixin.py:190} INFO - [2026-09-12T21:47:17.057+0000] {dag.py:3229} INFO - Sync 1 DAGs
[2026-09-12T21:47:17.072+0000] {logging_mixin.py:190} INFO - [2026-09-12T21:47:17.072+0000] {dag.py:4156} INFO - Setting next_dagrun for WeatherToronto_ETL to 2026-09-12 18:00:00+00:00, run_after=2026-09-13 18:00:00+00:00
[2026-09-12T21:47:17.080+0000] {processor.py:208} INFO - Processing /opt/airflow/dags/Shi_HW 3.py took 0.076 seconds
[2026-09-12T21:47:47.470+0000] {processor.py:186} INFO - Started process (PID=9307) to work on /opt/airflow/dags/Shi_HW 3.py
[2026-09-12T21:47:47.474+0000] {processor.py:914} INFO - Processing file /opt/airflow/dags/Shi_HW 3.py for tasks to queue
[2026-09-12T21:47:47.475+0000] {logging_mixin.py:190} INFO - [2026-09-12T21:47:47.474+0000] {dagbag.py:587} INFO - Filling up the DagBag from /opt/airflow/dags/Shi_HW 3.py
[2026-09-12T21:47:47.494+0000] {processor.py:925} INFO - DAG(s) 'WeatherToronto_ETL' retrieved from /opt/airflow/dags/Shi_HW 3.py
[2026-09-12T21:47:47.505+0000] {logging_mixin.py:190} INFO - [2026-09-12T21:47:47.504+0000] {dag.py:3229} INFO - Sync 1 DAGs
[2026-09-12T21:47:47.516+0000] {logging_mixin.py:190} INFO - [2026-09-12T21:47:47.516+0000] {dag.py:4156} INFO - Setting next_dagrun for WeatherToronto_ETL to 2026-09-12 18:00:00+00:00, run_after=2026-09-13 18:00:00+00:00
[2026-09-12T21:47:47.522+0000] {processor.py:208} INFO - Processing /opt/airflow/dags/Shi_HW 3.py took 0.060 seconds
[2026-09-12T21:48:17.830+0000] {processor.py:186} INFO - Started process (PID=9318) to work on /opt/airflow/dags/Shi_HW 3.py
[2026-09-12T21:48:17.836+0000] {processor.py:914} INFO - Processing file /opt/airflow/dags/Shi_HW 3.py for tasks to queue
[2026-09-12T21:48:17.838+0000] {logging_mixin.py:190} INFO - [2026-09-12T21:48:17.838+0000] {dagbag.py:587} INFO - Filling up the DagBag from /opt/airflow/dags/Shi_HW 3.py
[2026-09-12T21:48:17.882+0000] {processor.py:925} INFO - DAG(s) 'WeatherToronto_ETL' retrieved from /opt/airflow/dags/Shi_HW 3.py
[2026-09-12T21:48:17.901+0000] {logging_mixin.py:190} INFO - [2026-09-12T21:48:17.898+0000] {dag.py:3229} INFO - Sync 1 DAGs
[2026-09-12T21:48:17.918+0000] {logging_mixin.py:190} INFO - [2026-09-12T21:48:17.918+0000] {dag.py:4156} INFO - Setting next_dagrun for WeatherToronto_ETL to 2026-09-12 18:00:00+00:00, run_after=2026-09-13 18:00:00+00:00
[2026-09-12T21:48:17.928+0000] {processor.py:208} INFO - Processing /opt/airflow/dags/Shi_HW 3.py took 0.117 seconds
[2026-09-12T21:48:48.276+0000] {processor.py:186} INFO - Started process (PID=9329) to work on /opt/airflow/dags/Shi_HW 3.py
[2026-09-12T21:48:48.280+0000] {processor.py:914} INFO - Processing file /opt/airflow/dags/Shi_HW 3.py for tasks to queue
[2026-09-12T21:48:48.281+0000] {logging_mixin.py:190} INFO - [2026-09-12T21:48:48.281+0000] {dagbag.py:587} INFO - Filling up the DagBag from /opt/airflow/dags/Shi_HW 3.py
[2026-09-12T21:48:48.304+0000] {processor.py:925} INFO - DAG(s) 'WeatherToronto_ETL' retrieved from /opt/airflow/dags/Shi_HW 3.py
[2026-09-12T21:48:48.315+0000] {logging_mixin.py:190} INFO - [2026-09-12T21:48:48.314+0000] {dag.py:3229} INFO - Sync 1 DAGs
[2026-09-12T21:48:48.326+0000] {logging_mixin.py:190} INFO - [2026-09-12T21:48:48.326+0000] {dag.py:4156} INFO - Setting next_dagrun for WeatherToronto_ETL to 2026-09-12 18:00:00+00:00, run_after=2026-09-13 18:00:00+00:00
[2026-09-12T21:48:48.332+0000] {processor.py:208} INFO - Processing /opt/airflow/dags/Shi_HW 3.py took 0.064 seconds
[2026-09-12T21:49:18.829+0000] {processor.py:186} INFO - Started process (PID=9340) to work on /opt/airflow/dags/Shi_HW 3.py
[2026-09-12T21:49:18.833+0000] {processor.py:914} INFO - Processing file /opt/airflow/dags/Shi_HW 3.py for tasks to queue
[2026-09-12T21:49:18.836+0000] {logging_mixin.py:190} INFO - [2026-09-12T21:49:18.835+0000] {dagbag.py:587} INFO - Filling up the DagBag from /opt/airflow/dags/Shi_HW 3.py
[2026-09-12T21:49:18.873+0000] {processor.py:925} INFO - DAG(s) 'WeatherToronto_ETL' retrieved from /opt/airflow/dags/Shi_HW 3.py
[2026-09-12T21:49:18.892+0000] {logging_mixin.py:190} INFO - [2026-09-12T21:49:18.889+0000] {dag.py:3229} INFO - Sync 1 DAGs
[2026-09-12T21:49:18.909+0000] {logging_mixin.py:190} INFO - [2026-09-12T21:49:18.908+0000] {dag.py:4156} INFO - Setting next_dagrun for WeatherToronto_ETL to 2026-09-12 18:00:00+00:00, run_after=2026-09-13 18:00:00+00:00
[2026-09-12T21:49:18.917+0000] {processor.py:208} INFO - Processing /opt/airflow/dags/Shi_HW 3.py took 0.097 seconds
[2026-09-12T21:49:49.296+0000] {processor.py:186} INFO - Started process (PID=9351) to work on /opt/airflow/dags/Shi_HW 3.py
[2026-09-12T21:49:49.299+0000] {processor.py:914} INFO - Processing file /opt/airflow/dags/Shi_HW 3.py for tasks to queue
[2026-09-12T21:49:49.300+0000] {logging_mixin.py:190} INFO - [2026-09-12T21:49:49.300+0000] {dagbag.py:587} INFO - Filling up the DagBag from /opt/airflow/dags/Shi_HW 3.py
[2026-09-12T21:49:49.321+0000] {processor.py:925} INFO - DAG(s) 'WeatherToronto_ETL' retrieved from /opt/airflow/dags/Shi_HW 3.py
[2026-09-12T21:49:49.331+0000] {logging_mixin.py:190} INFO - [2026-09-12T21:49:49.330+0000] {dag.py:3229} INFO - Sync 1 DAGs
[2026-09-12T21:49:49.342+0000] {logging_mixin.py:190} INFO - [2026-09-12T21:49:49.342+0000] {dag.py:4156} INFO - Setting next_dagrun for WeatherToronto_ETL to 2026-09-12 18:00:00+00:00, run_after=2026-09-13 18:00:00+00:00
[2026-09-12T21:49:49.348+0000] {processor.py:208} INFO - Processing /opt/airflow/dags/Shi_HW 3.py took 0.059 seconds
[2026-09-12T21:50:19.822+0000] {processor.py:186} INFO - Started process (PID=9362) to work on /opt/airflow/dags/Shi_HW 3.py
[2026-09-12T21:50:19.826+0000] {processor.py:914} INFO - Processing file /opt/airflow/dags/Shi_HW 3.py for tasks to queue
[2026-09-12T21:50:19.828+0000] {logging_mixin.py:190} INFO - [2026-09-12T21:50:19.827+0000] {dagbag.py:587} INFO - Filling up the DagBag from /opt/airflow/dags/Shi_HW 3.py
[2026-09-12T21:50:19.856+0000] {processor.py:925} INFO - DAG(s) 'WeatherToronto_ETL' retrieved from /opt/airflow/dags/Shi_HW 3.py
[2026-09-12T21:50:19.871+0000] {logging_mixin.py:190} INFO - [2026-09-12T21:50:19.870+0000] {dag.py:3229} INFO - Sync 1 DAGs
[2026-09-12T21:50:19.886+0000] {logging_mixin.py:190} INFO - [2026-09-12T21:50:19.886+0000] {dag.py:4156} INFO - Setting next_dagrun for WeatherToronto_ETL to 2026-09-12 18:00:00+00:00, run_after=2026-09-13 18:00:00+00:00
[2026-09-12T21:50:19.894+0000] {processor.py:208} INFO - Processing /opt/airflow/dags/Shi_HW 3.py took 0.080 seconds
[2026-09-12T21:50:50.246+0000] {processor.py:186} INFO - Started process (PID=9373) to work on /opt/airflow/dags/Shi_HW 3.py
[2026-09-12T21:50:50.249+0000] {processor.py:914} INFO - Processing file /opt/airflow/dags/Shi_HW 3.py for tasks to queue
[2026-09-12T21:50:50.250+0000] {logging_mixin.py:190} INFO - [2026-09-12T21:50:50.250+0000] {dagbag.py:587} INFO - Filling up the DagBag from /opt/airflow/dags/Shi_HW 3.py
[2026-09-12T21:50:50.268+0000] {processor.py:925} INFO - DAG(s) 'WeatherToronto_ETL' retrieved from /opt/airflow/dags/Shi_HW 3.py
[2026-09-12T21:50:50.278+0000] {logging_mixin.py:190} INFO - [2026-09-12T21:50:50.277+0000] {dag.py:3229} INFO - Sync 1 DAGs
[2026-09-12T21:50:50.288+0000] {logging_mixin.py:190} INFO - [2026-09-12T21:50:50.288+0000] {dag.py:4156} INFO - Setting next_dagrun for WeatherToronto_ETL to 2026-09-12 18:00:00+00:00, run_after=2026-09-13 18:00:00+00:00
[2026-09-12T21:50:50.295+0000] {processor.py:208} INFO - Processing /opt/airflow/dags/Shi_HW 3.py took 0.057 seconds
[2026-09-12T21:51:20.676+0000] {processor.py:186} INFO - Started process (PID=9384) to work on /opt/airflow/dags/Shi_HW 3.py
[2026-09-12T21:51:20.679+0000] {processor.py:914} INFO - Processing file /opt/airflow/dags/Shi_HW 3.py for tasks to queue
[2026-09-12T21:51:20.681+0000] {logging_mixin.py:190} INFO - [2026-09-12T21:51:20.680+0000] {dagbag.py:587} INFO - Filling up the DagBag from /opt/airflow/dags/Shi_HW 3.py
[2026-09-12T21:51:20.707+0000] {processor.py:925} INFO - DAG(s) 'WeatherToronto_ETL' retrieved from /opt/airflow/dags/Shi_HW 3.py
[2026-09-12T21:51:20.720+0000] {logging_mixin.py:190} INFO - [2026-09-12T21:51:20.719+0000] {dag.py:3229} INFO - Sync 1 DAGs
[2026-09-12T21:51:20.733+0000] {logging_mixin.py:190} INFO - [2026-09-12T21:51:20.733+0000] {dag.py:4156} INFO - Setting next_dagrun for WeatherToronto_ETL to 2026-09-12 18:00:00+00:00, run_after=2026-09-13 18:00:00+00:00
[2026-09-12T21:51:20.740+0000] {processor.py:208} INFO - Processing /opt/airflow/dags/Shi_HW 3.py took 0.072 seconds
[2026-09-12T21:51:51.106+0000] {processor.py:186} INFO - Started process (PID=9395) to work on /opt/airflow/dags/Shi_HW 3.py
[2026-09-12T21:51:51.109+0000] {processor.py:914} INFO - Processing file /opt/airflow/dags/Shi_HW 3.py for tasks to queue
[2026-09-12T21:51:51.110+0000] {logging_mixin.py:190} INFO - [2026-09-12T21:51:51.110+0000] {dagbag.py:587} INFO - Filling up the DagBag from /opt/airflow/dags/Shi_HW 3.py
[2026-09-12T21:51:51.127+0000] {processor.py:925} INFO - DAG(s) 'WeatherToronto_ETL' retrieved from /opt/airflow/dags/Shi_HW 3.py
[2026-09-12T21:51:51.137+0000] {logging_mixin.py:190} INFO - [2026-09-12T21:51:51.137+0000] {dag.py:3229} INFO - Sync 1 DAGs
[2026-09-12T21:51:51.148+0000] {logging_mixin.py:190} INFO - [2026-09-12T21:51:51.148+0000] {dag.py:4156} INFO - Setting next_dagrun for WeatherToronto_ETL to 2026-09-12 18:00:00+00:00, run_after=2026-09-13 18:00:00+00:00
[2026-09-12T21:51:51.154+0000] {processor.py:208} INFO - Processing /opt/airflow/dags/Shi_HW 3.py took 0.054 seconds
[2026-09-12T21:52:21.579+0000] {processor.py:186} INFO - Started process (PID=9406) to work on /opt/airflow/dags/Shi_HW 3.py
[2026-09-12T21:52:21.582+0000] {processor.py:914} INFO - Processing file /opt/airflow/dags/Shi_HW 3.py for tasks to queue
[2026-09-12T21:52:21.583+0000] {logging_mixin.py:190} INFO - [2026-09-12T21:52:21.583+0000] {dagbag.py:587} INFO - Filling up the DagBag from /opt/airflow/dags/Shi_HW 3.py
[2026-09-12T21:52:21.603+0000] {processor.py:925} INFO - DAG(s) 'WeatherToronto_ETL' retrieved from /opt/airflow/dags/Shi_HW 3.py
[2026-09-12T21:52:21.613+0000] {logging_mixin.py:190} INFO - [2026-09-12T21:52:21.612+0000] {dag.py:3229} INFO - Sync 1 DAGs
[2026-09-12T21:52:21.625+0000] {logging_mixin.py:190} INFO - [2026-09-12T21:52:21.624+0000] {dag.py:4156} INFO - Setting next_dagrun for WeatherToronto_ETL to 2026-09-12 18:00:00+00:00, run_after=2026-09-13 18:00:00+00:00
[2026-09-12T21:52:21.631+0000] {processor.py:208} INFO - Processing /opt/airflow/dags/Shi_HW 3.py took 0.059 seconds
[2026-09-12T21:52:52.018+0000] {processor.py:186} INFO - Started process (PID=9417) to work on /opt/airflow/dags/Shi_HW 3.py
[2026-09-12T21:52:52.022+0000] {processor.py:914} INFO - Processing file /opt/airflow/dags/Shi_HW 3.py for tasks to queue
[2026-09-12T21:52:52.025+0000] {logging_mixin.py:190} INFO - [2026-09-12T21:52:52.024+0000] {dagbag.py:587} INFO - Filling up the DagBag from /opt/airflow/dags/Shi_HW 3.py
[2026-09-12T21:52:52.051+0000] {processor.py:925} INFO - DAG(s) 'WeatherToronto_ETL' retrieved from /opt/airflow/dags/Shi_HW 3.py
[2026-09-12T21:52:52.065+0000] {logging_mixin.py:190} INFO - [2026-09-12T21:52:52.063+0000] {dag.py:3229} INFO - Sync 1 DAGs
[2026-09-12T21:52:52.078+0000] {logging_mixin.py:190} INFO - [2026-09-12T21:52:52.078+0000] {dag.py:4156} INFO - Setting next_dagrun for WeatherToronto_ETL to 2026-09-12 18:00:00+00:00, run_after=2026-09-13 18:00:00+00:00
[2026-09-12T21:52:52.085+0000] {processor.py:208} INFO - Processing /opt/airflow/dags/Shi_HW 3.py took 0.077 seconds
[2026-09-12T21:53:22.481+0000] {processor.py:186} INFO - Started process (PID=9428) to work on /opt/airflow/dags/Shi_HW 3.py
[2026-09-12T21:53:22.485+0000] {processor.py:914} INFO - Processing file /opt/airflow/dags/Shi_HW 3.py for tasks to queue
[2026-09-12T21:53:22.486+0000] {logging_mixin.py:190} INFO - [2026-09-12T21:53:22.486+0000] {dagbag.py:587} INFO - Filling up the DagBag from /opt/airflow/dags/Shi_HW 3.py
[2026-09-12T21:53:22.507+0000] {processor.py:925} INFO - DAG(s) 'WeatherToronto_ETL' retrieved from /opt/airflow/dags/Shi_HW 3.py
[2026-09-12T21:53:22.517+0000] {logging_mixin.py:190} INFO - [2026-09-12T21:53:22.516+0000] {dag.py:3229} INFO - Sync 1 DAGs
[2026-09-12T21:53:22.529+0000] {logging_mixin.py:190} INFO - [2026-09-12T21:53:22.529+0000] {dag.py:4156} INFO - Setting next_dagrun for WeatherToronto_ETL to 2026-09-12 18:00:00+00:00, run_after=2026-09-13 18:00:00+00:00
[2026-09-12T21:53:22.536+0000] {processor.py:208} INFO - Processing /opt/airflow/dags/Shi_HW 3.py took 0.062 seconds
[2026-09-12T21:53:52.894+0000] {processor.py:186} INFO - Started process (PID=9439) to work on /opt/airflow/dags/Shi_HW 3.py
[2026-09-12T21:53:52.898+0000] {processor.py:914} INFO - Processing file /opt/airflow/dags/Shi_HW 3.py for tasks to queue
[2026-09-12T21:53:52.899+0000] {logging_mixin.py:190} INFO - [2026-09-12T21:53:52.899+0000] {dagbag.py:587} INFO - Filling up the DagBag from /opt/airflow/dags/Shi_HW 3.py
[2026-09-12T21:53:52.932+0000] {processor.py:925} INFO - DAG(s) 'WeatherToronto_ETL' retrieved from /opt/airflow/dags/Shi_HW 3.py
[2026-09-12T21:53:52.953+0000] {logging_mixin.py:190} INFO - [2026-09-12T21:53:52.951+0000] {dag.py:3229} INFO - Sync 1 DAGs
[2026-09-12T21:53:52.974+0000] {logging_mixin.py:190} INFO - [2026-09-12T21:53:52.974+0000] {dag.py:4156} INFO - Setting next_dagrun for WeatherToronto_ETL to 2026-09-12 18:00:00+00:00, run_after=2026-09-13 18:00:00+00:00
[2026-09-12T21:53:52.982+0000] {processor.py:208} INFO - Processing /opt/airflow/dags/Shi_HW 3.py took 0.096 seconds
[2026-09-12T21:54:23.345+0000] {processor.py:186} INFO - Started process (PID=9450) to work on /opt/airflow/dags/Shi_HW 3.py
[2026-09-12T21:54:23.349+0000] {processor.py:914} INFO - Processing file /opt/airflow/dags/Shi_HW 3.py for tasks to queue
[2026-09-12T21:54:23.352+0000] {logging_mixin.py:190} INFO - [2026-09-12T21:54:23.351+0000] {dagbag.py:587} INFO - Filling up the DagBag from /opt/airflow/dags/Shi_HW 3.py
[2026-09-12T21:54:23.382+0000] {processor.py:925} INFO - DAG(s) 'WeatherToronto_ETL' retrieved from /opt/airflow/dags/Shi_HW 3.py
[2026-09-12T21:54:23.397+0000] {logging_mixin.py:190} INFO - [2026-09-12T21:54:23.395+0000] {dag.py:3229} INFO - Sync 1 DAGs
[2026-09-12T21:54:23.419+0000] {logging_mixin.py:190} INFO - [2026-09-12T21:54:23.418+0000] {dag.py:4156} INFO - Setting next_dagrun for WeatherToronto_ETL to 2026-09-12 18:00:00+00:00, run_after=2026-09-13 18:00:00+00:00
[2026-09-12T21:54:23.427+0000] {processor.py:208} INFO - Processing /opt/airflow/dags/Shi_HW 3.py took 0.090 seconds
[2026-09-12T21:54:53.521+0000] {processor.py:186} INFO - Started process (PID=9461) to work on /opt/airflow/dags/Shi_HW 3.py
[2026-09-12T21:54:53.525+0000] {processor.py:914} INFO - Processing file /opt/airflow/dags/Shi_HW 3.py for tasks to queue
[2026-09-12T21:54:53.526+0000] {logging_mixin.py:190} INFO - [2026-09-12T21:54:53.526+0000] {dagbag.py:587} INFO - Filling up the DagBag from /opt/airflow/dags/Shi_HW 3.py
[2026-09-12T21:54:53.569+0000] {processor.py:925} INFO - DAG(s) 'WeatherToronto_ETL' retrieved from /opt/airflow/dags/Shi_HW 3.py
[2026-09-12T21:54:53.581+0000] {logging_mixin.py:190} INFO - [2026-09-12T21:54:53.580+0000] {dag.py:3229} INFO - Sync 1 DAGs
[2026-09-12T21:54:53.597+0000] {logging_mixin.py:190} INFO - [2026-09-12T21:54:53.597+0000] {dag.py:4156} INFO - Setting next_dagrun for WeatherToronto_ETL to 2026-09-12 18:00:00+00:00, run_after=2026-09-13 18:00:00+00:00
[2026-09-12T21:54:53.615+0000] {processor.py:208} INFO - Processing /opt/airflow/dags/Shi_HW 3.py took 0.103 seconds
[2026-09-12T21:55:23.915+0000] {processor.py:186} INFO - Started process (PID=9472) to work on /opt/airflow/dags/Shi_HW 3.py
[2026-09-12T21:55:23.920+0000] {processor.py:914} INFO - Processing file /opt/airflow/dags/Shi_HW 3.py for tasks to queue
[2026-09-12T21:55:23.921+0000] {logging_mixin.py:190} INFO - [2026-09-12T21:55:23.920+0000] {dagbag.py:587} INFO - Filling up the DagBag from /opt/airflow/dags/Shi_HW 3.py
[2026-09-12T21:55:23.941+0000] {processor.py:925} INFO - DAG(s) 'WeatherToronto_ETL' retrieved from /opt/airflow/dags/Shi_HW 3.py
[2026-09-12T21:55:23.950+0000] {logging_mixin.py:190} INFO - [2026-09-12T21:55:23.949+0000] {dag.py:3229} INFO - Sync 1 DAGs
[2026-09-12T21:55:23.960+0000] {logging_mixin.py:190} INFO - [2026-09-12T21:55:23.960+0000] {dag.py:4156} INFO - Setting next_dagrun for WeatherToronto_ETL to 2026-09-12 18:00:00+00:00, run_after=2026-09-13 18:00:00+00:00
[2026-09-12T21:55:23.966+0000] {processor.py:208} INFO - Processing /opt/airflow/dags/Shi_HW 3.py took 0.057 seconds
[2026-09-12T21:55:54.281+0000] {processor.py:186} INFO - Started process (PID=9483) to work on /opt/airflow/dags/Shi_HW 3.py
[2026-09-12T21:55:54.284+0000] {processor.py:914} INFO - Processing file /opt/airflow/dags/Shi_HW 3.py for tasks to queue
[2026-09-12T21:55:54.284+0000] {logging_mixin.py:190} INFO - [2026-09-12T21:55:54.284+0000] {dagbag.py:587} INFO - Filling up the DagBag from /opt/airflow/dags/Shi_HW 3.py
[2026-09-12T21:55:54.302+0000] {processor.py:925} INFO - DAG(s) 'WeatherToronto_ETL' retrieved from /opt/airflow/dags/Shi_HW 3.py
[2026-09-12T21:55:54.311+0000] {logging_mixin.py:190} INFO - [2026-09-12T21:55:54.310+0000] {dag.py:3229} INFO - Sync 1 DAGs
[2026-09-12T21:55:54.320+0000] {logging_mixin.py:190} INFO - [2026-09-12T21:55:54.320+0000] {dag.py:4156} INFO - Setting next_dagrun for WeatherToronto_ETL to 2026-09-12 18:00:00+00:00, run_after=2026-09-13 18:00:00+00:00
[2026-09-12T21:55:54.326+0000] {processor.py:208} INFO - Processing /opt/airflow/dags/Shi_HW 3.py took 0.051 seconds
[2026-09-12T21:56:24.656+0000] {processor.py:186} INFO - Started process (PID=9494) to work on /opt/airflow/dags/Shi_HW 3.py
[2026-09-12T21:56:24.660+0000] {processor.py:914} INFO - Processing file /opt/airflow/dags/Shi_HW 3.py for tasks to queue
[2026-09-12T21:56:24.661+0000] {logging_mixin.py:190} INFO - [2026-09-12T21:56:24.661+0000] {dagbag.py:587} INFO - Filling up the DagBag from /opt/airflow/dags/Shi_HW 3.py
[2026-09-12T21:56:24.686+0000] {processor.py:925} INFO - DAG(s) 'WeatherToronto_ETL' retrieved from /opt/airflow/dags/Shi_HW 3.py
[2026-09-12T21:56:24.698+0000] {logging_mixin.py:190} INFO - [2026-09-12T21:56:24.697+0000] {dag.py:3229} INFO - Sync 1 DAGs
[2026-09-12T21:56:24.710+0000] {logging_mixin.py:190} INFO - [2026-09-12T21:56:24.709+0000] {dag.py:4156} INFO - Setting next_dagrun for WeatherToronto_ETL to 2026-09-12 18:00:00+00:00, run_after=2026-09-13 18:00:00+00:00
[2026-09-12T21:56:24.717+0000] {processor.py:208} INFO - Processing /opt/airflow/dags/Shi_HW 3.py took 0.070 seconds
[2026-09-12T21:56:55.012+0000] {processor.py:186} INFO - Started process (PID=9505) to work on /opt/airflow/dags/Shi_HW 3.py
[2026-09-12T21:56:55.015+0000] {processor.py:914} INFO - Processing file /opt/airflow/dags/Shi_HW 3.py for tasks to queue
[2026-09-12T21:56:55.015+0000] {logging_mixin.py:190} INFO - [2026-09-12T21:56:55.015+0000] {dagbag.py:587} INFO - Filling up the DagBag from /opt/airflow/dags/Shi_HW 3.py
[2026-09-12T21:56:55.029+0000] {processor.py:925} INFO - DAG(s) 'WeatherToronto_ETL' retrieved from /opt/airflow/dags/Shi_HW 3.py
[2026-09-12T21:56:55.036+0000] {logging_mixin.py:190} INFO - [2026-09-12T21:56:55.036+0000] {dag.py:3229} INFO - Sync 1 DAGs
[2026-09-12T21:56:55.048+0000] {logging_mixin.py:190} INFO - [2026-09-12T21:56:55.048+0000] {dag.py:4156} INFO - Setting next_dagrun for WeatherToronto_ETL to 2026-09-12 18:00:00+00:00, run_after=2026-09-13 18:00:00+00:00
[2026-09-12T21:56:55.054+0000] {processor.py:208} INFO - Processing /opt/airflow/dags/Shi_HW 3.py took 0.046 seconds
[2026-09-12T21:57:25.391+0000] {processor.py:186} INFO - Started process (PID=9516) to work on /opt/airflow/dags/Shi_HW 3.py
[2026-09-12T21:57:25.395+0000] {processor.py:914} INFO - Processing file /opt/airflow/dags/Shi_HW 3.py for tasks to queue
[2026-09-12T21:57:25.396+0000] {logging_mixin.py:190} INFO - [2026-09-12T21:57:25.396+0000] {dagbag.py:587} INFO - Filling up the DagBag from /opt/airflow/dags/Shi_HW 3.py
[2026-09-12T21:57:25.416+0000] {processor.py:925} INFO - DAG(s) 'WeatherToronto_ETL' retrieved from /opt/airflow/dags/Shi_HW 3.py
[2026-09-12T21:57:25.425+0000] {logging_mixin.py:190} INFO - [2026-09-12T21:57:25.425+0000] {dag.py:3229} INFO - Sync 1 DAGs
[2026-09-12T21:57:25.435+0000] {logging_mixin.py:190} INFO - [2026-09-12T21:57:25.435+0000] {dag.py:4156} INFO - Setting next_dagrun for WeatherToronto_ETL to 2026-09-12 18:00:00+00:00, run_after=2026-09-13 18:00:00+00:00
[2026-09-12T21:57:25.441+0000] {processor.py:208} INFO - Processing /opt/airflow/dags/Shi_HW 3.py took 0.057 seconds
[2026-09-12T21:57:55.719+0000] {processor.py:186} INFO - Started process (PID=9527) to work on /opt/airflow/dags/Shi_HW 3.py
[2026-09-12T21:57:55.722+0000] {processor.py:914} INFO - Processing file /opt/airflow/dags/Shi_HW 3.py for tasks to queue
[2026-09-12T21:57:55.723+0000] {logging_mixin.py:190} INFO - [2026-09-12T21:57:55.723+0000] {dagbag.py:587} INFO - Filling up the DagBag from /opt/airflow/dags/Shi_HW 3.py
[2026-09-12T21:57:55.742+0000] {processor.py:925} INFO - DAG(s) 'WeatherToronto_ETL' retrieved from /opt/airflow/dags/Shi_HW 3.py
[2026-09-12T21:57:55.751+0000] {logging_mixin.py:190} INFO - [2026-09-12T21:57:55.751+0000] {dag.py:3229} INFO - Sync 1 DAGs
[2026-09-12T21:57:55.761+0000] {logging_mixin.py:190} INFO - [2026-09-12T21:57:55.761+0000] {dag.py:4156} INFO - Setting next_dagrun for WeatherToronto_ETL to 2026-09-12 18:00:00+00:00, run_after=2026-09-13 18:00:00+00:00
[2026-09-12T21:57:55.767+0000] {processor.py:208} INFO - Processing /opt/airflow/dags/Shi_HW 3.py took 0.053 seconds
[2026-09-12T21:58:26.046+0000] {processor.py:186} INFO - Started process (PID=9538) to work on /opt/airflow/dags/Shi_HW 3.py
[2026-09-12T21:58:26.050+0000] {processor.py:914} INFO - Processing file /opt/airflow/dags/Shi_HW 3.py for tasks to queue
[2026-09-12T21:58:26.051+0000] {logging_mixin.py:190} INFO - [2026-09-12T21:58:26.050+0000] {dagbag.py:587} INFO - Filling up the DagBag from /opt/airflow/dags/Shi_HW 3.py
[2026-09-12T21:58:26.072+0000] {processor.py:925} INFO - DAG(s) 'WeatherToronto_ETL' retrieved from /opt/airflow/dags/Shi_HW 3.py
[2026-09-12T21:58:26.083+0000] {logging_mixin.py:190} INFO - [2026-09-12T21:58:26.082+0000] {dag.py:3229} INFO - Sync 1 DAGs
[2026-09-12T21:58:26.095+0000] {logging_mixin.py:190} INFO - [2026-09-12T21:58:26.094+0000] {dag.py:4156} INFO - Setting next_dagrun for WeatherToronto_ETL to 2026-09-12 18:00:00+00:00, run_after=2026-09-13 18:00:00+00:00
[2026-09-12T21:58:26.101+0000] {processor.py:208} INFO - Processing /opt/airflow/dags/Shi_HW 3.py took 0.062 seconds
[2026-09-12T21:58:56.469+0000] {processor.py:186} INFO - Started process (PID=9549) to work on /opt/airflow/dags/Shi_HW 3.py
[2026-09-12T21:58:56.472+0000] {processor.py:914} INFO - Processing file /opt/airflow/dags/Shi_HW 3.py for tasks to queue
[2026-09-12T21:58:56.473+0000] {logging_mixin.py:190} INFO - [2026-09-12T21:58:56.473+0000] {dagbag.py:587} INFO - Filling up the DagBag from /opt/airflow/dags/Shi_HW 3.py
[2026-09-12T21:58:56.519+0000] {processor.py:925} INFO - DAG(s) 'WeatherToronto_ETL' retrieved from /opt/airflow/dags/Shi_HW 3.py
[2026-09-12T21:58:56.544+0000] {logging_mixin.py:190} INFO - [2026-09-12T21:58:56.542+0000] {dag.py:3229} INFO - Sync 1 DAGs
[2026-09-12T21:58:56.566+0000] {logging_mixin.py:190} INFO - [2026-09-12T21:58:56.566+0000] {dag.py:4156} INFO - Setting next_dagrun for WeatherToronto_ETL to 2026-09-12 18:00:00+00:00, run_after=2026-09-13 18:00:00+00:00
[2026-09-12T21:58:56.579+0000] {processor.py:208} INFO - Processing /opt/airflow/dags/Shi_HW 3.py took 0.118 seconds
[2026-09-12T21:59:26.793+0000] {processor.py:186} INFO - Started process (PID=9560) to work on /opt/airflow/dags/Shi_HW 3.py
[2026-09-12T21:59:26.796+0000] {processor.py:914} INFO - Processing file /opt/airflow/dags/Shi_HW 3.py for tasks to queue
[2026-09-12T21:59:26.796+0000] {logging_mixin.py:190} INFO - [2026-09-12T21:59:26.796+0000] {dagbag.py:587} INFO - Filling up the DagBag from /opt/airflow/dags/Shi_HW 3.py
[2026-09-12T21:59:26.822+0000] {processor.py:925} INFO - DAG(s) 'WeatherToronto_ETL' retrieved from /opt/airflow/dags/Shi_HW 3.py
[2026-09-12T21:59:26.836+0000] {logging_mixin.py:190} INFO - [2026-09-12T21:59:26.834+0000] {dag.py:3229} INFO - Sync 1 DAGs
[2026-09-12T21:59:26.849+0000] {logging_mixin.py:190} INFO - [2026-09-12T21:59:26.849+0000] {dag.py:4156} INFO - Setting next_dagrun for WeatherToronto_ETL to 2026-09-12 18:00:00+00:00, run_after=2026-09-13 18:00:00+00:00
[2026-09-12T21:59:26.856+0000] {processor.py:208} INFO - Processing /opt/airflow/dags/Shi_HW 3.py took 0.070 seconds
[2026-09-12T21:59:57.212+0000] {processor.py:186} INFO - Started process (PID=9571) to work on /opt/airflow/dags/Shi_HW 3.py
[2026-09-12T21:59:57.215+0000] {processor.py:914} INFO - Processing file /opt/airflow/dags/Shi_HW 3.py for tasks to queue
[2026-09-12T21:59:57.217+0000] {logging_mixin.py:190} INFO - [2026-09-12T21:59:57.216+0000] {dagbag.py:587} INFO - Filling up the DagBag from /opt/airflow/dags/Shi_HW 3.py
[2026-09-12T21:59:57.244+0000] {processor.py:925} INFO - DAG(s) 'WeatherToronto_ETL' retrieved from /opt/airflow/dags/Shi_HW 3.py
[2026-09-12T21:59:57.262+0000] {logging_mixin.py:190} INFO - [2026-09-12T21:59:57.260+0000] {dag.py:3229} INFO - Sync 1 DAGs
[2026-09-12T21:59:57.278+0000] {logging_mixin.py:190} INFO - [2026-09-12T21:59:57.278+0000] {dag.py:4156} INFO - Setting next_dagrun for WeatherToronto_ETL to 2026-09-12 18:00:00+00:00, run_after=2026-09-13 18:00:00+00:00
[2026-09-12T21:59:57.285+0000] {processor.py:208} INFO - Processing /opt/airflow/dags/Shi_HW 3.py took 0.081 seconds
[2026-09-12T22:00:27.646+0000] {processor.py:186} INFO - Started process (PID=9582) to work on /opt/airflow/dags/Shi_HW 3.py
[2026-09-12T22:00:27.650+0000] {processor.py:914} INFO - Processing file /opt/airflow/dags/Shi_HW 3.py for tasks to queue
[2026-09-12T22:00:27.650+0000] {logging_mixin.py:190} INFO - [2026-09-12T22:00:27.650+0000] {dagbag.py:587} INFO - Filling up the DagBag from /opt/airflow/dags/Shi_HW 3.py
[2026-09-12T22:00:27.670+0000] {processor.py:925} INFO - DAG(s) 'WeatherToronto_ETL' retrieved from /opt/airflow/dags/Shi_HW 3.py
[2026-09-12T22:00:27.680+0000] {logging_mixin.py:190} INFO - [2026-09-12T22:00:27.680+0000] {dag.py:3229} INFO - Sync 1 DAGs
[2026-09-12T22:00:27.692+0000] {logging_mixin.py:190} INFO - [2026-09-12T22:00:27.692+0000] {dag.py:4156} INFO - Setting next_dagrun for WeatherToronto_ETL to 2026-09-12 18:00:00+00:00, run_after=2026-09-13 18:00:00+00:00
[2026-09-12T22:00:27.700+0000] {processor.py:208} INFO - Processing /opt/airflow/dags/Shi_HW 3.py took 0.060 seconds
[2026-09-12T22:00:58.025+0000] {processor.py:186} INFO - Started process (PID=9593) to work on /opt/airflow/dags/Shi_HW 3.py
[2026-09-12T22:00:58.029+0000] {processor.py:914} INFO - Processing file /opt/airflow/dags/Shi_HW 3.py for tasks to queue
[2026-09-12T22:00:58.030+0000] {logging_mixin.py:190} INFO - [2026-09-12T22:00:58.029+0000] {dagbag.py:587} INFO - Filling up the DagBag from /opt/airflow/dags/Shi_HW 3.py
[2026-09-12T22:00:58.049+0000] {processor.py:925} INFO - DAG(s) 'WeatherToronto_ETL' retrieved from /opt/airflow/dags/Shi_HW 3.py
[2026-09-12T22:00:58.059+0000] {logging_mixin.py:190} INFO - [2026-09-12T22:00:58.058+0000] {dag.py:3229} INFO - Sync 1 DAGs
[2026-09-12T22:00:58.070+0000] {logging_mixin.py:190} INFO - [2026-09-12T22:00:58.070+0000] {dag.py:4156} INFO - Setting next_dagrun for WeatherToronto_ETL to 2026-09-12 18:00:00+00:00, run_after=2026-09-13 18:00:00+00:00
[2026-09-12T22:00:58.076+0000] {processor.py:208} INFO - Processing /opt/airflow/dags/Shi_HW 3.py took 0.059 seconds
[2026-09-12T22:01:28.439+0000] {processor.py:186} INFO - Started process (PID=9604) to work on /opt/airflow/dags/Shi_HW 3.py
[2026-09-12T22:01:28.442+0000] {processor.py:914} INFO - Processing file /opt/airflow/dags/Shi_HW 3.py for tasks to queue
[2026-09-12T22:01:28.443+0000] {logging_mixin.py:190} INFO - [2026-09-12T22:01:28.443+0000] {dagbag.py:587} INFO - Filling up the DagBag from /opt/airflow/dags/Shi_HW 3.py
[2026-09-12T22:01:28.474+0000] {processor.py:925} INFO - DAG(s) 'WeatherToronto_ETL' retrieved from /opt/airflow/dags/Shi_HW 3.py
[2026-09-12T22:01:28.489+0000] {logging_mixin.py:190} INFO - [2026-09-12T22:01:28.487+0000] {dag.py:3229} INFO - Sync 1 DAGs
[2026-09-12T22:01:28.502+0000] {logging_mixin.py:190} INFO - [2026-09-12T22:01:28.502+0000] {dag.py:4156} INFO - Setting next_dagrun for WeatherToronto_ETL to 2026-09-12 18:00:00+00:00, run_after=2026-09-13 18:00:00+00:00
[2026-09-12T22:01:28.510+0000] {processor.py:208} INFO - Processing /opt/airflow/dags/Shi_HW 3.py took 0.081 seconds
[2026-09-12T22:01:58.901+0000] {processor.py:186} INFO - Started process (PID=9615) to work on /opt/airflow/dags/Shi_HW 3.py
[2026-09-12T22:01:58.907+0000] {processor.py:914} INFO - Processing file /opt/airflow/dags/Shi_HW 3.py for tasks to queue
[2026-09-12T22:01:58.910+0000] {logging_mixin.py:190} INFO - [2026-09-12T22:01:58.909+0000] {dagbag.py:587} INFO - Filling up the DagBag from /opt/airflow/dags/Shi_HW 3.py
[2026-09-12T22:01:58.959+0000] {processor.py:925} INFO - DAG(s) 'WeatherToronto_ETL' retrieved from /opt/airflow/dags/Shi_HW 3.py
[2026-09-12T22:01:58.989+0000] {logging_mixin.py:190} INFO - [2026-09-12T22:01:58.987+0000] {dag.py:3229} INFO - Sync 1 DAGs
[2026-09-12T22:01:59.013+0000] {logging_mixin.py:190} INFO - [2026-09-12T22:01:59.013+0000] {dag.py:4156} INFO - Setting next_dagrun for WeatherToronto_ETL to 2026-09-12 18:00:00+00:00, run_after=2026-09-13 18:00:00+00:00
[2026-09-12T22:01:59.024+0000] {processor.py:208} INFO - Processing /opt/airflow/dags/Shi_HW 3.py took 0.133 seconds
[2026-09-12T22:02:29.305+0000] {processor.py:186} INFO - Started process (PID=9626) to work on /opt/airflow/dags/Shi_HW 3.py
[2026-09-12T22:02:29.309+0000] {processor.py:914} INFO - Processing file /opt/airflow/dags/Shi_HW 3.py for tasks to queue
[2026-09-12T22:02:29.310+0000] {logging_mixin.py:190} INFO - [2026-09-12T22:02:29.310+0000] {dagbag.py:587} INFO - Filling up the DagBag from /opt/airflow/dags/Shi_HW 3.py
[2026-09-12T22:02:29.338+0000] {processor.py:925} INFO - DAG(s) 'WeatherToronto_ETL' retrieved from /opt/airflow/dags/Shi_HW 3.py
[2026-09-12T22:02:29.348+0000] {logging_mixin.py:190} INFO - [2026-09-12T22:02:29.347+0000] {dag.py:3229} INFO - Sync 1 DAGs
[2026-09-12T22:02:29.360+0000] {logging_mixin.py:190} INFO - [2026-09-12T22:02:29.360+0000] {dag.py:4156} INFO - Setting next_dagrun for WeatherToronto_ETL to 2026-09-12 18:00:00+00:00, run_after=2026-09-13 18:00:00+00:00
[2026-09-12T22:02:29.366+0000] {processor.py:208} INFO - Processing /opt/airflow/dags/Shi_HW 3.py took 0.070 seconds
[2026-09-12T22:02:59.684+0000] {processor.py:186} INFO - Started process (PID=9637) to work on /opt/airflow/dags/Shi_HW 3.py
[2026-09-12T22:02:59.688+0000] {processor.py:914} INFO - Processing file /opt/airflow/dags/Shi_HW 3.py for tasks to queue
[2026-09-12T22:02:59.689+0000] {logging_mixin.py:190} INFO - [2026-09-12T22:02:59.689+0000] {dagbag.py:587} INFO - Filling up the DagBag from /opt/airflow/dags/Shi_HW 3.py
[2026-09-12T22:02:59.712+0000] {processor.py:925} INFO - DAG(s) 'WeatherToronto_ETL' retrieved from /opt/airflow/dags/Shi_HW 3.py
[2026-09-12T22:02:59.724+0000] {logging_mixin.py:190} INFO - [2026-09-12T22:02:59.723+0000] {dag.py:3229} INFO - Sync 1 DAGs
[2026-09-12T22:02:59.735+0000] {logging_mixin.py:190} INFO - [2026-09-12T22:02:59.735+0000] {dag.py:4156} INFO - Setting next_dagrun for WeatherToronto_ETL to 2026-09-12 18:00:00+00:00, run_after=2026-09-13 18:00:00+00:00
[2026-09-12T22:02:59.742+0000] {processor.py:208} INFO - Processing /opt/airflow/dags/Shi_HW 3.py took 0.066 seconds
[2026-09-12T22:03:30.140+0000] {processor.py:186} INFO - Started process (PID=9648) to work on /opt/airflow/dags/Shi_HW 3.py
[2026-09-12T22:03:30.145+0000] {processor.py:914} INFO - Processing file /opt/airflow/dags/Shi_HW 3.py for tasks to queue
[2026-09-12T22:03:30.146+0000] {logging_mixin.py:190} INFO - [2026-09-12T22:03:30.146+0000] {dagbag.py:587} INFO - Filling up the DagBag from /opt/airflow/dags/Shi_HW 3.py
[2026-09-12T22:03:30.171+0000] {processor.py:925} INFO - DAG(s) 'WeatherToronto_ETL' retrieved from /opt/airflow/dags/Shi_HW 3.py
[2026-09-12T22:03:30.183+0000] {logging_mixin.py:190} INFO - [2026-09-12T22:03:30.182+0000] {dag.py:3229} INFO - Sync 1 DAGs
[2026-09-12T22:03:30.195+0000] {logging_mixin.py:190} INFO - [2026-09-12T22:03:30.194+0000] {dag.py:4156} INFO - Setting next_dagrun for WeatherToronto_ETL to 2026-09-12 18:00:00+00:00, run_after=2026-09-13 18:00:00+00:00
[2026-09-12T22:03:30.201+0000] {processor.py:208} INFO - Processing /opt/airflow/dags/Shi_HW 3.py took 0.067 seconds
[2026-09-12T22:04:00.688+0000] {processor.py:186} INFO - Started process (PID=9659) to work on /opt/airflow/dags/Shi_HW 3.py
[2026-09-12T22:04:00.692+0000] {processor.py:914} INFO - Processing file /opt/airflow/dags/Shi_HW 3.py for tasks to queue
[2026-09-12T22:04:00.694+0000] {logging_mixin.py:190} INFO - [2026-09-12T22:04:00.693+0000] {dagbag.py:587} INFO - Filling up the DagBag from /opt/airflow/dags/Shi_HW 3.py
[2026-09-12T22:04:00.731+0000] {processor.py:925} INFO - DAG(s) 'WeatherToronto_ETL' retrieved from /opt/airflow/dags/Shi_HW 3.py
[2026-09-12T22:04:00.749+0000] {logging_mixin.py:190} INFO - [2026-09-12T22:04:00.747+0000] {dag.py:3229} INFO - Sync 1 DAGs
[2026-09-12T22:04:00.764+0000] {logging_mixin.py:190} INFO - [2026-09-12T22:04:00.764+0000] {dag.py:4156} INFO - Setting next_dagrun for WeatherToronto_ETL to 2026-09-12 18:00:00+00:00, run_after=2026-09-13 18:00:00+00:00
[2026-09-12T22:04:00.774+0000] {processor.py:208} INFO - Processing /opt/airflow/dags/Shi_HW 3.py took 0.098 seconds
[2026-09-12T22:04:31.096+0000] {processor.py:186} INFO - Started process (PID=9670) to work on /opt/airflow/dags/Shi_HW 3.py
[2026-09-12T22:04:31.101+0000] {processor.py:914} INFO - Processing file /opt/airflow/dags/Shi_HW 3.py for tasks to queue
[2026-09-12T22:04:31.102+0000] {logging_mixin.py:190} INFO - [2026-09-12T22:04:31.102+0000] {dagbag.py:587} INFO - Filling up the DagBag from /opt/airflow/dags/Shi_HW 3.py
[2026-09-12T22:04:31.122+0000] {processor.py:925} INFO - DAG(s) 'WeatherToronto_ETL' retrieved from /opt/airflow/dags/Shi_HW 3.py
[2026-09-12T22:04:31.131+0000] {logging_mixin.py:190} INFO - [2026-09-12T22:04:31.130+0000] {dag.py:3229} INFO - Sync 1 DAGs
[2026-09-12T22:04:31.141+0000] {logging_mixin.py:190} INFO - [2026-09-12T22:04:31.141+0000] {dag.py:4156} INFO - Setting next_dagrun for WeatherToronto_ETL to 2026-09-12 18:00:00+00:00, run_after=2026-09-13 18:00:00+00:00
[2026-09-12T22:04:31.149+0000] {processor.py:208} INFO - Processing /opt/airflow/dags/Shi_HW 3.py took 0.061 seconds
[2026-09-12T22:05:01.595+0000] {processor.py:186} INFO - Started process (PID=9681) to work on /opt/airflow/dags/Shi_HW 3.py
[2026-09-12T22:05:01.598+0000] {processor.py:914} INFO - Processing file /opt/airflow/dags/Shi_HW 3.py for tasks to queue
[2026-09-12T22:05:01.600+0000] {logging_mixin.py:190} INFO - [2026-09-12T22:05:01.599+0000] {dagbag.py:587} INFO - Filling up the DagBag from /opt/airflow/dags/Shi_HW 3.py
[2026-09-12T22:05:01.625+0000] {processor.py:925} INFO - DAG(s) 'WeatherToronto_ETL' retrieved from /opt/airflow/dags/Shi_HW 3.py
[2026-09-12T22:05:01.638+0000] {logging_mixin.py:190} INFO - [2026-09-12T22:05:01.637+0000] {dag.py:3229} INFO - Sync 1 DAGs
[2026-09-12T22:05:01.650+0000] {logging_mixin.py:190} INFO - [2026-09-12T22:05:01.650+0000] {dag.py:4156} INFO - Setting next_dagrun for WeatherToronto_ETL to 2026-09-12 18:00:00+00:00, run_after=2026-09-13 18:00:00+00:00
[2026-09-12T22:05:01.658+0000] {processor.py:208} INFO - Processing /opt/airflow/dags/Shi_HW 3.py took 0.071 seconds
[2026-09-12T22:05:32.004+0000] {processor.py:186} INFO - Started process (PID=9692) to work on /opt/airflow/dags/Shi_HW 3.py
[2026-09-12T22:05:32.008+0000] {processor.py:914} INFO - Processing file /opt/airflow/dags/Shi_HW 3.py for tasks to queue
[2026-09-12T22:05:32.010+0000] {logging_mixin.py:190} INFO - [2026-09-12T22:05:32.009+0000] {dagbag.py:587} INFO - Filling up the DagBag from /opt/airflow/dags/Shi_HW 3.py
[2026-09-12T22:05:32.035+0000] {processor.py:925} INFO - DAG(s) 'WeatherToronto_ETL' retrieved from /opt/airflow/dags/Shi_HW 3.py
[2026-09-12T22:05:32.045+0000] {logging_mixin.py:190} INFO - [2026-09-12T22:05:32.044+0000] {dag.py:3229} INFO - Sync 1 DAGs
[2026-09-12T22:05:32.057+0000] {logging_mixin.py:190} INFO - [2026-09-12T22:05:32.057+0000] {dag.py:4156} INFO - Setting next_dagrun for WeatherToronto_ETL to 2026-09-12 18:00:00+00:00, run_after=2026-09-13 18:00:00+00:00
[2026-09-12T22:05:32.065+0000] {processor.py:208} INFO - Processing /opt/airflow/dags/Shi_HW 3.py took 0.071 seconds
[2026-09-12T22:06:02.465+0000] {processor.py:186} INFO - Started process (PID=9703) to work on /opt/airflow/dags/Shi_HW 3.py
[2026-09-12T22:06:02.468+0000] {processor.py:914} INFO - Processing file /opt/airflow/dags/Shi_HW 3.py for tasks to queue
[2026-09-12T22:06:02.470+0000] {logging_mixin.py:190} INFO - [2026-09-12T22:06:02.469+0000] {dagbag.py:587} INFO - Filling up the DagBag from /opt/airflow/dags/Shi_HW 3.py
[2026-09-12T22:06:02.517+0000] {processor.py:925} INFO - DAG(s) 'WeatherToronto_ETL' retrieved from /opt/airflow/dags/Shi_HW 3.py
[2026-09-12T22:06:02.542+0000] {logging_mixin.py:190} INFO - [2026-09-12T22:06:02.541+0000] {dag.py:3229} INFO - Sync 1 DAGs
[2026-09-12T22:06:02.564+0000] {logging_mixin.py:190} INFO - [2026-09-12T22:06:02.564+0000] {dag.py:4156} INFO - Setting next_dagrun for WeatherToronto_ETL to 2026-09-12 18:00:00+00:00, run_after=2026-09-13 18:00:00+00:00
[2026-09-12T22:06:02.574+0000] {processor.py:208} INFO - Processing /opt/airflow/dags/Shi_HW 3.py took 0.120 seconds
[2026-09-12T22:06:32.868+0000] {processor.py:186} INFO - Started process (PID=9714) to work on /opt/airflow/dags/Shi_HW 3.py
[2026-09-12T22:06:32.872+0000] {processor.py:914} INFO - Processing file /opt/airflow/dags/Shi_HW 3.py for tasks to queue
[2026-09-12T22:06:32.873+0000] {logging_mixin.py:190} INFO - [2026-09-12T22:06:32.873+0000] {dagbag.py:587} INFO - Filling up the DagBag from /opt/airflow/dags/Shi_HW 3.py
[2026-09-12T22:06:32.896+0000] {processor.py:925} INFO - DAG(s) 'WeatherToronto_ETL' retrieved from /opt/airflow/dags/Shi_HW 3.py
[2026-09-12T22:06:32.906+0000] {logging_mixin.py:190} INFO - [2026-09-12T22:06:32.906+0000] {dag.py:3229} INFO - Sync 1 DAGs
[2026-09-12T22:06:32.918+0000] {logging_mixin.py:190} INFO - [2026-09-12T22:06:32.917+0000] {dag.py:4156} INFO - Setting next_dagrun for WeatherToronto_ETL to 2026-09-12 18:00:00+00:00, run_after=2026-09-13 18:00:00+00:00
[2026-09-12T22:06:32.925+0000] {processor.py:208} INFO - Processing /opt/airflow/dags/Shi_HW 3.py took 0.067 seconds
[2026-09-12T22:07:03.328+0000] {processor.py:186} INFO - Started process (PID=9725) to work on /opt/airflow/dags/Shi_HW 3.py
[2026-09-12T22:07:03.332+0000] {processor.py:914} INFO - Processing file /opt/airflow/dags/Shi_HW 3.py for tasks to queue
[2026-09-12T22:07:03.333+0000] {logging_mixin.py:190} INFO - [2026-09-12T22:07:03.333+0000] {dagbag.py:587} INFO - Filling up the DagBag from /opt/airflow/dags/Shi_HW 3.py
[2026-09-12T22:07:03.358+0000] {processor.py:925} INFO - DAG(s) 'WeatherToronto_ETL' retrieved from /opt/airflow/dags/Shi_HW 3.py
[2026-09-12T22:07:03.371+0000] {logging_mixin.py:190} INFO - [2026-09-12T22:07:03.369+0000] {dag.py:3229} INFO - Sync 1 DAGs
[2026-09-12T22:07:03.383+0000] {logging_mixin.py:190} INFO - [2026-09-12T22:07:03.383+0000] {dag.py:4156} INFO - Setting next_dagrun for WeatherToronto_ETL to 2026-09-12 18:00:00+00:00, run_after=2026-09-13 18:00:00+00:00
[2026-09-12T22:07:03.390+0000] {processor.py:208} INFO - Processing /opt/airflow/dags/Shi_HW 3.py took 0.070 seconds
[2026-09-12T22:07:33.824+0000] {processor.py:186} INFO - Started process (PID=9736) to work on /opt/airflow/dags/Shi_HW 3.py
[2026-09-12T22:07:33.827+0000] {processor.py:914} INFO - Processing file /opt/airflow/dags/Shi_HW 3.py for tasks to queue
[2026-09-12T22:07:33.829+0000] {logging_mixin.py:190} INFO - [2026-09-12T22:07:33.828+0000] {dagbag.py:587} INFO - Filling up the DagBag from /opt/airflow/dags/Shi_HW 3.py
[2026-09-12T22:07:33.859+0000] {processor.py:925} INFO - DAG(s) 'WeatherToronto_ETL' retrieved from /opt/airflow/dags/Shi_HW 3.py
[2026-09-12T22:07:33.873+0000] {logging_mixin.py:190} INFO - [2026-09-12T22:07:33.872+0000] {dag.py:3229} INFO - Sync 1 DAGs
[2026-09-12T22:07:33.891+0000] {logging_mixin.py:190} INFO - [2026-09-12T22:07:33.891+0000] {dag.py:4156} INFO - Setting next_dagrun for WeatherToronto_ETL to 2026-09-12 18:00:00+00:00, run_after=2026-09-13 18:00:00+00:00
[2026-09-12T22:07:33.899+0000] {processor.py:208} INFO - Processing /opt/airflow/dags/Shi_HW 3.py took 0.087 seconds
[2026-09-12T22:08:04.278+0000] {processor.py:186} INFO - Started process (PID=9747) to work on /opt/airflow/dags/Shi_HW 3.py
[2026-09-12T22:08:04.281+0000] {processor.py:914} INFO - Processing file /opt/airflow/dags/Shi_HW 3.py for tasks to queue
[2026-09-12T22:08:04.282+0000] {logging_mixin.py:190} INFO - [2026-09-12T22:08:04.282+0000] {dagbag.py:587} INFO - Filling up the DagBag from /opt/airflow/dags/Shi_HW 3.py
[2026-09-12T22:08:04.309+0000] {processor.py:925} INFO - DAG(s) 'WeatherToronto_ETL' retrieved from /opt/airflow/dags/Shi_HW 3.py
[2026-09-12T22:08:04.323+0000] {logging_mixin.py:190} INFO - [2026-09-12T22:08:04.321+0000] {dag.py:3229} INFO - Sync 1 DAGs
[2026-09-12T22:08:04.336+0000] {logging_mixin.py:190} INFO - [2026-09-12T22:08:04.336+0000] {dag.py:4156} INFO - Setting next_dagrun for WeatherToronto_ETL to 2026-09-12 18:00:00+00:00, run_after=2026-09-13 18:00:00+00:00
[2026-09-12T22:08:04.343+0000] {processor.py:208} INFO - Processing /opt/airflow/dags/Shi_HW 3.py took 0.074 seconds
[2026-09-12T22:08:34.685+0000] {processor.py:186} INFO - Started process (PID=9758) to work on /opt/airflow/dags/Shi_HW 3.py
[2026-09-12T22:08:34.689+0000] {processor.py:914} INFO - Processing file /opt/airflow/dags/Shi_HW 3.py for tasks to queue
[2026-09-12T22:08:34.690+0000] {logging_mixin.py:190} INFO - [2026-09-12T22:08:34.689+0000] {dagbag.py:587} INFO - Filling up the DagBag from /opt/airflow/dags/Shi_HW 3.py
[2026-09-12T22:08:34.711+0000] {processor.py:925} INFO - DAG(s) 'WeatherToronto_ETL' retrieved from /opt/airflow/dags/Shi_HW 3.py
[2026-09-12T22:08:34.722+0000] {logging_mixin.py:190} INFO - [2026-09-12T22:08:34.721+0000] {dag.py:3229} INFO - Sync 1 DAGs
[2026-09-12T22:08:34.739+0000] {logging_mixin.py:190} INFO - [2026-09-12T22:08:34.739+0000] {dag.py:4156} INFO - Setting next_dagrun for WeatherToronto_ETL to 2026-09-12 18:00:00+00:00, run_after=2026-09-13 18:00:00+00:00
[2026-09-12T22:08:34.747+0000] {processor.py:208} INFO - Processing /opt/airflow/dags/Shi_HW 3.py took 0.068 seconds
[2026-09-12T22:09:05.110+0000] {processor.py:186} INFO - Started process (PID=9768) to work on /opt/airflow/dags/Shi_HW 3.py
[2026-09-12T22:09:05.113+0000] {processor.py:914} INFO - Processing file /opt/airflow/dags/Shi_HW 3.py for tasks to queue
[2026-09-12T22:09:05.114+0000] {logging_mixin.py:190} INFO - [2026-09-12T22:09:05.113+0000] {dagbag.py:587} INFO - Filling up the DagBag from /opt/airflow/dags/Shi_HW 3.py
[2026-09-12T22:09:05.137+0000] {processor.py:925} INFO - DAG(s) 'WeatherToronto_ETL' retrieved from /opt/airflow/dags/Shi_HW 3.py
[2026-09-12T22:09:05.153+0000] {logging_mixin.py:190} INFO - [2026-09-12T22:09:05.152+0000] {dag.py:3229} INFO - Sync 1 DAGs
[2026-09-12T22:09:05.169+0000] {logging_mixin.py:190} INFO - [2026-09-12T22:09:05.169+0000] {dag.py:4156} INFO - Setting next_dagrun for WeatherToronto_ETL to 2026-09-12 18:00:00+00:00, run_after=2026-09-13 18:00:00+00:00
[2026-09-12T22:09:05.179+0000] {processor.py:208} INFO - Processing /opt/airflow/dags/Shi_HW 3.py took 0.073 seconds
[2026-09-12T22:09:35.497+0000] {processor.py:186} INFO - Started process (PID=9779) to work on /opt/airflow/dags/Shi_HW 3.py
[2026-09-12T22:09:35.502+0000] {processor.py:914} INFO - Processing file /opt/airflow/dags/Shi_HW 3.py for tasks to queue
[2026-09-12T22:09:35.503+0000] {logging_mixin.py:190} INFO - [2026-09-12T22:09:35.503+0000] {dagbag.py:587} INFO - Filling up the DagBag from /opt/airflow/dags/Shi_HW 3.py
[2026-09-12T22:09:35.527+0000] {processor.py:925} INFO - DAG(s) 'WeatherToronto_ETL' retrieved from /opt/airflow/dags/Shi_HW 3.py
[2026-09-12T22:09:35.536+0000] {logging_mixin.py:190} INFO - [2026-09-12T22:09:35.535+0000] {dag.py:3229} INFO - Sync 1 DAGs
[2026-09-12T22:09:35.548+0000] {logging_mixin.py:190} INFO - [2026-09-12T22:09:35.548+0000] {dag.py:4156} INFO - Setting next_dagrun for WeatherToronto_ETL to 2026-09-12 18:00:00+00:00, run_after=2026-09-13 18:00:00+00:00
[2026-09-12T22:09:35.554+0000] {processor.py:208} INFO - Processing /opt/airflow/dags/Shi_HW 3.py took 0.063 seconds
[2026-09-12T22:10:05.997+0000] {processor.py:186} INFO - Started process (PID=9790) to work on /opt/airflow/dags/Shi_HW 3.py
[2026-09-12T22:10:06.002+0000] {processor.py:914} INFO - Processing file /opt/airflow/dags/Shi_HW 3.py for tasks to queue
[2026-09-12T22:10:06.003+0000] {logging_mixin.py:190} INFO - [2026-09-12T22:10:06.002+0000] {dagbag.py:587} INFO - Filling up the DagBag from /opt/airflow/dags/Shi_HW 3.py
[2026-09-12T22:10:06.030+0000] {processor.py:925} INFO - DAG(s) 'WeatherToronto_ETL' retrieved from /opt/airflow/dags/Shi_HW 3.py
[2026-09-12T22:10:06.044+0000] {logging_mixin.py:190} INFO - [2026-09-12T22:10:06.043+0000] {dag.py:3229} INFO - Sync 1 DAGs
[2026-09-12T22:10:06.062+0000] {logging_mixin.py:190} INFO - [2026-09-12T22:10:06.062+0000] {dag.py:4156} INFO - Setting next_dagrun for WeatherToronto_ETL to 2026-09-12 18:00:00+00:00, run_after=2026-09-13 18:00:00+00:00
[2026-09-12T22:10:06.071+0000] {processor.py:208} INFO - Processing /opt/airflow/dags/Shi_HW 3.py took 0.083 seconds
[2026-09-12T22:10:36.407+0000] {processor.py:186} INFO - Started process (PID=9801) to work on /opt/airflow/dags/Shi_HW 3.py
[2026-09-12T22:10:36.412+0000] {processor.py:914} INFO - Processing file /opt/airflow/dags/Shi_HW 3.py for tasks to queue
[2026-09-12T22:10:36.413+0000] {logging_mixin.py:190} INFO - [2026-09-12T22:10:36.412+0000] {dagbag.py:587} INFO - Filling up the DagBag from /opt/airflow/dags/Shi_HW 3.py
[2026-09-12T22:10:36.433+0000] {processor.py:925} INFO - DAG(s) 'WeatherToronto_ETL' retrieved from /opt/airflow/dags/Shi_HW 3.py
[2026-09-12T22:10:36.442+0000] {logging_mixin.py:190} INFO - [2026-09-12T22:10:36.441+0000] {dag.py:3229} INFO - Sync 1 DAGs
[2026-09-12T22:10:36.453+0000] {logging_mixin.py:190} INFO - [2026-09-12T22:10:36.453+0000] {dag.py:4156} INFO - Setting next_dagrun for WeatherToronto_ETL to 2026-09-12 18:00:00+00:00, run_after=2026-09-13 18:00:00+00:00
[2026-09-12T22:10:36.459+0000] {processor.py:208} INFO - Processing /opt/airflow/dags/Shi_HW 3.py took 0.057 seconds
[2026-09-12T22:11:06.949+0000] {processor.py:186} INFO - Started process (PID=9812) to work on /opt/airflow/dags/Shi_HW 3.py
[2026-09-12T22:11:06.953+0000] {processor.py:914} INFO - Processing file /opt/airflow/dags/Shi_HW 3.py for tasks to queue
[2026-09-12T22:11:06.955+0000] {logging_mixin.py:190} INFO - [2026-09-12T22:11:06.954+0000] {dagbag.py:587} INFO - Filling up the DagBag from /opt/airflow/dags/Shi_HW 3.py
[2026-09-12T22:11:06.985+0000] {processor.py:925} INFO - DAG(s) 'WeatherToronto_ETL' retrieved from /opt/airflow/dags/Shi_HW 3.py
[2026-09-12T22:11:07.002+0000] {logging_mixin.py:190} INFO - [2026-09-12T22:11:07.000+0000] {dag.py:3229} INFO - Sync 1 DAGs
[2026-09-12T22:11:07.021+0000] {logging_mixin.py:190} INFO - [2026-09-12T22:11:07.021+0000] {dag.py:4156} INFO - Setting next_dagrun for WeatherToronto_ETL to 2026-09-12 18:00:00+00:00, run_after=2026-09-13 18:00:00+00:00
[2026-09-12T22:11:07.029+0000] {processor.py:208} INFO - Processing /opt/airflow/dags/Shi_HW 3.py took 0.090 seconds
[2026-09-12T22:11:37.283+0000] {processor.py:186} INFO - Started process (PID=9823) to work on /opt/airflow/dags/Shi_HW 3.py
[2026-09-12T22:11:37.287+0000] {processor.py:914} INFO - Processing file /opt/airflow/dags/Shi_HW 3.py for tasks to queue
[2026-09-12T22:11:37.288+0000] {logging_mixin.py:190} INFO - [2026-09-12T22:11:37.288+0000] {dagbag.py:587} INFO - Filling up the DagBag from /opt/airflow/dags/Shi_HW 3.py
[2026-09-12T22:11:37.307+0000] {processor.py:925} INFO - DAG(s) 'WeatherToronto_ETL' retrieved from /opt/airflow/dags/Shi_HW 3.py
[2026-09-12T22:11:37.317+0000] {logging_mixin.py:190} INFO - [2026-09-12T22:11:37.316+0000] {dag.py:3229} INFO - Sync 1 DAGs
[2026-09-12T22:11:37.329+0000] {logging_mixin.py:190} INFO - [2026-09-12T22:11:37.329+0000] {dag.py:4156} INFO - Setting next_dagrun for WeatherToronto_ETL to 2026-09-12 18:00:00+00:00, run_after=2026-09-13 18:00:00+00:00
[2026-09-12T22:11:37.337+0000] {processor.py:208} INFO - Processing /opt/airflow/dags/Shi_HW 3.py took 0.061 seconds
[2026-09-12T22:12:07.745+0000] {processor.py:186} INFO - Started process (PID=9834) to work on /opt/airflow/dags/Shi_HW 3.py
[2026-09-12T22:12:07.749+0000] {processor.py:914} INFO - Processing file /opt/airflow/dags/Shi_HW 3.py for tasks to queue
[2026-09-12T22:12:07.750+0000] {logging_mixin.py:190} INFO - [2026-09-12T22:12:07.750+0000] {dagbag.py:587} INFO - Filling up the DagBag from /opt/airflow/dags/Shi_HW 3.py
[2026-09-12T22:12:07.778+0000] {processor.py:925} INFO - DAG(s) 'WeatherToronto_ETL' retrieved from /opt/airflow/dags/Shi_HW 3.py
[2026-09-12T22:12:07.793+0000] {logging_mixin.py:190} INFO - [2026-09-12T22:12:07.792+0000] {dag.py:3229} INFO - Sync 1 DAGs
[2026-09-12T22:12:07.807+0000] {logging_mixin.py:190} INFO - [2026-09-12T22:12:07.807+0000] {dag.py:4156} INFO - Setting next_dagrun for WeatherToronto_ETL to 2026-09-12 18:00:00+00:00, run_after=2026-09-13 18:00:00+00:00
[2026-09-12T22:12:07.814+0000] {processor.py:208} INFO - Processing /opt/airflow/dags/Shi_HW 3.py took 0.078 seconds
[2026-09-12T22:12:38.115+0000] {processor.py:186} INFO - Started process (PID=9845) to work on /opt/airflow/dags/Shi_HW 3.py
[2026-09-12T22:12:38.119+0000] {processor.py:914} INFO - Processing file /opt/airflow/dags/Shi_HW 3.py for tasks to queue
[2026-09-12T22:12:38.120+0000] {logging_mixin.py:190} INFO - [2026-09-12T22:12:38.120+0000] {dagbag.py:587} INFO - Filling up the DagBag from /opt/airflow/dags/Shi_HW 3.py
[2026-09-12T22:12:38.146+0000] {processor.py:925} INFO - DAG(s) 'WeatherToronto_ETL' retrieved from /opt/airflow/dags/Shi_HW 3.py
[2026-09-12T22:12:38.159+0000] {logging_mixin.py:190} INFO - [2026-09-12T22:12:38.158+0000] {dag.py:3229} INFO - Sync 1 DAGs
[2026-09-12T22:12:38.170+0000] {logging_mixin.py:190} INFO - [2026-09-12T22:12:38.170+0000] {dag.py:4156} INFO - Setting next_dagrun for WeatherToronto_ETL to 2026-09-12 18:00:00+00:00, run_after=2026-09-13 18:00:00+00:00
[2026-09-12T22:12:38.176+0000] {processor.py:208} INFO - Processing /opt/airflow/dags/Shi_HW 3.py took 0.068 seconds
[2026-09-12T22:13:08.589+0000] {processor.py:186} INFO - Started process (PID=9856) to work on /opt/airflow/dags/Shi_HW 3.py
[2026-09-12T22:13:08.594+0000] {processor.py:914} INFO - Processing file /opt/airflow/dags/Shi_HW 3.py for tasks to queue
[2026-09-12T22:13:08.594+0000] {logging_mixin.py:190} INFO - [2026-09-12T22:13:08.594+0000] {dagbag.py:587} INFO - Filling up the DagBag from /opt/airflow/dags/Shi_HW 3.py
[2026-09-12T22:13:08.616+0000] {processor.py:925} INFO - DAG(s) 'WeatherToronto_ETL' retrieved from /opt/airflow/dags/Shi_HW 3.py
[2026-09-12T22:13:08.625+0000] {logging_mixin.py:190} INFO - [2026-09-12T22:13:08.625+0000] {dag.py:3229} INFO - Sync 1 DAGs
[2026-09-12T22:13:08.642+0000] {logging_mixin.py:190} INFO - [2026-09-12T22:13:08.642+0000] {dag.py:4156} INFO - Setting next_dagrun for WeatherToronto_ETL to 2026-09-12 18:00:00+00:00, run_after=2026-09-13 18:00:00+00:00
[2026-09-12T22:13:08.650+0000] {processor.py:208} INFO - Processing /opt/airflow/dags/Shi_HW 3.py took 0.067 seconds
[2026-09-12T22:13:39.057+0000] {processor.py:186} INFO - Started process (PID=9867) to work on /opt/airflow/dags/Shi_HW 3.py
[2026-09-12T22:13:39.061+0000] {processor.py:914} INFO - Processing file /opt/airflow/dags/Shi_HW 3.py for tasks to queue
[2026-09-12T22:13:39.062+0000] {logging_mixin.py:190} INFO - [2026-09-12T22:13:39.062+0000] {dagbag.py:587} INFO - Filling up the DagBag from /opt/airflow/dags/Shi_HW 3.py
[2026-09-12T22:13:39.097+0000] {processor.py:925} INFO - DAG(s) 'WeatherToronto_ETL' retrieved from /opt/airflow/dags/Shi_HW 3.py
[2026-09-12T22:13:39.112+0000] {logging_mixin.py:190} INFO - [2026-09-12T22:13:39.110+0000] {dag.py:3229} INFO - Sync 1 DAGs
[2026-09-12T22:13:39.128+0000] {logging_mixin.py:190} INFO - [2026-09-12T22:13:39.127+0000] {dag.py:4156} INFO - Setting next_dagrun for WeatherToronto_ETL to 2026-09-12 18:00:00+00:00, run_after=2026-09-13 18:00:00+00:00
[2026-09-12T22:13:39.139+0000] {processor.py:208} INFO - Processing /opt/airflow/dags/Shi_HW 3.py took 0.094 seconds
[2026-09-12T22:14:09.501+0000] {processor.py:186} INFO - Started process (PID=9878) to work on /opt/airflow/dags/Shi_HW 3.py
[2026-09-12T22:14:09.504+0000] {processor.py:914} INFO - Processing file /opt/airflow/dags/Shi_HW 3.py for tasks to queue
[2026-09-12T22:14:09.506+0000] {logging_mixin.py:190} INFO - [2026-09-12T22:14:09.505+0000] {dagbag.py:587} INFO - Filling up the DagBag from /opt/airflow/dags/Shi_HW 3.py
[2026-09-12T22:14:09.540+0000] {processor.py:925} INFO - DAG(s) 'WeatherToronto_ETL' retrieved from /opt/airflow/dags/Shi_HW 3.py
[2026-09-12T22:14:09.555+0000] {logging_mixin.py:190} INFO - [2026-09-12T22:14:09.554+0000] {dag.py:3229} INFO - Sync 1 DAGs
[2026-09-12T22:14:09.570+0000] {logging_mixin.py:190} INFO - [2026-09-12T22:14:09.570+0000] {dag.py:4156} INFO - Setting next_dagrun for WeatherToronto_ETL to 2026-09-12 18:00:00+00:00, run_after=2026-09-13 18:00:00+00:00
[2026-09-12T22:14:09.578+0000] {processor.py:208} INFO - Processing /opt/airflow/dags/Shi_HW 3.py took 0.085 seconds
[2026-09-12T22:14:39.896+0000] {processor.py:186} INFO - Started process (PID=9889) to work on /opt/airflow/dags/Shi_HW 3.py
[2026-09-12T22:14:39.899+0000] {processor.py:914} INFO - Processing file /opt/airflow/dags/Shi_HW 3.py for tasks to queue
[2026-09-12T22:14:39.900+0000] {logging_mixin.py:190} INFO - [2026-09-12T22:14:39.900+0000] {dagbag.py:587} INFO - Filling up the DagBag from /opt/airflow/dags/Shi_HW 3.py
[2026-09-12T22:14:39.918+0000] {processor.py:925} INFO - DAG(s) 'WeatherToronto_ETL' retrieved from /opt/airflow/dags/Shi_HW 3.py
[2026-09-12T22:14:39.928+0000] {logging_mixin.py:190} INFO - [2026-09-12T22:14:39.927+0000] {dag.py:3229} INFO - Sync 1 DAGs
[2026-09-12T22:14:39.939+0000] {logging_mixin.py:190} INFO - [2026-09-12T22:14:39.939+0000] {dag.py:4156} INFO - Setting next_dagrun for WeatherToronto_ETL to 2026-09-12 18:00:00+00:00, run_after=2026-09-13 18:00:00+00:00
[2026-09-12T22:14:39.945+0000] {processor.py:208} INFO - Processing /opt/airflow/dags/Shi_HW 3.py took 0.055 seconds
[2026-09-12T22:15:10.217+0000] {processor.py:186} INFO - Started process (PID=9906) to work on /opt/airflow/dags/Shi_HW 3.py
[2026-09-12T22:15:10.220+0000] {processor.py:914} INFO - Processing file /opt/airflow/dags/Shi_HW 3.py for tasks to queue
[2026-09-12T22:15:10.221+0000] {logging_mixin.py:190} INFO - [2026-09-12T22:15:10.221+0000] {dagbag.py:587} INFO - Filling up the DagBag from /opt/airflow/dags/Shi_HW 3.py
[2026-09-12T22:15:10.246+0000] {processor.py:925} INFO - DAG(s) 'WeatherToronto_ETL' retrieved from /opt/airflow/dags/Shi_HW 3.py
[2026-09-12T22:15:10.257+0000] {logging_mixin.py:190} INFO - [2026-09-12T22:15:10.256+0000] {dag.py:3229} INFO - Sync 1 DAGs
[2026-09-12T22:15:10.268+0000] {logging_mixin.py:190} INFO - [2026-09-12T22:15:10.268+0000] {dag.py:4156} INFO - Setting next_dagrun for WeatherToronto_ETL to 2026-09-12 18:00:00+00:00, run_after=2026-09-13 18:00:00+00:00
[2026-09-12T22:15:10.274+0000] {processor.py:208} INFO - Processing /opt/airflow/dags/Shi_HW 3.py took 0.066 seconds
[2026-09-12T22:15:40.670+0000] {processor.py:186} INFO - Started process (PID=9917) to work on /opt/airflow/dags/Shi_HW 3.py
[2026-09-12T22:15:40.675+0000] {processor.py:914} INFO - Processing file /opt/airflow/dags/Shi_HW 3.py for tasks to queue
[2026-09-12T22:15:40.677+0000] {logging_mixin.py:190} INFO - [2026-09-12T22:15:40.676+0000] {dagbag.py:587} INFO - Filling up the DagBag from /opt/airflow/dags/Shi_HW 3.py
[2026-09-12T22:15:40.697+0000] {processor.py:925} INFO - DAG(s) 'WeatherToronto_ETL' retrieved from /opt/airflow/dags/Shi_HW 3.py
[2026-09-12T22:15:40.709+0000] {logging_mixin.py:190} INFO - [2026-09-12T22:15:40.708+0000] {dag.py:3229} INFO - Sync 1 DAGs
[2026-09-12T22:15:40.722+0000] {logging_mixin.py:190} INFO - [2026-09-12T22:15:40.722+0000] {dag.py:4156} INFO - Setting next_dagrun for WeatherToronto_ETL to 2026-09-12 18:00:00+00:00, run_after=2026-09-13 18:00:00+00:00
[2026-09-12T22:15:40.729+0000] {processor.py:208} INFO - Processing /opt/airflow/dags/Shi_HW 3.py took 0.065 seconds
[2026-09-12T22:16:11.119+0000] {processor.py:186} INFO - Started process (PID=9928) to work on /opt/airflow/dags/Shi_HW 3.py
[2026-09-12T22:16:11.122+0000] {processor.py:914} INFO - Processing file /opt/airflow/dags/Shi_HW 3.py for tasks to queue
[2026-09-12T22:16:11.123+0000] {logging_mixin.py:190} INFO - [2026-09-12T22:16:11.122+0000] {dagbag.py:587} INFO - Filling up the DagBag from /opt/airflow/dags/Shi_HW 3.py
[2026-09-12T22:16:11.144+0000] {processor.py:925} INFO - DAG(s) 'WeatherToronto_ETL' retrieved from /opt/airflow/dags/Shi_HW 3.py
[2026-09-12T22:16:11.155+0000] {logging_mixin.py:190} INFO - [2026-09-12T22:16:11.154+0000] {dag.py:3229} INFO - Sync 1 DAGs
[2026-09-12T22:16:11.165+0000] {logging_mixin.py:190} INFO - [2026-09-12T22:16:11.165+0000] {dag.py:4156} INFO - Setting next_dagrun for WeatherToronto_ETL to 2026-09-12 18:00:00+00:00, run_after=2026-09-13 18:00:00+00:00
[2026-09-12T22:16:11.172+0000] {processor.py:208} INFO - Processing /opt/airflow/dags/Shi_HW 3.py took 0.060 seconds
[2026-09-12T22:16:41.570+0000] {processor.py:186} INFO - Started process (PID=9939) to work on /opt/airflow/dags/Shi_HW 3.py
[2026-09-12T22:16:41.575+0000] {processor.py:914} INFO - Processing file /opt/airflow/dags/Shi_HW 3.py for tasks to queue
[2026-09-12T22:16:41.576+0000] {logging_mixin.py:190} INFO - [2026-09-12T22:16:41.575+0000] {dagbag.py:587} INFO - Filling up the DagBag from /opt/airflow/dags/Shi_HW 3.py
[2026-09-12T22:16:41.594+0000] {processor.py:925} INFO - DAG(s) 'WeatherToronto_ETL' retrieved from /opt/airflow/dags/Shi_HW 3.py
[2026-09-12T22:16:41.604+0000] {logging_mixin.py:190} INFO - [2026-09-12T22:16:41.604+0000] {dag.py:3229} INFO - Sync 1 DAGs
[2026-09-12T22:16:41.615+0000] {logging_mixin.py:190} INFO - [2026-09-12T22:16:41.615+0000] {dag.py:4156} INFO - Setting next_dagrun for WeatherToronto_ETL to 2026-09-12 18:00:00+00:00, run_after=2026-09-13 18:00:00+00:00
[2026-09-12T22:16:41.622+0000] {processor.py:208} INFO - Processing /opt/airflow/dags/Shi_HW 3.py took 0.058 seconds
[2026-09-12T22:17:12.038+0000] {processor.py:186} INFO - Started process (PID=9950) to work on /opt/airflow/dags/Shi_HW 3.py
[2026-09-12T22:17:12.043+0000] {processor.py:914} INFO - Processing file /opt/airflow/dags/Shi_HW 3.py for tasks to queue
[2026-09-12T22:17:12.044+0000] {logging_mixin.py:190} INFO - [2026-09-12T22:17:12.044+0000] {dagbag.py:587} INFO - Filling up the DagBag from /opt/airflow/dags/Shi_HW 3.py
[2026-09-12T22:17:12.073+0000] {processor.py:925} INFO - DAG(s) 'WeatherToronto_ETL' retrieved from /opt/airflow/dags/Shi_HW 3.py
[2026-09-12T22:17:12.087+0000] {logging_mixin.py:190} INFO - [2026-09-12T22:17:12.086+0000] {dag.py:3229} INFO - Sync 1 DAGs
[2026-09-12T22:17:12.101+0000] {logging_mixin.py:190} INFO - [2026-09-12T22:17:12.101+0000] {dag.py:4156} INFO - Setting next_dagrun for WeatherToronto_ETL to 2026-09-12 18:00:00+00:00, run_after=2026-09-13 18:00:00+00:00
[2026-09-12T22:17:12.108+0000] {processor.py:208} INFO - Processing /opt/airflow/dags/Shi_HW 3.py took 0.078 seconds
[2026-09-12T22:17:42.456+0000] {processor.py:186} INFO - Started process (PID=9961) to work on /opt/airflow/dags/Shi_HW 3.py
[2026-09-12T22:17:42.461+0000] {processor.py:914} INFO - Processing file /opt/airflow/dags/Shi_HW 3.py for tasks to queue
[2026-09-12T22:17:42.461+0000] {logging_mixin.py:190} INFO - [2026-09-12T22:17:42.461+0000] {dagbag.py:587} INFO - Filling up the DagBag from /opt/airflow/dags/Shi_HW 3.py
[2026-09-12T22:17:42.480+0000] {processor.py:925} INFO - DAG(s) 'WeatherToronto_ETL' retrieved from /opt/airflow/dags/Shi_HW 3.py
[2026-09-12T22:17:42.490+0000] {logging_mixin.py:190} INFO - [2026-09-12T22:17:42.489+0000] {dag.py:3229} INFO - Sync 1 DAGs
[2026-09-12T22:17:42.502+0000] {logging_mixin.py:190} INFO - [2026-09-12T22:17:42.501+0000] {dag.py:4156} INFO - Setting next_dagrun for WeatherToronto_ETL to 2026-09-12 18:00:00+00:00, run_after=2026-09-13 18:00:00+00:00
[2026-09-12T22:17:42.508+0000] {processor.py:208} INFO - Processing /opt/airflow/dags/Shi_HW 3.py took 0.057 seconds
[2026-09-12T22:18:12.851+0000] {processor.py:186} INFO - Started process (PID=9972) to work on /opt/airflow/dags/Shi_HW 3.py
[2026-09-12T22:18:12.855+0000] {processor.py:914} INFO - Processing file /opt/airflow/dags/Shi_HW 3.py for tasks to queue
[2026-09-12T22:18:12.856+0000] {logging_mixin.py:190} INFO - [2026-09-12T22:18:12.856+0000] {dagbag.py:587} INFO - Filling up the DagBag from /opt/airflow/dags/Shi_HW 3.py
[2026-09-12T22:18:12.877+0000] {processor.py:925} INFO - DAG(s) 'WeatherToronto_ETL' retrieved from /opt/airflow/dags/Shi_HW 3.py
[2026-09-12T22:18:12.886+0000] {logging_mixin.py:190} INFO - [2026-09-12T22:18:12.886+0000] {dag.py:3229} INFO - Sync 1 DAGs
[2026-09-12T22:18:12.898+0000] {logging_mixin.py:190} INFO - [2026-09-12T22:18:12.898+0000] {dag.py:4156} INFO - Setting next_dagrun for WeatherToronto_ETL to 2026-09-12 18:00:00+00:00, run_after=2026-09-13 18:00:00+00:00
[2026-09-12T22:18:12.905+0000] {processor.py:208} INFO - Processing /opt/airflow/dags/Shi_HW 3.py took 0.063 seconds
[2026-09-12T22:18:43.293+0000] {processor.py:186} INFO - Started process (PID=9983) to work on /opt/airflow/dags/Shi_HW 3.py
[2026-09-12T22:18:43.297+0000] {processor.py:914} INFO - Processing file /opt/airflow/dags/Shi_HW 3.py for tasks to queue
[2026-09-12T22:18:43.299+0000] {logging_mixin.py:190} INFO - [2026-09-12T22:18:43.298+0000] {dagbag.py:587} INFO - Filling up the DagBag from /opt/airflow/dags/Shi_HW 3.py
[2026-09-12T22:18:43.330+0000] {processor.py:925} INFO - DAG(s) 'WeatherToronto_ETL' retrieved from /opt/airflow/dags/Shi_HW 3.py
[2026-09-12T22:18:43.346+0000] {logging_mixin.py:190} INFO - [2026-09-12T22:18:43.345+0000] {dag.py:3229} INFO - Sync 1 DAGs
[2026-09-12T22:18:43.359+0000] {logging_mixin.py:190} INFO - [2026-09-12T22:18:43.359+0000] {dag.py:4156} INFO - Setting next_dagrun for WeatherToronto_ETL to 2026-09-12 18:00:00+00:00, run_after=2026-09-13 18:00:00+00:00
[2026-09-12T22:18:43.368+0000] {processor.py:208} INFO - Processing /opt/airflow/dags/Shi_HW 3.py took 0.082 seconds
[2026-09-12T22:19:13.775+0000] {processor.py:186} INFO - Started process (PID=9994) to work on /opt/airflow/dags/Shi_HW 3.py
[2026-09-12T22:19:13.779+0000] {processor.py:914} INFO - Processing file /opt/airflow/dags/Shi_HW 3.py for tasks to queue
[2026-09-12T22:19:13.781+0000] {logging_mixin.py:190} INFO - [2026-09-12T22:19:13.780+0000] {dagbag.py:587} INFO - Filling up the DagBag from /opt/airflow/dags/Shi_HW 3.py
[2026-09-12T22:19:13.813+0000] {processor.py:925} INFO - DAG(s) 'WeatherToronto_ETL' retrieved from /opt/airflow/dags/Shi_HW 3.py
[2026-09-12T22:19:13.830+0000] {logging_mixin.py:190} INFO - [2026-09-12T22:19:13.828+0000] {dag.py:3229} INFO - Sync 1 DAGs
[2026-09-12T22:19:13.846+0000] {logging_mixin.py:190} INFO - [2026-09-12T22:19:13.845+0000] {dag.py:4156} INFO - Setting next_dagrun for WeatherToronto_ETL to 2026-09-12 18:00:00+00:00, run_after=2026-09-13 18:00:00+00:00
[2026-09-12T22:19:13.855+0000] {processor.py:208} INFO - Processing /opt/airflow/dags/Shi_HW 3.py took 0.088 seconds
[2026-09-12T22:19:44.306+0000] {processor.py:186} INFO - Started process (PID=10005) to work on /opt/airflow/dags/Shi_HW 3.py
[2026-09-12T22:19:44.310+0000] {processor.py:914} INFO - Processing file /opt/airflow/dags/Shi_HW 3.py for tasks to queue
[2026-09-12T22:19:44.312+0000] {logging_mixin.py:190} INFO - [2026-09-12T22:19:44.311+0000] {dagbag.py:587} INFO - Filling up the DagBag from /opt/airflow/dags/Shi_HW 3.py
[2026-09-12T22:19:44.342+0000] {processor.py:925} INFO - DAG(s) 'WeatherToronto_ETL' retrieved from /opt/airflow/dags/Shi_HW 3.py
[2026-09-12T22:19:44.358+0000] {logging_mixin.py:190} INFO - [2026-09-12T22:19:44.356+0000] {dag.py:3229} INFO - Sync 1 DAGs
[2026-09-12T22:19:44.373+0000] {logging_mixin.py:190} INFO - [2026-09-12T22:19:44.372+0000] {dag.py:4156} INFO - Setting next_dagrun for WeatherToronto_ETL to 2026-09-12 18:00:00+00:00, run_after=2026-09-13 18:00:00+00:00
[2026-09-12T22:19:44.380+0000] {processor.py:208} INFO - Processing /opt/airflow/dags/Shi_HW 3.py took 0.085 seconds
[2026-09-12T22:20:14.856+0000] {processor.py:186} INFO - Started process (PID=10016) to work on /opt/airflow/dags/Shi_HW 3.py
[2026-09-12T22:20:14.860+0000] {processor.py:914} INFO - Processing file /opt/airflow/dags/Shi_HW 3.py for tasks to queue
[2026-09-12T22:20:14.862+0000] {logging_mixin.py:190} INFO - [2026-09-12T22:20:14.861+0000] {dagbag.py:587} INFO - Filling up the DagBag from /opt/airflow/dags/Shi_HW 3.py
[2026-09-12T22:20:14.905+0000] {processor.py:925} INFO - DAG(s) 'WeatherToronto_ETL' retrieved from /opt/airflow/dags/Shi_HW 3.py
[2026-09-12T22:20:14.931+0000] {logging_mixin.py:190} INFO - [2026-09-12T22:20:14.929+0000] {dag.py:3229} INFO - Sync 1 DAGs
[2026-09-12T22:20:14.951+0000] {logging_mixin.py:190} INFO - [2026-09-12T22:20:14.951+0000] {dag.py:4156} INFO - Setting next_dagrun for WeatherToronto_ETL to 2026-09-12 18:00:00+00:00, run_after=2026-09-13 18:00:00+00:00
[2026-09-12T22:20:14.959+0000] {processor.py:208} INFO - Processing /opt/airflow/dags/Shi_HW 3.py took 0.124 seconds
[2026-09-12T22:20:45.311+0000] {processor.py:186} INFO - Started process (PID=10027) to work on /opt/airflow/dags/Shi_HW 3.py
[2026-09-12T22:20:45.317+0000] {processor.py:914} INFO - Processing file /opt/airflow/dags/Shi_HW 3.py for tasks to queue
[2026-09-12T22:20:45.317+0000] {logging_mixin.py:190} INFO - [2026-09-12T22:20:45.317+0000] {dagbag.py:587} INFO - Filling up the DagBag from /opt/airflow/dags/Shi_HW 3.py
[2026-09-12T22:20:45.337+0000] {processor.py:925} INFO - DAG(s) 'WeatherToronto_ETL' retrieved from /opt/airflow/dags/Shi_HW 3.py
[2026-09-12T22:20:45.346+0000] {logging_mixin.py:190} INFO - [2026-09-12T22:20:45.345+0000] {dag.py:3229} INFO - Sync 1 DAGs
[2026-09-12T22:20:45.356+0000] {logging_mixin.py:190} INFO - [2026-09-12T22:20:45.356+0000] {dag.py:4156} INFO - Setting next_dagrun for WeatherToronto_ETL to 2026-09-12 18:00:00+00:00, run_after=2026-09-13 18:00:00+00:00
[2026-09-12T22:20:45.362+0000] {processor.py:208} INFO - Processing /opt/airflow/dags/Shi_HW 3.py took 0.057 seconds
[2026-09-12T22:21:15.821+0000] {processor.py:186} INFO - Started process (PID=10038) to work on /opt/airflow/dags/Shi_HW 3.py
[2026-09-12T22:21:15.826+0000] {processor.py:914} INFO - Processing file /opt/airflow/dags/Shi_HW 3.py for tasks to queue
[2026-09-12T22:21:15.828+0000] {logging_mixin.py:190} INFO - [2026-09-12T22:21:15.827+0000] {dagbag.py:587} INFO - Filling up the DagBag from /opt/airflow/dags/Shi_HW 3.py
[2026-09-12T22:21:15.857+0000] {processor.py:925} INFO - DAG(s) 'WeatherToronto_ETL' retrieved from /opt/airflow/dags/Shi_HW 3.py
[2026-09-12T22:21:15.871+0000] {logging_mixin.py:190} INFO - [2026-09-12T22:21:15.869+0000] {dag.py:3229} INFO - Sync 1 DAGs
[2026-09-12T22:21:15.884+0000] {logging_mixin.py:190} INFO - [2026-09-12T22:21:15.884+0000] {dag.py:4156} INFO - Setting next_dagrun for WeatherToronto_ETL to 2026-09-12 18:00:00+00:00, run_after=2026-09-13 18:00:00+00:00
[2026-09-12T22:21:15.892+0000] {processor.py:208} INFO - Processing /opt/airflow/dags/Shi_HW 3.py took 0.079 seconds
[2026-09-12T22:21:46.346+0000] {processor.py:186} INFO - Started process (PID=10049) to work on /opt/airflow/dags/Shi_HW 3.py
[2026-09-12T22:21:46.349+0000] {processor.py:914} INFO - Processing file /opt/airflow/dags/Shi_HW 3.py for tasks to queue
[2026-09-12T22:21:46.350+0000] {logging_mixin.py:190} INFO - [2026-09-12T22:21:46.350+0000] {dagbag.py:587} INFO - Filling up the DagBag from /opt/airflow/dags/Shi_HW 3.py
[2026-09-12T22:21:46.366+0000] {processor.py:925} INFO - DAG(s) 'WeatherToronto_ETL' retrieved from /opt/airflow/dags/Shi_HW 3.py
[2026-09-12T22:21:46.376+0000] {logging_mixin.py:190} INFO - [2026-09-12T22:21:46.375+0000] {dag.py:3229} INFO - Sync 1 DAGs
[2026-09-12T22:21:46.388+0000] {logging_mixin.py:190} INFO - [2026-09-12T22:21:46.388+0000] {dag.py:4156} INFO - Setting next_dagrun for WeatherToronto_ETL to 2026-09-12 18:00:00+00:00, run_after=2026-09-13 18:00:00+00:00
[2026-09-12T22:21:46.396+0000] {processor.py:208} INFO - Processing /opt/airflow/dags/Shi_HW 3.py took 0.054 seconds
[2026-09-12T22:22:16.867+0000] {processor.py:186} INFO - Started process (PID=10060) to work on /opt/airflow/dags/Shi_HW 3.py
[2026-09-12T22:22:16.871+0000] {processor.py:914} INFO - Processing file /opt/airflow/dags/Shi_HW 3.py for tasks to queue
[2026-09-12T22:22:16.872+0000] {logging_mixin.py:190} INFO - [2026-09-12T22:22:16.872+0000] {dagbag.py:587} INFO - Filling up the DagBag from /opt/airflow/dags/Shi_HW 3.py
[2026-09-12T22:22:16.903+0000] {processor.py:925} INFO - DAG(s) 'WeatherToronto_ETL' retrieved from /opt/airflow/dags/Shi_HW 3.py
[2026-09-12T22:22:16.918+0000] {logging_mixin.py:190} INFO - [2026-09-12T22:22:16.916+0000] {dag.py:3229} INFO - Sync 1 DAGs
[2026-09-12T22:22:16.935+0000] {logging_mixin.py:190} INFO - [2026-09-12T22:22:16.935+0000] {dag.py:4156} INFO - Setting next_dagrun for WeatherToronto_ETL to 2026-09-12 18:00:00+00:00, run_after=2026-09-13 18:00:00+00:00
[2026-09-12T22:22:16.942+0000] {processor.py:208} INFO - Processing /opt/airflow/dags/Shi_HW 3.py took 0.086 seconds
[2026-09-12T22:22:47.339+0000] {processor.py:186} INFO - Started process (PID=10071) to work on /opt/airflow/dags/Shi_HW 3.py
[2026-09-12T22:22:47.342+0000] {processor.py:914} INFO - Processing file /opt/airflow/dags/Shi_HW 3.py for tasks to queue
[2026-09-12T22:22:47.343+0000] {logging_mixin.py:190} INFO - [2026-09-12T22:22:47.343+0000] {dagbag.py:587} INFO - Filling up the DagBag from /opt/airflow/dags/Shi_HW 3.py
[2026-09-12T22:22:47.365+0000] {processor.py:925} INFO - DAG(s) 'WeatherToronto_ETL' retrieved from /opt/airflow/dags/Shi_HW 3.py
[2026-09-12T22:22:47.376+0000] {logging_mixin.py:190} INFO - [2026-09-12T22:22:47.375+0000] {dag.py:3229} INFO - Sync 1 DAGs
[2026-09-12T22:22:47.389+0000] {logging_mixin.py:190} INFO - [2026-09-12T22:22:47.388+0000] {dag.py:4156} INFO - Setting next_dagrun for WeatherToronto_ETL to 2026-09-12 18:00:00+00:00, run_after=2026-09-13 18:00:00+00:00
[2026-09-12T22:22:47.397+0000] {processor.py:208} INFO - Processing /opt/airflow/dags/Shi_HW 3.py took 0.062 seconds
[2026-09-12T22:23:17.805+0000] {processor.py:186} INFO - Started process (PID=10082) to work on /opt/airflow/dags/Shi_HW 3.py
[2026-09-12T22:23:17.809+0000] {processor.py:914} INFO - Processing file /opt/airflow/dags/Shi_HW 3.py for tasks to queue
[2026-09-12T22:23:17.814+0000] {logging_mixin.py:190} INFO - [2026-09-12T22:23:17.811+0000] {dagbag.py:587} INFO - Filling up the DagBag from /opt/airflow/dags/Shi_HW 3.py
[2026-09-12T22:23:17.856+0000] {processor.py:925} INFO - DAG(s) 'WeatherToronto_ETL' retrieved from /opt/airflow/dags/Shi_HW 3.py
[2026-09-12T22:23:17.873+0000] {logging_mixin.py:190} INFO - [2026-09-12T22:23:17.871+0000] {dag.py:3229} INFO - Sync 1 DAGs
[2026-09-12T22:23:17.895+0000] {logging_mixin.py:190} INFO - [2026-09-12T22:23:17.895+0000] {dag.py:4156} INFO - Setting next_dagrun for WeatherToronto_ETL to 2026-09-12 18:00:00+00:00, run_after=2026-09-13 18:00:00+00:00
[2026-09-12T22:23:17.907+0000] {processor.py:208} INFO - Processing /opt/airflow/dags/Shi_HW 3.py took 0.111 seconds
[2026-09-12T22:23:48.272+0000] {processor.py:186} INFO - Started process (PID=10093) to work on /opt/airflow/dags/Shi_HW 3.py
[2026-09-12T22:23:48.276+0000] {processor.py:914} INFO - Processing file /opt/airflow/dags/Shi_HW 3.py for tasks to queue
[2026-09-12T22:23:48.277+0000] {logging_mixin.py:190} INFO - [2026-09-12T22:23:48.277+0000] {dagbag.py:587} INFO - Filling up the DagBag from /opt/airflow/dags/Shi_HW 3.py
[2026-09-12T22:23:48.299+0000] {processor.py:925} INFO - DAG(s) 'WeatherToronto_ETL' retrieved from /opt/airflow/dags/Shi_HW 3.py
[2026-09-12T22:23:48.309+0000] {logging_mixin.py:190} INFO - [2026-09-12T22:23:48.308+0000] {dag.py:3229} INFO - Sync 1 DAGs
[2026-09-12T22:23:48.321+0000] {logging_mixin.py:190} INFO - [2026-09-12T22:23:48.321+0000] {dag.py:4156} INFO - Setting next_dagrun for WeatherToronto_ETL to 2026-09-12 18:00:00+00:00, run_after=2026-09-13 18:00:00+00:00
[2026-09-12T22:23:48.329+0000] {processor.py:208} INFO - Processing /opt/airflow/dags/Shi_HW 3.py took 0.063 seconds
[2026-09-12T22:24:18.878+0000] {processor.py:186} INFO - Started process (PID=10104) to work on /opt/airflow/dags/Shi_HW 3.py
[2026-09-12T22:24:18.880+0000] {processor.py:914} INFO - Processing file /opt/airflow/dags/Shi_HW 3.py for tasks to queue
[2026-09-12T22:24:18.882+0000] {logging_mixin.py:190} INFO - [2026-09-12T22:24:18.881+0000] {dagbag.py:587} INFO - Filling up the DagBag from /opt/airflow/dags/Shi_HW 3.py
[2026-09-12T22:24:18.912+0000] {processor.py:925} INFO - DAG(s) 'WeatherToronto_ETL' retrieved from /opt/airflow/dags/Shi_HW 3.py
[2026-09-12T22:24:18.928+0000] {logging_mixin.py:190} INFO - [2026-09-12T22:24:18.926+0000] {dag.py:3229} INFO - Sync 1 DAGs
[2026-09-12T22:24:18.943+0000] {logging_mixin.py:190} INFO - [2026-09-12T22:24:18.942+0000] {dag.py:4156} INFO - Setting next_dagrun for WeatherToronto_ETL to 2026-09-12 18:00:00+00:00, run_after=2026-09-13 18:00:00+00:00
[2026-09-12T22:24:18.951+0000] {processor.py:208} INFO - Processing /opt/airflow/dags/Shi_HW 3.py took 0.080 seconds
[2026-09-12T22:24:49.291+0000] {processor.py:186} INFO - Started process (PID=10115) to work on /opt/airflow/dags/Shi_HW 3.py
[2026-09-12T22:24:49.296+0000] {processor.py:914} INFO - Processing file /opt/airflow/dags/Shi_HW 3.py for tasks to queue
[2026-09-12T22:24:49.297+0000] {logging_mixin.py:190} INFO - [2026-09-12T22:24:49.296+0000] {dagbag.py:587} INFO - Filling up the DagBag from /opt/airflow/dags/Shi_HW 3.py
[2026-09-12T22:24:49.316+0000] {processor.py:925} INFO - DAG(s) 'WeatherToronto_ETL' retrieved from /opt/airflow/dags/Shi_HW 3.py
[2026-09-12T22:24:49.325+0000] {logging_mixin.py:190} INFO - [2026-09-12T22:24:49.324+0000] {dag.py:3229} INFO - Sync 1 DAGs
[2026-09-12T22:24:49.336+0000] {logging_mixin.py:190} INFO - [2026-09-12T22:24:49.336+0000] {dag.py:4156} INFO - Setting next_dagrun for WeatherToronto_ETL to 2026-09-12 18:00:00+00:00, run_after=2026-09-13 18:00:00+00:00
[2026-09-12T22:24:49.342+0000] {processor.py:208} INFO - Processing /opt/airflow/dags/Shi_HW 3.py took 0.056 seconds
[2026-09-12T22:25:19.744+0000] {processor.py:186} INFO - Started process (PID=10126) to work on /opt/airflow/dags/Shi_HW 3.py
[2026-09-12T22:25:19.748+0000] {processor.py:914} INFO - Processing file /opt/airflow/dags/Shi_HW 3.py for tasks to queue
[2026-09-12T22:25:19.749+0000] {logging_mixin.py:190} INFO - [2026-09-12T22:25:19.749+0000] {dagbag.py:587} INFO - Filling up the DagBag from /opt/airflow/dags/Shi_HW 3.py
[2026-09-12T22:25:19.767+0000] {processor.py:925} INFO - DAG(s) 'WeatherToronto_ETL' retrieved from /opt/airflow/dags/Shi_HW 3.py
[2026-09-12T22:25:19.777+0000] {logging_mixin.py:190} INFO - [2026-09-12T22:25:19.776+0000] {dag.py:3229} INFO - Sync 1 DAGs
[2026-09-12T22:25:19.790+0000] {logging_mixin.py:190} INFO - [2026-09-12T22:25:19.790+0000] {dag.py:4156} INFO - Setting next_dagrun for WeatherToronto_ETL to 2026-09-12 18:00:00+00:00, run_after=2026-09-13 18:00:00+00:00
[2026-09-12T22:25:19.798+0000] {processor.py:208} INFO - Processing /opt/airflow/dags/Shi_HW 3.py took 0.060 seconds
[2026-09-12T22:25:50.114+0000] {processor.py:186} INFO - Started process (PID=10137) to work on /opt/airflow/dags/Shi_HW 3.py
[2026-09-12T22:25:50.117+0000] {processor.py:914} INFO - Processing file /opt/airflow/dags/Shi_HW 3.py for tasks to queue
[2026-09-12T22:25:50.119+0000] {logging_mixin.py:190} INFO - [2026-09-12T22:25:50.118+0000] {dagbag.py:587} INFO - Filling up the DagBag from /opt/airflow/dags/Shi_HW 3.py
[2026-09-12T22:25:50.139+0000] {processor.py:925} INFO - DAG(s) 'WeatherToronto_ETL' retrieved from /opt/airflow/dags/Shi_HW 3.py
[2026-09-12T22:25:50.149+0000] {logging_mixin.py:190} INFO - [2026-09-12T22:25:50.148+0000] {dag.py:3229} INFO - Sync 1 DAGs
[2026-09-12T22:25:50.160+0000] {logging_mixin.py:190} INFO - [2026-09-12T22:25:50.160+0000] {dag.py:4156} INFO - Setting next_dagrun for WeatherToronto_ETL to 2026-09-12 18:00:00+00:00, run_after=2026-09-13 18:00:00+00:00
[2026-09-12T22:25:50.166+0000] {processor.py:208} INFO - Processing /opt/airflow/dags/Shi_HW 3.py took 0.058 seconds
[2026-09-12T22:26:20.474+0000] {processor.py:186} INFO - Started process (PID=10148) to work on /opt/airflow/dags/Shi_HW 3.py
[2026-09-12T22:26:20.478+0000] {processor.py:914} INFO - Processing file /opt/airflow/dags/Shi_HW 3.py for tasks to queue
[2026-09-12T22:26:20.479+0000] {logging_mixin.py:190} INFO - [2026-09-12T22:26:20.479+0000] {dagbag.py:587} INFO - Filling up the DagBag from /opt/airflow/dags/Shi_HW 3.py
[2026-09-12T22:26:20.497+0000] {processor.py:925} INFO - DAG(s) 'WeatherToronto_ETL' retrieved from /opt/airflow/dags/Shi_HW 3.py
[2026-09-12T22:26:20.507+0000] {logging_mixin.py:190} INFO - [2026-09-12T22:26:20.506+0000] {dag.py:3229} INFO - Sync 1 DAGs
[2026-09-12T22:26:20.516+0000] {logging_mixin.py:190} INFO - [2026-09-12T22:26:20.516+0000] {dag.py:4156} INFO - Setting next_dagrun for WeatherToronto_ETL to 2026-09-12 18:00:00+00:00, run_after=2026-09-13 18:00:00+00:00
[2026-09-12T22:26:20.524+0000] {processor.py:208} INFO - Processing /opt/airflow/dags/Shi_HW 3.py took 0.056 seconds
[2026-09-12T22:26:50.877+0000] {processor.py:186} INFO - Started process (PID=10159) to work on /opt/airflow/dags/Shi_HW 3.py
[2026-09-12T22:26:50.882+0000] {processor.py:914} INFO - Processing file /opt/airflow/dags/Shi_HW 3.py for tasks to queue
[2026-09-12T22:26:50.883+0000] {logging_mixin.py:190} INFO - [2026-09-12T22:26:50.883+0000] {dagbag.py:587} INFO - Filling up the DagBag from /opt/airflow/dags/Shi_HW 3.py
[2026-09-12T22:26:50.908+0000] {processor.py:925} INFO - DAG(s) 'WeatherToronto_ETL' retrieved from /opt/airflow/dags/Shi_HW 3.py
[2026-09-12T22:26:50.921+0000] {logging_mixin.py:190} INFO - [2026-09-12T22:26:50.919+0000] {dag.py:3229} INFO - Sync 1 DAGs
[2026-09-12T22:26:50.932+0000] {logging_mixin.py:190} INFO - [2026-09-12T22:26:50.932+0000] {dag.py:4156} INFO - Setting next_dagrun for WeatherToronto_ETL to 2026-09-12 18:00:00+00:00, run_after=2026-09-13 18:00:00+00:00
[2026-09-12T22:26:50.940+0000] {processor.py:208} INFO - Processing /opt/airflow/dags/Shi_HW 3.py took 0.071 seconds
[2026-09-12T22:27:21.332+0000] {processor.py:186} INFO - Started process (PID=10170) to work on /opt/airflow/dags/Shi_HW 3.py
[2026-09-12T22:27:21.336+0000] {processor.py:914} INFO - Processing file /opt/airflow/dags/Shi_HW 3.py for tasks to queue
[2026-09-12T22:27:21.337+0000] {logging_mixin.py:190} INFO - [2026-09-12T22:27:21.337+0000] {dagbag.py:587} INFO - Filling up the DagBag from /opt/airflow/dags/Shi_HW 3.py
[2026-09-12T22:27:21.357+0000] {processor.py:925} INFO - DAG(s) 'WeatherToronto_ETL' retrieved from /opt/airflow/dags/Shi_HW 3.py
[2026-09-12T22:27:21.367+0000] {logging_mixin.py:190} INFO - [2026-09-12T22:27:21.366+0000] {dag.py:3229} INFO - Sync 1 DAGs
[2026-09-12T22:27:21.378+0000] {logging_mixin.py:190} INFO - [2026-09-12T22:27:21.378+0000] {dag.py:4156} INFO - Setting next_dagrun for WeatherToronto_ETL to 2026-09-12 18:00:00+00:00, run_after=2026-09-13 18:00:00+00:00
[2026-09-12T22:27:21.385+0000] {processor.py:208} INFO - Processing /opt/airflow/dags/Shi_HW 3.py took 0.059 seconds
[2026-09-12T22:27:51.754+0000] {processor.py:186} INFO - Started process (PID=10181) to work on /opt/airflow/dags/Shi_HW 3.py
[2026-09-12T22:27:51.756+0000] {processor.py:914} INFO - Processing file /opt/airflow/dags/Shi_HW 3.py for tasks to queue
[2026-09-12T22:27:51.757+0000] {logging_mixin.py:190} INFO - [2026-09-12T22:27:51.757+0000] {dagbag.py:587} INFO - Filling up the DagBag from /opt/airflow/dags/Shi_HW 3.py
[2026-09-12T22:27:51.776+0000] {processor.py:925} INFO - DAG(s) 'WeatherToronto_ETL' retrieved from /opt/airflow/dags/Shi_HW 3.py
[2026-09-12T22:27:51.788+0000] {logging_mixin.py:190} INFO - [2026-09-12T22:27:51.787+0000] {dag.py:3229} INFO - Sync 1 DAGs
[2026-09-12T22:27:51.799+0000] {logging_mixin.py:190} INFO - [2026-09-12T22:27:51.799+0000] {dag.py:4156} INFO - Setting next_dagrun for WeatherToronto_ETL to 2026-09-12 18:00:00+00:00, run_after=2026-09-13 18:00:00+00:00
[2026-09-12T22:27:51.806+0000] {processor.py:208} INFO - Processing /opt/airflow/dags/Shi_HW 3.py took 0.056 seconds
[2026-09-12T22:28:22.164+0000] {processor.py:186} INFO - Started process (PID=10192) to work on /opt/airflow/dags/Shi_HW 3.py
[2026-09-12T22:28:22.168+0000] {processor.py:914} INFO - Processing file /opt/airflow/dags/Shi_HW 3.py for tasks to queue
[2026-09-12T22:28:22.169+0000] {logging_mixin.py:190} INFO - [2026-09-12T22:28:22.169+0000] {dagbag.py:587} INFO - Filling up the DagBag from /opt/airflow/dags/Shi_HW 3.py
[2026-09-12T22:28:22.188+0000] {processor.py:925} INFO - DAG(s) 'WeatherToronto_ETL' retrieved from /opt/airflow/dags/Shi_HW 3.py
[2026-09-12T22:28:22.196+0000] {logging_mixin.py:190} INFO - [2026-09-12T22:28:22.196+0000] {dag.py:3229} INFO - Sync 1 DAGs
[2026-09-12T22:28:22.207+0000] {logging_mixin.py:190} INFO - [2026-09-12T22:28:22.206+0000] {dag.py:4156} INFO - Setting next_dagrun for WeatherToronto_ETL to 2026-09-12 18:00:00+00:00, run_after=2026-09-13 18:00:00+00:00
[2026-09-12T22:28:22.212+0000] {processor.py:208} INFO - Processing /opt/airflow/dags/Shi_HW 3.py took 0.054 seconds
[2026-09-12T22:28:52.542+0000] {processor.py:186} INFO - Started process (PID=10203) to work on /opt/airflow/dags/Shi_HW 3.py
[2026-09-12T22:28:52.545+0000] {processor.py:914} INFO - Processing file /opt/airflow/dags/Shi_HW 3.py for tasks to queue
[2026-09-12T22:28:52.546+0000] {logging_mixin.py:190} INFO - [2026-09-12T22:28:52.546+0000] {dagbag.py:587} INFO - Filling up the DagBag from /opt/airflow/dags/Shi_HW 3.py
[2026-09-12T22:28:52.560+0000] {processor.py:925} INFO - DAG(s) 'WeatherToronto_ETL' retrieved from /opt/airflow/dags/Shi_HW 3.py
[2026-09-12T22:28:52.569+0000] {logging_mixin.py:190} INFO - [2026-09-12T22:28:52.568+0000] {dag.py:3229} INFO - Sync 1 DAGs
[2026-09-12T22:28:52.579+0000] {logging_mixin.py:190} INFO - [2026-09-12T22:28:52.578+0000] {dag.py:4156} INFO - Setting next_dagrun for WeatherToronto_ETL to 2026-09-12 18:00:00+00:00, run_after=2026-09-13 18:00:00+00:00
[2026-09-12T22:28:52.584+0000] {processor.py:208} INFO - Processing /opt/airflow/dags/Shi_HW 3.py took 0.045 seconds
[2026-09-12T22:29:23.002+0000] {processor.py:186} INFO - Started process (PID=10214) to work on /opt/airflow/dags/Shi_HW 3.py
[2026-09-12T22:29:23.008+0000] {processor.py:914} INFO - Processing file /opt/airflow/dags/Shi_HW 3.py for tasks to queue
[2026-09-12T22:29:23.009+0000] {logging_mixin.py:190} INFO - [2026-09-12T22:29:23.008+0000] {dagbag.py:587} INFO - Filling up the DagBag from /opt/airflow/dags/Shi_HW 3.py
[2026-09-12T22:29:23.027+0000] {processor.py:925} INFO - DAG(s) 'WeatherToronto_ETL' retrieved from /opt/airflow/dags/Shi_HW 3.py
[2026-09-12T22:29:23.037+0000] {logging_mixin.py:190} INFO - [2026-09-12T22:29:23.036+0000] {dag.py:3229} INFO - Sync 1 DAGs
[2026-09-12T22:29:23.047+0000] {logging_mixin.py:190} INFO - [2026-09-12T22:29:23.047+0000] {dag.py:4156} INFO - Setting next_dagrun for WeatherToronto_ETL to 2026-09-12 18:00:00+00:00, run_after=2026-09-13 18:00:00+00:00
[2026-09-12T22:29:23.054+0000] {processor.py:208} INFO - Processing /opt/airflow/dags/Shi_HW 3.py took 0.059 seconds
[2026-09-12T22:29:53.405+0000] {processor.py:186} INFO - Started process (PID=10225) to work on /opt/airflow/dags/Shi_HW 3.py
[2026-09-12T22:29:53.408+0000] {processor.py:914} INFO - Processing file /opt/airflow/dags/Shi_HW 3.py for tasks to queue
[2026-09-12T22:29:53.409+0000] {logging_mixin.py:190} INFO - [2026-09-12T22:29:53.409+0000] {dagbag.py:587} INFO - Filling up the DagBag from /opt/airflow/dags/Shi_HW 3.py
[2026-09-12T22:29:53.426+0000] {processor.py:925} INFO - DAG(s) 'WeatherToronto_ETL' retrieved from /opt/airflow/dags/Shi_HW 3.py
[2026-09-12T22:29:53.435+0000] {logging_mixin.py:190} INFO - [2026-09-12T22:29:53.434+0000] {dag.py:3229} INFO - Sync 1 DAGs
[2026-09-12T22:29:53.446+0000] {logging_mixin.py:190} INFO - [2026-09-12T22:29:53.446+0000] {dag.py:4156} INFO - Setting next_dagrun for WeatherToronto_ETL to 2026-09-12 18:00:00+00:00, run_after=2026-09-13 18:00:00+00:00
[2026-09-12T22:29:53.453+0000] {processor.py:208} INFO - Processing /opt/airflow/dags/Shi_HW 3.py took 0.054 seconds
[2026-09-12T22:30:23.843+0000] {processor.py:186} INFO - Started process (PID=10236) to work on /opt/airflow/dags/Shi_HW 3.py
[2026-09-12T22:30:23.847+0000] {processor.py:914} INFO - Processing file /opt/airflow/dags/Shi_HW 3.py for tasks to queue
[2026-09-12T22:30:23.848+0000] {logging_mixin.py:190} INFO - [2026-09-12T22:30:23.847+0000] {dagbag.py:587} INFO - Filling up the DagBag from /opt/airflow/dags/Shi_HW 3.py
[2026-09-12T22:30:23.872+0000] {processor.py:925} INFO - DAG(s) 'WeatherToronto_ETL' retrieved from /opt/airflow/dags/Shi_HW 3.py
[2026-09-12T22:30:23.885+0000] {logging_mixin.py:190} INFO - [2026-09-12T22:30:23.884+0000] {dag.py:3229} INFO - Sync 1 DAGs
[2026-09-12T22:30:23.897+0000] {logging_mixin.py:190} INFO - [2026-09-12T22:30:23.897+0000] {dag.py:4156} INFO - Setting next_dagrun for WeatherToronto_ETL to 2026-09-12 18:00:00+00:00, run_after=2026-09-13 18:00:00+00:00
[2026-09-12T22:30:23.905+0000] {processor.py:208} INFO - Processing /opt/airflow/dags/Shi_HW 3.py took 0.069 seconds
[2026-09-12T22:30:54.303+0000] {processor.py:186} INFO - Started process (PID=10247) to work on /opt/airflow/dags/Shi_HW 3.py
[2026-09-12T22:30:54.308+0000] {processor.py:914} INFO - Processing file /opt/airflow/dags/Shi_HW 3.py for tasks to queue
[2026-09-12T22:30:54.309+0000] {logging_mixin.py:190} INFO - [2026-09-12T22:30:54.309+0000] {dagbag.py:587} INFO - Filling up the DagBag from /opt/airflow/dags/Shi_HW 3.py
[2026-09-12T22:30:54.328+0000] {processor.py:925} INFO - DAG(s) 'WeatherToronto_ETL' retrieved from /opt/airflow/dags/Shi_HW 3.py
[2026-09-12T22:30:54.339+0000] {logging_mixin.py:190} INFO - [2026-09-12T22:30:54.338+0000] {dag.py:3229} INFO - Sync 1 DAGs
[2026-09-12T22:30:54.351+0000] {logging_mixin.py:190} INFO - [2026-09-12T22:30:54.351+0000] {dag.py:4156} INFO - Setting next_dagrun for WeatherToronto_ETL to 2026-09-12 18:00:00+00:00, run_after=2026-09-13 18:00:00+00:00
[2026-09-12T22:30:54.358+0000] {processor.py:208} INFO - Processing /opt/airflow/dags/Shi_HW 3.py took 0.061 seconds
[2026-09-12T22:31:24.815+0000] {processor.py:186} INFO - Started process (PID=10258) to work on /opt/airflow/dags/Shi_HW 3.py
[2026-09-12T22:31:24.818+0000] {processor.py:914} INFO - Processing file /opt/airflow/dags/Shi_HW 3.py for tasks to queue
[2026-09-12T22:31:24.820+0000] {logging_mixin.py:190} INFO - [2026-09-12T22:31:24.819+0000] {dagbag.py:587} INFO - Filling up the DagBag from /opt/airflow/dags/Shi_HW 3.py
[2026-09-12T22:31:24.846+0000] {processor.py:925} INFO - DAG(s) 'WeatherToronto_ETL' retrieved from /opt/airflow/dags/Shi_HW 3.py
[2026-09-12T22:31:24.860+0000] {logging_mixin.py:190} INFO - [2026-09-12T22:31:24.858+0000] {dag.py:3229} INFO - Sync 1 DAGs
[2026-09-12T22:31:24.873+0000] {logging_mixin.py:190} INFO - [2026-09-12T22:31:24.873+0000] {dag.py:4156} INFO - Setting next_dagrun for WeatherToronto_ETL to 2026-09-12 18:00:00+00:00, run_after=2026-09-13 18:00:00+00:00
[2026-09-12T22:31:24.881+0000] {processor.py:208} INFO - Processing /opt/airflow/dags/Shi_HW 3.py took 0.075 seconds
[2026-09-12T22:31:55.245+0000] {processor.py:186} INFO - Started process (PID=10269) to work on /opt/airflow/dags/Shi_HW 3.py
[2026-09-12T22:31:55.248+0000] {processor.py:914} INFO - Processing file /opt/airflow/dags/Shi_HW 3.py for tasks to queue
[2026-09-12T22:31:55.248+0000] {logging_mixin.py:190} INFO - [2026-09-12T22:31:55.248+0000] {dagbag.py:587} INFO - Filling up the DagBag from /opt/airflow/dags/Shi_HW 3.py
[2026-09-12T22:31:55.270+0000] {processor.py:925} INFO - DAG(s) 'WeatherToronto_ETL' retrieved from /opt/airflow/dags/Shi_HW 3.py
[2026-09-12T22:31:55.281+0000] {logging_mixin.py:190} INFO - [2026-09-12T22:31:55.280+0000] {dag.py:3229} INFO - Sync 1 DAGs
[2026-09-12T22:31:55.291+0000] {logging_mixin.py:190} INFO - [2026-09-12T22:31:55.291+0000] {dag.py:4156} INFO - Setting next_dagrun for WeatherToronto_ETL to 2026-09-12 18:00:00+00:00, run_after=2026-09-13 18:00:00+00:00
[2026-09-12T22:31:55.298+0000] {processor.py:208} INFO - Processing /opt/airflow/dags/Shi_HW 3.py took 0.058 seconds
[2026-09-12T22:32:25.801+0000] {processor.py:186} INFO - Started process (PID=10280) to work on /opt/airflow/dags/Shi_HW 3.py
[2026-09-12T22:32:25.804+0000] {processor.py:914} INFO - Processing file /opt/airflow/dags/Shi_HW 3.py for tasks to queue
[2026-09-12T22:32:25.806+0000] {logging_mixin.py:190} INFO - [2026-09-12T22:32:25.805+0000] {dagbag.py:587} INFO - Filling up the DagBag from /opt/airflow/dags/Shi_HW 3.py
[2026-09-12T22:32:25.833+0000] {processor.py:925} INFO - DAG(s) 'WeatherToronto_ETL' retrieved from /opt/airflow/dags/Shi_HW 3.py
[2026-09-12T22:32:25.849+0000] {logging_mixin.py:190} INFO - [2026-09-12T22:32:25.847+0000] {dag.py:3229} INFO - Sync 1 DAGs
[2026-09-12T22:32:25.865+0000] {logging_mixin.py:190} INFO - [2026-09-12T22:32:25.865+0000] {dag.py:4156} INFO - Setting next_dagrun for WeatherToronto_ETL to 2026-09-12 18:00:00+00:00, run_after=2026-09-13 18:00:00+00:00
[2026-09-12T22:32:25.874+0000] {processor.py:208} INFO - Processing /opt/airflow/dags/Shi_HW 3.py took 0.080 seconds
[2026-09-12T22:32:56.216+0000] {processor.py:186} INFO - Started process (PID=10291) to work on /opt/airflow/dags/Shi_HW 3.py
[2026-09-12T22:32:56.219+0000] {processor.py:914} INFO - Processing file /opt/airflow/dags/Shi_HW 3.py for tasks to queue
[2026-09-12T22:32:56.221+0000] {logging_mixin.py:190} INFO - [2026-09-12T22:32:56.221+0000] {dagbag.py:587} INFO - Filling up the DagBag from /opt/airflow/dags/Shi_HW 3.py
[2026-09-12T22:32:56.240+0000] {processor.py:925} INFO - DAG(s) 'WeatherToronto_ETL' retrieved from /opt/airflow/dags/Shi_HW 3.py
[2026-09-12T22:32:56.249+0000] {logging_mixin.py:190} INFO - [2026-09-12T22:32:56.248+0000] {dag.py:3229} INFO - Sync 1 DAGs
[2026-09-12T22:32:56.260+0000] {logging_mixin.py:190} INFO - [2026-09-12T22:32:56.260+0000] {dag.py:4156} INFO - Setting next_dagrun for WeatherToronto_ETL to 2026-09-12 18:00:00+00:00, run_after=2026-09-13 18:00:00+00:00
[2026-09-12T22:32:56.267+0000] {processor.py:208} INFO - Processing /opt/airflow/dags/Shi_HW 3.py took 0.056 seconds
[2026-09-12T22:33:26.672+0000] {processor.py:186} INFO - Started process (PID=10302) to work on /opt/airflow/dags/Shi_HW 3.py
[2026-09-12T22:33:26.677+0000] {processor.py:914} INFO - Processing file /opt/airflow/dags/Shi_HW 3.py for tasks to queue
[2026-09-12T22:33:26.678+0000] {logging_mixin.py:190} INFO - [2026-09-12T22:33:26.677+0000] {dagbag.py:587} INFO - Filling up the DagBag from /opt/airflow/dags/Shi_HW 3.py
[2026-09-12T22:33:26.697+0000] {processor.py:925} INFO - DAG(s) 'WeatherToronto_ETL' retrieved from /opt/airflow/dags/Shi_HW 3.py
[2026-09-12T22:33:26.707+0000] {logging_mixin.py:190} INFO - [2026-09-12T22:33:26.707+0000] {dag.py:3229} INFO - Sync 1 DAGs
[2026-09-12T22:33:26.717+0000] {logging_mixin.py:190} INFO - [2026-09-12T22:33:26.717+0000] {dag.py:4156} INFO - Setting next_dagrun for WeatherToronto_ETL to 2026-09-12 18:00:00+00:00, run_after=2026-09-13 18:00:00+00:00
[2026-09-12T22:33:26.724+0000] {processor.py:208} INFO - Processing /opt/airflow/dags/Shi_HW 3.py took 0.058 seconds
[2026-09-12T22:33:57.153+0000] {processor.py:186} INFO - Started process (PID=10313) to work on /opt/airflow/dags/Shi_HW 3.py
[2026-09-12T22:33:57.157+0000] {processor.py:914} INFO - Processing file /opt/airflow/dags/Shi_HW 3.py for tasks to queue
[2026-09-12T22:33:57.158+0000] {logging_mixin.py:190} INFO - [2026-09-12T22:33:57.157+0000] {dagbag.py:587} INFO - Filling up the DagBag from /opt/airflow/dags/Shi_HW 3.py
[2026-09-12T22:33:57.177+0000] {processor.py:925} INFO - DAG(s) 'WeatherToronto_ETL' retrieved from /opt/airflow/dags/Shi_HW 3.py
[2026-09-12T22:33:57.188+0000] {logging_mixin.py:190} INFO - [2026-09-12T22:33:57.187+0000] {dag.py:3229} INFO - Sync 1 DAGs
[2026-09-12T22:33:57.198+0000] {logging_mixin.py:190} INFO - [2026-09-12T22:33:57.198+0000] {dag.py:4156} INFO - Setting next_dagrun for WeatherToronto_ETL to 2026-09-12 18:00:00+00:00, run_after=2026-09-13 18:00:00+00:00
[2026-09-12T22:33:57.205+0000] {processor.py:208} INFO - Processing /opt/airflow/dags/Shi_HW 3.py took 0.058 seconds
[2026-09-12T22:34:27.639+0000] {processor.py:186} INFO - Started process (PID=10324) to work on /opt/airflow/dags/Shi_HW 3.py
[2026-09-12T22:34:27.643+0000] {processor.py:914} INFO - Processing file /opt/airflow/dags/Shi_HW 3.py for tasks to queue
[2026-09-12T22:34:27.644+0000] {logging_mixin.py:190} INFO - [2026-09-12T22:34:27.643+0000] {dagbag.py:587} INFO - Filling up the DagBag from /opt/airflow/dags/Shi_HW 3.py
[2026-09-12T22:34:27.663+0000] {processor.py:925} INFO - DAG(s) 'WeatherToronto_ETL' retrieved from /opt/airflow/dags/Shi_HW 3.py
[2026-09-12T22:34:27.675+0000] {logging_mixin.py:190} INFO - [2026-09-12T22:34:27.673+0000] {dag.py:3229} INFO - Sync 1 DAGs
[2026-09-12T22:34:27.686+0000] {logging_mixin.py:190} INFO - [2026-09-12T22:34:27.686+0000] {dag.py:4156} INFO - Setting next_dagrun for WeatherToronto_ETL to 2026-09-12 18:00:00+00:00, run_after=2026-09-13 18:00:00+00:00
[2026-09-12T22:34:27.694+0000] {processor.py:208} INFO - Processing /opt/airflow/dags/Shi_HW 3.py took 0.060 seconds
[2026-09-12T22:34:58.140+0000] {processor.py:186} INFO - Started process (PID=10335) to work on /opt/airflow/dags/Shi_HW 3.py
[2026-09-12T22:34:58.144+0000] {processor.py:914} INFO - Processing file /opt/airflow/dags/Shi_HW 3.py for tasks to queue
[2026-09-12T22:34:58.146+0000] {logging_mixin.py:190} INFO - [2026-09-12T22:34:58.145+0000] {dagbag.py:587} INFO - Filling up the DagBag from /opt/airflow/dags/Shi_HW 3.py
[2026-09-12T22:34:58.176+0000] {processor.py:925} INFO - DAG(s) 'WeatherToronto_ETL' retrieved from /opt/airflow/dags/Shi_HW 3.py
[2026-09-12T22:34:58.191+0000] {logging_mixin.py:190} INFO - [2026-09-12T22:34:58.190+0000] {dag.py:3229} INFO - Sync 1 DAGs
[2026-09-12T22:34:58.206+0000] {logging_mixin.py:190} INFO - [2026-09-12T22:34:58.206+0000] {dag.py:4156} INFO - Setting next_dagrun for WeatherToronto_ETL to 2026-09-12 18:00:00+00:00, run_after=2026-09-13 18:00:00+00:00
[2026-09-12T22:34:58.213+0000] {processor.py:208} INFO - Processing /opt/airflow/dags/Shi_HW 3.py took 0.084 seconds
[2026-09-12T22:35:28.608+0000] {processor.py:186} INFO - Started process (PID=10346) to work on /opt/airflow/dags/Shi_HW 3.py
[2026-09-12T22:35:28.612+0000] {processor.py:914} INFO - Processing file /opt/airflow/dags/Shi_HW 3.py for tasks to queue
[2026-09-12T22:35:28.614+0000] {logging_mixin.py:190} INFO - [2026-09-12T22:35:28.613+0000] {dagbag.py:587} INFO - Filling up the DagBag from /opt/airflow/dags/Shi_HW 3.py
[2026-09-12T22:35:28.634+0000] {processor.py:925} INFO - DAG(s) 'WeatherToronto_ETL' retrieved from /opt/airflow/dags/Shi_HW 3.py
[2026-09-12T22:35:28.646+0000] {logging_mixin.py:190} INFO - [2026-09-12T22:35:28.645+0000] {dag.py:3229} INFO - Sync 1 DAGs
[2026-09-12T22:35:28.657+0000] {logging_mixin.py:190} INFO - [2026-09-12T22:35:28.657+0000] {dag.py:4156} INFO - Setting next_dagrun for WeatherToronto_ETL to 2026-09-12 18:00:00+00:00, run_after=2026-09-13 18:00:00+00:00
[2026-09-12T22:35:28.663+0000] {processor.py:208} INFO - Processing /opt/airflow/dags/Shi_HW 3.py took 0.062 seconds
[2026-09-12T22:35:59.129+0000] {processor.py:186} INFO - Started process (PID=10357) to work on /opt/airflow/dags/Shi_HW 3.py
[2026-09-12T22:35:59.133+0000] {processor.py:914} INFO - Processing file /opt/airflow/dags/Shi_HW 3.py for tasks to queue
[2026-09-12T22:35:59.135+0000] {logging_mixin.py:190} INFO - [2026-09-12T22:35:59.134+0000] {dagbag.py:587} INFO - Filling up the DagBag from /opt/airflow/dags/Shi_HW 3.py
[2026-09-12T22:35:59.165+0000] {processor.py:925} INFO - DAG(s) 'WeatherToronto_ETL' retrieved from /opt/airflow/dags/Shi_HW 3.py
[2026-09-12T22:35:59.181+0000] {logging_mixin.py:190} INFO - [2026-09-12T22:35:59.179+0000] {dag.py:3229} INFO - Sync 1 DAGs
[2026-09-12T22:35:59.195+0000] {logging_mixin.py:190} INFO - [2026-09-12T22:35:59.195+0000] {dag.py:4156} INFO - Setting next_dagrun for WeatherToronto_ETL to 2026-09-12 18:00:00+00:00, run_after=2026-09-13 18:00:00+00:00
[2026-09-12T22:35:59.204+0000] {processor.py:208} INFO - Processing /opt/airflow/dags/Shi_HW 3.py took 0.085 seconds
[2026-09-12T22:36:29.606+0000] {processor.py:186} INFO - Started process (PID=10368) to work on /opt/airflow/dags/Shi_HW 3.py
[2026-09-12T22:36:29.611+0000] {processor.py:914} INFO - Processing file /opt/airflow/dags/Shi_HW 3.py for tasks to queue
[2026-09-12T22:36:29.612+0000] {logging_mixin.py:190} INFO - [2026-09-12T22:36:29.611+0000] {dagbag.py:587} INFO - Filling up the DagBag from /opt/airflow/dags/Shi_HW 3.py
[2026-09-12T22:36:29.634+0000] {processor.py:925} INFO - DAG(s) 'WeatherToronto_ETL' retrieved from /opt/airflow/dags/Shi_HW 3.py
[2026-09-12T22:36:29.643+0000] {logging_mixin.py:190} INFO - [2026-09-12T22:36:29.643+0000] {dag.py:3229} INFO - Sync 1 DAGs
[2026-09-12T22:36:29.655+0000] {logging_mixin.py:190} INFO - [2026-09-12T22:36:29.654+0000] {dag.py:4156} INFO - Setting next_dagrun for WeatherToronto_ETL to 2026-09-12 18:00:00+00:00, run_after=2026-09-13 18:00:00+00:00
[2026-09-12T22:36:29.661+0000] {processor.py:208} INFO - Processing /opt/airflow/dags/Shi_HW 3.py took 0.063 seconds
[2026-09-12T22:37:00.035+0000] {processor.py:186} INFO - Started process (PID=10379) to work on /opt/airflow/dags/Shi_HW 3.py
[2026-09-12T22:37:00.039+0000] {processor.py:914} INFO - Processing file /opt/airflow/dags/Shi_HW 3.py for tasks to queue
[2026-09-12T22:37:00.040+0000] {logging_mixin.py:190} INFO - [2026-09-12T22:37:00.040+0000] {dagbag.py:587} INFO - Filling up the DagBag from /opt/airflow/dags/Shi_HW 3.py
[2026-09-12T22:37:00.059+0000] {processor.py:925} INFO - DAG(s) 'WeatherToronto_ETL' retrieved from /opt/airflow/dags/Shi_HW 3.py
[2026-09-12T22:37:00.070+0000] {logging_mixin.py:190} INFO - [2026-09-12T22:37:00.069+0000] {dag.py:3229} INFO - Sync 1 DAGs
[2026-09-12T22:37:00.081+0000] {logging_mixin.py:190} INFO - [2026-09-12T22:37:00.081+0000] {dag.py:4156} INFO - Setting next_dagrun for WeatherToronto_ETL to 2026-09-12 18:00:00+00:00, run_after=2026-09-13 18:00:00+00:00
[2026-09-12T22:37:00.089+0000] {processor.py:208} INFO - Processing /opt/airflow/dags/Shi_HW 3.py took 0.061 seconds
[2026-09-12T22:37:30.603+0000] {processor.py:186} INFO - Started process (PID=10390) to work on /opt/airflow/dags/Shi_HW 3.py
[2026-09-12T22:37:30.607+0000] {processor.py:914} INFO - Processing file /opt/airflow/dags/Shi_HW 3.py for tasks to queue
[2026-09-12T22:37:30.609+0000] {logging_mixin.py:190} INFO - [2026-09-12T22:37:30.608+0000] {dagbag.py:587} INFO - Filling up the DagBag from /opt/airflow/dags/Shi_HW 3.py
[2026-09-12T22:37:30.650+0000] {processor.py:925} INFO - DAG(s) 'WeatherToronto_ETL' retrieved from /opt/airflow/dags/Shi_HW 3.py
[2026-09-12T22:37:30.674+0000] {logging_mixin.py:190} INFO - [2026-09-12T22:37:30.672+0000] {dag.py:3229} INFO - Sync 1 DAGs
[2026-09-12T22:37:30.700+0000] {logging_mixin.py:190} INFO - [2026-09-12T22:37:30.700+0000] {dag.py:4156} INFO - Setting next_dagrun for WeatherToronto_ETL to 2026-09-12 18:00:00+00:00, run_after=2026-09-13 18:00:00+00:00
[2026-09-12T22:37:30.711+0000] {processor.py:208} INFO - Processing /opt/airflow/dags/Shi_HW 3.py took 0.123 seconds
[2026-09-12T22:38:00.958+0000] {processor.py:186} INFO - Started process (PID=10401) to work on /opt/airflow/dags/Shi_HW 3.py
[2026-09-12T22:38:00.962+0000] {processor.py:914} INFO - Processing file /opt/airflow/dags/Shi_HW 3.py for tasks to queue
[2026-09-12T22:38:00.963+0000] {logging_mixin.py:190} INFO - [2026-09-12T22:38:00.962+0000] {dagbag.py:587} INFO - Filling up the DagBag from /opt/airflow/dags/Shi_HW 3.py
[2026-09-12T22:38:00.980+0000] {processor.py:925} INFO - DAG(s) 'WeatherToronto_ETL' retrieved from /opt/airflow/dags/Shi_HW 3.py
[2026-09-12T22:38:00.990+0000] {logging_mixin.py:190} INFO - [2026-09-12T22:38:00.989+0000] {dag.py:3229} INFO - Sync 1 DAGs
[2026-09-12T22:38:01.001+0000] {logging_mixin.py:190} INFO - [2026-09-12T22:38:01.001+0000] {dag.py:4156} INFO - Setting next_dagrun for WeatherToronto_ETL to 2026-09-12 18:00:00+00:00, run_after=2026-09-13 18:00:00+00:00
[2026-09-12T22:38:01.007+0000] {processor.py:208} INFO - Processing /opt/airflow/dags/Shi_HW 3.py took 0.056 seconds
[2026-09-12T22:38:31.392+0000] {processor.py:186} INFO - Started process (PID=10412) to work on /opt/airflow/dags/Shi_HW 3.py
[2026-09-12T22:38:31.396+0000] {processor.py:914} INFO - Processing file /opt/airflow/dags/Shi_HW 3.py for tasks to queue
[2026-09-12T22:38:31.397+0000] {logging_mixin.py:190} INFO - [2026-09-12T22:38:31.396+0000] {dagbag.py:587} INFO - Filling up the DagBag from /opt/airflow/dags/Shi_HW 3.py
[2026-09-12T22:38:31.419+0000] {processor.py:925} INFO - DAG(s) 'WeatherToronto_ETL' retrieved from /opt/airflow/dags/Shi_HW 3.py
[2026-09-12T22:38:31.430+0000] {logging_mixin.py:190} INFO - [2026-09-12T22:38:31.429+0000] {dag.py:3229} INFO - Sync 1 DAGs
[2026-09-12T22:38:31.442+0000] {logging_mixin.py:190} INFO - [2026-09-12T22:38:31.441+0000] {dag.py:4156} INFO - Setting next_dagrun for WeatherToronto_ETL to 2026-09-12 18:00:00+00:00, run_after=2026-09-13 18:00:00+00:00
[2026-09-12T22:38:31.447+0000] {processor.py:208} INFO - Processing /opt/airflow/dags/Shi_HW 3.py took 0.063 seconds
[2026-09-12T22:39:01.823+0000] {processor.py:186} INFO - Started process (PID=10423) to work on /opt/airflow/dags/Shi_HW 3.py
[2026-09-12T22:39:01.826+0000] {processor.py:914} INFO - Processing file /opt/airflow/dags/Shi_HW 3.py for tasks to queue
[2026-09-12T22:39:01.827+0000] {logging_mixin.py:190} INFO - [2026-09-12T22:39:01.827+0000] {dagbag.py:587} INFO - Filling up the DagBag from /opt/airflow/dags/Shi_HW 3.py
[2026-09-12T22:39:01.845+0000] {processor.py:925} INFO - DAG(s) 'WeatherToronto_ETL' retrieved from /opt/airflow/dags/Shi_HW 3.py
[2026-09-12T22:39:01.855+0000] {logging_mixin.py:190} INFO - [2026-09-12T22:39:01.854+0000] {dag.py:3229} INFO - Sync 1 DAGs
[2026-09-12T22:39:01.865+0000] {logging_mixin.py:190} INFO - [2026-09-12T22:39:01.865+0000] {dag.py:4156} INFO - Setting next_dagrun for WeatherToronto_ETL to 2026-09-12 18:00:00+00:00, run_after=2026-09-13 18:00:00+00:00
[2026-09-12T22:39:01.871+0000] {processor.py:208} INFO - Processing /opt/airflow/dags/Shi_HW 3.py took 0.055 seconds
[2026-09-12T22:39:32.284+0000] {processor.py:186} INFO - Started process (PID=10434) to work on /opt/airflow/dags/Shi_HW 3.py
[2026-09-12T22:39:32.289+0000] {processor.py:914} INFO - Processing file /opt/airflow/dags/Shi_HW 3.py for tasks to queue
[2026-09-12T22:39:32.290+0000] {logging_mixin.py:190} INFO - [2026-09-12T22:39:32.289+0000] {dagbag.py:587} INFO - Filling up the DagBag from /opt/airflow/dags/Shi_HW 3.py
[2026-09-12T22:39:32.308+0000] {processor.py:925} INFO - DAG(s) 'WeatherToronto_ETL' retrieved from /opt/airflow/dags/Shi_HW 3.py
[2026-09-12T22:39:32.316+0000] {logging_mixin.py:190} INFO - [2026-09-12T22:39:32.315+0000] {dag.py:3229} INFO - Sync 1 DAGs
[2026-09-12T22:39:32.326+0000] {logging_mixin.py:190} INFO - [2026-09-12T22:39:32.326+0000] {dag.py:4156} INFO - Setting next_dagrun for WeatherToronto_ETL to 2026-09-12 18:00:00+00:00, run_after=2026-09-13 18:00:00+00:00
[2026-09-12T22:39:32.332+0000] {processor.py:208} INFO - Processing /opt/airflow/dags/Shi_HW 3.py took 0.053 seconds
[2026-09-12T22:40:02.693+0000] {processor.py:186} INFO - Started process (PID=10445) to work on /opt/airflow/dags/Shi_HW 3.py
[2026-09-12T22:40:02.697+0000] {processor.py:914} INFO - Processing file /opt/airflow/dags/Shi_HW 3.py for tasks to queue
[2026-09-12T22:40:02.698+0000] {logging_mixin.py:190} INFO - [2026-09-12T22:40:02.697+0000] {dagbag.py:587} INFO - Filling up the DagBag from /opt/airflow/dags/Shi_HW 3.py
[2026-09-12T22:40:02.716+0000] {processor.py:925} INFO - DAG(s) 'WeatherToronto_ETL' retrieved from /opt/airflow/dags/Shi_HW 3.py
[2026-09-12T22:40:02.726+0000] {logging_mixin.py:190} INFO - [2026-09-12T22:40:02.725+0000] {dag.py:3229} INFO - Sync 1 DAGs
[2026-09-12T22:40:02.742+0000] {logging_mixin.py:190} INFO - [2026-09-12T22:40:02.742+0000] {dag.py:4156} INFO - Setting next_dagrun for WeatherToronto_ETL to 2026-09-12 18:00:00+00:00, run_after=2026-09-13 18:00:00+00:00
[2026-09-12T22:40:02.749+0000] {processor.py:208} INFO - Processing /opt/airflow/dags/Shi_HW 3.py took 0.061 seconds
[2026-09-12T22:40:33.150+0000] {processor.py:186} INFO - Started process (PID=10456) to work on /opt/airflow/dags/Shi_HW 3.py
[2026-09-12T22:40:33.154+0000] {processor.py:914} INFO - Processing file /opt/airflow/dags/Shi_HW 3.py for tasks to queue
[2026-09-12T22:40:33.156+0000] {logging_mixin.py:190} INFO - [2026-09-12T22:40:33.155+0000] {dagbag.py:587} INFO - Filling up the DagBag from /opt/airflow/dags/Shi_HW 3.py
[2026-09-12T22:40:33.183+0000] {processor.py:925} INFO - DAG(s) 'WeatherToronto_ETL' retrieved from /opt/airflow/dags/Shi_HW 3.py
[2026-09-12T22:40:33.198+0000] {logging_mixin.py:190} INFO - [2026-09-12T22:40:33.196+0000] {dag.py:3229} INFO - Sync 1 DAGs
[2026-09-12T22:40:33.214+0000] {logging_mixin.py:190} INFO - [2026-09-12T22:40:33.213+0000] {dag.py:4156} INFO - Setting next_dagrun for WeatherToronto_ETL to 2026-09-12 18:00:00+00:00, run_after=2026-09-13 18:00:00+00:00
[2026-09-12T22:40:33.222+0000] {processor.py:208} INFO - Processing /opt/airflow/dags/Shi_HW 3.py took 0.082 seconds
[2026-09-12T22:41:03.541+0000] {processor.py:186} INFO - Started process (PID=10467) to work on /opt/airflow/dags/Shi_HW 3.py
[2026-09-12T22:41:03.545+0000] {processor.py:914} INFO - Processing file /opt/airflow/dags/Shi_HW 3.py for tasks to queue
[2026-09-12T22:41:03.546+0000] {logging_mixin.py:190} INFO - [2026-09-12T22:41:03.546+0000] {dagbag.py:587} INFO - Filling up the DagBag from /opt/airflow/dags/Shi_HW 3.py
[2026-09-12T22:41:03.565+0000] {processor.py:925} INFO - DAG(s) 'WeatherToronto_ETL' retrieved from /opt/airflow/dags/Shi_HW 3.py
[2026-09-12T22:41:03.574+0000] {logging_mixin.py:190} INFO - [2026-09-12T22:41:03.574+0000] {dag.py:3229} INFO - Sync 1 DAGs
[2026-09-12T22:41:03.584+0000] {logging_mixin.py:190} INFO - [2026-09-12T22:41:03.584+0000] {dag.py:4156} INFO - Setting next_dagrun for WeatherToronto_ETL to 2026-09-12 18:00:00+00:00, run_after=2026-09-13 18:00:00+00:00
[2026-09-12T22:41:03.591+0000] {processor.py:208} INFO - Processing /opt/airflow/dags/Shi_HW 3.py took 0.055 seconds
[2026-09-12T22:41:33.926+0000] {processor.py:186} INFO - Started process (PID=10478) to work on /opt/airflow/dags/Shi_HW 3.py
[2026-09-12T22:41:33.931+0000] {processor.py:914} INFO - Processing file /opt/airflow/dags/Shi_HW 3.py for tasks to queue
[2026-09-12T22:41:33.932+0000] {logging_mixin.py:190} INFO - [2026-09-12T22:41:33.932+0000] {dagbag.py:587} INFO - Filling up the DagBag from /opt/airflow/dags/Shi_HW 3.py
[2026-09-12T22:41:33.950+0000] {processor.py:925} INFO - DAG(s) 'WeatherToronto_ETL' retrieved from /opt/airflow/dags/Shi_HW 3.py
[2026-09-12T22:41:33.959+0000] {logging_mixin.py:190} INFO - [2026-09-12T22:41:33.958+0000] {dag.py:3229} INFO - Sync 1 DAGs
[2026-09-12T22:41:33.969+0000] {logging_mixin.py:190} INFO - [2026-09-12T22:41:33.969+0000] {dag.py:4156} INFO - Setting next_dagrun for WeatherToronto_ETL to 2026-09-12 18:00:00+00:00, run_after=2026-09-13 18:00:00+00:00
[2026-09-12T22:41:33.975+0000] {processor.py:208} INFO - Processing /opt/airflow/dags/Shi_HW 3.py took 0.054 seconds
[2026-09-12T22:42:04.346+0000] {processor.py:186} INFO - Started process (PID=10489) to work on /opt/airflow/dags/Shi_HW 3.py
[2026-09-12T22:42:04.349+0000] {processor.py:914} INFO - Processing file /opt/airflow/dags/Shi_HW 3.py for tasks to queue
[2026-09-12T22:42:04.350+0000] {logging_mixin.py:190} INFO - [2026-09-12T22:42:04.350+0000] {dagbag.py:587} INFO - Filling up the DagBag from /opt/airflow/dags/Shi_HW 3.py
[2026-09-12T22:42:04.369+0000] {processor.py:925} INFO - DAG(s) 'WeatherToronto_ETL' retrieved from /opt/airflow/dags/Shi_HW 3.py
[2026-09-12T22:42:04.378+0000] {logging_mixin.py:190} INFO - [2026-09-12T22:42:04.377+0000] {dag.py:3229} INFO - Sync 1 DAGs
[2026-09-12T22:42:04.388+0000] {logging_mixin.py:190} INFO - [2026-09-12T22:42:04.388+0000] {dag.py:4156} INFO - Setting next_dagrun for WeatherToronto_ETL to 2026-09-12 18:00:00+00:00, run_after=2026-09-13 18:00:00+00:00
[2026-09-12T22:42:04.395+0000] {processor.py:208} INFO - Processing /opt/airflow/dags/Shi_HW 3.py took 0.054 seconds
[2026-09-12T22:42:34.701+0000] {processor.py:186} INFO - Started process (PID=10500) to work on /opt/airflow/dags/Shi_HW 3.py
[2026-09-12T22:42:34.705+0000] {processor.py:914} INFO - Processing file /opt/airflow/dags/Shi_HW 3.py for tasks to queue
[2026-09-12T22:42:34.706+0000] {logging_mixin.py:190} INFO - [2026-09-12T22:42:34.705+0000] {dagbag.py:587} INFO - Filling up the DagBag from /opt/airflow/dags/Shi_HW 3.py
[2026-09-12T22:42:34.724+0000] {processor.py:925} INFO - DAG(s) 'WeatherToronto_ETL' retrieved from /opt/airflow/dags/Shi_HW 3.py
[2026-09-12T22:42:34.732+0000] {logging_mixin.py:190} INFO - [2026-09-12T22:42:34.732+0000] {dag.py:3229} INFO - Sync 1 DAGs
[2026-09-12T22:42:34.743+0000] {logging_mixin.py:190} INFO - [2026-09-12T22:42:34.743+0000] {dag.py:4156} INFO - Setting next_dagrun for WeatherToronto_ETL to 2026-09-12 18:00:00+00:00, run_after=2026-09-13 18:00:00+00:00
[2026-09-12T22:42:34.750+0000] {processor.py:208} INFO - Processing /opt/airflow/dags/Shi_HW 3.py took 0.054 seconds
[2026-09-12T22:43:05.130+0000] {processor.py:186} INFO - Started process (PID=10511) to work on /opt/airflow/dags/Shi_HW 3.py
[2026-09-12T22:43:05.134+0000] {processor.py:914} INFO - Processing file /opt/airflow/dags/Shi_HW 3.py for tasks to queue
[2026-09-12T22:43:05.136+0000] {logging_mixin.py:190} INFO - [2026-09-12T22:43:05.135+0000] {dagbag.py:587} INFO - Filling up the DagBag from /opt/airflow/dags/Shi_HW 3.py
[2026-09-12T22:43:05.156+0000] {processor.py:925} INFO - DAG(s) 'WeatherToronto_ETL' retrieved from /opt/airflow/dags/Shi_HW 3.py
[2026-09-12T22:43:05.167+0000] {logging_mixin.py:190} INFO - [2026-09-12T22:43:05.166+0000] {dag.py:3229} INFO - Sync 1 DAGs
[2026-09-12T22:43:05.178+0000] {logging_mixin.py:190} INFO - [2026-09-12T22:43:05.178+0000] {dag.py:4156} INFO - Setting next_dagrun for WeatherToronto_ETL to 2026-09-12 18:00:00+00:00, run_after=2026-09-13 18:00:00+00:00
[2026-09-12T22:43:05.184+0000] {processor.py:208} INFO - Processing /opt/airflow/dags/Shi_HW 3.py took 0.059 seconds
[2026-09-12T22:43:35.466+0000] {processor.py:186} INFO - Started process (PID=10522) to work on /opt/airflow/dags/Shi_HW 3.py
[2026-09-12T22:43:35.471+0000] {processor.py:914} INFO - Processing file /opt/airflow/dags/Shi_HW 3.py for tasks to queue
[2026-09-12T22:43:35.472+0000] {logging_mixin.py:190} INFO - [2026-09-12T22:43:35.471+0000] {dagbag.py:587} INFO - Filling up the DagBag from /opt/airflow/dags/Shi_HW 3.py
[2026-09-12T22:43:35.490+0000] {processor.py:925} INFO - DAG(s) 'WeatherToronto_ETL' retrieved from /opt/airflow/dags/Shi_HW 3.py
[2026-09-12T22:43:35.500+0000] {logging_mixin.py:190} INFO - [2026-09-12T22:43:35.499+0000] {dag.py:3229} INFO - Sync 1 DAGs
[2026-09-12T22:43:35.511+0000] {logging_mixin.py:190} INFO - [2026-09-12T22:43:35.510+0000] {dag.py:4156} INFO - Setting next_dagrun for WeatherToronto_ETL to 2026-09-12 18:00:00+00:00, run_after=2026-09-13 18:00:00+00:00
[2026-09-12T22:43:35.517+0000] {processor.py:208} INFO - Processing /opt/airflow/dags/Shi_HW 3.py took 0.057 seconds
[2026-09-12T22:44:05.928+0000] {processor.py:186} INFO - Started process (PID=10533) to work on /opt/airflow/dags/Shi_HW 3.py
[2026-09-12T22:44:05.932+0000] {processor.py:914} INFO - Processing file /opt/airflow/dags/Shi_HW 3.py for tasks to queue
[2026-09-12T22:44:05.933+0000] {logging_mixin.py:190} INFO - [2026-09-12T22:44:05.933+0000] {dagbag.py:587} INFO - Filling up the DagBag from /opt/airflow/dags/Shi_HW 3.py
[2026-09-12T22:44:05.951+0000] {processor.py:925} INFO - DAG(s) 'WeatherToronto_ETL' retrieved from /opt/airflow/dags/Shi_HW 3.py
[2026-09-12T22:44:05.959+0000] {logging_mixin.py:190} INFO - [2026-09-12T22:44:05.959+0000] {dag.py:3229} INFO - Sync 1 DAGs
[2026-09-12T22:44:05.970+0000] {logging_mixin.py:190} INFO - [2026-09-12T22:44:05.970+0000] {dag.py:4156} INFO - Setting next_dagrun for WeatherToronto_ETL to 2026-09-12 18:00:00+00:00, run_after=2026-09-13 18:00:00+00:00
[2026-09-12T22:44:05.977+0000] {processor.py:208} INFO - Processing /opt/airflow/dags/Shi_HW 3.py took 0.053 seconds
[2026-09-12T22:44:36.307+0000] {processor.py:186} INFO - Started process (PID=10544) to work on /opt/airflow/dags/Shi_HW 3.py
[2026-09-12T22:44:36.310+0000] {processor.py:914} INFO - Processing file /opt/airflow/dags/Shi_HW 3.py for tasks to queue
[2026-09-12T22:44:36.311+0000] {logging_mixin.py:190} INFO - [2026-09-12T22:44:36.311+0000] {dagbag.py:587} INFO - Filling up the DagBag from /opt/airflow/dags/Shi_HW 3.py
[2026-09-12T22:44:36.336+0000] {processor.py:925} INFO - DAG(s) 'WeatherToronto_ETL' retrieved from /opt/airflow/dags/Shi_HW 3.py
[2026-09-12T22:44:36.352+0000] {logging_mixin.py:190} INFO - [2026-09-12T22:44:36.350+0000] {dag.py:3229} INFO - Sync 1 DAGs
[2026-09-12T22:44:36.362+0000] {logging_mixin.py:190} INFO - [2026-09-12T22:44:36.362+0000] {dag.py:4156} INFO - Setting next_dagrun for WeatherToronto_ETL to 2026-09-12 18:00:00+00:00, run_after=2026-09-13 18:00:00+00:00
[2026-09-12T22:44:36.370+0000] {processor.py:208} INFO - Processing /opt/airflow/dags/Shi_HW 3.py took 0.071 seconds
[2026-09-12T22:45:06.713+0000] {processor.py:186} INFO - Started process (PID=10555) to work on /opt/airflow/dags/Shi_HW 3.py
[2026-09-12T22:45:06.719+0000] {processor.py:914} INFO - Processing file /opt/airflow/dags/Shi_HW 3.py for tasks to queue
[2026-09-12T22:45:06.720+0000] {logging_mixin.py:190} INFO - [2026-09-12T22:45:06.719+0000] {dagbag.py:587} INFO - Filling up the DagBag from /opt/airflow/dags/Shi_HW 3.py
[2026-09-12T22:45:06.739+0000] {processor.py:925} INFO - DAG(s) 'WeatherToronto_ETL' retrieved from /opt/airflow/dags/Shi_HW 3.py
[2026-09-12T22:45:06.751+0000] {logging_mixin.py:190} INFO - [2026-09-12T22:45:06.749+0000] {dag.py:3229} INFO - Sync 1 DAGs
[2026-09-12T22:45:06.763+0000] {logging_mixin.py:190} INFO - [2026-09-12T22:45:06.763+0000] {dag.py:4156} INFO - Setting next_dagrun for WeatherToronto_ETL to 2026-09-12 18:00:00+00:00, run_after=2026-09-13 18:00:00+00:00
[2026-09-12T22:45:06.770+0000] {processor.py:208} INFO - Processing /opt/airflow/dags/Shi_HW 3.py took 0.063 seconds
[2026-09-12T22:45:37.159+0000] {processor.py:186} INFO - Started process (PID=10566) to work on /opt/airflow/dags/Shi_HW 3.py
[2026-09-12T22:45:37.163+0000] {processor.py:914} INFO - Processing file /opt/airflow/dags/Shi_HW 3.py for tasks to queue
[2026-09-12T22:45:37.164+0000] {logging_mixin.py:190} INFO - [2026-09-12T22:45:37.164+0000] {dagbag.py:587} INFO - Filling up the DagBag from /opt/airflow/dags/Shi_HW 3.py
[2026-09-12T22:45:37.182+0000] {processor.py:925} INFO - DAG(s) 'WeatherToronto_ETL' retrieved from /opt/airflow/dags/Shi_HW 3.py
[2026-09-12T22:45:37.192+0000] {logging_mixin.py:190} INFO - [2026-09-12T22:45:37.191+0000] {dag.py:3229} INFO - Sync 1 DAGs
[2026-09-12T22:45:37.202+0000] {logging_mixin.py:190} INFO - [2026-09-12T22:45:37.202+0000] {dag.py:4156} INFO - Setting next_dagrun for WeatherToronto_ETL to 2026-09-12 18:00:00+00:00, run_after=2026-09-13 18:00:00+00:00
[2026-09-12T22:45:37.209+0000] {processor.py:208} INFO - Processing /opt/airflow/dags/Shi_HW 3.py took 0.055 seconds
[2026-09-12T22:46:07.618+0000] {processor.py:186} INFO - Started process (PID=10577) to work on /opt/airflow/dags/Shi_HW 3.py
[2026-09-12T22:46:07.621+0000] {processor.py:914} INFO - Processing file /opt/airflow/dags/Shi_HW 3.py for tasks to queue
[2026-09-12T22:46:07.622+0000] {logging_mixin.py:190} INFO - [2026-09-12T22:46:07.621+0000] {dagbag.py:587} INFO - Filling up the DagBag from /opt/airflow/dags/Shi_HW 3.py
[2026-09-12T22:46:07.639+0000] {processor.py:925} INFO - DAG(s) 'WeatherToronto_ETL' retrieved from /opt/airflow/dags/Shi_HW 3.py
[2026-09-12T22:46:07.648+0000] {logging_mixin.py:190} INFO - [2026-09-12T22:46:07.647+0000] {dag.py:3229} INFO - Sync 1 DAGs
[2026-09-12T22:46:07.657+0000] {logging_mixin.py:190} INFO - [2026-09-12T22:46:07.657+0000] {dag.py:4156} INFO - Setting next_dagrun for WeatherToronto_ETL to 2026-09-12 18:00:00+00:00, run_after=2026-09-13 18:00:00+00:00
[2026-09-12T22:46:07.664+0000] {processor.py:208} INFO - Processing /opt/airflow/dags/Shi_HW 3.py took 0.051 seconds
[2026-09-12T22:46:38.026+0000] {processor.py:186} INFO - Started process (PID=10588) to work on /opt/airflow/dags/Shi_HW 3.py
[2026-09-12T22:46:38.030+0000] {processor.py:914} INFO - Processing file /opt/airflow/dags/Shi_HW 3.py for tasks to queue
[2026-09-12T22:46:38.031+0000] {logging_mixin.py:190} INFO - [2026-09-12T22:46:38.031+0000] {dagbag.py:587} INFO - Filling up the DagBag from /opt/airflow/dags/Shi_HW 3.py
[2026-09-12T22:46:38.049+0000] {processor.py:925} INFO - DAG(s) 'WeatherToronto_ETL' retrieved from /opt/airflow/dags/Shi_HW 3.py
[2026-09-12T22:46:38.059+0000] {logging_mixin.py:190} INFO - [2026-09-12T22:46:38.058+0000] {dag.py:3229} INFO - Sync 1 DAGs
[2026-09-12T22:46:38.069+0000] {logging_mixin.py:190} INFO - [2026-09-12T22:46:38.069+0000] {dag.py:4156} INFO - Setting next_dagrun for WeatherToronto_ETL to 2026-09-12 18:00:00+00:00, run_after=2026-09-13 18:00:00+00:00
[2026-09-12T22:46:38.076+0000] {processor.py:208} INFO - Processing /opt/airflow/dags/Shi_HW 3.py took 0.055 seconds
[2026-09-12T22:47:08.443+0000] {processor.py:186} INFO - Started process (PID=10599) to work on /opt/airflow/dags/Shi_HW 3.py
[2026-09-12T22:47:08.448+0000] {processor.py:914} INFO - Processing file /opt/airflow/dags/Shi_HW 3.py for tasks to queue
[2026-09-12T22:47:08.449+0000] {logging_mixin.py:190} INFO - [2026-09-12T22:47:08.449+0000] {dagbag.py:587} INFO - Filling up the DagBag from /opt/airflow/dags/Shi_HW 3.py
[2026-09-12T22:47:08.468+0000] {processor.py:925} INFO - DAG(s) 'WeatherToronto_ETL' retrieved from /opt/airflow/dags/Shi_HW 3.py
[2026-09-12T22:47:08.477+0000] {logging_mixin.py:190} INFO - [2026-09-12T22:47:08.476+0000] {dag.py:3229} INFO - Sync 1 DAGs
[2026-09-12T22:47:08.487+0000] {logging_mixin.py:190} INFO - [2026-09-12T22:47:08.487+0000] {dag.py:4156} INFO - Setting next_dagrun for WeatherToronto_ETL to 2026-09-12 18:00:00+00:00, run_after=2026-09-13 18:00:00+00:00
[2026-09-12T22:47:08.493+0000] {processor.py:208} INFO - Processing /opt/airflow/dags/Shi_HW 3.py took 0.055 seconds
[2026-09-12T22:47:38.870+0000] {processor.py:186} INFO - Started process (PID=10610) to work on /opt/airflow/dags/Shi_HW 3.py
[2026-09-12T22:47:38.874+0000] {processor.py:914} INFO - Processing file /opt/airflow/dags/Shi_HW 3.py for tasks to queue
[2026-09-12T22:47:38.875+0000] {logging_mixin.py:190} INFO - [2026-09-12T22:47:38.874+0000] {dagbag.py:587} INFO - Filling up the DagBag from /opt/airflow/dags/Shi_HW 3.py
[2026-09-12T22:47:38.893+0000] {processor.py:925} INFO - DAG(s) 'WeatherToronto_ETL' retrieved from /opt/airflow/dags/Shi_HW 3.py
[2026-09-12T22:47:38.902+0000] {logging_mixin.py:190} INFO - [2026-09-12T22:47:38.902+0000] {dag.py:3229} INFO - Sync 1 DAGs
[2026-09-12T22:47:38.914+0000] {logging_mixin.py:190} INFO - [2026-09-12T22:47:38.914+0000] {dag.py:4156} INFO - Setting next_dagrun for WeatherToronto_ETL to 2026-09-12 18:00:00+00:00, run_after=2026-09-13 18:00:00+00:00
[2026-09-12T22:47:38.920+0000] {processor.py:208} INFO - Processing /opt/airflow/dags/Shi_HW 3.py took 0.056 seconds
[2026-09-12T22:48:09.314+0000] {processor.py:186} INFO - Started process (PID=10621) to work on /opt/airflow/dags/Shi_HW 3.py
[2026-09-12T22:48:09.317+0000] {processor.py:914} INFO - Processing file /opt/airflow/dags/Shi_HW 3.py for tasks to queue
[2026-09-12T22:48:09.318+0000] {logging_mixin.py:190} INFO - [2026-09-12T22:48:09.318+0000] {dagbag.py:587} INFO - Filling up the DagBag from /opt/airflow/dags/Shi_HW 3.py
[2026-09-12T22:48:09.335+0000] {processor.py:925} INFO - DAG(s) 'WeatherToronto_ETL' retrieved from /opt/airflow/dags/Shi_HW 3.py
[2026-09-12T22:48:09.345+0000] {logging_mixin.py:190} INFO - [2026-09-12T22:48:09.345+0000] {dag.py:3229} INFO - Sync 1 DAGs
[2026-09-12T22:48:09.356+0000] {logging_mixin.py:190} INFO - [2026-09-12T22:48:09.356+0000] {dag.py:4156} INFO - Setting next_dagrun for WeatherToronto_ETL to 2026-09-12 18:00:00+00:00, run_after=2026-09-13 18:00:00+00:00
[2026-09-12T22:48:09.362+0000] {processor.py:208} INFO - Processing /opt/airflow/dags/Shi_HW 3.py took 0.053 seconds
[2026-09-12T22:48:39.704+0000] {processor.py:186} INFO - Started process (PID=10632) to work on /opt/airflow/dags/Shi_HW 3.py
[2026-09-12T22:48:39.709+0000] {processor.py:914} INFO - Processing file /opt/airflow/dags/Shi_HW 3.py for tasks to queue
[2026-09-12T22:48:39.710+0000] {logging_mixin.py:190} INFO - [2026-09-12T22:48:39.709+0000] {dagbag.py:587} INFO - Filling up the DagBag from /opt/airflow/dags/Shi_HW 3.py
[2026-09-12T22:48:39.727+0000] {processor.py:925} INFO - DAG(s) 'WeatherToronto_ETL' retrieved from /opt/airflow/dags/Shi_HW 3.py
[2026-09-12T22:48:39.737+0000] {logging_mixin.py:190} INFO - [2026-09-12T22:48:39.736+0000] {dag.py:3229} INFO - Sync 1 DAGs
[2026-09-12T22:48:39.747+0000] {logging_mixin.py:190} INFO - [2026-09-12T22:48:39.747+0000] {dag.py:4156} INFO - Setting next_dagrun for WeatherToronto_ETL to 2026-09-12 18:00:00+00:00, run_after=2026-09-13 18:00:00+00:00
[2026-09-12T22:48:39.753+0000] {processor.py:208} INFO - Processing /opt/airflow/dags/Shi_HW 3.py took 0.055 seconds
[2026-09-12T22:49:10.126+0000] {processor.py:186} INFO - Started process (PID=10643) to work on /opt/airflow/dags/Shi_HW 3.py
[2026-09-12T22:49:10.131+0000] {processor.py:914} INFO - Processing file /opt/airflow/dags/Shi_HW 3.py for tasks to queue
[2026-09-12T22:49:10.133+0000] {logging_mixin.py:190} INFO - [2026-09-12T22:49:10.132+0000] {dagbag.py:587} INFO - Filling up the DagBag from /opt/airflow/dags/Shi_HW 3.py
[2026-09-12T22:49:10.152+0000] {processor.py:925} INFO - DAG(s) 'WeatherToronto_ETL' retrieved from /opt/airflow/dags/Shi_HW 3.py
[2026-09-12T22:49:10.162+0000] {logging_mixin.py:190} INFO - [2026-09-12T22:49:10.161+0000] {dag.py:3229} INFO - Sync 1 DAGs
[2026-09-12T22:49:10.173+0000] {logging_mixin.py:190} INFO - [2026-09-12T22:49:10.173+0000] {dag.py:4156} INFO - Setting next_dagrun for WeatherToronto_ETL to 2026-09-12 18:00:00+00:00, run_after=2026-09-13 18:00:00+00:00
[2026-09-12T22:49:10.179+0000] {processor.py:208} INFO - Processing /opt/airflow/dags/Shi_HW 3.py took 0.059 seconds
[2026-09-12T22:49:40.550+0000] {processor.py:186} INFO - Started process (PID=10654) to work on /opt/airflow/dags/Shi_HW 3.py
[2026-09-12T22:49:40.554+0000] {processor.py:914} INFO - Processing file /opt/airflow/dags/Shi_HW 3.py for tasks to queue
[2026-09-12T22:49:40.555+0000] {logging_mixin.py:190} INFO - [2026-09-12T22:49:40.554+0000] {dagbag.py:587} INFO - Filling up the DagBag from /opt/airflow/dags/Shi_HW 3.py
[2026-09-12T22:49:40.576+0000] {processor.py:925} INFO - DAG(s) 'WeatherToronto_ETL' retrieved from /opt/airflow/dags/Shi_HW 3.py
[2026-09-12T22:49:40.586+0000] {logging_mixin.py:190} INFO - [2026-09-12T22:49:40.585+0000] {dag.py:3229} INFO - Sync 1 DAGs
[2026-09-12T22:49:40.596+0000] {logging_mixin.py:190} INFO - [2026-09-12T22:49:40.596+0000] {dag.py:4156} INFO - Setting next_dagrun for WeatherToronto_ETL to 2026-09-12 18:00:00+00:00, run_after=2026-09-13 18:00:00+00:00
[2026-09-12T22:49:40.603+0000] {processor.py:208} INFO - Processing /opt/airflow/dags/Shi_HW 3.py took 0.061 seconds
[2026-09-12T22:50:11.012+0000] {processor.py:186} INFO - Started process (PID=10665) to work on /opt/airflow/dags/Shi_HW 3.py
[2026-09-12T22:50:11.014+0000] {processor.py:914} INFO - Processing file /opt/airflow/dags/Shi_HW 3.py for tasks to queue
[2026-09-12T22:50:11.016+0000] {logging_mixin.py:190} INFO - [2026-09-12T22:50:11.015+0000] {dagbag.py:587} INFO - Filling up the DagBag from /opt/airflow/dags/Shi_HW 3.py
[2026-09-12T22:50:11.041+0000] {processor.py:925} INFO - DAG(s) 'WeatherToronto_ETL' retrieved from /opt/airflow/dags/Shi_HW 3.py
[2026-09-12T22:50:11.055+0000] {logging_mixin.py:190} INFO - [2026-09-12T22:50:11.054+0000] {dag.py:3229} INFO - Sync 1 DAGs
[2026-09-12T22:50:11.068+0000] {logging_mixin.py:190} INFO - [2026-09-12T22:50:11.068+0000] {dag.py:4156} INFO - Setting next_dagrun for WeatherToronto_ETL to 2026-09-12 18:00:00+00:00, run_after=2026-09-13 18:00:00+00:00
[2026-09-12T22:50:11.075+0000] {processor.py:208} INFO - Processing /opt/airflow/dags/Shi_HW 3.py took 0.072 seconds
[2026-09-12T22:50:41.442+0000] {processor.py:186} INFO - Started process (PID=10676) to work on /opt/airflow/dags/Shi_HW 3.py
[2026-09-12T22:50:41.447+0000] {processor.py:914} INFO - Processing file /opt/airflow/dags/Shi_HW 3.py for tasks to queue
[2026-09-12T22:50:41.448+0000] {logging_mixin.py:190} INFO - [2026-09-12T22:50:41.447+0000] {dagbag.py:587} INFO - Filling up the DagBag from /opt/airflow/dags/Shi_HW 3.py
[2026-09-12T22:50:41.465+0000] {processor.py:925} INFO - DAG(s) 'WeatherToronto_ETL' retrieved from /opt/airflow/dags/Shi_HW 3.py
[2026-09-12T22:50:41.474+0000] {logging_mixin.py:190} INFO - [2026-09-12T22:50:41.474+0000] {dag.py:3229} INFO - Sync 1 DAGs
[2026-09-12T22:50:41.485+0000] {logging_mixin.py:190} INFO - [2026-09-12T22:50:41.485+0000] {dag.py:4156} INFO - Setting next_dagrun for WeatherToronto_ETL to 2026-09-12 18:00:00+00:00, run_after=2026-09-13 18:00:00+00:00
[2026-09-12T22:50:41.491+0000] {processor.py:208} INFO - Processing /opt/airflow/dags/Shi_HW 3.py took 0.054 seconds
[2026-09-12T22:51:11.816+0000] {processor.py:186} INFO - Started process (PID=10687) to work on /opt/airflow/dags/Shi_HW 3.py
[2026-09-12T22:51:11.821+0000] {processor.py:914} INFO - Processing file /opt/airflow/dags/Shi_HW 3.py for tasks to queue
[2026-09-12T22:51:11.822+0000] {logging_mixin.py:190} INFO - [2026-09-12T22:51:11.821+0000] {dagbag.py:587} INFO - Filling up the DagBag from /opt/airflow/dags/Shi_HW 3.py
[2026-09-12T22:51:11.840+0000] {processor.py:925} INFO - DAG(s) 'WeatherToronto_ETL' retrieved from /opt/airflow/dags/Shi_HW 3.py
[2026-09-12T22:51:11.850+0000] {logging_mixin.py:190} INFO - [2026-09-12T22:51:11.849+0000] {dag.py:3229} INFO - Sync 1 DAGs
[2026-09-12T22:51:11.859+0000] {logging_mixin.py:190} INFO - [2026-09-12T22:51:11.859+0000] {dag.py:4156} INFO - Setting next_dagrun for WeatherToronto_ETL to 2026-09-12 18:00:00+00:00, run_after=2026-09-13 18:00:00+00:00
[2026-09-12T22:51:11.865+0000] {processor.py:208} INFO - Processing /opt/airflow/dags/Shi_HW 3.py took 0.055 seconds
[2026-09-12T22:51:42.233+0000] {processor.py:186} INFO - Started process (PID=10698) to work on /opt/airflow/dags/Shi_HW 3.py
[2026-09-12T22:51:42.237+0000] {processor.py:914} INFO - Processing file /opt/airflow/dags/Shi_HW 3.py for tasks to queue
[2026-09-12T22:51:42.238+0000] {logging_mixin.py:190} INFO - [2026-09-12T22:51:42.238+0000] {dagbag.py:587} INFO - Filling up the DagBag from /opt/airflow/dags/Shi_HW 3.py
[2026-09-12T22:51:42.256+0000] {processor.py:925} INFO - DAG(s) 'WeatherToronto_ETL' retrieved from /opt/airflow/dags/Shi_HW 3.py
[2026-09-12T22:51:42.265+0000] {logging_mixin.py:190} INFO - [2026-09-12T22:51:42.264+0000] {dag.py:3229} INFO - Sync 1 DAGs
[2026-09-12T22:51:42.275+0000] {logging_mixin.py:190} INFO - [2026-09-12T22:51:42.275+0000] {dag.py:4156} INFO - Setting next_dagrun for WeatherToronto_ETL to 2026-09-12 18:00:00+00:00, run_after=2026-09-13 18:00:00+00:00
[2026-09-12T22:51:42.280+0000] {processor.py:208} INFO - Processing /opt/airflow/dags/Shi_HW 3.py took 0.053 seconds
[2026-09-12T22:52:12.663+0000] {processor.py:186} INFO - Started process (PID=10709) to work on /opt/airflow/dags/Shi_HW 3.py
[2026-09-12T22:52:12.679+0000] {processor.py:914} INFO - Processing file /opt/airflow/dags/Shi_HW 3.py for tasks to queue
[2026-09-12T22:52:12.680+0000] {logging_mixin.py:190} INFO - [2026-09-12T22:52:12.680+0000] {dagbag.py:587} INFO - Filling up the DagBag from /opt/airflow/dags/Shi_HW 3.py
[2026-09-12T22:52:12.695+0000] {processor.py:925} INFO - DAG(s) 'WeatherToronto_ETL' retrieved from /opt/airflow/dags/Shi_HW 3.py
[2026-09-12T22:52:12.704+0000] {logging_mixin.py:190} INFO - [2026-09-12T22:52:12.703+0000] {dag.py:3229} INFO - Sync 1 DAGs
[2026-09-12T22:52:12.714+0000] {logging_mixin.py:190} INFO - [2026-09-12T22:52:12.714+0000] {dag.py:4156} INFO - Setting next_dagrun for WeatherToronto_ETL to 2026-09-12 18:00:00+00:00, run_after=2026-09-13 18:00:00+00:00
[2026-09-12T22:52:12.721+0000] {processor.py:208} INFO - Processing /opt/airflow/dags/Shi_HW 3.py took 0.063 seconds
[2026-09-12T22:52:43.108+0000] {processor.py:186} INFO - Started process (PID=10720) to work on /opt/airflow/dags/Shi_HW 3.py
[2026-09-12T22:52:43.112+0000] {processor.py:914} INFO - Processing file /opt/airflow/dags/Shi_HW 3.py for tasks to queue
[2026-09-12T22:52:43.113+0000] {logging_mixin.py:190} INFO - [2026-09-12T22:52:43.112+0000] {dagbag.py:587} INFO - Filling up the DagBag from /opt/airflow/dags/Shi_HW 3.py
[2026-09-12T22:52:43.133+0000] {processor.py:925} INFO - DAG(s) 'WeatherToronto_ETL' retrieved from /opt/airflow/dags/Shi_HW 3.py
[2026-09-12T22:52:43.142+0000] {logging_mixin.py:190} INFO - [2026-09-12T22:52:43.142+0000] {dag.py:3229} INFO - Sync 1 DAGs
[2026-09-12T22:52:43.154+0000] {logging_mixin.py:190} INFO - [2026-09-12T22:52:43.154+0000] {dag.py:4156} INFO - Setting next_dagrun for WeatherToronto_ETL to 2026-09-12 18:00:00+00:00, run_after=2026-09-13 18:00:00+00:00
[2026-09-12T22:52:43.160+0000] {processor.py:208} INFO - Processing /opt/airflow/dags/Shi_HW 3.py took 0.058 seconds
[2026-09-12T22:53:13.500+0000] {processor.py:186} INFO - Started process (PID=10731) to work on /opt/airflow/dags/Shi_HW 3.py
[2026-09-12T22:53:13.502+0000] {processor.py:914} INFO - Processing file /opt/airflow/dags/Shi_HW 3.py for tasks to queue
[2026-09-12T22:53:13.503+0000] {logging_mixin.py:190} INFO - [2026-09-12T22:53:13.503+0000] {dagbag.py:587} INFO - Filling up the DagBag from /opt/airflow/dags/Shi_HW 3.py
[2026-09-12T22:53:13.522+0000] {processor.py:925} INFO - DAG(s) 'WeatherToronto_ETL' retrieved from /opt/airflow/dags/Shi_HW 3.py
[2026-09-12T22:53:13.533+0000] {logging_mixin.py:190} INFO - [2026-09-12T22:53:13.531+0000] {dag.py:3229} INFO - Sync 1 DAGs
[2026-09-12T22:53:13.543+0000] {logging_mixin.py:190} INFO - [2026-09-12T22:53:13.543+0000] {dag.py:4156} INFO - Setting next_dagrun for WeatherToronto_ETL to 2026-09-12 18:00:00+00:00, run_after=2026-09-13 18:00:00+00:00
[2026-09-12T22:53:13.550+0000] {processor.py:208} INFO - Processing /opt/airflow/dags/Shi_HW 3.py took 0.056 seconds
[2026-09-12T22:53:43.946+0000] {processor.py:186} INFO - Started process (PID=10742) to work on /opt/airflow/dags/Shi_HW 3.py
[2026-09-12T22:53:43.950+0000] {processor.py:914} INFO - Processing file /opt/airflow/dags/Shi_HW 3.py for tasks to queue
[2026-09-12T22:53:43.951+0000] {logging_mixin.py:190} INFO - [2026-09-12T22:53:43.950+0000] {dagbag.py:587} INFO - Filling up the DagBag from /opt/airflow/dags/Shi_HW 3.py
[2026-09-12T22:53:43.970+0000] {processor.py:925} INFO - DAG(s) 'WeatherToronto_ETL' retrieved from /opt/airflow/dags/Shi_HW 3.py
[2026-09-12T22:53:43.981+0000] {logging_mixin.py:190} INFO - [2026-09-12T22:53:43.980+0000] {dag.py:3229} INFO - Sync 1 DAGs
[2026-09-12T22:53:43.992+0000] {logging_mixin.py:190} INFO - [2026-09-12T22:53:43.992+0000] {dag.py:4156} INFO - Setting next_dagrun for WeatherToronto_ETL to 2026-09-12 18:00:00+00:00, run_after=2026-09-13 18:00:00+00:00
[2026-09-12T22:53:43.999+0000] {processor.py:208} INFO - Processing /opt/airflow/dags/Shi_HW 3.py took 0.058 seconds
[2026-09-12T22:54:14.407+0000] {processor.py:186} INFO - Started process (PID=10753) to work on /opt/airflow/dags/Shi_HW 3.py
[2026-09-12T22:54:14.410+0000] {processor.py:914} INFO - Processing file /opt/airflow/dags/Shi_HW 3.py for tasks to queue
[2026-09-12T22:54:14.411+0000] {logging_mixin.py:190} INFO - [2026-09-12T22:54:14.411+0000] {dagbag.py:587} INFO - Filling up the DagBag from /opt/airflow/dags/Shi_HW 3.py
[2026-09-12T22:54:14.429+0000] {processor.py:925} INFO - DAG(s) 'WeatherToronto_ETL' retrieved from /opt/airflow/dags/Shi_HW 3.py
[2026-09-12T22:54:14.439+0000] {logging_mixin.py:190} INFO - [2026-09-12T22:54:14.438+0000] {dag.py:3229} INFO - Sync 1 DAGs
[2026-09-12T22:54:14.450+0000] {logging_mixin.py:190} INFO - [2026-09-12T22:54:14.449+0000] {dag.py:4156} INFO - Setting next_dagrun for WeatherToronto_ETL to 2026-09-12 18:00:00+00:00, run_after=2026-09-13 18:00:00+00:00
[2026-09-12T22:54:14.459+0000] {processor.py:208} INFO - Processing /opt/airflow/dags/Shi_HW 3.py took 0.058 seconds
[2026-09-12T22:54:44.755+0000] {processor.py:186} INFO - Started process (PID=10764) to work on /opt/airflow/dags/Shi_HW 3.py
[2026-09-12T22:54:44.758+0000] {processor.py:914} INFO - Processing file /opt/airflow/dags/Shi_HW 3.py for tasks to queue
[2026-09-12T22:54:44.759+0000] {logging_mixin.py:190} INFO - [2026-09-12T22:54:44.759+0000] {dagbag.py:587} INFO - Filling up the DagBag from /opt/airflow/dags/Shi_HW 3.py
[2026-09-12T22:54:44.787+0000] {processor.py:925} INFO - DAG(s) 'WeatherToronto_ETL' retrieved from /opt/airflow/dags/Shi_HW 3.py
[2026-09-12T22:54:44.801+0000] {logging_mixin.py:190} INFO - [2026-09-12T22:54:44.800+0000] {dag.py:3229} INFO - Sync 1 DAGs
[2026-09-12T22:54:44.813+0000] {logging_mixin.py:190} INFO - [2026-09-12T22:54:44.813+0000] {dag.py:4156} INFO - Setting next_dagrun for WeatherToronto_ETL to 2026-09-12 18:00:00+00:00, run_after=2026-09-13 18:00:00+00:00
[2026-09-12T22:54:44.820+0000] {processor.py:208} INFO - Processing /opt/airflow/dags/Shi_HW 3.py took 0.073 seconds
[2026-09-12T22:55:15.225+0000] {processor.py:186} INFO - Started process (PID=10781) to work on /opt/airflow/dags/Shi_HW 3.py
[2026-09-12T22:55:15.230+0000] {processor.py:914} INFO - Processing file /opt/airflow/dags/Shi_HW 3.py for tasks to queue
[2026-09-12T22:55:15.231+0000] {logging_mixin.py:190} INFO - [2026-09-12T22:55:15.231+0000] {dagbag.py:587} INFO - Filling up the DagBag from /opt/airflow/dags/Shi_HW 3.py
[2026-09-12T22:55:15.253+0000] {processor.py:925} INFO - DAG(s) 'WeatherToronto_ETL' retrieved from /opt/airflow/dags/Shi_HW 3.py
[2026-09-12T22:55:15.263+0000] {logging_mixin.py:190} INFO - [2026-09-12T22:55:15.263+0000] {dag.py:3229} INFO - Sync 1 DAGs
[2026-09-12T22:55:15.277+0000] {logging_mixin.py:190} INFO - [2026-09-12T22:55:15.277+0000] {dag.py:4156} INFO - Setting next_dagrun for WeatherToronto_ETL to 2026-09-12 18:00:00+00:00, run_after=2026-09-13 18:00:00+00:00
[2026-09-12T22:55:15.284+0000] {processor.py:208} INFO - Processing /opt/airflow/dags/Shi_HW 3.py took 0.067 seconds
[2026-09-12T22:55:45.740+0000] {processor.py:186} INFO - Started process (PID=10792) to work on /opt/airflow/dags/Shi_HW 3.py
[2026-09-12T22:55:45.744+0000] {processor.py:914} INFO - Processing file /opt/airflow/dags/Shi_HW 3.py for tasks to queue
[2026-09-12T22:55:45.745+0000] {logging_mixin.py:190} INFO - [2026-09-12T22:55:45.744+0000] {dagbag.py:587} INFO - Filling up the DagBag from /opt/airflow/dags/Shi_HW 3.py
[2026-09-12T22:55:45.768+0000] {processor.py:925} INFO - DAG(s) 'WeatherToronto_ETL' retrieved from /opt/airflow/dags/Shi_HW 3.py
[2026-09-12T22:55:45.779+0000] {logging_mixin.py:190} INFO - [2026-09-12T22:55:45.777+0000] {dag.py:3229} INFO - Sync 1 DAGs
[2026-09-12T22:55:45.791+0000] {logging_mixin.py:190} INFO - [2026-09-12T22:55:45.791+0000] {dag.py:4156} INFO - Setting next_dagrun for WeatherToronto_ETL to 2026-09-12 18:00:00+00:00, run_after=2026-09-13 18:00:00+00:00
[2026-09-12T22:55:45.799+0000] {processor.py:208} INFO - Processing /opt/airflow/dags/Shi_HW 3.py took 0.065 seconds
[2026-09-12T22:56:16.235+0000] {processor.py:186} INFO - Started process (PID=10803) to work on /opt/airflow/dags/Shi_HW 3.py
[2026-09-12T22:56:16.239+0000] {processor.py:914} INFO - Processing file /opt/airflow/dags/Shi_HW 3.py for tasks to queue
[2026-09-12T22:56:16.241+0000] {logging_mixin.py:190} INFO - [2026-09-12T22:56:16.240+0000] {dagbag.py:587} INFO - Filling up the DagBag from /opt/airflow/dags/Shi_HW 3.py
[2026-09-12T22:56:16.271+0000] {processor.py:925} INFO - DAG(s) 'WeatherToronto_ETL' retrieved from /opt/airflow/dags/Shi_HW 3.py
[2026-09-12T22:56:16.284+0000] {logging_mixin.py:190} INFO - [2026-09-12T22:56:16.283+0000] {dag.py:3229} INFO - Sync 1 DAGs
[2026-09-12T22:56:16.297+0000] {logging_mixin.py:190} INFO - [2026-09-12T22:56:16.297+0000] {dag.py:4156} INFO - Setting next_dagrun for WeatherToronto_ETL to 2026-09-12 18:00:00+00:00, run_after=2026-09-13 18:00:00+00:00
[2026-09-12T22:56:16.305+0000] {processor.py:208} INFO - Processing /opt/airflow/dags/Shi_HW 3.py took 0.079 seconds
[2026-09-12T22:56:46.672+0000] {processor.py:186} INFO - Started process (PID=10814) to work on /opt/airflow/dags/Shi_HW 3.py
[2026-09-12T22:56:46.676+0000] {processor.py:914} INFO - Processing file /opt/airflow/dags/Shi_HW 3.py for tasks to queue
[2026-09-12T22:56:46.677+0000] {logging_mixin.py:190} INFO - [2026-09-12T22:56:46.677+0000] {dagbag.py:587} INFO - Filling up the DagBag from /opt/airflow/dags/Shi_HW 3.py
[2026-09-12T22:56:46.702+0000] {processor.py:925} INFO - DAG(s) 'WeatherToronto_ETL' retrieved from /opt/airflow/dags/Shi_HW 3.py
[2026-09-12T22:56:46.716+0000] {logging_mixin.py:190} INFO - [2026-09-12T22:56:46.715+0000] {dag.py:3229} INFO - Sync 1 DAGs
[2026-09-12T22:56:46.731+0000] {logging_mixin.py:190} INFO - [2026-09-12T22:56:46.731+0000] {dag.py:4156} INFO - Setting next_dagrun for WeatherToronto_ETL to 2026-09-12 18:00:00+00:00, run_after=2026-09-13 18:00:00+00:00
[2026-09-12T22:56:46.739+0000] {processor.py:208} INFO - Processing /opt/airflow/dags/Shi_HW 3.py took 0.074 seconds
[2026-09-12T22:57:17.224+0000] {processor.py:186} INFO - Started process (PID=10825) to work on /opt/airflow/dags/Shi_HW 3.py
[2026-09-12T22:57:17.227+0000] {processor.py:914} INFO - Processing file /opt/airflow/dags/Shi_HW 3.py for tasks to queue
[2026-09-12T22:57:17.228+0000] {logging_mixin.py:190} INFO - [2026-09-12T22:57:17.228+0000] {dagbag.py:587} INFO - Filling up the DagBag from /opt/airflow/dags/Shi_HW 3.py
[2026-09-12T22:57:17.261+0000] {processor.py:925} INFO - DAG(s) 'WeatherToronto_ETL' retrieved from /opt/airflow/dags/Shi_HW 3.py
[2026-09-12T22:57:17.276+0000] {logging_mixin.py:190} INFO - [2026-09-12T22:57:17.274+0000] {dag.py:3229} INFO - Sync 1 DAGs
[2026-09-12T22:57:17.290+0000] {logging_mixin.py:190} INFO - [2026-09-12T22:57:17.290+0000] {dag.py:4156} INFO - Setting next_dagrun for WeatherToronto_ETL to 2026-09-12 18:00:00+00:00, run_after=2026-09-13 18:00:00+00:00
[2026-09-12T22:57:17.298+0000] {processor.py:208} INFO - Processing /opt/airflow/dags/Shi_HW 3.py took 0.086 seconds
[2026-09-12T22:57:47.594+0000] {processor.py:186} INFO - Started process (PID=10836) to work on /opt/airflow/dags/Shi_HW 3.py
[2026-09-12T22:57:47.599+0000] {processor.py:914} INFO - Processing file /opt/airflow/dags/Shi_HW 3.py for tasks to queue
[2026-09-12T22:57:47.600+0000] {logging_mixin.py:190} INFO - [2026-09-12T22:57:47.600+0000] {dagbag.py:587} INFO - Filling up the DagBag from /opt/airflow/dags/Shi_HW 3.py
[2026-09-12T22:57:47.620+0000] {processor.py:925} INFO - DAG(s) 'WeatherToronto_ETL' retrieved from /opt/airflow/dags/Shi_HW 3.py
[2026-09-12T22:57:47.632+0000] {logging_mixin.py:190} INFO - [2026-09-12T22:57:47.631+0000] {dag.py:3229} INFO - Sync 1 DAGs
[2026-09-12T22:57:47.644+0000] {logging_mixin.py:190} INFO - [2026-09-12T22:57:47.644+0000] {dag.py:4156} INFO - Setting next_dagrun for WeatherToronto_ETL to 2026-09-12 18:00:00+00:00, run_after=2026-09-13 18:00:00+00:00
[2026-09-12T22:57:47.651+0000] {processor.py:208} INFO - Processing /opt/airflow/dags/Shi_HW 3.py took 0.072 seconds
[2026-09-12T22:58:18.010+0000] {processor.py:186} INFO - Started process (PID=10847) to work on /opt/airflow/dags/Shi_HW 3.py
[2026-09-12T22:58:18.014+0000] {processor.py:914} INFO - Processing file /opt/airflow/dags/Shi_HW 3.py for tasks to queue
[2026-09-12T22:58:18.015+0000] {logging_mixin.py:190} INFO - [2026-09-12T22:58:18.014+0000] {dagbag.py:587} INFO - Filling up the DagBag from /opt/airflow/dags/Shi_HW 3.py
[2026-09-12T22:58:18.049+0000] {processor.py:925} INFO - DAG(s) 'WeatherToronto_ETL' retrieved from /opt/airflow/dags/Shi_HW 3.py
[2026-09-12T22:58:18.065+0000] {logging_mixin.py:190} INFO - [2026-09-12T22:58:18.063+0000] {dag.py:3229} INFO - Sync 1 DAGs
[2026-09-12T22:58:18.080+0000] {logging_mixin.py:190} INFO - [2026-09-12T22:58:18.080+0000] {dag.py:4156} INFO - Setting next_dagrun for WeatherToronto_ETL to 2026-09-12 18:00:00+00:00, run_after=2026-09-13 18:00:00+00:00
[2026-09-12T22:58:18.087+0000] {processor.py:208} INFO - Processing /opt/airflow/dags/Shi_HW 3.py took 0.086 seconds
[2026-09-12T22:58:48.566+0000] {processor.py:186} INFO - Started process (PID=10858) to work on /opt/airflow/dags/Shi_HW 3.py
[2026-09-12T22:58:48.570+0000] {processor.py:914} INFO - Processing file /opt/airflow/dags/Shi_HW 3.py for tasks to queue
[2026-09-12T22:58:48.572+0000] {logging_mixin.py:190} INFO - [2026-09-12T22:58:48.571+0000] {dagbag.py:587} INFO - Filling up the DagBag from /opt/airflow/dags/Shi_HW 3.py
[2026-09-12T22:58:48.594+0000] {processor.py:925} INFO - DAG(s) 'WeatherToronto_ETL' retrieved from /opt/airflow/dags/Shi_HW 3.py
[2026-09-12T22:58:48.605+0000] {logging_mixin.py:190} INFO - [2026-09-12T22:58:48.604+0000] {dag.py:3229} INFO - Sync 1 DAGs
[2026-09-12T22:58:48.619+0000] {logging_mixin.py:190} INFO - [2026-09-12T22:58:48.619+0000] {dag.py:4156} INFO - Setting next_dagrun for WeatherToronto_ETL to 2026-09-12 18:00:00+00:00, run_after=2026-09-13 18:00:00+00:00
[2026-09-12T22:58:48.626+0000] {processor.py:208} INFO - Processing /opt/airflow/dags/Shi_HW 3.py took 0.067 seconds
[2026-09-12T22:59:19.032+0000] {processor.py:186} INFO - Started process (PID=10868) to work on /opt/airflow/dags/Shi_HW 3.py
[2026-09-12T22:59:19.035+0000] {processor.py:914} INFO - Processing file /opt/airflow/dags/Shi_HW 3.py for tasks to queue
[2026-09-12T22:59:19.037+0000] {logging_mixin.py:190} INFO - [2026-09-12T22:59:19.036+0000] {dagbag.py:587} INFO - Filling up the DagBag from /opt/airflow/dags/Shi_HW 3.py
[2026-09-12T22:59:19.069+0000] {processor.py:925} INFO - DAG(s) 'WeatherToronto_ETL' retrieved from /opt/airflow/dags/Shi_HW 3.py
[2026-09-12T22:59:19.084+0000] {logging_mixin.py:190} INFO - [2026-09-12T22:59:19.083+0000] {dag.py:3229} INFO - Sync 1 DAGs
[2026-09-12T22:59:19.102+0000] {logging_mixin.py:190} INFO - [2026-09-12T22:59:19.102+0000] {dag.py:4156} INFO - Setting next_dagrun for WeatherToronto_ETL to 2026-09-12 18:00:00+00:00, run_after=2026-09-13 18:00:00+00:00
[2026-09-12T22:59:19.109+0000] {processor.py:208} INFO - Processing /opt/airflow/dags/Shi_HW 3.py took 0.088 seconds
[2026-09-12T22:59:49.475+0000] {processor.py:186} INFO - Started process (PID=10879) to work on /opt/airflow/dags/Shi_HW 3.py
[2026-09-12T22:59:49.479+0000] {processor.py:914} INFO - Processing file /opt/airflow/dags/Shi_HW 3.py for tasks to queue
[2026-09-12T22:59:49.480+0000] {logging_mixin.py:190} INFO - [2026-09-12T22:59:49.480+0000] {dagbag.py:587} INFO - Filling up the DagBag from /opt/airflow/dags/Shi_HW 3.py
[2026-09-12T22:59:49.499+0000] {processor.py:925} INFO - DAG(s) 'WeatherToronto_ETL' retrieved from /opt/airflow/dags/Shi_HW 3.py
[2026-09-12T22:59:49.509+0000] {logging_mixin.py:190} INFO - [2026-09-12T22:59:49.508+0000] {dag.py:3229} INFO - Sync 1 DAGs
[2026-09-12T22:59:49.520+0000] {logging_mixin.py:190} INFO - [2026-09-12T22:59:49.519+0000] {dag.py:4156} INFO - Setting next_dagrun for WeatherToronto_ETL to 2026-09-12 18:00:00+00:00, run_after=2026-09-13 18:00:00+00:00
[2026-09-12T22:59:49.526+0000] {processor.py:208} INFO - Processing /opt/airflow/dags/Shi_HW 3.py took 0.056 seconds
[2026-09-12T23:00:19.867+0000] {processor.py:186} INFO - Started process (PID=10890) to work on /opt/airflow/dags/Shi_HW 3.py
[2026-09-12T23:00:19.871+0000] {processor.py:914} INFO - Processing file /opt/airflow/dags/Shi_HW 3.py for tasks to queue
[2026-09-12T23:00:19.872+0000] {logging_mixin.py:190} INFO - [2026-09-12T23:00:19.872+0000] {dagbag.py:587} INFO - Filling up the DagBag from /opt/airflow/dags/Shi_HW 3.py
[2026-09-12T23:00:19.890+0000] {processor.py:925} INFO - DAG(s) 'WeatherToronto_ETL' retrieved from /opt/airflow/dags/Shi_HW 3.py
[2026-09-12T23:00:19.900+0000] {logging_mixin.py:190} INFO - [2026-09-12T23:00:19.899+0000] {dag.py:3229} INFO - Sync 1 DAGs
[2026-09-12T23:00:19.911+0000] {logging_mixin.py:190} INFO - [2026-09-12T23:00:19.911+0000] {dag.py:4156} INFO - Setting next_dagrun for WeatherToronto_ETL to 2026-09-12 18:00:00+00:00, run_after=2026-09-13 18:00:00+00:00
[2026-09-12T23:00:19.919+0000] {processor.py:208} INFO - Processing /opt/airflow/dags/Shi_HW 3.py took 0.057 seconds
[2026-09-12T23:00:50.236+0000] {processor.py:186} INFO - Started process (PID=10901) to work on /opt/airflow/dags/Shi_HW 3.py
[2026-09-12T23:00:50.241+0000] {processor.py:914} INFO - Processing file /opt/airflow/dags/Shi_HW 3.py for tasks to queue
[2026-09-12T23:00:50.242+0000] {logging_mixin.py:190} INFO - [2026-09-12T23:00:50.242+0000] {dagbag.py:587} INFO - Filling up the DagBag from /opt/airflow/dags/Shi_HW 3.py
[2026-09-12T23:00:50.271+0000] {processor.py:925} INFO - DAG(s) 'WeatherToronto_ETL' retrieved from /opt/airflow/dags/Shi_HW 3.py
[2026-09-12T23:00:50.286+0000] {logging_mixin.py:190} INFO - [2026-09-12T23:00:50.284+0000] {dag.py:3229} INFO - Sync 1 DAGs
[2026-09-12T23:00:50.300+0000] {logging_mixin.py:190} INFO - [2026-09-12T23:00:50.300+0000] {dag.py:4156} INFO - Setting next_dagrun for WeatherToronto_ETL to 2026-09-12 18:00:00+00:00, run_after=2026-09-13 18:00:00+00:00
[2026-09-12T23:00:50.307+0000] {processor.py:208} INFO - Processing /opt/airflow/dags/Shi_HW 3.py took 0.083 seconds
[2026-09-12T23:01:20.661+0000] {processor.py:186} INFO - Started process (PID=10912) to work on /opt/airflow/dags/Shi_HW 3.py
[2026-09-12T23:01:20.666+0000] {processor.py:914} INFO - Processing file /opt/airflow/dags/Shi_HW 3.py for tasks to queue
[2026-09-12T23:01:20.667+0000] {logging_mixin.py:190} INFO - [2026-09-12T23:01:20.666+0000] {dagbag.py:587} INFO - Filling up the DagBag from /opt/airflow/dags/Shi_HW 3.py
[2026-09-12T23:01:20.683+0000] {processor.py:925} INFO - DAG(s) 'WeatherToronto_ETL' retrieved from /opt/airflow/dags/Shi_HW 3.py
[2026-09-12T23:01:20.693+0000] {logging_mixin.py:190} INFO - [2026-09-12T23:01:20.692+0000] {dag.py:3229} INFO - Sync 1 DAGs
[2026-09-12T23:01:20.703+0000] {logging_mixin.py:190} INFO - [2026-09-12T23:01:20.703+0000] {dag.py:4156} INFO - Setting next_dagrun for WeatherToronto_ETL to 2026-09-12 18:00:00+00:00, run_after=2026-09-13 18:00:00+00:00
[2026-09-12T23:01:20.710+0000] {processor.py:208} INFO - Processing /opt/airflow/dags/Shi_HW 3.py took 0.054 seconds
[2026-09-12T23:01:51.099+0000] {processor.py:186} INFO - Started process (PID=10923) to work on /opt/airflow/dags/Shi_HW 3.py
[2026-09-12T23:01:51.102+0000] {processor.py:914} INFO - Processing file /opt/airflow/dags/Shi_HW 3.py for tasks to queue
[2026-09-12T23:01:51.103+0000] {logging_mixin.py:190} INFO - [2026-09-12T23:01:51.102+0000] {dagbag.py:587} INFO - Filling up the DagBag from /opt/airflow/dags/Shi_HW 3.py
[2026-09-12T23:01:51.121+0000] {processor.py:925} INFO - DAG(s) 'WeatherToronto_ETL' retrieved from /opt/airflow/dags/Shi_HW 3.py
[2026-09-12T23:01:51.130+0000] {logging_mixin.py:190} INFO - [2026-09-12T23:01:51.130+0000] {dag.py:3229} INFO - Sync 1 DAGs
[2026-09-12T23:01:51.141+0000] {logging_mixin.py:190} INFO - [2026-09-12T23:01:51.141+0000] {dag.py:4156} INFO - Setting next_dagrun for WeatherToronto_ETL to 2026-09-12 18:00:00+00:00, run_after=2026-09-13 18:00:00+00:00
[2026-09-12T23:01:51.148+0000] {processor.py:208} INFO - Processing /opt/airflow/dags/Shi_HW 3.py took 0.057 seconds
[2026-09-12T23:02:21.553+0000] {processor.py:186} INFO - Started process (PID=10934) to work on /opt/airflow/dags/Shi_HW 3.py
[2026-09-12T23:02:21.556+0000] {processor.py:914} INFO - Processing file /opt/airflow/dags/Shi_HW 3.py for tasks to queue
[2026-09-12T23:02:21.557+0000] {logging_mixin.py:190} INFO - [2026-09-12T23:02:21.557+0000] {dagbag.py:587} INFO - Filling up the DagBag from /opt/airflow/dags/Shi_HW 3.py
[2026-09-12T23:02:21.575+0000] {processor.py:925} INFO - DAG(s) 'WeatherToronto_ETL' retrieved from /opt/airflow/dags/Shi_HW 3.py
[2026-09-12T23:02:21.583+0000] {logging_mixin.py:190} INFO - [2026-09-12T23:02:21.583+0000] {dag.py:3229} INFO - Sync 1 DAGs
[2026-09-12T23:02:21.593+0000] {logging_mixin.py:190} INFO - [2026-09-12T23:02:21.593+0000] {dag.py:4156} INFO - Setting next_dagrun for WeatherToronto_ETL to 2026-09-12 18:00:00+00:00, run_after=2026-09-13 18:00:00+00:00
[2026-09-12T23:02:21.600+0000] {processor.py:208} INFO - Processing /opt/airflow/dags/Shi_HW 3.py took 0.053 seconds
[2026-09-12T23:02:51.942+0000] {processor.py:186} INFO - Started process (PID=10945) to work on /opt/airflow/dags/Shi_HW 3.py
[2026-09-12T23:02:51.946+0000] {processor.py:914} INFO - Processing file /opt/airflow/dags/Shi_HW 3.py for tasks to queue
[2026-09-12T23:02:51.947+0000] {logging_mixin.py:190} INFO - [2026-09-12T23:02:51.946+0000] {dagbag.py:587} INFO - Filling up the DagBag from /opt/airflow/dags/Shi_HW 3.py
[2026-09-12T23:02:51.965+0000] {processor.py:925} INFO - DAG(s) 'WeatherToronto_ETL' retrieved from /opt/airflow/dags/Shi_HW 3.py
[2026-09-12T23:02:51.973+0000] {logging_mixin.py:190} INFO - [2026-09-12T23:02:51.973+0000] {dag.py:3229} INFO - Sync 1 DAGs
[2026-09-12T23:02:51.983+0000] {logging_mixin.py:190} INFO - [2026-09-12T23:02:51.983+0000] {dag.py:4156} INFO - Setting next_dagrun for WeatherToronto_ETL to 2026-09-12 18:00:00+00:00, run_after=2026-09-13 18:00:00+00:00
[2026-09-12T23:02:51.990+0000] {processor.py:208} INFO - Processing /opt/airflow/dags/Shi_HW 3.py took 0.054 seconds
[2026-09-12T23:03:22.319+0000] {processor.py:186} INFO - Started process (PID=10956) to work on /opt/airflow/dags/Shi_HW 3.py
[2026-09-12T23:03:22.323+0000] {processor.py:914} INFO - Processing file /opt/airflow/dags/Shi_HW 3.py for tasks to queue
[2026-09-12T23:03:22.324+0000] {logging_mixin.py:190} INFO - [2026-09-12T23:03:22.323+0000] {dagbag.py:587} INFO - Filling up the DagBag from /opt/airflow/dags/Shi_HW 3.py
[2026-09-12T23:03:22.340+0000] {processor.py:925} INFO - DAG(s) 'WeatherToronto_ETL' retrieved from /opt/airflow/dags/Shi_HW 3.py
[2026-09-12T23:03:22.349+0000] {logging_mixin.py:190} INFO - [2026-09-12T23:03:22.348+0000] {dag.py:3229} INFO - Sync 1 DAGs
[2026-09-12T23:03:22.359+0000] {logging_mixin.py:190} INFO - [2026-09-12T23:03:22.359+0000] {dag.py:4156} INFO - Setting next_dagrun for WeatherToronto_ETL to 2026-09-12 18:00:00+00:00, run_after=2026-09-13 18:00:00+00:00
[2026-09-12T23:03:22.366+0000] {processor.py:208} INFO - Processing /opt/airflow/dags/Shi_HW 3.py took 0.052 seconds
[2026-09-12T23:03:52.714+0000] {processor.py:186} INFO - Started process (PID=10967) to work on /opt/airflow/dags/Shi_HW 3.py
[2026-09-12T23:03:52.717+0000] {processor.py:914} INFO - Processing file /opt/airflow/dags/Shi_HW 3.py for tasks to queue
[2026-09-12T23:03:52.718+0000] {logging_mixin.py:190} INFO - [2026-09-12T23:03:52.718+0000] {dagbag.py:587} INFO - Filling up the DagBag from /opt/airflow/dags/Shi_HW 3.py
[2026-09-12T23:03:52.741+0000] {processor.py:925} INFO - DAG(s) 'WeatherToronto_ETL' retrieved from /opt/airflow/dags/Shi_HW 3.py
[2026-09-12T23:03:52.752+0000] {logging_mixin.py:190} INFO - [2026-09-12T23:03:52.751+0000] {dag.py:3229} INFO - Sync 1 DAGs
[2026-09-12T23:03:52.765+0000] {logging_mixin.py:190} INFO - [2026-09-12T23:03:52.765+0000] {dag.py:4156} INFO - Setting next_dagrun for WeatherToronto_ETL to 2026-09-12 18:00:00+00:00, run_after=2026-09-13 18:00:00+00:00
[2026-09-12T23:03:52.773+0000] {processor.py:208} INFO - Processing /opt/airflow/dags/Shi_HW 3.py took 0.065 seconds
[2026-09-12T23:04:23.144+0000] {processor.py:186} INFO - Started process (PID=10978) to work on /opt/airflow/dags/Shi_HW 3.py
[2026-09-12T23:04:23.148+0000] {processor.py:914} INFO - Processing file /opt/airflow/dags/Shi_HW 3.py for tasks to queue
[2026-09-12T23:04:23.149+0000] {logging_mixin.py:190} INFO - [2026-09-12T23:04:23.149+0000] {dagbag.py:587} INFO - Filling up the DagBag from /opt/airflow/dags/Shi_HW 3.py
[2026-09-12T23:04:23.177+0000] {processor.py:925} INFO - DAG(s) 'WeatherToronto_ETL' retrieved from /opt/airflow/dags/Shi_HW 3.py
[2026-09-12T23:04:23.197+0000] {logging_mixin.py:190} INFO - [2026-09-12T23:04:23.196+0000] {dag.py:3229} INFO - Sync 1 DAGs
[2026-09-12T23:04:23.212+0000] {logging_mixin.py:190} INFO - [2026-09-12T23:04:23.212+0000] {dag.py:4156} INFO - Setting next_dagrun for WeatherToronto_ETL to 2026-09-12 18:00:00+00:00, run_after=2026-09-13 18:00:00+00:00
[2026-09-12T23:04:23.221+0000] {processor.py:208} INFO - Processing /opt/airflow/dags/Shi_HW 3.py took 0.088 seconds
[2026-09-12T23:04:53.535+0000] {processor.py:186} INFO - Started process (PID=10989) to work on /opt/airflow/dags/Shi_HW 3.py
[2026-09-12T23:04:53.539+0000] {processor.py:914} INFO - Processing file /opt/airflow/dags/Shi_HW 3.py for tasks to queue
[2026-09-12T23:04:53.541+0000] {logging_mixin.py:190} INFO - [2026-09-12T23:04:53.540+0000] {dagbag.py:587} INFO - Filling up the DagBag from /opt/airflow/dags/Shi_HW 3.py
[2026-09-12T23:04:53.562+0000] {processor.py:925} INFO - DAG(s) 'WeatherToronto_ETL' retrieved from /opt/airflow/dags/Shi_HW 3.py
[2026-09-12T23:04:53.573+0000] {logging_mixin.py:190} INFO - [2026-09-12T23:04:53.572+0000] {dag.py:3229} INFO - Sync 1 DAGs
[2026-09-12T23:04:53.586+0000] {logging_mixin.py:190} INFO - [2026-09-12T23:04:53.586+0000] {dag.py:4156} INFO - Setting next_dagrun for WeatherToronto_ETL to 2026-09-12 18:00:00+00:00, run_after=2026-09-13 18:00:00+00:00
[2026-09-12T23:04:53.593+0000] {processor.py:208} INFO - Processing /opt/airflow/dags/Shi_HW 3.py took 0.065 seconds
[2026-09-12T23:05:24.027+0000] {processor.py:186} INFO - Started process (PID=11000) to work on /opt/airflow/dags/Shi_HW 3.py
[2026-09-12T23:05:24.032+0000] {processor.py:914} INFO - Processing file /opt/airflow/dags/Shi_HW 3.py for tasks to queue
[2026-09-12T23:05:24.033+0000] {logging_mixin.py:190} INFO - [2026-09-12T23:05:24.033+0000] {dagbag.py:587} INFO - Filling up the DagBag from /opt/airflow/dags/Shi_HW 3.py
[2026-09-12T23:05:24.053+0000] {processor.py:925} INFO - DAG(s) 'WeatherToronto_ETL' retrieved from /opt/airflow/dags/Shi_HW 3.py
[2026-09-12T23:05:24.062+0000] {logging_mixin.py:190} INFO - [2026-09-12T23:05:24.061+0000] {dag.py:3229} INFO - Sync 1 DAGs
[2026-09-12T23:05:24.074+0000] {logging_mixin.py:190} INFO - [2026-09-12T23:05:24.073+0000] {dag.py:4156} INFO - Setting next_dagrun for WeatherToronto_ETL to 2026-09-12 18:00:00+00:00, run_after=2026-09-13 18:00:00+00:00
[2026-09-12T23:05:24.080+0000] {processor.py:208} INFO - Processing /opt/airflow/dags/Shi_HW 3.py took 0.059 seconds
[2026-09-12T23:05:54.477+0000] {processor.py:186} INFO - Started process (PID=11011) to work on /opt/airflow/dags/Shi_HW 3.py
[2026-09-12T23:05:54.481+0000] {processor.py:914} INFO - Processing file /opt/airflow/dags/Shi_HW 3.py for tasks to queue
[2026-09-12T23:05:54.482+0000] {logging_mixin.py:190} INFO - [2026-09-12T23:05:54.482+0000] {dagbag.py:587} INFO - Filling up the DagBag from /opt/airflow/dags/Shi_HW 3.py
[2026-09-12T23:05:54.499+0000] {processor.py:925} INFO - DAG(s) 'WeatherToronto_ETL' retrieved from /opt/airflow/dags/Shi_HW 3.py
[2026-09-12T23:05:54.508+0000] {logging_mixin.py:190} INFO - [2026-09-12T23:05:54.507+0000] {dag.py:3229} INFO - Sync 1 DAGs
[2026-09-12T23:05:54.518+0000] {logging_mixin.py:190} INFO - [2026-09-12T23:05:54.518+0000] {dag.py:4156} INFO - Setting next_dagrun for WeatherToronto_ETL to 2026-09-12 18:00:00+00:00, run_after=2026-09-13 18:00:00+00:00
[2026-09-12T23:05:54.524+0000] {processor.py:208} INFO - Processing /opt/airflow/dags/Shi_HW 3.py took 0.053 seconds
[2026-09-12T23:06:24.884+0000] {processor.py:186} INFO - Started process (PID=11022) to work on /opt/airflow/dags/Shi_HW 3.py
[2026-09-12T23:06:24.888+0000] {processor.py:914} INFO - Processing file /opt/airflow/dags/Shi_HW 3.py for tasks to queue
[2026-09-12T23:06:24.889+0000] {logging_mixin.py:190} INFO - [2026-09-12T23:06:24.889+0000] {dagbag.py:587} INFO - Filling up the DagBag from /opt/airflow/dags/Shi_HW 3.py
[2026-09-12T23:06:24.910+0000] {processor.py:925} INFO - DAG(s) 'WeatherToronto_ETL' retrieved from /opt/airflow/dags/Shi_HW 3.py
[2026-09-12T23:06:24.922+0000] {logging_mixin.py:190} INFO - [2026-09-12T23:06:24.921+0000] {dag.py:3229} INFO - Sync 1 DAGs
[2026-09-12T23:06:24.935+0000] {logging_mixin.py:190} INFO - [2026-09-12T23:06:24.934+0000] {dag.py:4156} INFO - Setting next_dagrun for WeatherToronto_ETL to 2026-09-12 18:00:00+00:00, run_after=2026-09-13 18:00:00+00:00
[2026-09-12T23:06:24.942+0000] {processor.py:208} INFO - Processing /opt/airflow/dags/Shi_HW 3.py took 0.066 seconds
[2026-09-12T23:06:55.309+0000] {processor.py:186} INFO - Started process (PID=11033) to work on /opt/airflow/dags/Shi_HW 3.py
[2026-09-12T23:06:55.313+0000] {processor.py:914} INFO - Processing file /opt/airflow/dags/Shi_HW 3.py for tasks to queue
[2026-09-12T23:06:55.314+0000] {logging_mixin.py:190} INFO - [2026-09-12T23:06:55.314+0000] {dagbag.py:587} INFO - Filling up the DagBag from /opt/airflow/dags/Shi_HW 3.py
[2026-09-12T23:06:55.330+0000] {processor.py:925} INFO - DAG(s) 'WeatherToronto_ETL' retrieved from /opt/airflow/dags/Shi_HW 3.py
[2026-09-12T23:06:55.339+0000] {logging_mixin.py:190} INFO - [2026-09-12T23:06:55.338+0000] {dag.py:3229} INFO - Sync 1 DAGs
[2026-09-12T23:06:55.349+0000] {logging_mixin.py:190} INFO - [2026-09-12T23:06:55.349+0000] {dag.py:4156} INFO - Setting next_dagrun for WeatherToronto_ETL to 2026-09-12 18:00:00+00:00, run_after=2026-09-13 18:00:00+00:00
[2026-09-12T23:06:55.355+0000] {processor.py:208} INFO - Processing /opt/airflow/dags/Shi_HW 3.py took 0.051 seconds
[2026-09-12T23:07:25.704+0000] {processor.py:186} INFO - Started process (PID=11044) to work on /opt/airflow/dags/Shi_HW 3.py
[2026-09-12T23:07:25.708+0000] {processor.py:914} INFO - Processing file /opt/airflow/dags/Shi_HW 3.py for tasks to queue
[2026-09-12T23:07:25.709+0000] {logging_mixin.py:190} INFO - [2026-09-12T23:07:25.708+0000] {dagbag.py:587} INFO - Filling up the DagBag from /opt/airflow/dags/Shi_HW 3.py
[2026-09-12T23:07:25.726+0000] {processor.py:925} INFO - DAG(s) 'WeatherToronto_ETL' retrieved from /opt/airflow/dags/Shi_HW 3.py
[2026-09-12T23:07:25.736+0000] {logging_mixin.py:190} INFO - [2026-09-12T23:07:25.735+0000] {dag.py:3229} INFO - Sync 1 DAGs
[2026-09-12T23:07:25.746+0000] {logging_mixin.py:190} INFO - [2026-09-12T23:07:25.746+0000] {dag.py:4156} INFO - Setting next_dagrun for WeatherToronto_ETL to 2026-09-12 18:00:00+00:00, run_after=2026-09-13 18:00:00+00:00
[2026-09-12T23:07:25.752+0000] {processor.py:208} INFO - Processing /opt/airflow/dags/Shi_HW 3.py took 0.053 seconds
[2026-09-12T23:07:56.139+0000] {processor.py:186} INFO - Started process (PID=11055) to work on /opt/airflow/dags/Shi_HW 3.py
[2026-09-12T23:07:56.143+0000] {processor.py:914} INFO - Processing file /opt/airflow/dags/Shi_HW 3.py for tasks to queue
[2026-09-12T23:07:56.144+0000] {logging_mixin.py:190} INFO - [2026-09-12T23:07:56.144+0000] {dagbag.py:587} INFO - Filling up the DagBag from /opt/airflow/dags/Shi_HW 3.py
[2026-09-12T23:07:56.163+0000] {processor.py:925} INFO - DAG(s) 'WeatherToronto_ETL' retrieved from /opt/airflow/dags/Shi_HW 3.py
[2026-09-12T23:07:56.171+0000] {logging_mixin.py:190} INFO - [2026-09-12T23:07:56.171+0000] {dag.py:3229} INFO - Sync 1 DAGs
[2026-09-12T23:07:56.182+0000] {logging_mixin.py:190} INFO - [2026-09-12T23:07:56.182+0000] {dag.py:4156} INFO - Setting next_dagrun for WeatherToronto_ETL to 2026-09-12 18:00:00+00:00, run_after=2026-09-13 18:00:00+00:00
[2026-09-12T23:07:56.189+0000] {processor.py:208} INFO - Processing /opt/airflow/dags/Shi_HW 3.py took 0.055 seconds
[2026-09-12T23:08:26.560+0000] {processor.py:186} INFO - Started process (PID=11066) to work on /opt/airflow/dags/Shi_HW 3.py
[2026-09-12T23:08:26.564+0000] {processor.py:914} INFO - Processing file /opt/airflow/dags/Shi_HW 3.py for tasks to queue
[2026-09-12T23:08:26.565+0000] {logging_mixin.py:190} INFO - [2026-09-12T23:08:26.565+0000] {dagbag.py:587} INFO - Filling up the DagBag from /opt/airflow/dags/Shi_HW 3.py
[2026-09-12T23:08:26.581+0000] {processor.py:925} INFO - DAG(s) 'WeatherToronto_ETL' retrieved from /opt/airflow/dags/Shi_HW 3.py
[2026-09-12T23:08:26.591+0000] {logging_mixin.py:190} INFO - [2026-09-12T23:08:26.591+0000] {dag.py:3229} INFO - Sync 1 DAGs
[2026-09-12T23:08:26.602+0000] {logging_mixin.py:190} INFO - [2026-09-12T23:08:26.602+0000] {dag.py:4156} INFO - Setting next_dagrun for WeatherToronto_ETL to 2026-09-12 18:00:00+00:00, run_after=2026-09-13 18:00:00+00:00
[2026-09-12T23:08:26.608+0000] {processor.py:208} INFO - Processing /opt/airflow/dags/Shi_HW 3.py took 0.053 seconds
[2026-09-12T23:08:56.995+0000] {processor.py:186} INFO - Started process (PID=11077) to work on /opt/airflow/dags/Shi_HW 3.py
[2026-09-12T23:08:57.000+0000] {processor.py:914} INFO - Processing file /opt/airflow/dags/Shi_HW 3.py for tasks to queue
[2026-09-12T23:08:57.001+0000] {logging_mixin.py:190} INFO - [2026-09-12T23:08:57.001+0000] {dagbag.py:587} INFO - Filling up the DagBag from /opt/airflow/dags/Shi_HW 3.py
[2026-09-12T23:08:57.018+0000] {processor.py:925} INFO - DAG(s) 'WeatherToronto_ETL' retrieved from /opt/airflow/dags/Shi_HW 3.py
[2026-09-12T23:08:57.027+0000] {logging_mixin.py:190} INFO - [2026-09-12T23:08:57.027+0000] {dag.py:3229} INFO - Sync 1 DAGs
[2026-09-12T23:08:57.039+0000] {logging_mixin.py:190} INFO - [2026-09-12T23:08:57.038+0000] {dag.py:4156} INFO - Setting next_dagrun for WeatherToronto_ETL to 2026-09-12 18:00:00+00:00, run_after=2026-09-13 18:00:00+00:00
[2026-09-12T23:08:57.045+0000] {processor.py:208} INFO - Processing /opt/airflow/dags/Shi_HW 3.py took 0.056 seconds
[2026-09-12T23:09:27.413+0000] {processor.py:186} INFO - Started process (PID=11088) to work on /opt/airflow/dags/Shi_HW 3.py
[2026-09-12T23:09:27.418+0000] {processor.py:914} INFO - Processing file /opt/airflow/dags/Shi_HW 3.py for tasks to queue
[2026-09-12T23:09:27.420+0000] {logging_mixin.py:190} INFO - [2026-09-12T23:09:27.419+0000] {dagbag.py:587} INFO - Filling up the DagBag from /opt/airflow/dags/Shi_HW 3.py
[2026-09-12T23:09:27.464+0000] {processor.py:925} INFO - DAG(s) 'WeatherToronto_ETL' retrieved from /opt/airflow/dags/Shi_HW 3.py
[2026-09-12T23:09:27.491+0000] {logging_mixin.py:190} INFO - [2026-09-12T23:09:27.488+0000] {dag.py:3229} INFO - Sync 1 DAGs
[2026-09-12T23:09:27.512+0000] {logging_mixin.py:190} INFO - [2026-09-12T23:09:27.512+0000] {dag.py:4156} INFO - Setting next_dagrun for WeatherToronto_ETL to 2026-09-12 18:00:00+00:00, run_after=2026-09-13 18:00:00+00:00
[2026-09-12T23:09:27.522+0000] {processor.py:208} INFO - Processing /opt/airflow/dags/Shi_HW 3.py took 0.119 seconds
[2026-09-12T23:09:57.760+0000] {processor.py:186} INFO - Started process (PID=11099) to work on /opt/airflow/dags/Shi_HW 3.py
[2026-09-12T23:09:57.764+0000] {processor.py:914} INFO - Processing file /opt/airflow/dags/Shi_HW 3.py for tasks to queue
[2026-09-12T23:09:57.765+0000] {logging_mixin.py:190} INFO - [2026-09-12T23:09:57.765+0000] {dagbag.py:587} INFO - Filling up the DagBag from /opt/airflow/dags/Shi_HW 3.py
[2026-09-12T23:09:57.787+0000] {processor.py:925} INFO - DAG(s) 'WeatherToronto_ETL' retrieved from /opt/airflow/dags/Shi_HW 3.py
[2026-09-12T23:09:57.797+0000] {logging_mixin.py:190} INFO - [2026-09-12T23:09:57.796+0000] {dag.py:3229} INFO - Sync 1 DAGs
[2026-09-12T23:09:57.807+0000] {logging_mixin.py:190} INFO - [2026-09-12T23:09:57.807+0000] {dag.py:4156} INFO - Setting next_dagrun for WeatherToronto_ETL to 2026-09-12 18:00:00+00:00, run_after=2026-09-13 18:00:00+00:00
[2026-09-12T23:09:57.813+0000] {processor.py:208} INFO - Processing /opt/airflow/dags/Shi_HW 3.py took 0.063 seconds
[2026-09-12T23:10:28.154+0000] {processor.py:186} INFO - Started process (PID=11110) to work on /opt/airflow/dags/Shi_HW 3.py
[2026-09-12T23:10:28.157+0000] {processor.py:914} INFO - Processing file /opt/airflow/dags/Shi_HW 3.py for tasks to queue
[2026-09-12T23:10:28.158+0000] {logging_mixin.py:190} INFO - [2026-09-12T23:10:28.158+0000] {dagbag.py:587} INFO - Filling up the DagBag from /opt/airflow/dags/Shi_HW 3.py
[2026-09-12T23:10:28.177+0000] {processor.py:925} INFO - DAG(s) 'WeatherToronto_ETL' retrieved from /opt/airflow/dags/Shi_HW 3.py
[2026-09-12T23:10:28.188+0000] {logging_mixin.py:190} INFO - [2026-09-12T23:10:28.187+0000] {dag.py:3229} INFO - Sync 1 DAGs
[2026-09-12T23:10:28.199+0000] {logging_mixin.py:190} INFO - [2026-09-12T23:10:28.199+0000] {dag.py:4156} INFO - Setting next_dagrun for WeatherToronto_ETL to 2026-09-12 18:00:00+00:00, run_after=2026-09-13 18:00:00+00:00
[2026-09-12T23:10:28.205+0000] {processor.py:208} INFO - Processing /opt/airflow/dags/Shi_HW 3.py took 0.056 seconds
[2026-09-12T23:10:58.479+0000] {processor.py:186} INFO - Started process (PID=11121) to work on /opt/airflow/dags/Shi_HW 3.py
[2026-09-12T23:10:58.482+0000] {processor.py:914} INFO - Processing file /opt/airflow/dags/Shi_HW 3.py for tasks to queue
[2026-09-12T23:10:58.483+0000] {logging_mixin.py:190} INFO - [2026-09-12T23:10:58.483+0000] {dagbag.py:587} INFO - Filling up the DagBag from /opt/airflow/dags/Shi_HW 3.py
[2026-09-12T23:10:58.500+0000] {processor.py:925} INFO - DAG(s) 'WeatherToronto_ETL' retrieved from /opt/airflow/dags/Shi_HW 3.py
[2026-09-12T23:10:58.510+0000] {logging_mixin.py:190} INFO - [2026-09-12T23:10:58.509+0000] {dag.py:3229} INFO - Sync 1 DAGs
[2026-09-12T23:10:58.520+0000] {logging_mixin.py:190} INFO - [2026-09-12T23:10:58.520+0000] {dag.py:4156} INFO - Setting next_dagrun for WeatherToronto_ETL to 2026-09-12 18:00:00+00:00, run_after=2026-09-13 18:00:00+00:00
[2026-09-12T23:10:58.526+0000] {processor.py:208} INFO - Processing /opt/airflow/dags/Shi_HW 3.py took 0.053 seconds
[2026-09-12T23:11:28.822+0000] {processor.py:186} INFO - Started process (PID=11132) to work on /opt/airflow/dags/Shi_HW 3.py
[2026-09-12T23:11:28.826+0000] {processor.py:914} INFO - Processing file /opt/airflow/dags/Shi_HW 3.py for tasks to queue
[2026-09-12T23:11:28.827+0000] {logging_mixin.py:190} INFO - [2026-09-12T23:11:28.827+0000] {dagbag.py:587} INFO - Filling up the DagBag from /opt/airflow/dags/Shi_HW 3.py
[2026-09-12T23:11:28.846+0000] {processor.py:925} INFO - DAG(s) 'WeatherToronto_ETL' retrieved from /opt/airflow/dags/Shi_HW 3.py
[2026-09-12T23:11:28.856+0000] {logging_mixin.py:190} INFO - [2026-09-12T23:11:28.855+0000] {dag.py:3229} INFO - Sync 1 DAGs
[2026-09-12T23:11:28.866+0000] {logging_mixin.py:190} INFO - [2026-09-12T23:11:28.866+0000] {dag.py:4156} INFO - Setting next_dagrun for WeatherToronto_ETL to 2026-09-12 18:00:00+00:00, run_after=2026-09-13 18:00:00+00:00
[2026-09-12T23:11:28.872+0000] {processor.py:208} INFO - Processing /opt/airflow/dags/Shi_HW 3.py took 0.055 seconds
[2026-09-12T23:11:59.255+0000] {processor.py:186} INFO - Started process (PID=11143) to work on /opt/airflow/dags/Shi_HW 3.py
[2026-09-12T23:11:59.258+0000] {processor.py:914} INFO - Processing file /opt/airflow/dags/Shi_HW 3.py for tasks to queue
[2026-09-12T23:11:59.260+0000] {logging_mixin.py:190} INFO - [2026-09-12T23:11:59.259+0000] {dagbag.py:587} INFO - Filling up the DagBag from /opt/airflow/dags/Shi_HW 3.py
[2026-09-12T23:11:59.287+0000] {processor.py:925} INFO - DAG(s) 'WeatherToronto_ETL' retrieved from /opt/airflow/dags/Shi_HW 3.py
[2026-09-12T23:11:59.301+0000] {logging_mixin.py:190} INFO - [2026-09-12T23:11:59.300+0000] {dag.py:3229} INFO - Sync 1 DAGs
[2026-09-12T23:11:59.314+0000] {logging_mixin.py:190} INFO - [2026-09-12T23:11:59.314+0000] {dag.py:4156} INFO - Setting next_dagrun for WeatherToronto_ETL to 2026-09-12 18:00:00+00:00, run_after=2026-09-13 18:00:00+00:00
[2026-09-12T23:11:59.321+0000] {processor.py:208} INFO - Processing /opt/airflow/dags/Shi_HW 3.py took 0.075 seconds
[2026-09-12T23:12:29.642+0000] {processor.py:186} INFO - Started process (PID=11154) to work on /opt/airflow/dags/Shi_HW 3.py
[2026-09-12T23:12:29.647+0000] {processor.py:914} INFO - Processing file /opt/airflow/dags/Shi_HW 3.py for tasks to queue
[2026-09-12T23:12:29.648+0000] {logging_mixin.py:190} INFO - [2026-09-12T23:12:29.647+0000] {dagbag.py:587} INFO - Filling up the DagBag from /opt/airflow/dags/Shi_HW 3.py
[2026-09-12T23:12:29.666+0000] {processor.py:925} INFO - DAG(s) 'WeatherToronto_ETL' retrieved from /opt/airflow/dags/Shi_HW 3.py
[2026-09-12T23:12:29.676+0000] {logging_mixin.py:190} INFO - [2026-09-12T23:12:29.675+0000] {dag.py:3229} INFO - Sync 1 DAGs
[2026-09-12T23:12:29.686+0000] {logging_mixin.py:190} INFO - [2026-09-12T23:12:29.686+0000] {dag.py:4156} INFO - Setting next_dagrun for WeatherToronto_ETL to 2026-09-12 18:00:00+00:00, run_after=2026-09-13 18:00:00+00:00
[2026-09-12T23:12:29.693+0000] {processor.py:208} INFO - Processing /opt/airflow/dags/Shi_HW 3.py took 0.058 seconds
[2026-09-12T23:13:00.023+0000] {processor.py:186} INFO - Started process (PID=11166) to work on /opt/airflow/dags/Shi_HW 3.py
[2026-09-12T23:13:00.028+0000] {processor.py:914} INFO - Processing file /opt/airflow/dags/Shi_HW 3.py for tasks to queue
[2026-09-12T23:13:00.030+0000] {logging_mixin.py:190} INFO - [2026-09-12T23:13:00.029+0000] {dagbag.py:587} INFO - Filling up the DagBag from /opt/airflow/dags/Shi_HW 3.py
[2026-09-12T23:13:00.052+0000] {processor.py:925} INFO - DAG(s) 'WeatherToronto_ETL' retrieved from /opt/airflow/dags/Shi_HW 3.py
[2026-09-12T23:13:00.064+0000] {logging_mixin.py:190} INFO - [2026-09-12T23:13:00.063+0000] {dag.py:3229} INFO - Sync 1 DAGs
[2026-09-12T23:13:00.075+0000] {logging_mixin.py:190} INFO - [2026-09-12T23:13:00.075+0000] {dag.py:4156} INFO - Setting next_dagrun for WeatherToronto_ETL to 2026-09-12 18:00:00+00:00, run_after=2026-09-13 18:00:00+00:00
[2026-09-12T23:13:00.083+0000] {processor.py:208} INFO - Processing /opt/airflow/dags/Shi_HW 3.py took 0.066 seconds
[2026-09-12T23:13:30.419+0000] {processor.py:186} INFO - Started process (PID=11177) to work on /opt/airflow/dags/Shi_HW 3.py
[2026-09-12T23:13:30.423+0000] {processor.py:914} INFO - Processing file /opt/airflow/dags/Shi_HW 3.py for tasks to queue
[2026-09-12T23:13:30.424+0000] {logging_mixin.py:190} INFO - [2026-09-12T23:13:30.424+0000] {dagbag.py:587} INFO - Filling up the DagBag from /opt/airflow/dags/Shi_HW 3.py
[2026-09-12T23:13:30.445+0000] {processor.py:925} INFO - DAG(s) 'WeatherToronto_ETL' retrieved from /opt/airflow/dags/Shi_HW 3.py
[2026-09-12T23:13:30.455+0000] {logging_mixin.py:190} INFO - [2026-09-12T23:13:30.454+0000] {dag.py:3229} INFO - Sync 1 DAGs
[2026-09-12T23:13:30.467+0000] {logging_mixin.py:190} INFO - [2026-09-12T23:13:30.467+0000] {dag.py:4156} INFO - Setting next_dagrun for WeatherToronto_ETL to 2026-09-12 18:00:00+00:00, run_after=2026-09-13 18:00:00+00:00
[2026-09-12T23:13:30.473+0000] {processor.py:208} INFO - Processing /opt/airflow/dags/Shi_HW 3.py took 0.060 seconds
[2026-09-12T23:14:00.815+0000] {processor.py:186} INFO - Started process (PID=11188) to work on /opt/airflow/dags/Shi_HW 3.py
[2026-09-12T23:14:00.819+0000] {processor.py:914} INFO - Processing file /opt/airflow/dags/Shi_HW 3.py for tasks to queue
[2026-09-12T23:14:00.820+0000] {logging_mixin.py:190} INFO - [2026-09-12T23:14:00.819+0000] {dagbag.py:587} INFO - Filling up the DagBag from /opt/airflow/dags/Shi_HW 3.py
[2026-09-12T23:14:00.839+0000] {processor.py:925} INFO - DAG(s) 'WeatherToronto_ETL' retrieved from /opt/airflow/dags/Shi_HW 3.py
[2026-09-12T23:14:00.849+0000] {logging_mixin.py:190} INFO - [2026-09-12T23:14:00.848+0000] {dag.py:3229} INFO - Sync 1 DAGs
[2026-09-12T23:14:00.859+0000] {logging_mixin.py:190} INFO - [2026-09-12T23:14:00.859+0000] {dag.py:4156} INFO - Setting next_dagrun for WeatherToronto_ETL to 2026-09-12 18:00:00+00:00, run_after=2026-09-13 18:00:00+00:00
[2026-09-12T23:14:00.865+0000] {processor.py:208} INFO - Processing /opt/airflow/dags/Shi_HW 3.py took 0.056 seconds
[2026-09-12T23:14:31.191+0000] {processor.py:186} INFO - Started process (PID=11199) to work on /opt/airflow/dags/Shi_HW 3.py
[2026-09-12T23:14:31.196+0000] {processor.py:914} INFO - Processing file /opt/airflow/dags/Shi_HW 3.py for tasks to queue
[2026-09-12T23:14:31.197+0000] {logging_mixin.py:190} INFO - [2026-09-12T23:14:31.197+0000] {dagbag.py:587} INFO - Filling up the DagBag from /opt/airflow/dags/Shi_HW 3.py
[2026-09-12T23:14:31.221+0000] {processor.py:925} INFO - DAG(s) 'WeatherToronto_ETL' retrieved from /opt/airflow/dags/Shi_HW 3.py
[2026-09-12T23:14:31.234+0000] {logging_mixin.py:190} INFO - [2026-09-12T23:14:31.232+0000] {dag.py:3229} INFO - Sync 1 DAGs
[2026-09-12T23:14:31.246+0000] {logging_mixin.py:190} INFO - [2026-09-12T23:14:31.246+0000] {dag.py:4156} INFO - Setting next_dagrun for WeatherToronto_ETL to 2026-09-12 18:00:00+00:00, run_after=2026-09-13 18:00:00+00:00
[2026-09-12T23:14:31.254+0000] {processor.py:208} INFO - Processing /opt/airflow/dags/Shi_HW 3.py took 0.069 seconds
[2026-09-12T23:15:01.652+0000] {processor.py:186} INFO - Started process (PID=11210) to work on /opt/airflow/dags/Shi_HW 3.py
[2026-09-12T23:15:01.657+0000] {processor.py:914} INFO - Processing file /opt/airflow/dags/Shi_HW 3.py for tasks to queue
[2026-09-12T23:15:01.658+0000] {logging_mixin.py:190} INFO - [2026-09-12T23:15:01.657+0000] {dagbag.py:587} INFO - Filling up the DagBag from /opt/airflow/dags/Shi_HW 3.py
[2026-09-12T23:15:01.675+0000] {processor.py:925} INFO - DAG(s) 'WeatherToronto_ETL' retrieved from /opt/airflow/dags/Shi_HW 3.py
[2026-09-12T23:15:01.684+0000] {logging_mixin.py:190} INFO - [2026-09-12T23:15:01.683+0000] {dag.py:3229} INFO - Sync 1 DAGs
[2026-09-12T23:15:01.694+0000] {logging_mixin.py:190} INFO - [2026-09-12T23:15:01.694+0000] {dag.py:4156} INFO - Setting next_dagrun for WeatherToronto_ETL to 2026-09-12 18:00:00+00:00, run_after=2026-09-13 18:00:00+00:00
[2026-09-12T23:15:01.701+0000] {processor.py:208} INFO - Processing /opt/airflow/dags/Shi_HW 3.py took 0.054 seconds
[2026-09-12T23:15:32.070+0000] {processor.py:186} INFO - Started process (PID=11221) to work on /opt/airflow/dags/Shi_HW 3.py
[2026-09-12T23:15:32.073+0000] {processor.py:914} INFO - Processing file /opt/airflow/dags/Shi_HW 3.py for tasks to queue
[2026-09-12T23:15:32.074+0000] {logging_mixin.py:190} INFO - [2026-09-12T23:15:32.074+0000] {dagbag.py:587} INFO - Filling up the DagBag from /opt/airflow/dags/Shi_HW 3.py
[2026-09-12T23:15:32.090+0000] {processor.py:925} INFO - DAG(s) 'WeatherToronto_ETL' retrieved from /opt/airflow/dags/Shi_HW 3.py
[2026-09-12T23:15:32.100+0000] {logging_mixin.py:190} INFO - [2026-09-12T23:15:32.099+0000] {dag.py:3229} INFO - Sync 1 DAGs
[2026-09-12T23:15:32.111+0000] {logging_mixin.py:190} INFO - [2026-09-12T23:15:32.111+0000] {dag.py:4156} INFO - Setting next_dagrun for WeatherToronto_ETL to 2026-09-12 18:00:00+00:00, run_after=2026-09-13 18:00:00+00:00
[2026-09-12T23:15:32.118+0000] {processor.py:208} INFO - Processing /opt/airflow/dags/Shi_HW 3.py took 0.052 seconds
[2026-09-12T23:16:02.479+0000] {processor.py:186} INFO - Started process (PID=11232) to work on /opt/airflow/dags/Shi_HW 3.py
[2026-09-12T23:16:02.483+0000] {processor.py:914} INFO - Processing file /opt/airflow/dags/Shi_HW 3.py for tasks to queue
[2026-09-12T23:16:02.484+0000] {logging_mixin.py:190} INFO - [2026-09-12T23:16:02.484+0000] {dagbag.py:587} INFO - Filling up the DagBag from /opt/airflow/dags/Shi_HW 3.py
[2026-09-12T23:16:02.501+0000] {processor.py:925} INFO - DAG(s) 'WeatherToronto_ETL' retrieved from /opt/airflow/dags/Shi_HW 3.py
[2026-09-12T23:16:02.511+0000] {logging_mixin.py:190} INFO - [2026-09-12T23:16:02.510+0000] {dag.py:3229} INFO - Sync 1 DAGs
[2026-09-12T23:16:02.522+0000] {logging_mixin.py:190} INFO - [2026-09-12T23:16:02.522+0000] {dag.py:4156} INFO - Setting next_dagrun for WeatherToronto_ETL to 2026-09-12 18:00:00+00:00, run_after=2026-09-13 18:00:00+00:00
[2026-09-12T23:16:02.529+0000] {processor.py:208} INFO - Processing /opt/airflow/dags/Shi_HW 3.py took 0.057 seconds
[2026-09-12T23:16:32.920+0000] {processor.py:186} INFO - Started process (PID=11243) to work on /opt/airflow/dags/Shi_HW 3.py
[2026-09-12T23:16:32.925+0000] {processor.py:914} INFO - Processing file /opt/airflow/dags/Shi_HW 3.py for tasks to queue
[2026-09-12T23:16:32.926+0000] {logging_mixin.py:190} INFO - [2026-09-12T23:16:32.926+0000] {dagbag.py:587} INFO - Filling up the DagBag from /opt/airflow/dags/Shi_HW 3.py
[2026-09-12T23:16:32.946+0000] {processor.py:925} INFO - DAG(s) 'WeatherToronto_ETL' retrieved from /opt/airflow/dags/Shi_HW 3.py
[2026-09-12T23:16:32.961+0000] {logging_mixin.py:190} INFO - [2026-09-12T23:16:32.961+0000] {dag.py:3229} INFO - Sync 1 DAGs
[2026-09-12T23:16:32.972+0000] {logging_mixin.py:190} INFO - [2026-09-12T23:16:32.972+0000] {dag.py:4156} INFO - Setting next_dagrun for WeatherToronto_ETL to 2026-09-12 18:00:00+00:00, run_after=2026-09-13 18:00:00+00:00
[2026-09-12T23:16:32.978+0000] {processor.py:208} INFO - Processing /opt/airflow/dags/Shi_HW 3.py took 0.063 seconds
[2026-09-12T23:17:03.381+0000] {processor.py:186} INFO - Started process (PID=11254) to work on /opt/airflow/dags/Shi_HW 3.py
[2026-09-12T23:17:03.388+0000] {processor.py:914} INFO - Processing file /opt/airflow/dags/Shi_HW 3.py for tasks to queue
[2026-09-12T23:17:03.388+0000] {logging_mixin.py:190} INFO - [2026-09-12T23:17:03.388+0000] {dagbag.py:587} INFO - Filling up the DagBag from /opt/airflow/dags/Shi_HW 3.py
[2026-09-12T23:17:03.406+0000] {processor.py:925} INFO - DAG(s) 'WeatherToronto_ETL' retrieved from /opt/airflow/dags/Shi_HW 3.py
[2026-09-12T23:17:03.416+0000] {logging_mixin.py:190} INFO - [2026-09-12T23:17:03.415+0000] {dag.py:3229} INFO - Sync 1 DAGs
[2026-09-12T23:17:03.426+0000] {logging_mixin.py:190} INFO - [2026-09-12T23:17:03.426+0000] {dag.py:4156} INFO - Setting next_dagrun for WeatherToronto_ETL to 2026-09-12 18:00:00+00:00, run_after=2026-09-13 18:00:00+00:00
[2026-09-12T23:17:03.433+0000] {processor.py:208} INFO - Processing /opt/airflow/dags/Shi_HW 3.py took 0.056 seconds
[2026-09-12T23:17:33.738+0000] {processor.py:186} INFO - Started process (PID=11265) to work on /opt/airflow/dags/Shi_HW 3.py
[2026-09-12T23:17:33.743+0000] {processor.py:914} INFO - Processing file /opt/airflow/dags/Shi_HW 3.py for tasks to queue
[2026-09-12T23:17:33.744+0000] {logging_mixin.py:190} INFO - [2026-09-12T23:17:33.744+0000] {dagbag.py:587} INFO - Filling up the DagBag from /opt/airflow/dags/Shi_HW 3.py
[2026-09-12T23:17:33.762+0000] {processor.py:925} INFO - DAG(s) 'WeatherToronto_ETL' retrieved from /opt/airflow/dags/Shi_HW 3.py
[2026-09-12T23:17:33.772+0000] {logging_mixin.py:190} INFO - [2026-09-12T23:17:33.771+0000] {dag.py:3229} INFO - Sync 1 DAGs
[2026-09-12T23:17:33.782+0000] {logging_mixin.py:190} INFO - [2026-09-12T23:17:33.782+0000] {dag.py:4156} INFO - Setting next_dagrun for WeatherToronto_ETL to 2026-09-12 18:00:00+00:00, run_after=2026-09-13 18:00:00+00:00
[2026-09-12T23:17:33.788+0000] {processor.py:208} INFO - Processing /opt/airflow/dags/Shi_HW 3.py took 0.055 seconds
[2026-09-12T23:18:04.156+0000] {processor.py:186} INFO - Started process (PID=11276) to work on /opt/airflow/dags/Shi_HW 3.py
[2026-09-12T23:18:04.159+0000] {processor.py:914} INFO - Processing file /opt/airflow/dags/Shi_HW 3.py for tasks to queue
[2026-09-12T23:18:04.160+0000] {logging_mixin.py:190} INFO - [2026-09-12T23:18:04.160+0000] {dagbag.py:587} INFO - Filling up the DagBag from /opt/airflow/dags/Shi_HW 3.py
[2026-09-12T23:18:04.185+0000] {processor.py:925} INFO - DAG(s) 'WeatherToronto_ETL' retrieved from /opt/airflow/dags/Shi_HW 3.py
[2026-09-12T23:18:04.198+0000] {logging_mixin.py:190} INFO - [2026-09-12T23:18:04.197+0000] {dag.py:3229} INFO - Sync 1 DAGs
[2026-09-12T23:18:04.210+0000] {logging_mixin.py:190} INFO - [2026-09-12T23:18:04.210+0000] {dag.py:4156} INFO - Setting next_dagrun for WeatherToronto_ETL to 2026-09-12 18:00:00+00:00, run_after=2026-09-13 18:00:00+00:00
[2026-09-12T23:18:04.217+0000] {processor.py:208} INFO - Processing /opt/airflow/dags/Shi_HW 3.py took 0.069 seconds
[2026-09-12T23:18:34.577+0000] {processor.py:186} INFO - Started process (PID=11287) to work on /opt/airflow/dags/Shi_HW 3.py
[2026-09-12T23:18:34.580+0000] {processor.py:914} INFO - Processing file /opt/airflow/dags/Shi_HW 3.py for tasks to queue
[2026-09-12T23:18:34.581+0000] {logging_mixin.py:190} INFO - [2026-09-12T23:18:34.581+0000] {dagbag.py:587} INFO - Filling up the DagBag from /opt/airflow/dags/Shi_HW 3.py
[2026-09-12T23:18:34.598+0000] {processor.py:925} INFO - DAG(s) 'WeatherToronto_ETL' retrieved from /opt/airflow/dags/Shi_HW 3.py
[2026-09-12T23:18:34.607+0000] {logging_mixin.py:190} INFO - [2026-09-12T23:18:34.607+0000] {dag.py:3229} INFO - Sync 1 DAGs
[2026-09-12T23:18:34.620+0000] {logging_mixin.py:190} INFO - [2026-09-12T23:18:34.620+0000] {dag.py:4156} INFO - Setting next_dagrun for WeatherToronto_ETL to 2026-09-12 18:00:00+00:00, run_after=2026-09-13 18:00:00+00:00
[2026-09-12T23:18:34.626+0000] {processor.py:208} INFO - Processing /opt/airflow/dags/Shi_HW 3.py took 0.055 seconds
[2026-09-12T23:19:05.076+0000] {processor.py:186} INFO - Started process (PID=11298) to work on /opt/airflow/dags/Shi_HW 3.py
[2026-09-12T23:19:05.082+0000] {processor.py:914} INFO - Processing file /opt/airflow/dags/Shi_HW 3.py for tasks to queue
[2026-09-12T23:19:05.083+0000] {logging_mixin.py:190} INFO - [2026-09-12T23:19:05.082+0000] {dagbag.py:587} INFO - Filling up the DagBag from /opt/airflow/dags/Shi_HW 3.py
[2026-09-12T23:19:05.103+0000] {processor.py:925} INFO - DAG(s) 'WeatherToronto_ETL' retrieved from /opt/airflow/dags/Shi_HW 3.py
[2026-09-12T23:19:05.113+0000] {logging_mixin.py:190} INFO - [2026-09-12T23:19:05.113+0000] {dag.py:3229} INFO - Sync 1 DAGs
[2026-09-12T23:19:05.124+0000] {logging_mixin.py:190} INFO - [2026-09-12T23:19:05.124+0000] {dag.py:4156} INFO - Setting next_dagrun for WeatherToronto_ETL to 2026-09-12 18:00:00+00:00, run_after=2026-09-13 18:00:00+00:00
[2026-09-12T23:19:05.130+0000] {processor.py:208} INFO - Processing /opt/airflow/dags/Shi_HW 3.py took 0.059 seconds
[2026-09-12T23:19:35.605+0000] {processor.py:186} INFO - Started process (PID=11309) to work on /opt/airflow/dags/Shi_HW 3.py
[2026-09-12T23:19:35.611+0000] {processor.py:914} INFO - Processing file /opt/airflow/dags/Shi_HW 3.py for tasks to queue
[2026-09-12T23:19:35.612+0000] {logging_mixin.py:190} INFO - [2026-09-12T23:19:35.611+0000] {dagbag.py:587} INFO - Filling up the DagBag from /opt/airflow/dags/Shi_HW 3.py
[2026-09-12T23:19:35.644+0000] {processor.py:925} INFO - DAG(s) 'WeatherToronto_ETL' retrieved from /opt/airflow/dags/Shi_HW 3.py
[2026-09-12T23:19:35.661+0000] {logging_mixin.py:190} INFO - [2026-09-12T23:19:35.659+0000] {dag.py:3229} INFO - Sync 1 DAGs
[2026-09-12T23:19:35.677+0000] {logging_mixin.py:190} INFO - [2026-09-12T23:19:35.677+0000] {dag.py:4156} INFO - Setting next_dagrun for WeatherToronto_ETL to 2026-09-12 18:00:00+00:00, run_after=2026-09-13 18:00:00+00:00
[2026-09-12T23:19:35.685+0000] {processor.py:208} INFO - Processing /opt/airflow/dags/Shi_HW 3.py took 0.091 seconds
[2026-09-12T23:20:06.104+0000] {processor.py:186} INFO - Started process (PID=11320) to work on /opt/airflow/dags/Shi_HW 3.py
[2026-09-12T23:20:06.107+0000] {processor.py:914} INFO - Processing file /opt/airflow/dags/Shi_HW 3.py for tasks to queue
[2026-09-12T23:20:06.109+0000] {logging_mixin.py:190} INFO - [2026-09-12T23:20:06.108+0000] {dagbag.py:587} INFO - Filling up the DagBag from /opt/airflow/dags/Shi_HW 3.py
[2026-09-12T23:20:06.130+0000] {processor.py:925} INFO - DAG(s) 'WeatherToronto_ETL' retrieved from /opt/airflow/dags/Shi_HW 3.py
[2026-09-12T23:20:06.141+0000] {logging_mixin.py:190} INFO - [2026-09-12T23:20:06.140+0000] {dag.py:3229} INFO - Sync 1 DAGs
[2026-09-12T23:20:06.152+0000] {logging_mixin.py:190} INFO - [2026-09-12T23:20:06.152+0000] {dag.py:4156} INFO - Setting next_dagrun for WeatherToronto_ETL to 2026-09-12 18:00:00+00:00, run_after=2026-09-13 18:00:00+00:00
[2026-09-12T23:20:06.159+0000] {processor.py:208} INFO - Processing /opt/airflow/dags/Shi_HW 3.py took 0.062 seconds
[2026-09-12T23:20:36.569+0000] {processor.py:186} INFO - Started process (PID=11331) to work on /opt/airflow/dags/Shi_HW 3.py
[2026-09-12T23:20:36.571+0000] {processor.py:914} INFO - Processing file /opt/airflow/dags/Shi_HW 3.py for tasks to queue
[2026-09-12T23:20:36.572+0000] {logging_mixin.py:190} INFO - [2026-09-12T23:20:36.572+0000] {dagbag.py:587} INFO - Filling up the DagBag from /opt/airflow/dags/Shi_HW 3.py
[2026-09-12T23:20:36.591+0000] {processor.py:925} INFO - DAG(s) 'WeatherToronto_ETL' retrieved from /opt/airflow/dags/Shi_HW 3.py
[2026-09-12T23:20:36.600+0000] {logging_mixin.py:190} INFO - [2026-09-12T23:20:36.599+0000] {dag.py:3229} INFO - Sync 1 DAGs
[2026-09-12T23:20:36.611+0000] {logging_mixin.py:190} INFO - [2026-09-12T23:20:36.611+0000] {dag.py:4156} INFO - Setting next_dagrun for WeatherToronto_ETL to 2026-09-12 18:00:00+00:00, run_after=2026-09-13 18:00:00+00:00
[2026-09-12T23:20:36.617+0000] {processor.py:208} INFO - Processing /opt/airflow/dags/Shi_HW 3.py took 0.054 seconds
[2026-09-12T23:21:07.064+0000] {processor.py:186} INFO - Started process (PID=11342) to work on /opt/airflow/dags/Shi_HW 3.py
[2026-09-12T23:21:07.070+0000] {processor.py:914} INFO - Processing file /opt/airflow/dags/Shi_HW 3.py for tasks to queue
[2026-09-12T23:21:07.071+0000] {logging_mixin.py:190} INFO - [2026-09-12T23:21:07.071+0000] {dagbag.py:587} INFO - Filling up the DagBag from /opt/airflow/dags/Shi_HW 3.py
[2026-09-12T23:21:07.110+0000] {processor.py:925} INFO - DAG(s) 'WeatherToronto_ETL' retrieved from /opt/airflow/dags/Shi_HW 3.py
[2026-09-12T23:21:07.132+0000] {logging_mixin.py:190} INFO - [2026-09-12T23:21:07.131+0000] {dag.py:3229} INFO - Sync 1 DAGs
[2026-09-12T23:21:07.150+0000] {logging_mixin.py:190} INFO - [2026-09-12T23:21:07.149+0000] {dag.py:4156} INFO - Setting next_dagrun for WeatherToronto_ETL to 2026-09-12 18:00:00+00:00, run_after=2026-09-13 18:00:00+00:00
[2026-09-12T23:21:07.161+0000] {processor.py:208} INFO - Processing /opt/airflow/dags/Shi_HW 3.py took 0.106 seconds
[2026-09-12T23:21:37.506+0000] {processor.py:186} INFO - Started process (PID=11353) to work on /opt/airflow/dags/Shi_HW 3.py
[2026-09-12T23:21:37.509+0000] {processor.py:914} INFO - Processing file /opt/airflow/dags/Shi_HW 3.py for tasks to queue
[2026-09-12T23:21:37.509+0000] {logging_mixin.py:190} INFO - [2026-09-12T23:21:37.509+0000] {dagbag.py:587} INFO - Filling up the DagBag from /opt/airflow/dags/Shi_HW 3.py
[2026-09-12T23:21:37.530+0000] {processor.py:925} INFO - DAG(s) 'WeatherToronto_ETL' retrieved from /opt/airflow/dags/Shi_HW 3.py
[2026-09-12T23:21:37.540+0000] {logging_mixin.py:190} INFO - [2026-09-12T23:21:37.539+0000] {dag.py:3229} INFO - Sync 1 DAGs
[2026-09-12T23:21:37.550+0000] {logging_mixin.py:190} INFO - [2026-09-12T23:21:37.550+0000] {dag.py:4156} INFO - Setting next_dagrun for WeatherToronto_ETL to 2026-09-12 18:00:00+00:00, run_after=2026-09-13 18:00:00+00:00
[2026-09-12T23:21:37.557+0000] {processor.py:208} INFO - Processing /opt/airflow/dags/Shi_HW 3.py took 0.060 seconds
[2026-09-12T23:22:07.977+0000] {processor.py:186} INFO - Started process (PID=11364) to work on /opt/airflow/dags/Shi_HW 3.py
[2026-09-12T23:22:07.980+0000] {processor.py:914} INFO - Processing file /opt/airflow/dags/Shi_HW 3.py for tasks to queue
[2026-09-12T23:22:07.982+0000] {logging_mixin.py:190} INFO - [2026-09-12T23:22:07.981+0000] {dagbag.py:587} INFO - Filling up the DagBag from /opt/airflow/dags/Shi_HW 3.py
[2026-09-12T23:22:08.009+0000] {processor.py:925} INFO - DAG(s) 'WeatherToronto_ETL' retrieved from /opt/airflow/dags/Shi_HW 3.py
[2026-09-12T23:22:08.023+0000] {logging_mixin.py:190} INFO - [2026-09-12T23:22:08.022+0000] {dag.py:3229} INFO - Sync 1 DAGs
[2026-09-12T23:22:08.037+0000] {logging_mixin.py:190} INFO - [2026-09-12T23:22:08.037+0000] {dag.py:4156} INFO - Setting next_dagrun for WeatherToronto_ETL to 2026-09-12 18:00:00+00:00, run_after=2026-09-13 18:00:00+00:00
[2026-09-12T23:22:08.045+0000] {processor.py:208} INFO - Processing /opt/airflow/dags/Shi_HW 3.py took 0.076 seconds
[2026-09-12T23:22:38.465+0000] {processor.py:186} INFO - Started process (PID=11375) to work on /opt/airflow/dags/Shi_HW 3.py
[2026-09-12T23:22:38.469+0000] {processor.py:914} INFO - Processing file /opt/airflow/dags/Shi_HW 3.py for tasks to queue
[2026-09-12T23:22:38.470+0000] {logging_mixin.py:190} INFO - [2026-09-12T23:22:38.470+0000] {dagbag.py:587} INFO - Filling up the DagBag from /opt/airflow/dags/Shi_HW 3.py
[2026-09-12T23:22:38.493+0000] {processor.py:925} INFO - DAG(s) 'WeatherToronto_ETL' retrieved from /opt/airflow/dags/Shi_HW 3.py
[2026-09-12T23:22:38.503+0000] {logging_mixin.py:190} INFO - [2026-09-12T23:22:38.502+0000] {dag.py:3229} INFO - Sync 1 DAGs
[2026-09-12T23:22:38.516+0000] {logging_mixin.py:190} INFO - [2026-09-12T23:22:38.516+0000] {dag.py:4156} INFO - Setting next_dagrun for WeatherToronto_ETL to 2026-09-12 18:00:00+00:00, run_after=2026-09-13 18:00:00+00:00
[2026-09-12T23:22:38.522+0000] {processor.py:208} INFO - Processing /opt/airflow/dags/Shi_HW 3.py took 0.071 seconds
[2026-09-12T23:23:08.938+0000] {processor.py:186} INFO - Started process (PID=11386) to work on /opt/airflow/dags/Shi_HW 3.py
[2026-09-12T23:23:08.940+0000] {processor.py:914} INFO - Processing file /opt/airflow/dags/Shi_HW 3.py for tasks to queue
[2026-09-12T23:23:08.941+0000] {logging_mixin.py:190} INFO - [2026-09-12T23:23:08.941+0000] {dagbag.py:587} INFO - Filling up the DagBag from /opt/airflow/dags/Shi_HW 3.py
[2026-09-12T23:23:08.963+0000] {processor.py:925} INFO - DAG(s) 'WeatherToronto_ETL' retrieved from /opt/airflow/dags/Shi_HW 3.py
[2026-09-12T23:23:08.975+0000] {logging_mixin.py:190} INFO - [2026-09-12T23:23:08.974+0000] {dag.py:3229} INFO - Sync 1 DAGs
[2026-09-12T23:23:08.987+0000] {logging_mixin.py:190} INFO - [2026-09-12T23:23:08.987+0000] {dag.py:4156} INFO - Setting next_dagrun for WeatherToronto_ETL to 2026-09-12 18:00:00+00:00, run_after=2026-09-13 18:00:00+00:00
[2026-09-12T23:23:08.994+0000] {processor.py:208} INFO - Processing /opt/airflow/dags/Shi_HW 3.py took 0.063 seconds
[2026-09-12T23:23:39.463+0000] {processor.py:186} INFO - Started process (PID=11397) to work on /opt/airflow/dags/Shi_HW 3.py
[2026-09-12T23:23:39.467+0000] {processor.py:914} INFO - Processing file /opt/airflow/dags/Shi_HW 3.py for tasks to queue
[2026-09-12T23:23:39.469+0000] {logging_mixin.py:190} INFO - [2026-09-12T23:23:39.468+0000] {dagbag.py:587} INFO - Filling up the DagBag from /opt/airflow/dags/Shi_HW 3.py
[2026-09-12T23:23:39.500+0000] {processor.py:925} INFO - DAG(s) 'WeatherToronto_ETL' retrieved from /opt/airflow/dags/Shi_HW 3.py
[2026-09-12T23:23:39.514+0000] {logging_mixin.py:190} INFO - [2026-09-12T23:23:39.513+0000] {dag.py:3229} INFO - Sync 1 DAGs
[2026-09-12T23:23:39.528+0000] {logging_mixin.py:190} INFO - [2026-09-12T23:23:39.527+0000] {dag.py:4156} INFO - Setting next_dagrun for WeatherToronto_ETL to 2026-09-12 18:00:00+00:00, run_after=2026-09-13 18:00:00+00:00
[2026-09-12T23:23:39.535+0000] {processor.py:208} INFO - Processing /opt/airflow/dags/Shi_HW 3.py took 0.081 seconds
[2026-09-12T23:24:10.022+0000] {processor.py:186} INFO - Started process (PID=11408) to work on /opt/airflow/dags/Shi_HW 3.py
[2026-09-12T23:24:10.026+0000] {processor.py:914} INFO - Processing file /opt/airflow/dags/Shi_HW 3.py for tasks to queue
[2026-09-12T23:24:10.027+0000] {logging_mixin.py:190} INFO - [2026-09-12T23:24:10.027+0000] {dagbag.py:587} INFO - Filling up the DagBag from /opt/airflow/dags/Shi_HW 3.py
[2026-09-12T23:24:10.069+0000] {processor.py:925} INFO - DAG(s) 'WeatherToronto_ETL' retrieved from /opt/airflow/dags/Shi_HW 3.py
[2026-09-12T23:24:10.089+0000] {logging_mixin.py:190} INFO - [2026-09-12T23:24:10.088+0000] {dag.py:3229} INFO - Sync 1 DAGs
[2026-09-12T23:24:10.109+0000] {logging_mixin.py:190} INFO - [2026-09-12T23:24:10.109+0000] {dag.py:4156} INFO - Setting next_dagrun for WeatherToronto_ETL to 2026-09-12 18:00:00+00:00, run_after=2026-09-13 18:00:00+00:00
[2026-09-12T23:24:10.116+0000] {processor.py:208} INFO - Processing /opt/airflow/dags/Shi_HW 3.py took 0.102 seconds
[2026-09-12T23:24:40.523+0000] {processor.py:186} INFO - Started process (PID=11419) to work on /opt/airflow/dags/Shi_HW 3.py
[2026-09-12T23:24:40.528+0000] {processor.py:914} INFO - Processing file /opt/airflow/dags/Shi_HW 3.py for tasks to queue
[2026-09-12T23:24:40.529+0000] {logging_mixin.py:190} INFO - [2026-09-12T23:24:40.528+0000] {dagbag.py:587} INFO - Filling up the DagBag from /opt/airflow/dags/Shi_HW 3.py
[2026-09-12T23:24:40.550+0000] {processor.py:925} INFO - DAG(s) 'WeatherToronto_ETL' retrieved from /opt/airflow/dags/Shi_HW 3.py
[2026-09-12T23:24:40.562+0000] {logging_mixin.py:190} INFO - [2026-09-12T23:24:40.561+0000] {dag.py:3229} INFO - Sync 1 DAGs
[2026-09-12T23:24:40.575+0000] {logging_mixin.py:190} INFO - [2026-09-12T23:24:40.575+0000] {dag.py:4156} INFO - Setting next_dagrun for WeatherToronto_ETL to 2026-09-12 18:00:00+00:00, run_after=2026-09-13 18:00:00+00:00
[2026-09-12T23:24:40.582+0000] {processor.py:208} INFO - Processing /opt/airflow/dags/Shi_HW 3.py took 0.070 seconds
[2026-09-12T23:25:10.994+0000] {processor.py:186} INFO - Started process (PID=11430) to work on /opt/airflow/dags/Shi_HW 3.py
[2026-09-12T23:25:10.999+0000] {processor.py:914} INFO - Processing file /opt/airflow/dags/Shi_HW 3.py for tasks to queue
[2026-09-12T23:25:11.000+0000] {logging_mixin.py:190} INFO - [2026-09-12T23:25:11.000+0000] {dagbag.py:587} INFO - Filling up the DagBag from /opt/airflow/dags/Shi_HW 3.py
[2026-09-12T23:25:11.033+0000] {processor.py:925} INFO - DAG(s) 'WeatherToronto_ETL' retrieved from /opt/airflow/dags/Shi_HW 3.py
[2026-09-12T23:25:11.050+0000] {logging_mixin.py:190} INFO - [2026-09-12T23:25:11.048+0000] {dag.py:3229} INFO - Sync 1 DAGs
[2026-09-12T23:25:11.064+0000] {logging_mixin.py:190} INFO - [2026-09-12T23:25:11.064+0000] {dag.py:4156} INFO - Setting next_dagrun for WeatherToronto_ETL to 2026-09-12 18:00:00+00:00, run_after=2026-09-13 18:00:00+00:00
[2026-09-12T23:25:11.075+0000] {processor.py:208} INFO - Processing /opt/airflow/dags/Shi_HW 3.py took 0.090 seconds
[2026-09-12T23:25:41.452+0000] {processor.py:186} INFO - Started process (PID=11441) to work on /opt/airflow/dags/Shi_HW 3.py
[2026-09-12T23:25:41.456+0000] {processor.py:914} INFO - Processing file /opt/airflow/dags/Shi_HW 3.py for tasks to queue
[2026-09-12T23:25:41.457+0000] {logging_mixin.py:190} INFO - [2026-09-12T23:25:41.456+0000] {dagbag.py:587} INFO - Filling up the DagBag from /opt/airflow/dags/Shi_HW 3.py
[2026-09-12T23:25:41.474+0000] {processor.py:925} INFO - DAG(s) 'WeatherToronto_ETL' retrieved from /opt/airflow/dags/Shi_HW 3.py
[2026-09-12T23:25:41.484+0000] {logging_mixin.py:190} INFO - [2026-09-12T23:25:41.483+0000] {dag.py:3229} INFO - Sync 1 DAGs
[2026-09-12T23:25:41.494+0000] {logging_mixin.py:190} INFO - [2026-09-12T23:25:41.494+0000] {dag.py:4156} INFO - Setting next_dagrun for WeatherToronto_ETL to 2026-09-12 18:00:00+00:00, run_after=2026-09-13 18:00:00+00:00
[2026-09-12T23:25:41.501+0000] {processor.py:208} INFO - Processing /opt/airflow/dags/Shi_HW 3.py took 0.054 seconds
[2026-09-12T23:26:11.811+0000] {processor.py:186} INFO - Started process (PID=11452) to work on /opt/airflow/dags/Shi_HW 3.py
[2026-09-12T23:26:11.815+0000] {processor.py:914} INFO - Processing file /opt/airflow/dags/Shi_HW 3.py for tasks to queue
[2026-09-12T23:26:11.816+0000] {logging_mixin.py:190} INFO - [2026-09-12T23:26:11.815+0000] {dagbag.py:587} INFO - Filling up the DagBag from /opt/airflow/dags/Shi_HW 3.py
[2026-09-12T23:26:11.831+0000] {processor.py:925} INFO - DAG(s) 'WeatherToronto_ETL' retrieved from /opt/airflow/dags/Shi_HW 3.py
[2026-09-12T23:26:11.839+0000] {logging_mixin.py:190} INFO - [2026-09-12T23:26:11.839+0000] {dag.py:3229} INFO - Sync 1 DAGs
[2026-09-12T23:26:11.849+0000] {logging_mixin.py:190} INFO - [2026-09-12T23:26:11.849+0000] {dag.py:4156} INFO - Setting next_dagrun for WeatherToronto_ETL to 2026-09-12 18:00:00+00:00, run_after=2026-09-13 18:00:00+00:00
[2026-09-12T23:26:11.855+0000] {processor.py:208} INFO - Processing /opt/airflow/dags/Shi_HW 3.py took 0.049 seconds
[2026-09-12T23:26:42.225+0000] {processor.py:186} INFO - Started process (PID=11463) to work on /opt/airflow/dags/Shi_HW 3.py
[2026-09-12T23:26:42.229+0000] {processor.py:914} INFO - Processing file /opt/airflow/dags/Shi_HW 3.py for tasks to queue
[2026-09-12T23:26:42.230+0000] {logging_mixin.py:190} INFO - [2026-09-12T23:26:42.230+0000] {dagbag.py:587} INFO - Filling up the DagBag from /opt/airflow/dags/Shi_HW 3.py
[2026-09-12T23:26:42.248+0000] {processor.py:925} INFO - DAG(s) 'WeatherToronto_ETL' retrieved from /opt/airflow/dags/Shi_HW 3.py
[2026-09-12T23:26:42.257+0000] {logging_mixin.py:190} INFO - [2026-09-12T23:26:42.257+0000] {dag.py:3229} INFO - Sync 1 DAGs
[2026-09-12T23:26:42.267+0000] {logging_mixin.py:190} INFO - [2026-09-12T23:26:42.267+0000] {dag.py:4156} INFO - Setting next_dagrun for WeatherToronto_ETL to 2026-09-12 18:00:00+00:00, run_after=2026-09-13 18:00:00+00:00
[2026-09-12T23:26:42.274+0000] {processor.py:208} INFO - Processing /opt/airflow/dags/Shi_HW 3.py took 0.054 seconds
[2026-09-12T23:27:12.642+0000] {processor.py:186} INFO - Started process (PID=11474) to work on /opt/airflow/dags/Shi_HW 3.py
[2026-09-12T23:27:12.647+0000] {processor.py:914} INFO - Processing file /opt/airflow/dags/Shi_HW 3.py for tasks to queue
[2026-09-12T23:27:12.648+0000] {logging_mixin.py:190} INFO - [2026-09-12T23:27:12.648+0000] {dagbag.py:587} INFO - Filling up the DagBag from /opt/airflow/dags/Shi_HW 3.py
[2026-09-12T23:27:12.668+0000] {processor.py:925} INFO - DAG(s) 'WeatherToronto_ETL' retrieved from /opt/airflow/dags/Shi_HW 3.py
[2026-09-12T23:27:12.680+0000] {logging_mixin.py:190} INFO - [2026-09-12T23:27:12.679+0000] {dag.py:3229} INFO - Sync 1 DAGs
[2026-09-12T23:27:12.693+0000] {logging_mixin.py:190} INFO - [2026-09-12T23:27:12.693+0000] {dag.py:4156} INFO - Setting next_dagrun for WeatherToronto_ETL to 2026-09-12 18:00:00+00:00, run_after=2026-09-13 18:00:00+00:00
[2026-09-12T23:27:12.702+0000] {processor.py:208} INFO - Processing /opt/airflow/dags/Shi_HW 3.py took 0.065 seconds
[2026-09-12T23:27:43.042+0000] {processor.py:186} INFO - Started process (PID=11485) to work on /opt/airflow/dags/Shi_HW 3.py
[2026-09-12T23:27:43.045+0000] {processor.py:914} INFO - Processing file /opt/airflow/dags/Shi_HW 3.py for tasks to queue
[2026-09-12T23:27:43.046+0000] {logging_mixin.py:190} INFO - [2026-09-12T23:27:43.046+0000] {dagbag.py:587} INFO - Filling up the DagBag from /opt/airflow/dags/Shi_HW 3.py
[2026-09-12T23:27:43.064+0000] {processor.py:925} INFO - DAG(s) 'WeatherToronto_ETL' retrieved from /opt/airflow/dags/Shi_HW 3.py
[2026-09-12T23:27:43.074+0000] {logging_mixin.py:190} INFO - [2026-09-12T23:27:43.073+0000] {dag.py:3229} INFO - Sync 1 DAGs
[2026-09-12T23:27:43.086+0000] {logging_mixin.py:190} INFO - [2026-09-12T23:27:43.086+0000] {dag.py:4156} INFO - Setting next_dagrun for WeatherToronto_ETL to 2026-09-12 18:00:00+00:00, run_after=2026-09-13 18:00:00+00:00
[2026-09-12T23:27:43.092+0000] {processor.py:208} INFO - Processing /opt/airflow/dags/Shi_HW 3.py took 0.055 seconds
[2026-09-12T23:28:13.488+0000] {processor.py:186} INFO - Started process (PID=11496) to work on /opt/airflow/dags/Shi_HW 3.py
[2026-09-12T23:28:13.491+0000] {processor.py:914} INFO - Processing file /opt/airflow/dags/Shi_HW 3.py for tasks to queue
[2026-09-12T23:28:13.492+0000] {logging_mixin.py:190} INFO - [2026-09-12T23:28:13.492+0000] {dagbag.py:587} INFO - Filling up the DagBag from /opt/airflow/dags/Shi_HW 3.py
[2026-09-12T23:28:13.510+0000] {processor.py:925} INFO - DAG(s) 'WeatherToronto_ETL' retrieved from /opt/airflow/dags/Shi_HW 3.py
[2026-09-12T23:28:13.520+0000] {logging_mixin.py:190} INFO - [2026-09-12T23:28:13.519+0000] {dag.py:3229} INFO - Sync 1 DAGs
[2026-09-12T23:28:13.530+0000] {logging_mixin.py:190} INFO - [2026-09-12T23:28:13.529+0000] {dag.py:4156} INFO - Setting next_dagrun for WeatherToronto_ETL to 2026-09-12 18:00:00+00:00, run_after=2026-09-13 18:00:00+00:00
[2026-09-12T23:28:13.537+0000] {processor.py:208} INFO - Processing /opt/airflow/dags/Shi_HW 3.py took 0.054 seconds
[2026-09-12T23:28:43.872+0000] {processor.py:186} INFO - Started process (PID=11507) to work on /opt/airflow/dags/Shi_HW 3.py
[2026-09-12T23:28:43.874+0000] {processor.py:914} INFO - Processing file /opt/airflow/dags/Shi_HW 3.py for tasks to queue
[2026-09-12T23:28:43.875+0000] {logging_mixin.py:190} INFO - [2026-09-12T23:28:43.875+0000] {dagbag.py:587} INFO - Filling up the DagBag from /opt/airflow/dags/Shi_HW 3.py
[2026-09-12T23:28:43.888+0000] {processor.py:925} INFO - DAG(s) 'WeatherToronto_ETL' retrieved from /opt/airflow/dags/Shi_HW 3.py
[2026-09-12T23:28:43.897+0000] {logging_mixin.py:190} INFO - [2026-09-12T23:28:43.896+0000] {dag.py:3229} INFO - Sync 1 DAGs
[2026-09-12T23:28:43.907+0000] {logging_mixin.py:190} INFO - [2026-09-12T23:28:43.906+0000] {dag.py:4156} INFO - Setting next_dagrun for WeatherToronto_ETL to 2026-09-12 18:00:00+00:00, run_after=2026-09-13 18:00:00+00:00
[2026-09-12T23:28:43.912+0000] {processor.py:208} INFO - Processing /opt/airflow/dags/Shi_HW 3.py took 0.044 seconds
[2026-09-12T23:29:14.317+0000] {processor.py:186} INFO - Started process (PID=11518) to work on /opt/airflow/dags/Shi_HW 3.py
[2026-09-12T23:29:14.322+0000] {processor.py:914} INFO - Processing file /opt/airflow/dags/Shi_HW 3.py for tasks to queue
[2026-09-12T23:29:14.323+0000] {logging_mixin.py:190} INFO - [2026-09-12T23:29:14.322+0000] {dagbag.py:587} INFO - Filling up the DagBag from /opt/airflow/dags/Shi_HW 3.py
[2026-09-12T23:29:14.342+0000] {processor.py:925} INFO - DAG(s) 'WeatherToronto_ETL' retrieved from /opt/airflow/dags/Shi_HW 3.py
[2026-09-12T23:29:14.352+0000] {logging_mixin.py:190} INFO - [2026-09-12T23:29:14.351+0000] {dag.py:3229} INFO - Sync 1 DAGs
[2026-09-12T23:29:14.362+0000] {logging_mixin.py:190} INFO - [2026-09-12T23:29:14.362+0000] {dag.py:4156} INFO - Setting next_dagrun for WeatherToronto_ETL to 2026-09-12 18:00:00+00:00, run_after=2026-09-13 18:00:00+00:00
[2026-09-12T23:29:14.369+0000] {processor.py:208} INFO - Processing /opt/airflow/dags/Shi_HW 3.py took 0.057 seconds
[2026-09-12T23:29:44.733+0000] {processor.py:186} INFO - Started process (PID=11529) to work on /opt/airflow/dags/Shi_HW 3.py
[2026-09-12T23:29:44.737+0000] {processor.py:914} INFO - Processing file /opt/airflow/dags/Shi_HW 3.py for tasks to queue
[2026-09-12T23:29:44.738+0000] {logging_mixin.py:190} INFO - [2026-09-12T23:29:44.738+0000] {dagbag.py:587} INFO - Filling up the DagBag from /opt/airflow/dags/Shi_HW 3.py
[2026-09-12T23:29:44.761+0000] {processor.py:925} INFO - DAG(s) 'WeatherToronto_ETL' retrieved from /opt/airflow/dags/Shi_HW 3.py
[2026-09-12T23:29:44.774+0000] {logging_mixin.py:190} INFO - [2026-09-12T23:29:44.773+0000] {dag.py:3229} INFO - Sync 1 DAGs
[2026-09-12T23:29:44.787+0000] {logging_mixin.py:190} INFO - [2026-09-12T23:29:44.787+0000] {dag.py:4156} INFO - Setting next_dagrun for WeatherToronto_ETL to 2026-09-12 18:00:00+00:00, run_after=2026-09-13 18:00:00+00:00
[2026-09-12T23:29:44.795+0000] {processor.py:208} INFO - Processing /opt/airflow/dags/Shi_HW 3.py took 0.070 seconds
[2026-09-12T23:30:15.176+0000] {processor.py:186} INFO - Started process (PID=11540) to work on /opt/airflow/dags/Shi_HW 3.py
[2026-09-12T23:30:15.180+0000] {processor.py:914} INFO - Processing file /opt/airflow/dags/Shi_HW 3.py for tasks to queue
[2026-09-12T23:30:15.181+0000] {logging_mixin.py:190} INFO - [2026-09-12T23:30:15.181+0000] {dagbag.py:587} INFO - Filling up the DagBag from /opt/airflow/dags/Shi_HW 3.py
[2026-09-12T23:30:15.202+0000] {processor.py:925} INFO - DAG(s) 'WeatherToronto_ETL' retrieved from /opt/airflow/dags/Shi_HW 3.py
[2026-09-12T23:30:15.213+0000] {logging_mixin.py:190} INFO - [2026-09-12T23:30:15.213+0000] {dag.py:3229} INFO - Sync 1 DAGs
[2026-09-12T23:30:15.224+0000] {logging_mixin.py:190} INFO - [2026-09-12T23:30:15.224+0000] {dag.py:4156} INFO - Setting next_dagrun for WeatherToronto_ETL to 2026-09-12 18:00:00+00:00, run_after=2026-09-13 18:00:00+00:00
[2026-09-12T23:30:15.231+0000] {processor.py:208} INFO - Processing /opt/airflow/dags/Shi_HW 3.py took 0.061 seconds
[2026-09-12T23:30:45.626+0000] {processor.py:186} INFO - Started process (PID=11551) to work on /opt/airflow/dags/Shi_HW 3.py
[2026-09-12T23:30:45.631+0000] {processor.py:914} INFO - Processing file /opt/airflow/dags/Shi_HW 3.py for tasks to queue
[2026-09-12T23:30:45.632+0000] {logging_mixin.py:190} INFO - [2026-09-12T23:30:45.632+0000] {dagbag.py:587} INFO - Filling up the DagBag from /opt/airflow/dags/Shi_HW 3.py
[2026-09-12T23:30:45.651+0000] {processor.py:925} INFO - DAG(s) 'WeatherToronto_ETL' retrieved from /opt/airflow/dags/Shi_HW 3.py
[2026-09-12T23:30:45.661+0000] {logging_mixin.py:190} INFO - [2026-09-12T23:30:45.660+0000] {dag.py:3229} INFO - Sync 1 DAGs
[2026-09-12T23:30:45.673+0000] {logging_mixin.py:190} INFO - [2026-09-12T23:30:45.673+0000] {dag.py:4156} INFO - Setting next_dagrun for WeatherToronto_ETL to 2026-09-12 18:00:00+00:00, run_after=2026-09-13 18:00:00+00:00
[2026-09-12T23:30:45.681+0000] {processor.py:208} INFO - Processing /opt/airflow/dags/Shi_HW 3.py took 0.060 seconds
[2026-09-12T23:31:16.153+0000] {processor.py:186} INFO - Started process (PID=11562) to work on /opt/airflow/dags/Shi_HW 3.py
[2026-09-12T23:31:16.157+0000] {processor.py:914} INFO - Processing file /opt/airflow/dags/Shi_HW 3.py for tasks to queue
[2026-09-12T23:31:16.159+0000] {logging_mixin.py:190} INFO - [2026-09-12T23:31:16.158+0000] {dagbag.py:587} INFO - Filling up the DagBag from /opt/airflow/dags/Shi_HW 3.py
[2026-09-12T23:31:16.192+0000] {processor.py:925} INFO - DAG(s) 'WeatherToronto_ETL' retrieved from /opt/airflow/dags/Shi_HW 3.py
[2026-09-12T23:31:16.208+0000] {logging_mixin.py:190} INFO - [2026-09-12T23:31:16.206+0000] {dag.py:3229} INFO - Sync 1 DAGs
[2026-09-12T23:31:16.223+0000] {logging_mixin.py:190} INFO - [2026-09-12T23:31:16.223+0000] {dag.py:4156} INFO - Setting next_dagrun for WeatherToronto_ETL to 2026-09-12 18:00:00+00:00, run_after=2026-09-13 18:00:00+00:00
[2026-09-12T23:31:16.232+0000] {processor.py:208} INFO - Processing /opt/airflow/dags/Shi_HW 3.py took 0.088 seconds
[2026-09-12T23:31:46.606+0000] {processor.py:186} INFO - Started process (PID=11573) to work on /opt/airflow/dags/Shi_HW 3.py
[2026-09-12T23:31:46.610+0000] {processor.py:914} INFO - Processing file /opt/airflow/dags/Shi_HW 3.py for tasks to queue
[2026-09-12T23:31:46.611+0000] {logging_mixin.py:190} INFO - [2026-09-12T23:31:46.611+0000] {dagbag.py:587} INFO - Filling up the DagBag from /opt/airflow/dags/Shi_HW 3.py
[2026-09-12T23:31:46.632+0000] {processor.py:925} INFO - DAG(s) 'WeatherToronto_ETL' retrieved from /opt/airflow/dags/Shi_HW 3.py
[2026-09-12T23:31:46.646+0000] {logging_mixin.py:190} INFO - [2026-09-12T23:31:46.645+0000] {dag.py:3229} INFO - Sync 1 DAGs
[2026-09-12T23:31:46.656+0000] {logging_mixin.py:190} INFO - [2026-09-12T23:31:46.656+0000] {dag.py:4156} INFO - Setting next_dagrun for WeatherToronto_ETL to 2026-09-12 18:00:00+00:00, run_after=2026-09-13 18:00:00+00:00
[2026-09-12T23:31:46.668+0000] {processor.py:208} INFO - Processing /opt/airflow/dags/Shi_HW 3.py took 0.067 seconds
[2026-09-12T23:32:17.139+0000] {processor.py:186} INFO - Started process (PID=11584) to work on /opt/airflow/dags/Shi_HW 3.py
[2026-09-12T23:32:17.143+0000] {processor.py:914} INFO - Processing file /opt/airflow/dags/Shi_HW 3.py for tasks to queue
[2026-09-12T23:32:17.145+0000] {logging_mixin.py:190} INFO - [2026-09-12T23:32:17.144+0000] {dagbag.py:587} INFO - Filling up the DagBag from /opt/airflow/dags/Shi_HW 3.py
[2026-09-12T23:32:17.166+0000] {processor.py:925} INFO - DAG(s) 'WeatherToronto_ETL' retrieved from /opt/airflow/dags/Shi_HW 3.py
[2026-09-12T23:32:17.180+0000] {logging_mixin.py:190} INFO - [2026-09-12T23:32:17.179+0000] {dag.py:3229} INFO - Sync 1 DAGs
[2026-09-12T23:32:17.190+0000] {logging_mixin.py:190} INFO - [2026-09-12T23:32:17.190+0000] {dag.py:4156} INFO - Setting next_dagrun for WeatherToronto_ETL to 2026-09-12 18:00:00+00:00, run_after=2026-09-13 18:00:00+00:00
[2026-09-12T23:32:17.197+0000] {processor.py:208} INFO - Processing /opt/airflow/dags/Shi_HW 3.py took 0.064 seconds
[2026-09-12T23:32:47.532+0000] {processor.py:186} INFO - Started process (PID=11595) to work on /opt/airflow/dags/Shi_HW 3.py
[2026-09-12T23:32:47.536+0000] {processor.py:914} INFO - Processing file /opt/airflow/dags/Shi_HW 3.py for tasks to queue
[2026-09-12T23:32:47.538+0000] {logging_mixin.py:190} INFO - [2026-09-12T23:32:47.537+0000] {dagbag.py:587} INFO - Filling up the DagBag from /opt/airflow/dags/Shi_HW 3.py
[2026-09-12T23:32:47.567+0000] {processor.py:925} INFO - DAG(s) 'WeatherToronto_ETL' retrieved from /opt/airflow/dags/Shi_HW 3.py
[2026-09-12T23:32:47.580+0000] {logging_mixin.py:190} INFO - [2026-09-12T23:32:47.579+0000] {dag.py:3229} INFO - Sync 1 DAGs
[2026-09-12T23:32:47.592+0000] {logging_mixin.py:190} INFO - [2026-09-12T23:32:47.592+0000] {dag.py:4156} INFO - Setting next_dagrun for WeatherToronto_ETL to 2026-09-12 18:00:00+00:00, run_after=2026-09-13 18:00:00+00:00
[2026-09-12T23:32:47.601+0000] {processor.py:208} INFO - Processing /opt/airflow/dags/Shi_HW 3.py took 0.076 seconds
[2026-09-12T23:33:17.971+0000] {processor.py:186} INFO - Started process (PID=11606) to work on /opt/airflow/dags/Shi_HW 3.py
[2026-09-12T23:33:17.977+0000] {processor.py:914} INFO - Processing file /opt/airflow/dags/Shi_HW 3.py for tasks to queue
[2026-09-12T23:33:17.978+0000] {logging_mixin.py:190} INFO - [2026-09-12T23:33:17.978+0000] {dagbag.py:587} INFO - Filling up the DagBag from /opt/airflow/dags/Shi_HW 3.py
[2026-09-12T23:33:17.996+0000] {processor.py:925} INFO - DAG(s) 'WeatherToronto_ETL' retrieved from /opt/airflow/dags/Shi_HW 3.py
[2026-09-12T23:33:18.005+0000] {logging_mixin.py:190} INFO - [2026-09-12T23:33:18.005+0000] {dag.py:3229} INFO - Sync 1 DAGs
[2026-09-12T23:33:18.015+0000] {logging_mixin.py:190} INFO - [2026-09-12T23:33:18.015+0000] {dag.py:4156} INFO - Setting next_dagrun for WeatherToronto_ETL to 2026-09-12 18:00:00+00:00, run_after=2026-09-13 18:00:00+00:00
[2026-09-12T23:33:18.022+0000] {processor.py:208} INFO - Processing /opt/airflow/dags/Shi_HW 3.py took 0.056 seconds
[2026-09-12T23:33:48.368+0000] {processor.py:186} INFO - Started process (PID=11617) to work on /opt/airflow/dags/Shi_HW 3.py
[2026-09-12T23:33:48.372+0000] {processor.py:914} INFO - Processing file /opt/airflow/dags/Shi_HW 3.py for tasks to queue
[2026-09-12T23:33:48.373+0000] {logging_mixin.py:190} INFO - [2026-09-12T23:33:48.373+0000] {dagbag.py:587} INFO - Filling up the DagBag from /opt/airflow/dags/Shi_HW 3.py
[2026-09-12T23:33:48.392+0000] {processor.py:925} INFO - DAG(s) 'WeatherToronto_ETL' retrieved from /opt/airflow/dags/Shi_HW 3.py
[2026-09-12T23:33:48.401+0000] {logging_mixin.py:190} INFO - [2026-09-12T23:33:48.400+0000] {dag.py:3229} INFO - Sync 1 DAGs
[2026-09-12T23:33:48.412+0000] {logging_mixin.py:190} INFO - [2026-09-12T23:33:48.412+0000] {dag.py:4156} INFO - Setting next_dagrun for WeatherToronto_ETL to 2026-09-12 18:00:00+00:00, run_after=2026-09-13 18:00:00+00:00
[2026-09-12T23:33:48.418+0000] {processor.py:208} INFO - Processing /opt/airflow/dags/Shi_HW 3.py took 0.055 seconds
[2026-09-12T23:34:18.810+0000] {processor.py:186} INFO - Started process (PID=11628) to work on /opt/airflow/dags/Shi_HW 3.py
[2026-09-12T23:34:18.814+0000] {processor.py:914} INFO - Processing file /opt/airflow/dags/Shi_HW 3.py for tasks to queue
[2026-09-12T23:34:18.815+0000] {logging_mixin.py:190} INFO - [2026-09-12T23:34:18.815+0000] {dagbag.py:587} INFO - Filling up the DagBag from /opt/airflow/dags/Shi_HW 3.py
[2026-09-12T23:34:18.847+0000] {processor.py:925} INFO - DAG(s) 'WeatherToronto_ETL' retrieved from /opt/airflow/dags/Shi_HW 3.py
[2026-09-12T23:34:18.868+0000] {logging_mixin.py:190} INFO - [2026-09-12T23:34:18.866+0000] {dag.py:3229} INFO - Sync 1 DAGs
[2026-09-12T23:34:18.887+0000] {logging_mixin.py:190} INFO - [2026-09-12T23:34:18.886+0000] {dag.py:4156} INFO - Setting next_dagrun for WeatherToronto_ETL to 2026-09-12 18:00:00+00:00, run_after=2026-09-13 18:00:00+00:00
[2026-09-12T23:34:18.896+0000] {processor.py:208} INFO - Processing /opt/airflow/dags/Shi_HW 3.py took 0.094 seconds
[2026-09-12T23:34:49.254+0000] {processor.py:186} INFO - Started process (PID=11639) to work on /opt/airflow/dags/Shi_HW 3.py
[2026-09-12T23:34:49.258+0000] {processor.py:914} INFO - Processing file /opt/airflow/dags/Shi_HW 3.py for tasks to queue
[2026-09-12T23:34:49.259+0000] {logging_mixin.py:190} INFO - [2026-09-12T23:34:49.258+0000] {dagbag.py:587} INFO - Filling up the DagBag from /opt/airflow/dags/Shi_HW 3.py
[2026-09-12T23:34:49.280+0000] {processor.py:925} INFO - DAG(s) 'WeatherToronto_ETL' retrieved from /opt/airflow/dags/Shi_HW 3.py
[2026-09-12T23:34:49.289+0000] {logging_mixin.py:190} INFO - [2026-09-12T23:34:49.288+0000] {dag.py:3229} INFO - Sync 1 DAGs
[2026-09-12T23:34:49.300+0000] {logging_mixin.py:190} INFO - [2026-09-12T23:34:49.300+0000] {dag.py:4156} INFO - Setting next_dagrun for WeatherToronto_ETL to 2026-09-12 18:00:00+00:00, run_after=2026-09-13 18:00:00+00:00
[2026-09-12T23:34:49.306+0000] {processor.py:208} INFO - Processing /opt/airflow/dags/Shi_HW 3.py took 0.058 seconds
[2026-09-12T23:35:19.737+0000] {processor.py:186} INFO - Started process (PID=11656) to work on /opt/airflow/dags/Shi_HW 3.py
[2026-09-12T23:35:19.740+0000] {processor.py:914} INFO - Processing file /opt/airflow/dags/Shi_HW 3.py for tasks to queue
[2026-09-12T23:35:19.741+0000] {logging_mixin.py:190} INFO - [2026-09-12T23:35:19.741+0000] {dagbag.py:587} INFO - Filling up the DagBag from /opt/airflow/dags/Shi_HW 3.py
[2026-09-12T23:35:19.756+0000] {processor.py:925} INFO - DAG(s) 'WeatherToronto_ETL' retrieved from /opt/airflow/dags/Shi_HW 3.py
[2026-09-12T23:35:19.765+0000] {logging_mixin.py:190} INFO - [2026-09-12T23:35:19.764+0000] {dag.py:3229} INFO - Sync 1 DAGs
[2026-09-12T23:35:19.777+0000] {logging_mixin.py:190} INFO - [2026-09-12T23:35:19.777+0000] {dag.py:4156} INFO - Setting next_dagrun for WeatherToronto_ETL to 2026-09-12 18:00:00+00:00, run_after=2026-09-13 18:00:00+00:00
[2026-09-12T23:35:19.785+0000] {processor.py:208} INFO - Processing /opt/airflow/dags/Shi_HW 3.py took 0.053 seconds
[2026-09-12T23:35:50.137+0000] {processor.py:186} INFO - Started process (PID=11667) to work on /opt/airflow/dags/Shi_HW 3.py
[2026-09-12T23:35:50.158+0000] {processor.py:914} INFO - Processing file /opt/airflow/dags/Shi_HW 3.py for tasks to queue
[2026-09-12T23:35:50.161+0000] {logging_mixin.py:190} INFO - [2026-09-12T23:35:50.160+0000] {dagbag.py:587} INFO - Filling up the DagBag from /opt/airflow/dags/Shi_HW 3.py
[2026-09-12T23:35:50.203+0000] {processor.py:925} INFO - DAG(s) 'WeatherToronto_ETL' retrieved from /opt/airflow/dags/Shi_HW 3.py
[2026-09-12T23:35:50.231+0000] {logging_mixin.py:190} INFO - [2026-09-12T23:35:50.226+0000] {dag.py:3229} INFO - Sync 1 DAGs
[2026-09-12T23:35:50.259+0000] {logging_mixin.py:190} INFO - [2026-09-12T23:35:50.259+0000] {dag.py:4156} INFO - Setting next_dagrun for WeatherToronto_ETL to 2026-09-12 18:00:00+00:00, run_after=2026-09-13 18:00:00+00:00
[2026-09-12T23:35:50.274+0000] {processor.py:208} INFO - Processing /opt/airflow/dags/Shi_HW 3.py took 0.152 seconds
[2026-09-12T23:36:20.428+0000] {processor.py:186} INFO - Started process (PID=11678) to work on /opt/airflow/dags/Shi_HW 3.py
[2026-09-12T23:36:20.431+0000] {processor.py:914} INFO - Processing file /opt/airflow/dags/Shi_HW 3.py for tasks to queue
[2026-09-12T23:36:20.432+0000] {logging_mixin.py:190} INFO - [2026-09-12T23:36:20.431+0000] {dagbag.py:587} INFO - Filling up the DagBag from /opt/airflow/dags/Shi_HW 3.py
[2026-09-12T23:36:20.449+0000] {processor.py:925} INFO - DAG(s) 'WeatherToronto_ETL' retrieved from /opt/airflow/dags/Shi_HW 3.py
[2026-09-12T23:36:20.458+0000] {logging_mixin.py:190} INFO - [2026-09-12T23:36:20.457+0000] {dag.py:3229} INFO - Sync 1 DAGs
[2026-09-12T23:36:20.473+0000] {logging_mixin.py:190} INFO - [2026-09-12T23:36:20.473+0000] {dag.py:4156} INFO - Setting next_dagrun for WeatherToronto_ETL to 2026-09-12 18:00:00+00:00, run_after=2026-09-13 18:00:00+00:00
[2026-09-12T23:36:20.479+0000] {processor.py:208} INFO - Processing /opt/airflow/dags/Shi_HW 3.py took 0.059 seconds
[2026-09-12T23:36:50.763+0000] {processor.py:186} INFO - Started process (PID=11689) to work on /opt/airflow/dags/Shi_HW 3.py
[2026-09-12T23:36:50.767+0000] {processor.py:914} INFO - Processing file /opt/airflow/dags/Shi_HW 3.py for tasks to queue
[2026-09-12T23:36:50.769+0000] {logging_mixin.py:190} INFO - [2026-09-12T23:36:50.768+0000] {dagbag.py:587} INFO - Filling up the DagBag from /opt/airflow/dags/Shi_HW 3.py
[2026-09-12T23:36:50.793+0000] {processor.py:925} INFO - DAG(s) 'WeatherToronto_ETL' retrieved from /opt/airflow/dags/Shi_HW 3.py
[2026-09-12T23:36:50.805+0000] {logging_mixin.py:190} INFO - [2026-09-12T23:36:50.803+0000] {dag.py:3229} INFO - Sync 1 DAGs
[2026-09-12T23:36:50.816+0000] {logging_mixin.py:190} INFO - [2026-09-12T23:36:50.816+0000] {dag.py:4156} INFO - Setting next_dagrun for WeatherToronto_ETL to 2026-09-12 18:00:00+00:00, run_after=2026-09-13 18:00:00+00:00
[2026-09-12T23:36:50.823+0000] {processor.py:208} INFO - Processing /opt/airflow/dags/Shi_HW 3.py took 0.067 seconds
[2026-09-12T23:37:21.153+0000] {processor.py:186} INFO - Started process (PID=11700) to work on /opt/airflow/dags/Shi_HW 3.py
[2026-09-12T23:37:21.158+0000] {processor.py:914} INFO - Processing file /opt/airflow/dags/Shi_HW 3.py for tasks to queue
[2026-09-12T23:37:21.159+0000] {logging_mixin.py:190} INFO - [2026-09-12T23:37:21.159+0000] {dagbag.py:587} INFO - Filling up the DagBag from /opt/airflow/dags/Shi_HW 3.py
[2026-09-12T23:37:21.179+0000] {processor.py:925} INFO - DAG(s) 'WeatherToronto_ETL' retrieved from /opt/airflow/dags/Shi_HW 3.py
[2026-09-12T23:37:21.189+0000] {logging_mixin.py:190} INFO - [2026-09-12T23:37:21.188+0000] {dag.py:3229} INFO - Sync 1 DAGs
[2026-09-12T23:37:21.199+0000] {logging_mixin.py:190} INFO - [2026-09-12T23:37:21.199+0000] {dag.py:4156} INFO - Setting next_dagrun for WeatherToronto_ETL to 2026-09-12 18:00:00+00:00, run_after=2026-09-13 18:00:00+00:00
[2026-09-12T23:37:21.205+0000] {processor.py:208} INFO - Processing /opt/airflow/dags/Shi_HW 3.py took 0.060 seconds
[2026-09-12T23:37:51.606+0000] {processor.py:186} INFO - Started process (PID=11711) to work on /opt/airflow/dags/Shi_HW 3.py
[2026-09-12T23:37:51.609+0000] {processor.py:914} INFO - Processing file /opt/airflow/dags/Shi_HW 3.py for tasks to queue
[2026-09-12T23:37:51.611+0000] {logging_mixin.py:190} INFO - [2026-09-12T23:37:51.610+0000] {dagbag.py:587} INFO - Filling up the DagBag from /opt/airflow/dags/Shi_HW 3.py
[2026-09-12T23:37:51.630+0000] {processor.py:925} INFO - DAG(s) 'WeatherToronto_ETL' retrieved from /opt/airflow/dags/Shi_HW 3.py
[2026-09-12T23:37:51.640+0000] {logging_mixin.py:190} INFO - [2026-09-12T23:37:51.640+0000] {dag.py:3229} INFO - Sync 1 DAGs
[2026-09-12T23:37:51.651+0000] {logging_mixin.py:190} INFO - [2026-09-12T23:37:51.651+0000] {dag.py:4156} INFO - Setting next_dagrun for WeatherToronto_ETL to 2026-09-12 18:00:00+00:00, run_after=2026-09-13 18:00:00+00:00
[2026-09-12T23:37:51.659+0000] {processor.py:208} INFO - Processing /opt/airflow/dags/Shi_HW 3.py took 0.060 seconds
[2026-09-12T23:38:22.061+0000] {processor.py:186} INFO - Started process (PID=11722) to work on /opt/airflow/dags/Shi_HW 3.py
[2026-09-12T23:38:22.066+0000] {processor.py:914} INFO - Processing file /opt/airflow/dags/Shi_HW 3.py for tasks to queue
[2026-09-12T23:38:22.067+0000] {logging_mixin.py:190} INFO - [2026-09-12T23:38:22.067+0000] {dagbag.py:587} INFO - Filling up the DagBag from /opt/airflow/dags/Shi_HW 3.py
[2026-09-12T23:38:22.086+0000] {processor.py:925} INFO - DAG(s) 'WeatherToronto_ETL' retrieved from /opt/airflow/dags/Shi_HW 3.py
[2026-09-12T23:38:22.096+0000] {logging_mixin.py:190} INFO - [2026-09-12T23:38:22.095+0000] {dag.py:3229} INFO - Sync 1 DAGs
[2026-09-12T23:38:22.107+0000] {logging_mixin.py:190} INFO - [2026-09-12T23:38:22.106+0000] {dag.py:4156} INFO - Setting next_dagrun for WeatherToronto_ETL to 2026-09-12 18:00:00+00:00, run_after=2026-09-13 18:00:00+00:00
[2026-09-12T23:38:22.114+0000] {processor.py:208} INFO - Processing /opt/airflow/dags/Shi_HW 3.py took 0.058 seconds
[2026-09-12T23:38:52.498+0000] {processor.py:186} INFO - Started process (PID=11733) to work on /opt/airflow/dags/Shi_HW 3.py
[2026-09-12T23:38:52.502+0000] {processor.py:914} INFO - Processing file /opt/airflow/dags/Shi_HW 3.py for tasks to queue
[2026-09-12T23:38:52.504+0000] {logging_mixin.py:190} INFO - [2026-09-12T23:38:52.503+0000] {dagbag.py:587} INFO - Filling up the DagBag from /opt/airflow/dags/Shi_HW 3.py
[2026-09-12T23:38:52.533+0000] {processor.py:925} INFO - DAG(s) 'WeatherToronto_ETL' retrieved from /opt/airflow/dags/Shi_HW 3.py
[2026-09-12T23:38:52.549+0000] {logging_mixin.py:190} INFO - [2026-09-12T23:38:52.548+0000] {dag.py:3229} INFO - Sync 1 DAGs
[2026-09-12T23:38:52.564+0000] {logging_mixin.py:190} INFO - [2026-09-12T23:38:52.564+0000] {dag.py:4156} INFO - Setting next_dagrun for WeatherToronto_ETL to 2026-09-12 18:00:00+00:00, run_after=2026-09-13 18:00:00+00:00
[2026-09-12T23:38:52.576+0000] {processor.py:208} INFO - Processing /opt/airflow/dags/Shi_HW 3.py took 0.088 seconds
[2026-09-12T23:39:22.865+0000] {processor.py:186} INFO - Started process (PID=11744) to work on /opt/airflow/dags/Shi_HW 3.py
[2026-09-12T23:39:22.868+0000] {processor.py:914} INFO - Processing file /opt/airflow/dags/Shi_HW 3.py for tasks to queue
[2026-09-12T23:39:22.869+0000] {logging_mixin.py:190} INFO - [2026-09-12T23:39:22.868+0000] {dagbag.py:587} INFO - Filling up the DagBag from /opt/airflow/dags/Shi_HW 3.py
[2026-09-12T23:39:22.887+0000] {processor.py:925} INFO - DAG(s) 'WeatherToronto_ETL' retrieved from /opt/airflow/dags/Shi_HW 3.py
[2026-09-12T23:39:22.896+0000] {logging_mixin.py:190} INFO - [2026-09-12T23:39:22.895+0000] {dag.py:3229} INFO - Sync 1 DAGs
[2026-09-12T23:39:22.906+0000] {logging_mixin.py:190} INFO - [2026-09-12T23:39:22.906+0000] {dag.py:4156} INFO - Setting next_dagrun for WeatherToronto_ETL to 2026-09-12 18:00:00+00:00, run_after=2026-09-13 18:00:00+00:00
[2026-09-12T23:39:22.912+0000] {processor.py:208} INFO - Processing /opt/airflow/dags/Shi_HW 3.py took 0.052 seconds
[2026-09-12T23:39:53.293+0000] {processor.py:186} INFO - Started process (PID=11755) to work on /opt/airflow/dags/Shi_HW 3.py
[2026-09-12T23:39:53.297+0000] {processor.py:914} INFO - Processing file /opt/airflow/dags/Shi_HW 3.py for tasks to queue
[2026-09-12T23:39:53.298+0000] {logging_mixin.py:190} INFO - [2026-09-12T23:39:53.298+0000] {dagbag.py:587} INFO - Filling up the DagBag from /opt/airflow/dags/Shi_HW 3.py
[2026-09-12T23:39:53.317+0000] {processor.py:925} INFO - DAG(s) 'WeatherToronto_ETL' retrieved from /opt/airflow/dags/Shi_HW 3.py
[2026-09-12T23:39:53.327+0000] {logging_mixin.py:190} INFO - [2026-09-12T23:39:53.327+0000] {dag.py:3229} INFO - Sync 1 DAGs
[2026-09-12T23:39:53.339+0000] {logging_mixin.py:190} INFO - [2026-09-12T23:39:53.339+0000] {dag.py:4156} INFO - Setting next_dagrun for WeatherToronto_ETL to 2026-09-12 18:00:00+00:00, run_after=2026-09-13 18:00:00+00:00
[2026-09-12T23:39:53.346+0000] {processor.py:208} INFO - Processing /opt/airflow/dags/Shi_HW 3.py took 0.058 seconds
[2026-09-12T23:40:23.731+0000] {processor.py:186} INFO - Started process (PID=11766) to work on /opt/airflow/dags/Shi_HW 3.py
[2026-09-12T23:40:23.736+0000] {processor.py:914} INFO - Processing file /opt/airflow/dags/Shi_HW 3.py for tasks to queue
[2026-09-12T23:40:23.737+0000] {logging_mixin.py:190} INFO - [2026-09-12T23:40:23.737+0000] {dagbag.py:587} INFO - Filling up the DagBag from /opt/airflow/dags/Shi_HW 3.py
[2026-09-12T23:40:23.757+0000] {processor.py:925} INFO - DAG(s) 'WeatherToronto_ETL' retrieved from /opt/airflow/dags/Shi_HW 3.py
[2026-09-12T23:40:23.767+0000] {logging_mixin.py:190} INFO - [2026-09-12T23:40:23.766+0000] {dag.py:3229} INFO - Sync 1 DAGs
[2026-09-12T23:40:23.778+0000] {logging_mixin.py:190} INFO - [2026-09-12T23:40:23.777+0000] {dag.py:4156} INFO - Setting next_dagrun for WeatherToronto_ETL to 2026-09-12 18:00:00+00:00, run_after=2026-09-13 18:00:00+00:00
[2026-09-12T23:40:23.784+0000] {processor.py:208} INFO - Processing /opt/airflow/dags/Shi_HW 3.py took 0.059 seconds
[2026-09-12T23:40:54.200+0000] {processor.py:186} INFO - Started process (PID=11777) to work on /opt/airflow/dags/Shi_HW 3.py
[2026-09-12T23:40:54.205+0000] {processor.py:914} INFO - Processing file /opt/airflow/dags/Shi_HW 3.py for tasks to queue
[2026-09-12T23:40:54.206+0000] {logging_mixin.py:190} INFO - [2026-09-12T23:40:54.206+0000] {dagbag.py:587} INFO - Filling up the DagBag from /opt/airflow/dags/Shi_HW 3.py
[2026-09-12T23:40:54.230+0000] {processor.py:925} INFO - DAG(s) 'WeatherToronto_ETL' retrieved from /opt/airflow/dags/Shi_HW 3.py
[2026-09-12T23:40:54.242+0000] {logging_mixin.py:190} INFO - [2026-09-12T23:40:54.241+0000] {dag.py:3229} INFO - Sync 1 DAGs
[2026-09-12T23:40:54.254+0000] {logging_mixin.py:190} INFO - [2026-09-12T23:40:54.254+0000] {dag.py:4156} INFO - Setting next_dagrun for WeatherToronto_ETL to 2026-09-12 18:00:00+00:00, run_after=2026-09-13 18:00:00+00:00
[2026-09-12T23:40:54.262+0000] {processor.py:208} INFO - Processing /opt/airflow/dags/Shi_HW 3.py took 0.070 seconds
[2026-09-12T23:41:24.606+0000] {processor.py:186} INFO - Started process (PID=11788) to work on /opt/airflow/dags/Shi_HW 3.py
[2026-09-12T23:41:24.611+0000] {processor.py:914} INFO - Processing file /opt/airflow/dags/Shi_HW 3.py for tasks to queue
[2026-09-12T23:41:24.612+0000] {logging_mixin.py:190} INFO - [2026-09-12T23:41:24.611+0000] {dagbag.py:587} INFO - Filling up the DagBag from /opt/airflow/dags/Shi_HW 3.py
[2026-09-12T23:41:24.631+0000] {processor.py:925} INFO - DAG(s) 'WeatherToronto_ETL' retrieved from /opt/airflow/dags/Shi_HW 3.py
[2026-09-12T23:41:24.641+0000] {logging_mixin.py:190} INFO - [2026-09-12T23:41:24.640+0000] {dag.py:3229} INFO - Sync 1 DAGs
[2026-09-12T23:41:24.653+0000] {logging_mixin.py:190} INFO - [2026-09-12T23:41:24.653+0000] {dag.py:4156} INFO - Setting next_dagrun for WeatherToronto_ETL to 2026-09-12 18:00:00+00:00, run_after=2026-09-13 18:00:00+00:00
[2026-09-12T23:41:24.659+0000] {processor.py:208} INFO - Processing /opt/airflow/dags/Shi_HW 3.py took 0.060 seconds
[2026-09-12T23:41:55.039+0000] {processor.py:186} INFO - Started process (PID=11799) to work on /opt/airflow/dags/Shi_HW 3.py
[2026-09-12T23:41:55.043+0000] {processor.py:914} INFO - Processing file /opt/airflow/dags/Shi_HW 3.py for tasks to queue
[2026-09-12T23:41:55.044+0000] {logging_mixin.py:190} INFO - [2026-09-12T23:41:55.044+0000] {dagbag.py:587} INFO - Filling up the DagBag from /opt/airflow/dags/Shi_HW 3.py
[2026-09-12T23:41:55.065+0000] {processor.py:925} INFO - DAG(s) 'WeatherToronto_ETL' retrieved from /opt/airflow/dags/Shi_HW 3.py
[2026-09-12T23:41:55.075+0000] {logging_mixin.py:190} INFO - [2026-09-12T23:41:55.074+0000] {dag.py:3229} INFO - Sync 1 DAGs
[2026-09-12T23:41:55.086+0000] {logging_mixin.py:190} INFO - [2026-09-12T23:41:55.086+0000] {dag.py:4156} INFO - Setting next_dagrun for WeatherToronto_ETL to 2026-09-12 18:00:00+00:00, run_after=2026-09-13 18:00:00+00:00
[2026-09-12T23:41:55.092+0000] {processor.py:208} INFO - Processing /opt/airflow/dags/Shi_HW 3.py took 0.061 seconds
[2026-09-12T23:42:25.450+0000] {processor.py:186} INFO - Started process (PID=11810) to work on /opt/airflow/dags/Shi_HW 3.py
[2026-09-12T23:42:25.455+0000] {processor.py:914} INFO - Processing file /opt/airflow/dags/Shi_HW 3.py for tasks to queue
[2026-09-12T23:42:25.456+0000] {logging_mixin.py:190} INFO - [2026-09-12T23:42:25.455+0000] {dagbag.py:587} INFO - Filling up the DagBag from /opt/airflow/dags/Shi_HW 3.py
[2026-09-12T23:42:25.474+0000] {processor.py:925} INFO - DAG(s) 'WeatherToronto_ETL' retrieved from /opt/airflow/dags/Shi_HW 3.py
[2026-09-12T23:42:25.484+0000] {logging_mixin.py:190} INFO - [2026-09-12T23:42:25.483+0000] {dag.py:3229} INFO - Sync 1 DAGs
[2026-09-12T23:42:25.494+0000] {logging_mixin.py:190} INFO - [2026-09-12T23:42:25.494+0000] {dag.py:4156} INFO - Setting next_dagrun for WeatherToronto_ETL to 2026-09-12 18:00:00+00:00, run_after=2026-09-13 18:00:00+00:00
[2026-09-12T23:42:25.501+0000] {processor.py:208} INFO - Processing /opt/airflow/dags/Shi_HW 3.py took 0.055 seconds
[2026-09-12T23:42:55.842+0000] {processor.py:186} INFO - Started process (PID=11821) to work on /opt/airflow/dags/Shi_HW 3.py
[2026-09-12T23:42:55.845+0000] {processor.py:914} INFO - Processing file /opt/airflow/dags/Shi_HW 3.py for tasks to queue
[2026-09-12T23:42:55.846+0000] {logging_mixin.py:190} INFO - [2026-09-12T23:42:55.846+0000] {dagbag.py:587} INFO - Filling up the DagBag from /opt/airflow/dags/Shi_HW 3.py
[2026-09-12T23:42:55.863+0000] {processor.py:925} INFO - DAG(s) 'WeatherToronto_ETL' retrieved from /opt/airflow/dags/Shi_HW 3.py
[2026-09-12T23:42:55.873+0000] {logging_mixin.py:190} INFO - [2026-09-12T23:42:55.872+0000] {dag.py:3229} INFO - Sync 1 DAGs
[2026-09-12T23:42:55.883+0000] {logging_mixin.py:190} INFO - [2026-09-12T23:42:55.883+0000] {dag.py:4156} INFO - Setting next_dagrun for WeatherToronto_ETL to 2026-09-12 18:00:00+00:00, run_after=2026-09-13 18:00:00+00:00
[2026-09-12T23:42:55.890+0000] {processor.py:208} INFO - Processing /opt/airflow/dags/Shi_HW 3.py took 0.053 seconds
[2026-09-12T23:43:26.268+0000] {processor.py:186} INFO - Started process (PID=11832) to work on /opt/airflow/dags/Shi_HW 3.py
[2026-09-12T23:43:26.272+0000] {processor.py:914} INFO - Processing file /opt/airflow/dags/Shi_HW 3.py for tasks to queue
[2026-09-12T23:43:26.273+0000] {logging_mixin.py:190} INFO - [2026-09-12T23:43:26.273+0000] {dagbag.py:587} INFO - Filling up the DagBag from /opt/airflow/dags/Shi_HW 3.py
[2026-09-12T23:43:26.293+0000] {processor.py:925} INFO - DAG(s) 'WeatherToronto_ETL' retrieved from /opt/airflow/dags/Shi_HW 3.py
[2026-09-12T23:43:26.304+0000] {logging_mixin.py:190} INFO - [2026-09-12T23:43:26.303+0000] {dag.py:3229} INFO - Sync 1 DAGs
[2026-09-12T23:43:26.315+0000] {logging_mixin.py:190} INFO - [2026-09-12T23:43:26.315+0000] {dag.py:4156} INFO - Setting next_dagrun for WeatherToronto_ETL to 2026-09-12 18:00:00+00:00, run_after=2026-09-13 18:00:00+00:00
[2026-09-12T23:43:26.323+0000] {processor.py:208} INFO - Processing /opt/airflow/dags/Shi_HW 3.py took 0.061 seconds
[2026-09-12T23:43:56.668+0000] {processor.py:186} INFO - Started process (PID=11843) to work on /opt/airflow/dags/Shi_HW 3.py
[2026-09-12T23:43:56.673+0000] {processor.py:914} INFO - Processing file /opt/airflow/dags/Shi_HW 3.py for tasks to queue
[2026-09-12T23:43:56.674+0000] {logging_mixin.py:190} INFO - [2026-09-12T23:43:56.673+0000] {dagbag.py:587} INFO - Filling up the DagBag from /opt/airflow/dags/Shi_HW 3.py
[2026-09-12T23:43:56.694+0000] {processor.py:925} INFO - DAG(s) 'WeatherToronto_ETL' retrieved from /opt/airflow/dags/Shi_HW 3.py
[2026-09-12T23:43:56.704+0000] {logging_mixin.py:190} INFO - [2026-09-12T23:43:56.704+0000] {dag.py:3229} INFO - Sync 1 DAGs
[2026-09-12T23:43:56.715+0000] {logging_mixin.py:190} INFO - [2026-09-12T23:43:56.715+0000] {dag.py:4156} INFO - Setting next_dagrun for WeatherToronto_ETL to 2026-09-12 18:00:00+00:00, run_after=2026-09-13 18:00:00+00:00
[2026-09-12T23:43:56.722+0000] {processor.py:208} INFO - Processing /opt/airflow/dags/Shi_HW 3.py took 0.060 seconds
[2026-09-12T23:44:27.140+0000] {processor.py:186} INFO - Started process (PID=11854) to work on /opt/airflow/dags/Shi_HW 3.py
[2026-09-12T23:44:27.145+0000] {processor.py:914} INFO - Processing file /opt/airflow/dags/Shi_HW 3.py for tasks to queue
[2026-09-12T23:44:27.146+0000] {logging_mixin.py:190} INFO - [2026-09-12T23:44:27.146+0000] {dagbag.py:587} INFO - Filling up the DagBag from /opt/airflow/dags/Shi_HW 3.py
[2026-09-12T23:44:27.169+0000] {processor.py:925} INFO - DAG(s) 'WeatherToronto_ETL' retrieved from /opt/airflow/dags/Shi_HW 3.py
[2026-09-12T23:44:27.181+0000] {logging_mixin.py:190} INFO - [2026-09-12T23:44:27.180+0000] {dag.py:3229} INFO - Sync 1 DAGs
[2026-09-12T23:44:27.195+0000] {logging_mixin.py:190} INFO - [2026-09-12T23:44:27.195+0000] {dag.py:4156} INFO - Setting next_dagrun for WeatherToronto_ETL to 2026-09-12 18:00:00+00:00, run_after=2026-09-13 18:00:00+00:00
[2026-09-12T23:44:27.201+0000] {processor.py:208} INFO - Processing /opt/airflow/dags/Shi_HW 3.py took 0.073 seconds
[2026-09-12T23:44:57.581+0000] {processor.py:186} INFO - Started process (PID=11865) to work on /opt/airflow/dags/Shi_HW 3.py
[2026-09-12T23:44:57.586+0000] {processor.py:914} INFO - Processing file /opt/airflow/dags/Shi_HW 3.py for tasks to queue
[2026-09-12T23:44:57.587+0000] {logging_mixin.py:190} INFO - [2026-09-12T23:44:57.587+0000] {dagbag.py:587} INFO - Filling up the DagBag from /opt/airflow/dags/Shi_HW 3.py
[2026-09-12T23:44:57.606+0000] {processor.py:925} INFO - DAG(s) 'WeatherToronto_ETL' retrieved from /opt/airflow/dags/Shi_HW 3.py
[2026-09-12T23:44:57.616+0000] {logging_mixin.py:190} INFO - [2026-09-12T23:44:57.615+0000] {dag.py:3229} INFO - Sync 1 DAGs
[2026-09-12T23:44:57.626+0000] {logging_mixin.py:190} INFO - [2026-09-12T23:44:57.626+0000] {dag.py:4156} INFO - Setting next_dagrun for WeatherToronto_ETL to 2026-09-12 18:00:00+00:00, run_after=2026-09-13 18:00:00+00:00
[2026-09-12T23:44:57.632+0000] {processor.py:208} INFO - Processing /opt/airflow/dags/Shi_HW 3.py took 0.058 seconds
[2026-09-12T23:45:28.013+0000] {processor.py:186} INFO - Started process (PID=11876) to work on /opt/airflow/dags/Shi_HW 3.py
[2026-09-12T23:45:28.018+0000] {processor.py:914} INFO - Processing file /opt/airflow/dags/Shi_HW 3.py for tasks to queue
[2026-09-12T23:45:28.019+0000] {logging_mixin.py:190} INFO - [2026-09-12T23:45:28.019+0000] {dagbag.py:587} INFO - Filling up the DagBag from /opt/airflow/dags/Shi_HW 3.py
[2026-09-12T23:45:28.039+0000] {processor.py:925} INFO - DAG(s) 'WeatherToronto_ETL' retrieved from /opt/airflow/dags/Shi_HW 3.py
[2026-09-12T23:45:28.049+0000] {logging_mixin.py:190} INFO - [2026-09-12T23:45:28.048+0000] {dag.py:3229} INFO - Sync 1 DAGs
[2026-09-12T23:45:28.061+0000] {logging_mixin.py:190} INFO - [2026-09-12T23:45:28.061+0000] {dag.py:4156} INFO - Setting next_dagrun for WeatherToronto_ETL to 2026-09-12 18:00:00+00:00, run_after=2026-09-13 18:00:00+00:00
[2026-09-12T23:45:28.067+0000] {processor.py:208} INFO - Processing /opt/airflow/dags/Shi_HW 3.py took 0.060 seconds
[2026-09-12T23:45:58.445+0000] {processor.py:186} INFO - Started process (PID=11887) to work on /opt/airflow/dags/Shi_HW 3.py
[2026-09-12T23:45:58.449+0000] {processor.py:914} INFO - Processing file /opt/airflow/dags/Shi_HW 3.py for tasks to queue
[2026-09-12T23:45:58.450+0000] {logging_mixin.py:190} INFO - [2026-09-12T23:45:58.450+0000] {dagbag.py:587} INFO - Filling up the DagBag from /opt/airflow/dags/Shi_HW 3.py
[2026-09-12T23:45:58.478+0000] {processor.py:925} INFO - DAG(s) 'WeatherToronto_ETL' retrieved from /opt/airflow/dags/Shi_HW 3.py
[2026-09-12T23:45:58.492+0000] {logging_mixin.py:190} INFO - [2026-09-12T23:45:58.491+0000] {dag.py:3229} INFO - Sync 1 DAGs
[2026-09-12T23:45:58.506+0000] {logging_mixin.py:190} INFO - [2026-09-12T23:45:58.506+0000] {dag.py:4156} INFO - Setting next_dagrun for WeatherToronto_ETL to 2026-09-12 18:00:00+00:00, run_after=2026-09-13 18:00:00+00:00
[2026-09-12T23:45:58.515+0000] {processor.py:208} INFO - Processing /opt/airflow/dags/Shi_HW 3.py took 0.078 seconds
[2026-09-12T23:46:28.851+0000] {processor.py:186} INFO - Started process (PID=11898) to work on /opt/airflow/dags/Shi_HW 3.py
[2026-09-12T23:46:28.856+0000] {processor.py:914} INFO - Processing file /opt/airflow/dags/Shi_HW 3.py for tasks to queue
[2026-09-12T23:46:28.857+0000] {logging_mixin.py:190} INFO - [2026-09-12T23:46:28.856+0000] {dagbag.py:587} INFO - Filling up the DagBag from /opt/airflow/dags/Shi_HW 3.py
[2026-09-12T23:46:28.875+0000] {processor.py:925} INFO - DAG(s) 'WeatherToronto_ETL' retrieved from /opt/airflow/dags/Shi_HW 3.py
[2026-09-12T23:46:28.883+0000] {logging_mixin.py:190} INFO - [2026-09-12T23:46:28.883+0000] {dag.py:3229} INFO - Sync 1 DAGs
[2026-09-12T23:46:28.894+0000] {logging_mixin.py:190} INFO - [2026-09-12T23:46:28.894+0000] {dag.py:4156} INFO - Setting next_dagrun for WeatherToronto_ETL to 2026-09-12 18:00:00+00:00, run_after=2026-09-13 18:00:00+00:00
[2026-09-12T23:46:28.900+0000] {processor.py:208} INFO - Processing /opt/airflow/dags/Shi_HW 3.py took 0.056 seconds
[2026-09-12T23:46:59.296+0000] {processor.py:186} INFO - Started process (PID=11909) to work on /opt/airflow/dags/Shi_HW 3.py
[2026-09-12T23:46:59.301+0000] {processor.py:914} INFO - Processing file /opt/airflow/dags/Shi_HW 3.py for tasks to queue
[2026-09-12T23:46:59.302+0000] {logging_mixin.py:190} INFO - [2026-09-12T23:46:59.302+0000] {dagbag.py:587} INFO - Filling up the DagBag from /opt/airflow/dags/Shi_HW 3.py
[2026-09-12T23:46:59.320+0000] {processor.py:925} INFO - DAG(s) 'WeatherToronto_ETL' retrieved from /opt/airflow/dags/Shi_HW 3.py
[2026-09-12T23:46:59.329+0000] {logging_mixin.py:190} INFO - [2026-09-12T23:46:59.329+0000] {dag.py:3229} INFO - Sync 1 DAGs
[2026-09-12T23:46:59.339+0000] {logging_mixin.py:190} INFO - [2026-09-12T23:46:59.339+0000] {dag.py:4156} INFO - Setting next_dagrun for WeatherToronto_ETL to 2026-09-12 18:00:00+00:00, run_after=2026-09-13 18:00:00+00:00
[2026-09-12T23:46:59.345+0000] {processor.py:208} INFO - Processing /opt/airflow/dags/Shi_HW 3.py took 0.054 seconds
[2026-09-12T23:47:29.719+0000] {processor.py:186} INFO - Started process (PID=11920) to work on /opt/airflow/dags/Shi_HW 3.py
[2026-09-12T23:47:29.723+0000] {processor.py:914} INFO - Processing file /opt/airflow/dags/Shi_HW 3.py for tasks to queue
[2026-09-12T23:47:29.724+0000] {logging_mixin.py:190} INFO - [2026-09-12T23:47:29.724+0000] {dagbag.py:587} INFO - Filling up the DagBag from /opt/airflow/dags/Shi_HW 3.py
[2026-09-12T23:47:29.743+0000] {processor.py:925} INFO - DAG(s) 'WeatherToronto_ETL' retrieved from /opt/airflow/dags/Shi_HW 3.py
[2026-09-12T23:47:29.753+0000] {logging_mixin.py:190} INFO - [2026-09-12T23:47:29.752+0000] {dag.py:3229} INFO - Sync 1 DAGs
[2026-09-12T23:47:29.764+0000] {logging_mixin.py:190} INFO - [2026-09-12T23:47:29.763+0000] {dag.py:4156} INFO - Setting next_dagrun for WeatherToronto_ETL to 2026-09-12 18:00:00+00:00, run_after=2026-09-13 18:00:00+00:00
[2026-09-12T23:47:29.770+0000] {processor.py:208} INFO - Processing /opt/airflow/dags/Shi_HW 3.py took 0.061 seconds
[2026-09-12T23:48:00.166+0000] {processor.py:186} INFO - Started process (PID=11931) to work on /opt/airflow/dags/Shi_HW 3.py
[2026-09-12T23:48:00.170+0000] {processor.py:914} INFO - Processing file /opt/airflow/dags/Shi_HW 3.py for tasks to queue
[2026-09-12T23:48:00.171+0000] {logging_mixin.py:190} INFO - [2026-09-12T23:48:00.171+0000] {dagbag.py:587} INFO - Filling up the DagBag from /opt/airflow/dags/Shi_HW 3.py
[2026-09-12T23:48:00.189+0000] {processor.py:925} INFO - DAG(s) 'WeatherToronto_ETL' retrieved from /opt/airflow/dags/Shi_HW 3.py
[2026-09-12T23:48:00.198+0000] {logging_mixin.py:190} INFO - [2026-09-12T23:48:00.197+0000] {dag.py:3229} INFO - Sync 1 DAGs
[2026-09-12T23:48:00.208+0000] {logging_mixin.py:190} INFO - [2026-09-12T23:48:00.207+0000] {dag.py:4156} INFO - Setting next_dagrun for WeatherToronto_ETL to 2026-09-12 18:00:00+00:00, run_after=2026-09-13 18:00:00+00:00
[2026-09-12T23:48:00.214+0000] {processor.py:208} INFO - Processing /opt/airflow/dags/Shi_HW 3.py took 0.054 seconds
[2026-09-12T23:48:30.640+0000] {processor.py:186} INFO - Started process (PID=11942) to work on /opt/airflow/dags/Shi_HW 3.py
[2026-09-12T23:48:30.644+0000] {processor.py:914} INFO - Processing file /opt/airflow/dags/Shi_HW 3.py for tasks to queue
[2026-09-12T23:48:30.645+0000] {logging_mixin.py:190} INFO - [2026-09-12T23:48:30.645+0000] {dagbag.py:587} INFO - Filling up the DagBag from /opt/airflow/dags/Shi_HW 3.py
[2026-09-12T23:48:30.670+0000] {processor.py:925} INFO - DAG(s) 'WeatherToronto_ETL' retrieved from /opt/airflow/dags/Shi_HW 3.py
[2026-09-12T23:48:30.683+0000] {logging_mixin.py:190} INFO - [2026-09-12T23:48:30.682+0000] {dag.py:3229} INFO - Sync 1 DAGs
[2026-09-12T23:48:30.695+0000] {logging_mixin.py:190} INFO - [2026-09-12T23:48:30.695+0000] {dag.py:4156} INFO - Setting next_dagrun for WeatherToronto_ETL to 2026-09-12 18:00:00+00:00, run_after=2026-09-13 18:00:00+00:00
[2026-09-12T23:48:30.703+0000] {processor.py:208} INFO - Processing /opt/airflow/dags/Shi_HW 3.py took 0.072 seconds
[2026-09-12T23:49:01.031+0000] {processor.py:186} INFO - Started process (PID=11953) to work on /opt/airflow/dags/Shi_HW 3.py
[2026-09-12T23:49:01.047+0000] {processor.py:914} INFO - Processing file /opt/airflow/dags/Shi_HW 3.py for tasks to queue
[2026-09-12T23:49:01.048+0000] {logging_mixin.py:190} INFO - [2026-09-12T23:49:01.047+0000] {dagbag.py:587} INFO - Filling up the DagBag from /opt/airflow/dags/Shi_HW 3.py
[2026-09-12T23:49:01.067+0000] {processor.py:925} INFO - DAG(s) 'WeatherToronto_ETL' retrieved from /opt/airflow/dags/Shi_HW 3.py
[2026-09-12T23:49:01.080+0000] {logging_mixin.py:190} INFO - [2026-09-12T23:49:01.079+0000] {dag.py:3229} INFO - Sync 1 DAGs
[2026-09-12T23:49:01.091+0000] {logging_mixin.py:190} INFO - [2026-09-12T23:49:01.091+0000] {dag.py:4156} INFO - Setting next_dagrun for WeatherToronto_ETL to 2026-09-12 18:00:00+00:00, run_after=2026-09-13 18:00:00+00:00
[2026-09-12T23:49:01.097+0000] {processor.py:208} INFO - Processing /opt/airflow/dags/Shi_HW 3.py took 0.071 seconds
[2026-09-12T23:49:31.371+0000] {processor.py:186} INFO - Started process (PID=11964) to work on /opt/airflow/dags/Shi_HW 3.py
[2026-09-12T23:49:31.375+0000] {processor.py:914} INFO - Processing file /opt/airflow/dags/Shi_HW 3.py for tasks to queue
[2026-09-12T23:49:31.378+0000] {logging_mixin.py:190} INFO - [2026-09-12T23:49:31.377+0000] {dagbag.py:587} INFO - Filling up the DagBag from /opt/airflow/dags/Shi_HW 3.py
[2026-09-12T23:49:31.415+0000] {processor.py:925} INFO - DAG(s) 'WeatherToronto_ETL' retrieved from /opt/airflow/dags/Shi_HW 3.py
[2026-09-12T23:49:31.431+0000] {logging_mixin.py:190} INFO - [2026-09-12T23:49:31.430+0000] {dag.py:3229} INFO - Sync 1 DAGs
[2026-09-12T23:49:31.450+0000] {logging_mixin.py:190} INFO - [2026-09-12T23:49:31.450+0000] {dag.py:4156} INFO - Setting next_dagrun for WeatherToronto_ETL to 2026-09-12 18:00:00+00:00, run_after=2026-09-13 18:00:00+00:00
[2026-09-12T23:49:31.464+0000] {processor.py:208} INFO - Processing /opt/airflow/dags/Shi_HW 3.py took 0.105 seconds
[2026-09-12T23:50:01.747+0000] {processor.py:186} INFO - Started process (PID=11975) to work on /opt/airflow/dags/Shi_HW 3.py
[2026-09-12T23:50:01.751+0000] {processor.py:914} INFO - Processing file /opt/airflow/dags/Shi_HW 3.py for tasks to queue
[2026-09-12T23:50:01.752+0000] {logging_mixin.py:190} INFO - [2026-09-12T23:50:01.752+0000] {dagbag.py:587} INFO - Filling up the DagBag from /opt/airflow/dags/Shi_HW 3.py
[2026-09-12T23:50:01.779+0000] {processor.py:925} INFO - DAG(s) 'WeatherToronto_ETL' retrieved from /opt/airflow/dags/Shi_HW 3.py
[2026-09-12T23:50:01.794+0000] {logging_mixin.py:190} INFO - [2026-09-12T23:50:01.792+0000] {dag.py:3229} INFO - Sync 1 DAGs
[2026-09-12T23:50:01.807+0000] {logging_mixin.py:190} INFO - [2026-09-12T23:50:01.807+0000] {dag.py:4156} INFO - Setting next_dagrun for WeatherToronto_ETL to 2026-09-12 18:00:00+00:00, run_after=2026-09-13 18:00:00+00:00
[2026-09-12T23:50:01.815+0000] {processor.py:208} INFO - Processing /opt/airflow/dags/Shi_HW 3.py took 0.076 seconds
[2026-09-12T23:50:32.127+0000] {processor.py:186} INFO - Started process (PID=11986) to work on /opt/airflow/dags/Shi_HW 3.py
[2026-09-12T23:50:32.131+0000] {processor.py:914} INFO - Processing file /opt/airflow/dags/Shi_HW 3.py for tasks to queue
[2026-09-12T23:50:32.132+0000] {logging_mixin.py:190} INFO - [2026-09-12T23:50:32.132+0000] {dagbag.py:587} INFO - Filling up the DagBag from /opt/airflow/dags/Shi_HW 3.py
[2026-09-12T23:50:32.149+0000] {processor.py:925} INFO - DAG(s) 'WeatherToronto_ETL' retrieved from /opt/airflow/dags/Shi_HW 3.py
[2026-09-12T23:50:32.157+0000] {logging_mixin.py:190} INFO - [2026-09-12T23:50:32.157+0000] {dag.py:3229} INFO - Sync 1 DAGs
[2026-09-12T23:50:32.168+0000] {logging_mixin.py:190} INFO - [2026-09-12T23:50:32.168+0000] {dag.py:4156} INFO - Setting next_dagrun for WeatherToronto_ETL to 2026-09-12 18:00:00+00:00, run_after=2026-09-13 18:00:00+00:00
[2026-09-12T23:50:32.174+0000] {processor.py:208} INFO - Processing /opt/airflow/dags/Shi_HW 3.py took 0.056 seconds
[2026-09-12T23:51:02.509+0000] {processor.py:186} INFO - Started process (PID=11998) to work on /opt/airflow/dags/Shi_HW 3.py
[2026-09-12T23:51:02.515+0000] {processor.py:914} INFO - Processing file /opt/airflow/dags/Shi_HW 3.py for tasks to queue
[2026-09-12T23:51:02.516+0000] {logging_mixin.py:190} INFO - [2026-09-12T23:51:02.516+0000] {dagbag.py:587} INFO - Filling up the DagBag from /opt/airflow/dags/Shi_HW 3.py
[2026-09-12T23:51:02.533+0000] {processor.py:925} INFO - DAG(s) 'WeatherToronto_ETL' retrieved from /opt/airflow/dags/Shi_HW 3.py
[2026-09-12T23:51:02.541+0000] {logging_mixin.py:190} INFO - [2026-09-12T23:51:02.541+0000] {dag.py:3229} INFO - Sync 1 DAGs
[2026-09-12T23:51:02.552+0000] {logging_mixin.py:190} INFO - [2026-09-12T23:51:02.552+0000] {dag.py:4156} INFO - Setting next_dagrun for WeatherToronto_ETL to 2026-09-12 18:00:00+00:00, run_after=2026-09-13 18:00:00+00:00
[2026-09-12T23:51:02.559+0000] {processor.py:208} INFO - Processing /opt/airflow/dags/Shi_HW 3.py took 0.055 seconds
[2026-09-12T23:51:32.867+0000] {processor.py:186} INFO - Started process (PID=12009) to work on /opt/airflow/dags/Shi_HW 3.py
[2026-09-12T23:51:32.872+0000] {processor.py:914} INFO - Processing file /opt/airflow/dags/Shi_HW 3.py for tasks to queue
[2026-09-12T23:51:32.873+0000] {logging_mixin.py:190} INFO - [2026-09-12T23:51:32.873+0000] {dagbag.py:587} INFO - Filling up the DagBag from /opt/airflow/dags/Shi_HW 3.py
[2026-09-12T23:51:32.892+0000] {processor.py:925} INFO - DAG(s) 'WeatherToronto_ETL' retrieved from /opt/airflow/dags/Shi_HW 3.py
[2026-09-12T23:51:32.907+0000] {logging_mixin.py:190} INFO - [2026-09-12T23:51:32.906+0000] {dag.py:3229} INFO - Sync 1 DAGs
[2026-09-12T23:51:32.918+0000] {logging_mixin.py:190} INFO - [2026-09-12T23:51:32.918+0000] {dag.py:4156} INFO - Setting next_dagrun for WeatherToronto_ETL to 2026-09-12 18:00:00+00:00, run_after=2026-09-13 18:00:00+00:00
[2026-09-12T23:51:32.925+0000] {processor.py:208} INFO - Processing /opt/airflow/dags/Shi_HW 3.py took 0.063 seconds
[2026-09-12T23:52:03.243+0000] {processor.py:186} INFO - Started process (PID=12020) to work on /opt/airflow/dags/Shi_HW 3.py
[2026-09-12T23:52:03.247+0000] {processor.py:914} INFO - Processing file /opt/airflow/dags/Shi_HW 3.py for tasks to queue
[2026-09-12T23:52:03.248+0000] {logging_mixin.py:190} INFO - [2026-09-12T23:52:03.248+0000] {dagbag.py:587} INFO - Filling up the DagBag from /opt/airflow/dags/Shi_HW 3.py
[2026-09-12T23:52:03.266+0000] {processor.py:925} INFO - DAG(s) 'WeatherToronto_ETL' retrieved from /opt/airflow/dags/Shi_HW 3.py
[2026-09-12T23:52:03.275+0000] {logging_mixin.py:190} INFO - [2026-09-12T23:52:03.274+0000] {dag.py:3229} INFO - Sync 1 DAGs
[2026-09-12T23:52:03.284+0000] {logging_mixin.py:190} INFO - [2026-09-12T23:52:03.284+0000] {dag.py:4156} INFO - Setting next_dagrun for WeatherToronto_ETL to 2026-09-12 18:00:00+00:00, run_after=2026-09-13 18:00:00+00:00
[2026-09-12T23:52:03.290+0000] {processor.py:208} INFO - Processing /opt/airflow/dags/Shi_HW 3.py took 0.053 seconds
[2026-09-12T23:52:33.602+0000] {processor.py:186} INFO - Started process (PID=12031) to work on /opt/airflow/dags/Shi_HW 3.py
[2026-09-12T23:52:33.606+0000] {processor.py:914} INFO - Processing file /opt/airflow/dags/Shi_HW 3.py for tasks to queue
[2026-09-12T23:52:33.607+0000] {logging_mixin.py:190} INFO - [2026-09-12T23:52:33.607+0000] {dagbag.py:587} INFO - Filling up the DagBag from /opt/airflow/dags/Shi_HW 3.py
[2026-09-12T23:52:33.625+0000] {processor.py:925} INFO - DAG(s) 'WeatherToronto_ETL' retrieved from /opt/airflow/dags/Shi_HW 3.py
[2026-09-12T23:52:33.634+0000] {logging_mixin.py:190} INFO - [2026-09-12T23:52:33.634+0000] {dag.py:3229} INFO - Sync 1 DAGs
[2026-09-12T23:52:33.645+0000] {logging_mixin.py:190} INFO - [2026-09-12T23:52:33.645+0000] {dag.py:4156} INFO - Setting next_dagrun for WeatherToronto_ETL to 2026-09-12 18:00:00+00:00, run_after=2026-09-13 18:00:00+00:00
[2026-09-12T23:52:33.651+0000] {processor.py:208} INFO - Processing /opt/airflow/dags/Shi_HW 3.py took 0.055 seconds
[2026-09-12T23:53:03.976+0000] {processor.py:186} INFO - Started process (PID=12042) to work on /opt/airflow/dags/Shi_HW 3.py
[2026-09-12T23:53:03.981+0000] {processor.py:914} INFO - Processing file /opt/airflow/dags/Shi_HW 3.py for tasks to queue
[2026-09-12T23:53:03.982+0000] {logging_mixin.py:190} INFO - [2026-09-12T23:53:03.982+0000] {dagbag.py:587} INFO - Filling up the DagBag from /opt/airflow/dags/Shi_HW 3.py
[2026-09-12T23:53:04.006+0000] {processor.py:925} INFO - DAG(s) 'WeatherToronto_ETL' retrieved from /opt/airflow/dags/Shi_HW 3.py
[2026-09-12T23:53:04.018+0000] {logging_mixin.py:190} INFO - [2026-09-12T23:53:04.016+0000] {dag.py:3229} INFO - Sync 1 DAGs
[2026-09-12T23:53:04.030+0000] {logging_mixin.py:190} INFO - [2026-09-12T23:53:04.030+0000] {dag.py:4156} INFO - Setting next_dagrun for WeatherToronto_ETL to 2026-09-12 18:00:00+00:00, run_after=2026-09-13 18:00:00+00:00
[2026-09-12T23:53:04.036+0000] {processor.py:208} INFO - Processing /opt/airflow/dags/Shi_HW 3.py took 0.069 seconds
[2026-09-12T23:53:34.324+0000] {processor.py:186} INFO - Started process (PID=12053) to work on /opt/airflow/dags/Shi_HW 3.py
[2026-09-12T23:53:34.328+0000] {processor.py:914} INFO - Processing file /opt/airflow/dags/Shi_HW 3.py for tasks to queue
[2026-09-12T23:53:34.329+0000] {logging_mixin.py:190} INFO - [2026-09-12T23:53:34.329+0000] {dagbag.py:587} INFO - Filling up the DagBag from /opt/airflow/dags/Shi_HW 3.py
[2026-09-12T23:53:34.343+0000] {processor.py:925} INFO - DAG(s) 'WeatherToronto_ETL' retrieved from /opt/airflow/dags/Shi_HW 3.py
[2026-09-12T23:53:34.352+0000] {logging_mixin.py:190} INFO - [2026-09-12T23:53:34.351+0000] {dag.py:3229} INFO - Sync 1 DAGs
[2026-09-12T23:53:34.362+0000] {logging_mixin.py:190} INFO - [2026-09-12T23:53:34.362+0000] {dag.py:4156} INFO - Setting next_dagrun for WeatherToronto_ETL to 2026-09-12 18:00:00+00:00, run_after=2026-09-13 18:00:00+00:00
[2026-09-12T23:53:34.368+0000] {processor.py:208} INFO - Processing /opt/airflow/dags/Shi_HW 3.py took 0.051 seconds
[2026-09-12T23:54:04.641+0000] {processor.py:186} INFO - Started process (PID=12064) to work on /opt/airflow/dags/Shi_HW 3.py
[2026-09-12T23:54:04.644+0000] {processor.py:914} INFO - Processing file /opt/airflow/dags/Shi_HW 3.py for tasks to queue
[2026-09-12T23:54:04.645+0000] {logging_mixin.py:190} INFO - [2026-09-12T23:54:04.645+0000] {dagbag.py:587} INFO - Filling up the DagBag from /opt/airflow/dags/Shi_HW 3.py
[2026-09-12T23:54:04.662+0000] {processor.py:925} INFO - DAG(s) 'WeatherToronto_ETL' retrieved from /opt/airflow/dags/Shi_HW 3.py
[2026-09-12T23:54:04.672+0000] {logging_mixin.py:190} INFO - [2026-09-12T23:54:04.671+0000] {dag.py:3229} INFO - Sync 1 DAGs
[2026-09-12T23:54:04.683+0000] {logging_mixin.py:190} INFO - [2026-09-12T23:54:04.683+0000] {dag.py:4156} INFO - Setting next_dagrun for WeatherToronto_ETL to 2026-09-12 18:00:00+00:00, run_after=2026-09-13 18:00:00+00:00
[2026-09-12T23:54:04.691+0000] {processor.py:208} INFO - Processing /opt/airflow/dags/Shi_HW 3.py took 0.056 seconds
[2026-09-12T23:54:34.981+0000] {processor.py:186} INFO - Started process (PID=12075) to work on /opt/airflow/dags/Shi_HW 3.py
[2026-09-12T23:54:34.985+0000] {processor.py:914} INFO - Processing file /opt/airflow/dags/Shi_HW 3.py for tasks to queue
[2026-09-12T23:54:34.986+0000] {logging_mixin.py:190} INFO - [2026-09-12T23:54:34.986+0000] {dagbag.py:587} INFO - Filling up the DagBag from /opt/airflow/dags/Shi_HW 3.py
[2026-09-12T23:54:35.005+0000] {processor.py:925} INFO - DAG(s) 'WeatherToronto_ETL' retrieved from /opt/airflow/dags/Shi_HW 3.py
[2026-09-12T23:54:35.014+0000] {logging_mixin.py:190} INFO - [2026-09-12T23:54:35.013+0000] {dag.py:3229} INFO - Sync 1 DAGs
[2026-09-12T23:54:35.023+0000] {logging_mixin.py:190} INFO - [2026-09-12T23:54:35.023+0000] {dag.py:4156} INFO - Setting next_dagrun for WeatherToronto_ETL to 2026-09-12 18:00:00+00:00, run_after=2026-09-13 18:00:00+00:00
[2026-09-12T23:54:35.029+0000] {processor.py:208} INFO - Processing /opt/airflow/dags/Shi_HW 3.py took 0.053 seconds
[2026-09-12T23:55:05.343+0000] {processor.py:186} INFO - Started process (PID=12086) to work on /opt/airflow/dags/Shi_HW 3.py
[2026-09-12T23:55:05.348+0000] {processor.py:914} INFO - Processing file /opt/airflow/dags/Shi_HW 3.py for tasks to queue
[2026-09-12T23:55:05.350+0000] {logging_mixin.py:190} INFO - [2026-09-12T23:55:05.349+0000] {dagbag.py:587} INFO - Filling up the DagBag from /opt/airflow/dags/Shi_HW 3.py
[2026-09-12T23:55:05.382+0000] {processor.py:925} INFO - DAG(s) 'WeatherToronto_ETL' retrieved from /opt/airflow/dags/Shi_HW 3.py
[2026-09-12T23:55:05.396+0000] {logging_mixin.py:190} INFO - [2026-09-12T23:55:05.395+0000] {dag.py:3229} INFO - Sync 1 DAGs
[2026-09-12T23:55:05.409+0000] {logging_mixin.py:190} INFO - [2026-09-12T23:55:05.409+0000] {dag.py:4156} INFO - Setting next_dagrun for WeatherToronto_ETL to 2026-09-12 18:00:00+00:00, run_after=2026-09-13 18:00:00+00:00
[2026-09-12T23:55:05.417+0000] {processor.py:208} INFO - Processing /opt/airflow/dags/Shi_HW 3.py took 0.085 seconds
[2026-09-12T23:55:35.829+0000] {processor.py:186} INFO - Started process (PID=12097) to work on /opt/airflow/dags/Shi_HW 3.py
[2026-09-12T23:55:35.835+0000] {processor.py:914} INFO - Processing file /opt/airflow/dags/Shi_HW 3.py for tasks to queue
[2026-09-12T23:55:35.836+0000] {logging_mixin.py:190} INFO - [2026-09-12T23:55:35.835+0000] {dagbag.py:587} INFO - Filling up the DagBag from /opt/airflow/dags/Shi_HW 3.py
[2026-09-12T23:55:35.855+0000] {processor.py:925} INFO - DAG(s) 'WeatherToronto_ETL' retrieved from /opt/airflow/dags/Shi_HW 3.py
[2026-09-12T23:55:35.864+0000] {logging_mixin.py:190} INFO - [2026-09-12T23:55:35.863+0000] {dag.py:3229} INFO - Sync 1 DAGs
[2026-09-12T23:55:35.873+0000] {logging_mixin.py:190} INFO - [2026-09-12T23:55:35.873+0000] {dag.py:4156} INFO - Setting next_dagrun for WeatherToronto_ETL to 2026-09-12 18:00:00+00:00, run_after=2026-09-13 18:00:00+00:00
[2026-09-12T23:55:35.879+0000] {processor.py:208} INFO - Processing /opt/airflow/dags/Shi_HW 3.py took 0.057 seconds
[2026-09-12T23:56:06.247+0000] {processor.py:186} INFO - Started process (PID=12108) to work on /opt/airflow/dags/Shi_HW 3.py
[2026-09-12T23:56:06.251+0000] {processor.py:914} INFO - Processing file /opt/airflow/dags/Shi_HW 3.py for tasks to queue
[2026-09-12T23:56:06.252+0000] {logging_mixin.py:190} INFO - [2026-09-12T23:56:06.252+0000] {dagbag.py:587} INFO - Filling up the DagBag from /opt/airflow/dags/Shi_HW 3.py
[2026-09-12T23:56:06.282+0000] {processor.py:925} INFO - DAG(s) 'WeatherToronto_ETL' retrieved from /opt/airflow/dags/Shi_HW 3.py
[2026-09-12T23:56:06.295+0000] {logging_mixin.py:190} INFO - [2026-09-12T23:56:06.294+0000] {dag.py:3229} INFO - Sync 1 DAGs
[2026-09-12T23:56:06.309+0000] {logging_mixin.py:190} INFO - [2026-09-12T23:56:06.308+0000] {dag.py:4156} INFO - Setting next_dagrun for WeatherToronto_ETL to 2026-09-12 18:00:00+00:00, run_after=2026-09-13 18:00:00+00:00
[2026-09-12T23:56:06.317+0000] {processor.py:208} INFO - Processing /opt/airflow/dags/Shi_HW 3.py took 0.079 seconds
[2026-09-12T23:56:36.669+0000] {processor.py:186} INFO - Started process (PID=12119) to work on /opt/airflow/dags/Shi_HW 3.py
[2026-09-12T23:56:36.674+0000] {processor.py:914} INFO - Processing file /opt/airflow/dags/Shi_HW 3.py for tasks to queue
[2026-09-12T23:56:36.675+0000] {logging_mixin.py:190} INFO - [2026-09-12T23:56:36.675+0000] {dagbag.py:587} INFO - Filling up the DagBag from /opt/airflow/dags/Shi_HW 3.py
[2026-09-12T23:56:36.695+0000] {processor.py:925} INFO - DAG(s) 'WeatherToronto_ETL' retrieved from /opt/airflow/dags/Shi_HW 3.py
[2026-09-12T23:56:36.704+0000] {logging_mixin.py:190} INFO - [2026-09-12T23:56:36.703+0000] {dag.py:3229} INFO - Sync 1 DAGs
[2026-09-12T23:56:36.715+0000] {logging_mixin.py:190} INFO - [2026-09-12T23:56:36.715+0000] {dag.py:4156} INFO - Setting next_dagrun for WeatherToronto_ETL to 2026-09-12 18:00:00+00:00, run_after=2026-09-13 18:00:00+00:00
[2026-09-12T23:56:36.721+0000] {processor.py:208} INFO - Processing /opt/airflow/dags/Shi_HW 3.py took 0.056 seconds
[2026-09-12T23:57:07.141+0000] {processor.py:186} INFO - Started process (PID=12130) to work on /opt/airflow/dags/Shi_HW 3.py
[2026-09-12T23:57:07.147+0000] {processor.py:914} INFO - Processing file /opt/airflow/dags/Shi_HW 3.py for tasks to queue
[2026-09-12T23:57:07.148+0000] {logging_mixin.py:190} INFO - [2026-09-12T23:57:07.147+0000] {dagbag.py:587} INFO - Filling up the DagBag from /opt/airflow/dags/Shi_HW 3.py
[2026-09-12T23:57:07.170+0000] {processor.py:925} INFO - DAG(s) 'WeatherToronto_ETL' retrieved from /opt/airflow/dags/Shi_HW 3.py
[2026-09-12T23:57:07.182+0000] {logging_mixin.py:190} INFO - [2026-09-12T23:57:07.181+0000] {dag.py:3229} INFO - Sync 1 DAGs
[2026-09-12T23:57:07.192+0000] {logging_mixin.py:190} INFO - [2026-09-12T23:57:07.192+0000] {dag.py:4156} INFO - Setting next_dagrun for WeatherToronto_ETL to 2026-09-12 18:00:00+00:00, run_after=2026-09-13 18:00:00+00:00
[2026-09-12T23:57:07.198+0000] {processor.py:208} INFO - Processing /opt/airflow/dags/Shi_HW 3.py took 0.062 seconds
[2026-09-12T23:57:37.494+0000] {processor.py:186} INFO - Started process (PID=12141) to work on /opt/airflow/dags/Shi_HW 3.py
[2026-09-12T23:57:37.498+0000] {processor.py:914} INFO - Processing file /opt/airflow/dags/Shi_HW 3.py for tasks to queue
[2026-09-12T23:57:37.500+0000] {logging_mixin.py:190} INFO - [2026-09-12T23:57:37.499+0000] {dagbag.py:587} INFO - Filling up the DagBag from /opt/airflow/dags/Shi_HW 3.py
[2026-09-12T23:57:37.534+0000] {processor.py:925} INFO - DAG(s) 'WeatherToronto_ETL' retrieved from /opt/airflow/dags/Shi_HW 3.py
[2026-09-12T23:57:37.553+0000] {logging_mixin.py:190} INFO - [2026-09-12T23:57:37.551+0000] {dag.py:3229} INFO - Sync 1 DAGs
[2026-09-12T23:57:37.581+0000] {logging_mixin.py:190} INFO - [2026-09-12T23:57:37.581+0000] {dag.py:4156} INFO - Setting next_dagrun for WeatherToronto_ETL to 2026-09-12 18:00:00+00:00, run_after=2026-09-13 18:00:00+00:00
[2026-09-12T23:57:37.617+0000] {processor.py:208} INFO - Processing /opt/airflow/dags/Shi_HW 3.py took 0.136 seconds
[2026-09-12T23:58:07.857+0000] {processor.py:186} INFO - Started process (PID=12152) to work on /opt/airflow/dags/Shi_HW 3.py
[2026-09-12T23:58:07.860+0000] {processor.py:914} INFO - Processing file /opt/airflow/dags/Shi_HW 3.py for tasks to queue
[2026-09-12T23:58:07.861+0000] {logging_mixin.py:190} INFO - [2026-09-12T23:58:07.861+0000] {dagbag.py:587} INFO - Filling up the DagBag from /opt/airflow/dags/Shi_HW 3.py
[2026-09-12T23:58:07.880+0000] {processor.py:925} INFO - DAG(s) 'WeatherToronto_ETL' retrieved from /opt/airflow/dags/Shi_HW 3.py
[2026-09-12T23:58:07.888+0000] {logging_mixin.py:190} INFO - [2026-09-12T23:58:07.887+0000] {dag.py:3229} INFO - Sync 1 DAGs
[2026-09-12T23:58:07.898+0000] {logging_mixin.py:190} INFO - [2026-09-12T23:58:07.898+0000] {dag.py:4156} INFO - Setting next_dagrun for WeatherToronto_ETL to 2026-09-12 18:00:00+00:00, run_after=2026-09-13 18:00:00+00:00
[2026-09-12T23:58:07.904+0000] {processor.py:208} INFO - Processing /opt/airflow/dags/Shi_HW 3.py took 0.054 seconds
[2026-09-12T23:58:38.236+0000] {processor.py:186} INFO - Started process (PID=12163) to work on /opt/airflow/dags/Shi_HW 3.py
[2026-09-12T23:58:38.240+0000] {processor.py:914} INFO - Processing file /opt/airflow/dags/Shi_HW 3.py for tasks to queue
[2026-09-12T23:58:38.241+0000] {logging_mixin.py:190} INFO - [2026-09-12T23:58:38.241+0000] {dagbag.py:587} INFO - Filling up the DagBag from /opt/airflow/dags/Shi_HW 3.py
[2026-09-12T23:58:38.262+0000] {processor.py:925} INFO - DAG(s) 'WeatherToronto_ETL' retrieved from /opt/airflow/dags/Shi_HW 3.py
[2026-09-12T23:58:38.271+0000] {logging_mixin.py:190} INFO - [2026-09-12T23:58:38.271+0000] {dag.py:3229} INFO - Sync 1 DAGs
[2026-09-12T23:58:38.281+0000] {logging_mixin.py:190} INFO - [2026-09-12T23:58:38.281+0000] {dag.py:4156} INFO - Setting next_dagrun for WeatherToronto_ETL to 2026-09-12 18:00:00+00:00, run_after=2026-09-13 18:00:00+00:00
[2026-09-12T23:58:38.288+0000] {processor.py:208} INFO - Processing /opt/airflow/dags/Shi_HW 3.py took 0.058 seconds
[2026-09-12T23:59:08.620+0000] {processor.py:186} INFO - Started process (PID=12174) to work on /opt/airflow/dags/Shi_HW 3.py
[2026-09-12T23:59:08.625+0000] {processor.py:914} INFO - Processing file /opt/airflow/dags/Shi_HW 3.py for tasks to queue
[2026-09-12T23:59:08.627+0000] {logging_mixin.py:190} INFO - [2026-09-12T23:59:08.626+0000] {dagbag.py:587} INFO - Filling up the DagBag from /opt/airflow/dags/Shi_HW 3.py
[2026-09-12T23:59:08.649+0000] {processor.py:925} INFO - DAG(s) 'WeatherToronto_ETL' retrieved from /opt/airflow/dags/Shi_HW 3.py
[2026-09-12T23:59:08.661+0000] {logging_mixin.py:190} INFO - [2026-09-12T23:59:08.660+0000] {dag.py:3229} INFO - Sync 1 DAGs
[2026-09-12T23:59:08.673+0000] {logging_mixin.py:190} INFO - [2026-09-12T23:59:08.673+0000] {dag.py:4156} INFO - Setting next_dagrun for WeatherToronto_ETL to 2026-09-12 18:00:00+00:00, run_after=2026-09-13 18:00:00+00:00
[2026-09-12T23:59:08.680+0000] {processor.py:208} INFO - Processing /opt/airflow/dags/Shi_HW 3.py took 0.069 seconds
[2026-09-12T23:59:38.993+0000] {processor.py:186} INFO - Started process (PID=12185) to work on /opt/airflow/dags/Shi_HW 3.py
[2026-09-12T23:59:38.997+0000] {processor.py:914} INFO - Processing file /opt/airflow/dags/Shi_HW 3.py for tasks to queue
[2026-09-12T23:59:38.998+0000] {logging_mixin.py:190} INFO - [2026-09-12T23:59:38.998+0000] {dagbag.py:587} INFO - Filling up the DagBag from /opt/airflow/dags/Shi_HW 3.py
[2026-09-12T23:59:39.021+0000] {processor.py:925} INFO - DAG(s) 'WeatherToronto_ETL' retrieved from /opt/airflow/dags/Shi_HW 3.py
[2026-09-12T23:59:39.033+0000] {logging_mixin.py:190} INFO - [2026-09-12T23:59:39.032+0000] {dag.py:3229} INFO - Sync 1 DAGs
[2026-09-12T23:59:39.044+0000] {logging_mixin.py:190} INFO - [2026-09-12T23:59:39.044+0000] {dag.py:4156} INFO - Setting next_dagrun for WeatherToronto_ETL to 2026-09-12 18:00:00+00:00, run_after=2026-09-13 18:00:00+00:00
[2026-09-12T23:59:39.051+0000] {processor.py:208} INFO - Processing /opt/airflow/dags/Shi_HW 3.py took 0.065 seconds
