[2026-09-12T02:52:44.763+0000] {processor.py:186} INFO - Started process (PID=797) to work on /opt/airflow/dags/snowflake_connection_demo.py
[2026-09-12T02:52:44.763+0000] {processor.py:914} INFO - Processing file /opt/airflow/dags/snowflake_connection_demo.py for tasks to queue
[2026-09-12T02:52:44.764+0000] {logging_mixin.py:190} INFO - [2026-09-12T02:52:44.764+0000] {dagbag.py:587} INFO - Filling up the DagBag from /opt/airflow/dags/snowflake_connection_demo.py
[2026-09-12T02:52:44.777+0000] {logging_mixin.py:190} INFO - [2026-09-12T02:52:44.776+0000] {dagbag.py:386} ERROR - Failed to import: /opt/airflow/dags/snowflake_connection_demo.py
Traceback (most recent call last):
  File "/home/airflow/.local/lib/python3.12/site-packages/airflow/models/dagbag.py", line 382, in parse
    loader.exec_module(new_module)
  File "<frozen importlib._bootstrap_external>", line 995, in exec_module
  File "<frozen importlib._bootstrap>", line 488, in _call_with_frames_removed
  File "/opt/airflow/dags/snowflake_connection_demo.py", line 67, in <module>
    url = Variable.get("country_capital_url")
          ^^^^^^^^^^^^^^^^^^^^^^^^^^^^^^^^^^^
  File "/home/airflow/.local/lib/python3.12/site-packages/airflow/models/variable.py", line 145, in get
    raise KeyError(f"Variable {key} does not exist")
KeyError: 'Variable country_capital_url does not exist'
[2026-09-12T02:52:44.777+0000] {processor.py:927} WARNING - No viable dags retrieved from /opt/airflow/dags/snowflake_connection_demo.py
[2026-09-12T02:52:44.784+0000] {processor.py:208} INFO - Processing /opt/airflow/dags/snowflake_connection_demo.py took 0.029 seconds
[2026-09-12T02:53:15.161+0000] {processor.py:186} INFO - Started process (PID=808) to work on /opt/airflow/dags/snowflake_connection_demo.py
[2026-09-12T02:53:15.163+0000] {processor.py:914} INFO - Processing file /opt/airflow/dags/snowflake_connection_demo.py for tasks to queue
[2026-09-12T02:53:15.167+0000] {logging_mixin.py:190} INFO - [2026-09-12T02:53:15.167+0000] {dagbag.py:587} INFO - Filling up the DagBag from /opt/airflow/dags/snowflake_connection_demo.py
[2026-09-12T02:53:15.192+0000] {logging_mixin.py:190} INFO - [2026-09-12T02:53:15.190+0000] {dagbag.py:386} ERROR - Failed to import: /opt/airflow/dags/snowflake_connection_demo.py
Traceback (most recent call last):
  File "/home/airflow/.local/lib/python3.12/site-packages/airflow/models/dagbag.py", line 382, in parse
    loader.exec_module(new_module)
  File "<frozen importlib._bootstrap_external>", line 995, in exec_module
  File "<frozen importlib._bootstrap>", line 488, in _call_with_frames_removed
  File "/opt/airflow/dags/snowflake_connection_demo.py", line 67, in <module>
    url = Variable.get("country_capital_url")
          ^^^^^^^^^^^^^^^^^^^^^^^^^^^^^^^^^^^
  File "/home/airflow/.local/lib/python3.12/site-packages/airflow/models/variable.py", line 145, in get
    raise KeyError(f"Variable {key} does not exist")
KeyError: 'Variable country_capital_url does not exist'
[2026-09-12T02:53:15.192+0000] {processor.py:927} WARNING - No viable dags retrieved from /opt/airflow/dags/snowflake_connection_demo.py
[2026-09-12T02:53:15.199+0000] {processor.py:208} INFO - Processing /opt/airflow/dags/snowflake_connection_demo.py took 0.047 seconds
[2026-09-12T02:53:45.558+0000] {processor.py:186} INFO - Started process (PID=819) to work on /opt/airflow/dags/snowflake_connection_demo.py
[2026-09-12T02:53:45.560+0000] {processor.py:914} INFO - Processing file /opt/airflow/dags/snowflake_connection_demo.py for tasks to queue
[2026-09-12T02:53:45.563+0000] {logging_mixin.py:190} INFO - [2026-09-12T02:53:45.563+0000] {dagbag.py:587} INFO - Filling up the DagBag from /opt/airflow/dags/snowflake_connection_demo.py
[2026-09-12T02:53:45.582+0000] {logging_mixin.py:190} INFO - [2026-09-12T02:53:45.581+0000] {dagbag.py:386} ERROR - Failed to import: /opt/airflow/dags/snowflake_connection_demo.py
Traceback (most recent call last):
  File "/home/airflow/.local/lib/python3.12/site-packages/airflow/models/dagbag.py", line 382, in parse
    loader.exec_module(new_module)
  File "<frozen importlib._bootstrap_external>", line 995, in exec_module
  File "<frozen importlib._bootstrap>", line 488, in _call_with_frames_removed
  File "/opt/airflow/dags/snowflake_connection_demo.py", line 67, in <module>
    url = Variable.get("country_capital_url")
          ^^^^^^^^^^^^^^^^^^^^^^^^^^^^^^^^^^^
  File "/home/airflow/.local/lib/python3.12/site-packages/airflow/models/variable.py", line 145, in get
    raise KeyError(f"Variable {key} does not exist")
KeyError: 'Variable country_capital_url does not exist'
[2026-09-12T02:53:45.583+0000] {processor.py:927} WARNING - No viable dags retrieved from /opt/airflow/dags/snowflake_connection_demo.py
[2026-09-12T02:53:45.589+0000] {processor.py:208} INFO - Processing /opt/airflow/dags/snowflake_connection_demo.py took 0.036 seconds
[2026-09-12T02:54:15.956+0000] {processor.py:186} INFO - Started process (PID=830) to work on /opt/airflow/dags/snowflake_connection_demo.py
[2026-09-12T02:54:15.957+0000] {processor.py:914} INFO - Processing file /opt/airflow/dags/snowflake_connection_demo.py for tasks to queue
[2026-09-12T02:54:15.959+0000] {logging_mixin.py:190} INFO - [2026-09-12T02:54:15.959+0000] {dagbag.py:587} INFO - Filling up the DagBag from /opt/airflow/dags/snowflake_connection_demo.py
[2026-09-12T02:54:15.975+0000] {logging_mixin.py:190} INFO - [2026-09-12T02:54:15.974+0000] {dagbag.py:386} ERROR - Failed to import: /opt/airflow/dags/snowflake_connection_demo.py
Traceback (most recent call last):
  File "/home/airflow/.local/lib/python3.12/site-packages/airflow/models/dagbag.py", line 382, in parse
    loader.exec_module(new_module)
  File "<frozen importlib._bootstrap_external>", line 995, in exec_module
  File "<frozen importlib._bootstrap>", line 488, in _call_with_frames_removed
  File "/opt/airflow/dags/snowflake_connection_demo.py", line 67, in <module>
    url = Variable.get("country_capital_url")
          ^^^^^^^^^^^^^^^^^^^^^^^^^^^^^^^^^^^
  File "/home/airflow/.local/lib/python3.12/site-packages/airflow/models/variable.py", line 145, in get
    raise KeyError(f"Variable {key} does not exist")
KeyError: 'Variable country_capital_url does not exist'
[2026-09-12T02:54:15.976+0000] {processor.py:927} WARNING - No viable dags retrieved from /opt/airflow/dags/snowflake_connection_demo.py
[2026-09-12T02:54:15.980+0000] {processor.py:208} INFO - Processing /opt/airflow/dags/snowflake_connection_demo.py took 0.031 seconds
[2026-09-12T02:54:46.334+0000] {processor.py:186} INFO - Started process (PID=841) to work on /opt/airflow/dags/snowflake_connection_demo.py
[2026-09-12T02:54:46.335+0000] {processor.py:914} INFO - Processing file /opt/airflow/dags/snowflake_connection_demo.py for tasks to queue
[2026-09-12T02:54:46.338+0000] {logging_mixin.py:190} INFO - [2026-09-12T02:54:46.338+0000] {dagbag.py:587} INFO - Filling up the DagBag from /opt/airflow/dags/snowflake_connection_demo.py
[2026-09-12T02:54:46.357+0000] {logging_mixin.py:190} INFO - [2026-09-12T02:54:46.356+0000] {dagbag.py:386} ERROR - Failed to import: /opt/airflow/dags/snowflake_connection_demo.py
Traceback (most recent call last):
  File "/home/airflow/.local/lib/python3.12/site-packages/airflow/models/dagbag.py", line 382, in parse
    loader.exec_module(new_module)
  File "<frozen importlib._bootstrap_external>", line 995, in exec_module
  File "<frozen importlib._bootstrap>", line 488, in _call_with_frames_removed
  File "/opt/airflow/dags/snowflake_connection_demo.py", line 67, in <module>
    url = Variable.get("country_capital_url")
          ^^^^^^^^^^^^^^^^^^^^^^^^^^^^^^^^^^^
  File "/home/airflow/.local/lib/python3.12/site-packages/airflow/models/variable.py", line 145, in get
    raise KeyError(f"Variable {key} does not exist")
KeyError: 'Variable country_capital_url does not exist'
[2026-09-12T02:54:46.357+0000] {processor.py:927} WARNING - No viable dags retrieved from /opt/airflow/dags/snowflake_connection_demo.py
[2026-09-12T02:54:46.363+0000] {processor.py:208} INFO - Processing /opt/airflow/dags/snowflake_connection_demo.py took 0.036 seconds
[2026-09-12T02:55:16.715+0000] {processor.py:186} INFO - Started process (PID=852) to work on /opt/airflow/dags/snowflake_connection_demo.py
[2026-09-12T02:55:16.716+0000] {processor.py:914} INFO - Processing file /opt/airflow/dags/snowflake_connection_demo.py for tasks to queue
[2026-09-12T02:55:16.718+0000] {logging_mixin.py:190} INFO - [2026-09-12T02:55:16.717+0000] {dagbag.py:587} INFO - Filling up the DagBag from /opt/airflow/dags/snowflake_connection_demo.py
[2026-09-12T02:55:16.732+0000] {logging_mixin.py:190} INFO - [2026-09-12T02:55:16.731+0000] {dagbag.py:386} ERROR - Failed to import: /opt/airflow/dags/snowflake_connection_demo.py
Traceback (most recent call last):
  File "/home/airflow/.local/lib/python3.12/site-packages/airflow/models/dagbag.py", line 382, in parse
    loader.exec_module(new_module)
  File "<frozen importlib._bootstrap_external>", line 995, in exec_module
  File "<frozen importlib._bootstrap>", line 488, in _call_with_frames_removed
  File "/opt/airflow/dags/snowflake_connection_demo.py", line 67, in <module>
    url = Variable.get("country_capital_url")
          ^^^^^^^^^^^^^^^^^^^^^^^^^^^^^^^^^^^
  File "/home/airflow/.local/lib/python3.12/site-packages/airflow/models/variable.py", line 145, in get
    raise KeyError(f"Variable {key} does not exist")
KeyError: 'Variable country_capital_url does not exist'
[2026-09-12T02:55:16.733+0000] {processor.py:927} WARNING - No viable dags retrieved from /opt/airflow/dags/snowflake_connection_demo.py
[2026-09-12T02:55:16.737+0000] {processor.py:208} INFO - Processing /opt/airflow/dags/snowflake_connection_demo.py took 0.028 seconds
[2026-09-12T02:55:47.052+0000] {processor.py:186} INFO - Started process (PID=863) to work on /opt/airflow/dags/snowflake_connection_demo.py
[2026-09-12T02:55:47.053+0000] {processor.py:914} INFO - Processing file /opt/airflow/dags/snowflake_connection_demo.py for tasks to queue
[2026-09-12T02:55:47.056+0000] {logging_mixin.py:190} INFO - [2026-09-12T02:55:47.055+0000] {dagbag.py:587} INFO - Filling up the DagBag from /opt/airflow/dags/snowflake_connection_demo.py
[2026-09-12T02:55:47.071+0000] {logging_mixin.py:190} INFO - [2026-09-12T02:55:47.070+0000] {dagbag.py:386} ERROR - Failed to import: /opt/airflow/dags/snowflake_connection_demo.py
Traceback (most recent call last):
  File "/home/airflow/.local/lib/python3.12/site-packages/airflow/models/dagbag.py", line 382, in parse
    loader.exec_module(new_module)
  File "<frozen importlib._bootstrap_external>", line 995, in exec_module
  File "<frozen importlib._bootstrap>", line 488, in _call_with_frames_removed
  File "/opt/airflow/dags/snowflake_connection_demo.py", line 67, in <module>
    url = Variable.get("country_capital_url")
          ^^^^^^^^^^^^^^^^^^^^^^^^^^^^^^^^^^^
  File "/home/airflow/.local/lib/python3.12/site-packages/airflow/models/variable.py", line 145, in get
    raise KeyError(f"Variable {key} does not exist")
KeyError: 'Variable country_capital_url does not exist'
[2026-09-12T02:55:47.072+0000] {processor.py:927} WARNING - No viable dags retrieved from /opt/airflow/dags/snowflake_connection_demo.py
[2026-09-12T02:55:47.077+0000] {processor.py:208} INFO - Processing /opt/airflow/dags/snowflake_connection_demo.py took 0.029 seconds
[2026-09-12T02:56:17.431+0000] {processor.py:186} INFO - Started process (PID=874) to work on /opt/airflow/dags/snowflake_connection_demo.py
[2026-09-12T02:56:17.432+0000] {processor.py:914} INFO - Processing file /opt/airflow/dags/snowflake_connection_demo.py for tasks to queue
[2026-09-12T02:56:17.434+0000] {logging_mixin.py:190} INFO - [2026-09-12T02:56:17.434+0000] {dagbag.py:587} INFO - Filling up the DagBag from /opt/airflow/dags/snowflake_connection_demo.py
[2026-09-12T02:56:17.447+0000] {logging_mixin.py:190} INFO - [2026-09-12T02:56:17.446+0000] {dagbag.py:386} ERROR - Failed to import: /opt/airflow/dags/snowflake_connection_demo.py
Traceback (most recent call last):
  File "/home/airflow/.local/lib/python3.12/site-packages/airflow/models/dagbag.py", line 382, in parse
    loader.exec_module(new_module)
  File "<frozen importlib._bootstrap_external>", line 995, in exec_module
  File "<frozen importlib._bootstrap>", line 488, in _call_with_frames_removed
  File "/opt/airflow/dags/snowflake_connection_demo.py", line 67, in <module>
    url = Variable.get("country_capital_url")
          ^^^^^^^^^^^^^^^^^^^^^^^^^^^^^^^^^^^
  File "/home/airflow/.local/lib/python3.12/site-packages/airflow/models/variable.py", line 145, in get
    raise KeyError(f"Variable {key} does not exist")
KeyError: 'Variable country_capital_url does not exist'
[2026-09-12T02:56:17.447+0000] {processor.py:927} WARNING - No viable dags retrieved from /opt/airflow/dags/snowflake_connection_demo.py
[2026-09-12T02:56:17.452+0000] {processor.py:208} INFO - Processing /opt/airflow/dags/snowflake_connection_demo.py took 0.025 seconds
[2026-09-12T02:56:47.780+0000] {processor.py:186} INFO - Started process (PID=885) to work on /opt/airflow/dags/snowflake_connection_demo.py
[2026-09-12T02:56:47.781+0000] {processor.py:914} INFO - Processing file /opt/airflow/dags/snowflake_connection_demo.py for tasks to queue
[2026-09-12T02:56:47.784+0000] {logging_mixin.py:190} INFO - [2026-09-12T02:56:47.784+0000] {dagbag.py:587} INFO - Filling up the DagBag from /opt/airflow/dags/snowflake_connection_demo.py
[2026-09-12T02:56:47.805+0000] {logging_mixin.py:190} INFO - [2026-09-12T02:56:47.804+0000] {dagbag.py:386} ERROR - Failed to import: /opt/airflow/dags/snowflake_connection_demo.py
Traceback (most recent call last):
  File "/home/airflow/.local/lib/python3.12/site-packages/airflow/models/dagbag.py", line 382, in parse
    loader.exec_module(new_module)
  File "<frozen importlib._bootstrap_external>", line 995, in exec_module
  File "<frozen importlib._bootstrap>", line 488, in _call_with_frames_removed
  File "/opt/airflow/dags/snowflake_connection_demo.py", line 67, in <module>
    url = Variable.get("country_capital_url")
          ^^^^^^^^^^^^^^^^^^^^^^^^^^^^^^^^^^^
  File "/home/airflow/.local/lib/python3.12/site-packages/airflow/models/variable.py", line 145, in get
    raise KeyError(f"Variable {key} does not exist")
KeyError: 'Variable country_capital_url does not exist'
[2026-09-12T02:56:47.805+0000] {processor.py:927} WARNING - No viable dags retrieved from /opt/airflow/dags/snowflake_connection_demo.py
[2026-09-12T02:56:47.811+0000] {processor.py:208} INFO - Processing /opt/airflow/dags/snowflake_connection_demo.py took 0.038 seconds
[2026-09-12T02:57:18.160+0000] {processor.py:186} INFO - Started process (PID=896) to work on /opt/airflow/dags/snowflake_connection_demo.py
[2026-09-12T02:57:18.161+0000] {processor.py:914} INFO - Processing file /opt/airflow/dags/snowflake_connection_demo.py for tasks to queue
[2026-09-12T02:57:18.163+0000] {logging_mixin.py:190} INFO - [2026-09-12T02:57:18.163+0000] {dagbag.py:587} INFO - Filling up the DagBag from /opt/airflow/dags/snowflake_connection_demo.py
[2026-09-12T02:57:18.177+0000] {logging_mixin.py:190} INFO - [2026-09-12T02:57:18.176+0000] {dagbag.py:386} ERROR - Failed to import: /opt/airflow/dags/snowflake_connection_demo.py
Traceback (most recent call last):
  File "/home/airflow/.local/lib/python3.12/site-packages/airflow/models/dagbag.py", line 382, in parse
    loader.exec_module(new_module)
  File "<frozen importlib._bootstrap_external>", line 995, in exec_module
  File "<frozen importlib._bootstrap>", line 488, in _call_with_frames_removed
  File "/opt/airflow/dags/snowflake_connection_demo.py", line 67, in <module>
    url = Variable.get("country_capital_url")
          ^^^^^^^^^^^^^^^^^^^^^^^^^^^^^^^^^^^
  File "/home/airflow/.local/lib/python3.12/site-packages/airflow/models/variable.py", line 145, in get
    raise KeyError(f"Variable {key} does not exist")
KeyError: 'Variable country_capital_url does not exist'
[2026-09-12T02:57:18.177+0000] {processor.py:927} WARNING - No viable dags retrieved from /opt/airflow/dags/snowflake_connection_demo.py
[2026-09-12T02:57:18.182+0000] {processor.py:208} INFO - Processing /opt/airflow/dags/snowflake_connection_demo.py took 0.027 seconds
[2026-09-12T02:57:48.552+0000] {processor.py:186} INFO - Started process (PID=907) to work on /opt/airflow/dags/snowflake_connection_demo.py
[2026-09-12T02:57:48.553+0000] {processor.py:914} INFO - Processing file /opt/airflow/dags/snowflake_connection_demo.py for tasks to queue
[2026-09-12T02:57:48.555+0000] {logging_mixin.py:190} INFO - [2026-09-12T02:57:48.555+0000] {dagbag.py:587} INFO - Filling up the DagBag from /opt/airflow/dags/snowflake_connection_demo.py
[2026-09-12T02:57:48.571+0000] {logging_mixin.py:190} INFO - [2026-09-12T02:57:48.570+0000] {dagbag.py:386} ERROR - Failed to import: /opt/airflow/dags/snowflake_connection_demo.py
Traceback (most recent call last):
  File "/home/airflow/.local/lib/python3.12/site-packages/airflow/models/dagbag.py", line 382, in parse
    loader.exec_module(new_module)
  File "<frozen importlib._bootstrap_external>", line 995, in exec_module
  File "<frozen importlib._bootstrap>", line 488, in _call_with_frames_removed
  File "/opt/airflow/dags/snowflake_connection_demo.py", line 67, in <module>
    url = Variable.get("country_capital_url")
          ^^^^^^^^^^^^^^^^^^^^^^^^^^^^^^^^^^^
  File "/home/airflow/.local/lib/python3.12/site-packages/airflow/models/variable.py", line 145, in get
    raise KeyError(f"Variable {key} does not exist")
KeyError: 'Variable country_capital_url does not exist'
[2026-09-12T02:57:48.571+0000] {processor.py:927} WARNING - No viable dags retrieved from /opt/airflow/dags/snowflake_connection_demo.py
[2026-09-12T02:57:48.577+0000] {processor.py:208} INFO - Processing /opt/airflow/dags/snowflake_connection_demo.py took 0.031 seconds
[2026-09-12T02:58:18.899+0000] {processor.py:186} INFO - Started process (PID=918) to work on /opt/airflow/dags/snowflake_connection_demo.py
[2026-09-12T02:58:18.900+0000] {processor.py:914} INFO - Processing file /opt/airflow/dags/snowflake_connection_demo.py for tasks to queue
[2026-09-12T02:58:18.902+0000] {logging_mixin.py:190} INFO - [2026-09-12T02:58:18.901+0000] {dagbag.py:587} INFO - Filling up the DagBag from /opt/airflow/dags/snowflake_connection_demo.py
[2026-09-12T02:58:18.915+0000] {logging_mixin.py:190} INFO - [2026-09-12T02:58:18.914+0000] {dagbag.py:386} ERROR - Failed to import: /opt/airflow/dags/snowflake_connection_demo.py
Traceback (most recent call last):
  File "/home/airflow/.local/lib/python3.12/site-packages/airflow/models/dagbag.py", line 382, in parse
    loader.exec_module(new_module)
  File "<frozen importlib._bootstrap_external>", line 995, in exec_module
  File "<frozen importlib._bootstrap>", line 488, in _call_with_frames_removed
  File "/opt/airflow/dags/snowflake_connection_demo.py", line 67, in <module>
    url = Variable.get("country_capital_url")
          ^^^^^^^^^^^^^^^^^^^^^^^^^^^^^^^^^^^
  File "/home/airflow/.local/lib/python3.12/site-packages/airflow/models/variable.py", line 145, in get
    raise KeyError(f"Variable {key} does not exist")
KeyError: 'Variable country_capital_url does not exist'
[2026-09-12T02:58:18.915+0000] {processor.py:927} WARNING - No viable dags retrieved from /opt/airflow/dags/snowflake_connection_demo.py
[2026-09-12T02:58:18.920+0000] {processor.py:208} INFO - Processing /opt/airflow/dags/snowflake_connection_demo.py took 0.027 seconds
[2026-09-12T02:58:49.340+0000] {processor.py:186} INFO - Started process (PID=929) to work on /opt/airflow/dags/snowflake_connection_demo.py
[2026-09-12T02:58:49.341+0000] {processor.py:914} INFO - Processing file /opt/airflow/dags/snowflake_connection_demo.py for tasks to queue
[2026-09-12T02:58:49.344+0000] {logging_mixin.py:190} INFO - [2026-09-12T02:58:49.344+0000] {dagbag.py:587} INFO - Filling up the DagBag from /opt/airflow/dags/snowflake_connection_demo.py
[2026-09-12T02:58:49.366+0000] {logging_mixin.py:190} INFO - [2026-09-12T02:58:49.365+0000] {dagbag.py:386} ERROR - Failed to import: /opt/airflow/dags/snowflake_connection_demo.py
Traceback (most recent call last):
  File "/home/airflow/.local/lib/python3.12/site-packages/airflow/models/dagbag.py", line 382, in parse
    loader.exec_module(new_module)
  File "<frozen importlib._bootstrap_external>", line 995, in exec_module
  File "<frozen importlib._bootstrap>", line 488, in _call_with_frames_removed
  File "/opt/airflow/dags/snowflake_connection_demo.py", line 67, in <module>
    url = Variable.get("country_capital_url")
          ^^^^^^^^^^^^^^^^^^^^^^^^^^^^^^^^^^^
  File "/home/airflow/.local/lib/python3.12/site-packages/airflow/models/variable.py", line 145, in get
    raise KeyError(f"Variable {key} does not exist")
KeyError: 'Variable country_capital_url does not exist'
[2026-09-12T02:58:49.367+0000] {processor.py:927} WARNING - No viable dags retrieved from /opt/airflow/dags/snowflake_connection_demo.py
[2026-09-12T02:58:49.373+0000] {processor.py:208} INFO - Processing /opt/airflow/dags/snowflake_connection_demo.py took 0.042 seconds
[2026-09-12T02:59:19.789+0000] {processor.py:186} INFO - Started process (PID=940) to work on /opt/airflow/dags/snowflake_connection_demo.py
[2026-09-12T02:59:19.790+0000] {processor.py:914} INFO - Processing file /opt/airflow/dags/snowflake_connection_demo.py for tasks to queue
[2026-09-12T02:59:19.794+0000] {logging_mixin.py:190} INFO - [2026-09-12T02:59:19.793+0000] {dagbag.py:587} INFO - Filling up the DagBag from /opt/airflow/dags/snowflake_connection_demo.py
[2026-09-12T02:59:19.815+0000] {logging_mixin.py:190} INFO - [2026-09-12T02:59:19.814+0000] {dagbag.py:386} ERROR - Failed to import: /opt/airflow/dags/snowflake_connection_demo.py
Traceback (most recent call last):
  File "/home/airflow/.local/lib/python3.12/site-packages/airflow/models/dagbag.py", line 382, in parse
    loader.exec_module(new_module)
  File "<frozen importlib._bootstrap_external>", line 995, in exec_module
  File "<frozen importlib._bootstrap>", line 488, in _call_with_frames_removed
  File "/opt/airflow/dags/snowflake_connection_demo.py", line 67, in <module>
    url = Variable.get("country_capital_url")
          ^^^^^^^^^^^^^^^^^^^^^^^^^^^^^^^^^^^
  File "/home/airflow/.local/lib/python3.12/site-packages/airflow/models/variable.py", line 145, in get
    raise KeyError(f"Variable {key} does not exist")
KeyError: 'Variable country_capital_url does not exist'
[2026-09-12T02:59:19.816+0000] {processor.py:927} WARNING - No viable dags retrieved from /opt/airflow/dags/snowflake_connection_demo.py
[2026-09-12T02:59:19.823+0000] {processor.py:208} INFO - Processing /opt/airflow/dags/snowflake_connection_demo.py took 0.042 seconds
[2026-09-12T02:59:50.223+0000] {processor.py:186} INFO - Started process (PID=951) to work on /opt/airflow/dags/snowflake_connection_demo.py
[2026-09-12T02:59:50.226+0000] {processor.py:914} INFO - Processing file /opt/airflow/dags/snowflake_connection_demo.py for tasks to queue
[2026-09-12T02:59:50.228+0000] {logging_mixin.py:190} INFO - [2026-09-12T02:59:50.228+0000] {dagbag.py:587} INFO - Filling up the DagBag from /opt/airflow/dags/snowflake_connection_demo.py
[2026-09-12T02:59:50.243+0000] {logging_mixin.py:190} INFO - [2026-09-12T02:59:50.242+0000] {dagbag.py:386} ERROR - Failed to import: /opt/airflow/dags/snowflake_connection_demo.py
Traceback (most recent call last):
  File "/home/airflow/.local/lib/python3.12/site-packages/airflow/models/dagbag.py", line 382, in parse
    loader.exec_module(new_module)
  File "<frozen importlib._bootstrap_external>", line 995, in exec_module
  File "<frozen importlib._bootstrap>", line 488, in _call_with_frames_removed
  File "/opt/airflow/dags/snowflake_connection_demo.py", line 67, in <module>
    url = Variable.get("country_capital_url")
          ^^^^^^^^^^^^^^^^^^^^^^^^^^^^^^^^^^^
  File "/home/airflow/.local/lib/python3.12/site-packages/airflow/models/variable.py", line 145, in get
    raise KeyError(f"Variable {key} does not exist")
KeyError: 'Variable country_capital_url does not exist'
[2026-09-12T02:59:50.243+0000] {processor.py:927} WARNING - No viable dags retrieved from /opt/airflow/dags/snowflake_connection_demo.py
[2026-09-12T02:59:50.248+0000] {processor.py:208} INFO - Processing /opt/airflow/dags/snowflake_connection_demo.py took 0.032 seconds
[2026-09-12T03:00:20.685+0000] {processor.py:186} INFO - Started process (PID=962) to work on /opt/airflow/dags/snowflake_connection_demo.py
[2026-09-12T03:00:20.687+0000] {processor.py:914} INFO - Processing file /opt/airflow/dags/snowflake_connection_demo.py for tasks to queue
[2026-09-12T03:00:20.689+0000] {logging_mixin.py:190} INFO - [2026-09-12T03:00:20.689+0000] {dagbag.py:587} INFO - Filling up the DagBag from /opt/airflow/dags/snowflake_connection_demo.py
[2026-09-12T03:00:20.705+0000] {logging_mixin.py:190} INFO - [2026-09-12T03:00:20.704+0000] {dagbag.py:386} ERROR - Failed to import: /opt/airflow/dags/snowflake_connection_demo.py
Traceback (most recent call last):
  File "/home/airflow/.local/lib/python3.12/site-packages/airflow/models/dagbag.py", line 382, in parse
    loader.exec_module(new_module)
  File "<frozen importlib._bootstrap_external>", line 995, in exec_module
  File "<frozen importlib._bootstrap>", line 488, in _call_with_frames_removed
  File "/opt/airflow/dags/snowflake_connection_demo.py", line 67, in <module>
    url = Variable.get("country_capital_url")
          ^^^^^^^^^^^^^^^^^^^^^^^^^^^^^^^^^^^
  File "/home/airflow/.local/lib/python3.12/site-packages/airflow/models/variable.py", line 145, in get
    raise KeyError(f"Variable {key} does not exist")
KeyError: 'Variable country_capital_url does not exist'
[2026-09-12T03:00:20.706+0000] {processor.py:927} WARNING - No viable dags retrieved from /opt/airflow/dags/snowflake_connection_demo.py
[2026-09-12T03:00:20.712+0000] {processor.py:208} INFO - Processing /opt/airflow/dags/snowflake_connection_demo.py took 0.031 seconds
[2026-09-12T03:00:51.151+0000] {processor.py:186} INFO - Started process (PID=973) to work on /opt/airflow/dags/snowflake_connection_demo.py
[2026-09-12T03:00:51.153+0000] {processor.py:914} INFO - Processing file /opt/airflow/dags/snowflake_connection_demo.py for tasks to queue
[2026-09-12T03:00:51.156+0000] {logging_mixin.py:190} INFO - [2026-09-12T03:00:51.155+0000] {dagbag.py:587} INFO - Filling up the DagBag from /opt/airflow/dags/snowflake_connection_demo.py
[2026-09-12T03:00:51.175+0000] {logging_mixin.py:190} INFO - [2026-09-12T03:00:51.173+0000] {dagbag.py:386} ERROR - Failed to import: /opt/airflow/dags/snowflake_connection_demo.py
Traceback (most recent call last):
  File "/home/airflow/.local/lib/python3.12/site-packages/airflow/models/dagbag.py", line 382, in parse
    loader.exec_module(new_module)
  File "<frozen importlib._bootstrap_external>", line 995, in exec_module
  File "<frozen importlib._bootstrap>", line 488, in _call_with_frames_removed
  File "/opt/airflow/dags/snowflake_connection_demo.py", line 67, in <module>
    url = Variable.get("country_capital_url")
          ^^^^^^^^^^^^^^^^^^^^^^^^^^^^^^^^^^^
  File "/home/airflow/.local/lib/python3.12/site-packages/airflow/models/variable.py", line 145, in get
    raise KeyError(f"Variable {key} does not exist")
KeyError: 'Variable country_capital_url does not exist'
[2026-09-12T03:00:51.175+0000] {processor.py:927} WARNING - No viable dags retrieved from /opt/airflow/dags/snowflake_connection_demo.py
[2026-09-12T03:00:51.181+0000] {processor.py:208} INFO - Processing /opt/airflow/dags/snowflake_connection_demo.py took 0.039 seconds
[2026-09-12T03:01:21.578+0000] {processor.py:186} INFO - Started process (PID=984) to work on /opt/airflow/dags/snowflake_connection_demo.py
[2026-09-12T03:01:21.581+0000] {processor.py:914} INFO - Processing file /opt/airflow/dags/snowflake_connection_demo.py for tasks to queue
[2026-09-12T03:01:21.583+0000] {logging_mixin.py:190} INFO - [2026-09-12T03:01:21.583+0000] {dagbag.py:587} INFO - Filling up the DagBag from /opt/airflow/dags/snowflake_connection_demo.py
[2026-09-12T03:01:21.598+0000] {logging_mixin.py:190} INFO - [2026-09-12T03:01:21.597+0000] {dagbag.py:386} ERROR - Failed to import: /opt/airflow/dags/snowflake_connection_demo.py
Traceback (most recent call last):
  File "/home/airflow/.local/lib/python3.12/site-packages/airflow/models/dagbag.py", line 382, in parse
    loader.exec_module(new_module)
  File "<frozen importlib._bootstrap_external>", line 995, in exec_module
  File "<frozen importlib._bootstrap>", line 488, in _call_with_frames_removed
  File "/opt/airflow/dags/snowflake_connection_demo.py", line 67, in <module>
    url = Variable.get("country_capital_url")
          ^^^^^^^^^^^^^^^^^^^^^^^^^^^^^^^^^^^
  File "/home/airflow/.local/lib/python3.12/site-packages/airflow/models/variable.py", line 145, in get
    raise KeyError(f"Variable {key} does not exist")
KeyError: 'Variable country_capital_url does not exist'
[2026-09-12T03:01:21.599+0000] {processor.py:927} WARNING - No viable dags retrieved from /opt/airflow/dags/snowflake_connection_demo.py
[2026-09-12T03:01:21.603+0000] {processor.py:208} INFO - Processing /opt/airflow/dags/snowflake_connection_demo.py took 0.031 seconds
[2026-09-12T03:01:52.086+0000] {processor.py:186} INFO - Started process (PID=995) to work on /opt/airflow/dags/snowflake_connection_demo.py
[2026-09-12T03:01:52.088+0000] {processor.py:914} INFO - Processing file /opt/airflow/dags/snowflake_connection_demo.py for tasks to queue
[2026-09-12T03:01:52.091+0000] {logging_mixin.py:190} INFO - [2026-09-12T03:01:52.091+0000] {dagbag.py:587} INFO - Filling up the DagBag from /opt/airflow/dags/snowflake_connection_demo.py
[2026-09-12T03:01:52.116+0000] {logging_mixin.py:190} INFO - [2026-09-12T03:01:52.113+0000] {dagbag.py:386} ERROR - Failed to import: /opt/airflow/dags/snowflake_connection_demo.py
Traceback (most recent call last):
  File "/home/airflow/.local/lib/python3.12/site-packages/airflow/models/dagbag.py", line 382, in parse
    loader.exec_module(new_module)
  File "<frozen importlib._bootstrap_external>", line 995, in exec_module
  File "<frozen importlib._bootstrap>", line 488, in _call_with_frames_removed
  File "/opt/airflow/dags/snowflake_connection_demo.py", line 67, in <module>
    url = Variable.get("country_capital_url")
          ^^^^^^^^^^^^^^^^^^^^^^^^^^^^^^^^^^^
  File "/home/airflow/.local/lib/python3.12/site-packages/airflow/models/variable.py", line 145, in get
    raise KeyError(f"Variable {key} does not exist")
KeyError: 'Variable country_capital_url does not exist'
[2026-09-12T03:01:52.116+0000] {processor.py:927} WARNING - No viable dags retrieved from /opt/airflow/dags/snowflake_connection_demo.py
[2026-09-12T03:01:52.133+0000] {processor.py:208} INFO - Processing /opt/airflow/dags/snowflake_connection_demo.py took 0.053 seconds
[2026-09-12T03:02:22.503+0000] {processor.py:186} INFO - Started process (PID=1006) to work on /opt/airflow/dags/snowflake_connection_demo.py
[2026-09-12T03:02:22.506+0000] {processor.py:914} INFO - Processing file /opt/airflow/dags/snowflake_connection_demo.py for tasks to queue
[2026-09-12T03:02:22.509+0000] {logging_mixin.py:190} INFO - [2026-09-12T03:02:22.508+0000] {dagbag.py:587} INFO - Filling up the DagBag from /opt/airflow/dags/snowflake_connection_demo.py
[2026-09-12T03:02:22.523+0000] {logging_mixin.py:190} INFO - [2026-09-12T03:02:22.522+0000] {dagbag.py:386} ERROR - Failed to import: /opt/airflow/dags/snowflake_connection_demo.py
Traceback (most recent call last):
  File "/home/airflow/.local/lib/python3.12/site-packages/airflow/models/dagbag.py", line 382, in parse
    loader.exec_module(new_module)
  File "<frozen importlib._bootstrap_external>", line 995, in exec_module
  File "<frozen importlib._bootstrap>", line 488, in _call_with_frames_removed
  File "/opt/airflow/dags/snowflake_connection_demo.py", line 67, in <module>
    url = Variable.get("country_capital_url")
          ^^^^^^^^^^^^^^^^^^^^^^^^^^^^^^^^^^^
  File "/home/airflow/.local/lib/python3.12/site-packages/airflow/models/variable.py", line 145, in get
    raise KeyError(f"Variable {key} does not exist")
KeyError: 'Variable country_capital_url does not exist'
[2026-09-12T03:02:22.524+0000] {processor.py:927} WARNING - No viable dags retrieved from /opt/airflow/dags/snowflake_connection_demo.py
[2026-09-12T03:02:22.529+0000] {processor.py:208} INFO - Processing /opt/airflow/dags/snowflake_connection_demo.py took 0.031 seconds
[2026-09-12T03:02:52.995+0000] {processor.py:186} INFO - Started process (PID=1017) to work on /opt/airflow/dags/snowflake_connection_demo.py
[2026-09-12T03:02:52.997+0000] {processor.py:914} INFO - Processing file /opt/airflow/dags/snowflake_connection_demo.py for tasks to queue
[2026-09-12T03:02:53.000+0000] {logging_mixin.py:190} INFO - [2026-09-12T03:02:52.999+0000] {dagbag.py:587} INFO - Filling up the DagBag from /opt/airflow/dags/snowflake_connection_demo.py
[2026-09-12T03:02:53.019+0000] {logging_mixin.py:190} INFO - [2026-09-12T03:02:53.017+0000] {dagbag.py:386} ERROR - Failed to import: /opt/airflow/dags/snowflake_connection_demo.py
Traceback (most recent call last):
  File "/home/airflow/.local/lib/python3.12/site-packages/airflow/models/dagbag.py", line 382, in parse
    loader.exec_module(new_module)
  File "<frozen importlib._bootstrap_external>", line 995, in exec_module
  File "<frozen importlib._bootstrap>", line 488, in _call_with_frames_removed
  File "/opt/airflow/dags/snowflake_connection_demo.py", line 67, in <module>
    url = Variable.get("country_capital_url")
          ^^^^^^^^^^^^^^^^^^^^^^^^^^^^^^^^^^^
  File "/home/airflow/.local/lib/python3.12/site-packages/airflow/models/variable.py", line 145, in get
    raise KeyError(f"Variable {key} does not exist")
KeyError: 'Variable country_capital_url does not exist'
[2026-09-12T03:02:53.019+0000] {processor.py:927} WARNING - No viable dags retrieved from /opt/airflow/dags/snowflake_connection_demo.py
[2026-09-12T03:02:53.025+0000] {processor.py:208} INFO - Processing /opt/airflow/dags/snowflake_connection_demo.py took 0.037 seconds
[2026-09-12T03:03:23.419+0000] {processor.py:186} INFO - Started process (PID=1028) to work on /opt/airflow/dags/snowflake_connection_demo.py
[2026-09-12T03:03:23.420+0000] {processor.py:914} INFO - Processing file /opt/airflow/dags/snowflake_connection_demo.py for tasks to queue
[2026-09-12T03:03:23.423+0000] {logging_mixin.py:190} INFO - [2026-09-12T03:03:23.422+0000] {dagbag.py:587} INFO - Filling up the DagBag from /opt/airflow/dags/snowflake_connection_demo.py
[2026-09-12T03:03:23.442+0000] {logging_mixin.py:190} INFO - [2026-09-12T03:03:23.441+0000] {dagbag.py:386} ERROR - Failed to import: /opt/airflow/dags/snowflake_connection_demo.py
Traceback (most recent call last):
  File "/home/airflow/.local/lib/python3.12/site-packages/airflow/models/dagbag.py", line 382, in parse
    loader.exec_module(new_module)
  File "<frozen importlib._bootstrap_external>", line 995, in exec_module
  File "<frozen importlib._bootstrap>", line 488, in _call_with_frames_removed
  File "/opt/airflow/dags/snowflake_connection_demo.py", line 67, in <module>
    url = Variable.get("country_capital_url")
          ^^^^^^^^^^^^^^^^^^^^^^^^^^^^^^^^^^^
  File "/home/airflow/.local/lib/python3.12/site-packages/airflow/models/variable.py", line 145, in get
    raise KeyError(f"Variable {key} does not exist")
KeyError: 'Variable country_capital_url does not exist'
[2026-09-12T03:03:23.442+0000] {processor.py:927} WARNING - No viable dags retrieved from /opt/airflow/dags/snowflake_connection_demo.py
[2026-09-12T03:03:23.448+0000] {processor.py:208} INFO - Processing /opt/airflow/dags/snowflake_connection_demo.py took 0.036 seconds
[2026-09-12T03:03:53.848+0000] {processor.py:186} INFO - Started process (PID=1039) to work on /opt/airflow/dags/snowflake_connection_demo.py
[2026-09-12T03:03:53.850+0000] {processor.py:914} INFO - Processing file /opt/airflow/dags/snowflake_connection_demo.py for tasks to queue
[2026-09-12T03:03:53.854+0000] {logging_mixin.py:190} INFO - [2026-09-12T03:03:53.853+0000] {dagbag.py:587} INFO - Filling up the DagBag from /opt/airflow/dags/snowflake_connection_demo.py
[2026-09-12T03:03:53.879+0000] {logging_mixin.py:190} INFO - [2026-09-12T03:03:53.878+0000] {dagbag.py:386} ERROR - Failed to import: /opt/airflow/dags/snowflake_connection_demo.py
Traceback (most recent call last):
  File "/home/airflow/.local/lib/python3.12/site-packages/airflow/models/dagbag.py", line 382, in parse
    loader.exec_module(new_module)
  File "<frozen importlib._bootstrap_external>", line 995, in exec_module
  File "<frozen importlib._bootstrap>", line 488, in _call_with_frames_removed
  File "/opt/airflow/dags/snowflake_connection_demo.py", line 67, in <module>
    url = Variable.get("country_capital_url")
          ^^^^^^^^^^^^^^^^^^^^^^^^^^^^^^^^^^^
  File "/home/airflow/.local/lib/python3.12/site-packages/airflow/models/variable.py", line 145, in get
    raise KeyError(f"Variable {key} does not exist")
KeyError: 'Variable country_capital_url does not exist'
[2026-09-12T03:03:53.880+0000] {processor.py:927} WARNING - No viable dags retrieved from /opt/airflow/dags/snowflake_connection_demo.py
[2026-09-12T03:03:53.886+0000] {processor.py:208} INFO - Processing /opt/airflow/dags/snowflake_connection_demo.py took 0.047 seconds
[2026-09-12T03:04:24.279+0000] {processor.py:186} INFO - Started process (PID=1050) to work on /opt/airflow/dags/snowflake_connection_demo.py
[2026-09-12T03:04:24.281+0000] {processor.py:914} INFO - Processing file /opt/airflow/dags/snowflake_connection_demo.py for tasks to queue
[2026-09-12T03:04:24.283+0000] {logging_mixin.py:190} INFO - [2026-09-12T03:04:24.282+0000] {dagbag.py:587} INFO - Filling up the DagBag from /opt/airflow/dags/snowflake_connection_demo.py
[2026-09-12T03:04:24.302+0000] {logging_mixin.py:190} INFO - [2026-09-12T03:04:24.300+0000] {dagbag.py:386} ERROR - Failed to import: /opt/airflow/dags/snowflake_connection_demo.py
Traceback (most recent call last):
  File "/home/airflow/.local/lib/python3.12/site-packages/airflow/models/dagbag.py", line 382, in parse
    loader.exec_module(new_module)
  File "<frozen importlib._bootstrap_external>", line 995, in exec_module
  File "<frozen importlib._bootstrap>", line 488, in _call_with_frames_removed
  File "/opt/airflow/dags/snowflake_connection_demo.py", line 67, in <module>
    url = Variable.get("country_capital_url")
          ^^^^^^^^^^^^^^^^^^^^^^^^^^^^^^^^^^^
  File "/home/airflow/.local/lib/python3.12/site-packages/airflow/models/variable.py", line 145, in get
    raise KeyError(f"Variable {key} does not exist")
KeyError: 'Variable country_capital_url does not exist'
[2026-09-12T03:04:24.302+0000] {processor.py:927} WARNING - No viable dags retrieved from /opt/airflow/dags/snowflake_connection_demo.py
[2026-09-12T03:04:24.308+0000] {processor.py:208} INFO - Processing /opt/airflow/dags/snowflake_connection_demo.py took 0.035 seconds
[2026-09-12T03:04:54.773+0000] {processor.py:186} INFO - Started process (PID=1061) to work on /opt/airflow/dags/snowflake_connection_demo.py
[2026-09-12T03:04:54.774+0000] {processor.py:914} INFO - Processing file /opt/airflow/dags/snowflake_connection_demo.py for tasks to queue
[2026-09-12T03:04:54.778+0000] {logging_mixin.py:190} INFO - [2026-09-12T03:04:54.778+0000] {dagbag.py:587} INFO - Filling up the DagBag from /opt/airflow/dags/snowflake_connection_demo.py
[2026-09-12T03:04:54.806+0000] {logging_mixin.py:190} INFO - [2026-09-12T03:04:54.805+0000] {dagbag.py:386} ERROR - Failed to import: /opt/airflow/dags/snowflake_connection_demo.py
Traceback (most recent call last):
  File "/home/airflow/.local/lib/python3.12/site-packages/airflow/models/dagbag.py", line 382, in parse
    loader.exec_module(new_module)
  File "<frozen importlib._bootstrap_external>", line 995, in exec_module
  File "<frozen importlib._bootstrap>", line 488, in _call_with_frames_removed
  File "/opt/airflow/dags/snowflake_connection_demo.py", line 67, in <module>
    url = Variable.get("country_capital_url")
          ^^^^^^^^^^^^^^^^^^^^^^^^^^^^^^^^^^^
  File "/home/airflow/.local/lib/python3.12/site-packages/airflow/models/variable.py", line 145, in get
    raise KeyError(f"Variable {key} does not exist")
KeyError: 'Variable country_capital_url does not exist'
[2026-09-12T03:04:54.807+0000] {processor.py:927} WARNING - No viable dags retrieved from /opt/airflow/dags/snowflake_connection_demo.py
[2026-09-12T03:04:54.815+0000] {processor.py:208} INFO - Processing /opt/airflow/dags/snowflake_connection_demo.py took 0.053 seconds
[2026-09-12T03:05:25.210+0000] {processor.py:186} INFO - Started process (PID=1072) to work on /opt/airflow/dags/snowflake_connection_demo.py
[2026-09-12T03:05:25.211+0000] {processor.py:914} INFO - Processing file /opt/airflow/dags/snowflake_connection_demo.py for tasks to queue
[2026-09-12T03:05:25.214+0000] {logging_mixin.py:190} INFO - [2026-09-12T03:05:25.214+0000] {dagbag.py:587} INFO - Filling up the DagBag from /opt/airflow/dags/snowflake_connection_demo.py
[2026-09-12T03:05:25.232+0000] {logging_mixin.py:190} INFO - [2026-09-12T03:05:25.231+0000] {dagbag.py:386} ERROR - Failed to import: /opt/airflow/dags/snowflake_connection_demo.py
Traceback (most recent call last):
  File "/home/airflow/.local/lib/python3.12/site-packages/airflow/models/dagbag.py", line 382, in parse
    loader.exec_module(new_module)
  File "<frozen importlib._bootstrap_external>", line 995, in exec_module
  File "<frozen importlib._bootstrap>", line 488, in _call_with_frames_removed
  File "/opt/airflow/dags/snowflake_connection_demo.py", line 67, in <module>
    url = Variable.get("country_capital_url")
          ^^^^^^^^^^^^^^^^^^^^^^^^^^^^^^^^^^^
  File "/home/airflow/.local/lib/python3.12/site-packages/airflow/models/variable.py", line 145, in get
    raise KeyError(f"Variable {key} does not exist")
KeyError: 'Variable country_capital_url does not exist'
[2026-09-12T03:05:25.232+0000] {processor.py:927} WARNING - No viable dags retrieved from /opt/airflow/dags/snowflake_connection_demo.py
[2026-09-12T03:05:25.238+0000] {processor.py:208} INFO - Processing /opt/airflow/dags/snowflake_connection_demo.py took 0.035 seconds
[2026-09-12T03:05:55.646+0000] {processor.py:186} INFO - Started process (PID=1083) to work on /opt/airflow/dags/snowflake_connection_demo.py
[2026-09-12T03:05:55.648+0000] {processor.py:914} INFO - Processing file /opt/airflow/dags/snowflake_connection_demo.py for tasks to queue
[2026-09-12T03:05:55.651+0000] {logging_mixin.py:190} INFO - [2026-09-12T03:05:55.651+0000] {dagbag.py:587} INFO - Filling up the DagBag from /opt/airflow/dags/snowflake_connection_demo.py
[2026-09-12T03:05:55.671+0000] {logging_mixin.py:190} INFO - [2026-09-12T03:05:55.670+0000] {dagbag.py:386} ERROR - Failed to import: /opt/airflow/dags/snowflake_connection_demo.py
Traceback (most recent call last):
  File "/home/airflow/.local/lib/python3.12/site-packages/airflow/models/dagbag.py", line 382, in parse
    loader.exec_module(new_module)
  File "<frozen importlib._bootstrap_external>", line 995, in exec_module
  File "<frozen importlib._bootstrap>", line 488, in _call_with_frames_removed
  File "/opt/airflow/dags/snowflake_connection_demo.py", line 67, in <module>
    url = Variable.get("country_capital_url")
          ^^^^^^^^^^^^^^^^^^^^^^^^^^^^^^^^^^^
  File "/home/airflow/.local/lib/python3.12/site-packages/airflow/models/variable.py", line 145, in get
    raise KeyError(f"Variable {key} does not exist")
KeyError: 'Variable country_capital_url does not exist'
[2026-09-12T03:05:55.672+0000] {processor.py:927} WARNING - No viable dags retrieved from /opt/airflow/dags/snowflake_connection_demo.py
[2026-09-12T03:05:55.678+0000] {processor.py:208} INFO - Processing /opt/airflow/dags/snowflake_connection_demo.py took 0.040 seconds
[2026-09-12T03:06:26.056+0000] {processor.py:186} INFO - Started process (PID=1094) to work on /opt/airflow/dags/snowflake_connection_demo.py
[2026-09-12T03:06:26.057+0000] {processor.py:914} INFO - Processing file /opt/airflow/dags/snowflake_connection_demo.py for tasks to queue
[2026-09-12T03:06:26.059+0000] {logging_mixin.py:190} INFO - [2026-09-12T03:06:26.059+0000] {dagbag.py:587} INFO - Filling up the DagBag from /opt/airflow/dags/snowflake_connection_demo.py
[2026-09-12T03:06:26.075+0000] {logging_mixin.py:190} INFO - [2026-09-12T03:06:26.074+0000] {dagbag.py:386} ERROR - Failed to import: /opt/airflow/dags/snowflake_connection_demo.py
Traceback (most recent call last):
  File "/home/airflow/.local/lib/python3.12/site-packages/airflow/models/dagbag.py", line 382, in parse
    loader.exec_module(new_module)
  File "<frozen importlib._bootstrap_external>", line 995, in exec_module
  File "<frozen importlib._bootstrap>", line 488, in _call_with_frames_removed
  File "/opt/airflow/dags/snowflake_connection_demo.py", line 67, in <module>
    url = Variable.get("country_capital_url")
          ^^^^^^^^^^^^^^^^^^^^^^^^^^^^^^^^^^^
  File "/home/airflow/.local/lib/python3.12/site-packages/airflow/models/variable.py", line 145, in get
    raise KeyError(f"Variable {key} does not exist")
KeyError: 'Variable country_capital_url does not exist'
[2026-09-12T03:06:26.076+0000] {processor.py:927} WARNING - No viable dags retrieved from /opt/airflow/dags/snowflake_connection_demo.py
[2026-09-12T03:06:26.081+0000] {processor.py:208} INFO - Processing /opt/airflow/dags/snowflake_connection_demo.py took 0.031 seconds
[2026-09-12T03:06:56.501+0000] {processor.py:186} INFO - Started process (PID=1105) to work on /opt/airflow/dags/snowflake_connection_demo.py
[2026-09-12T03:06:56.502+0000] {processor.py:914} INFO - Processing file /opt/airflow/dags/snowflake_connection_demo.py for tasks to queue
[2026-09-12T03:06:56.505+0000] {logging_mixin.py:190} INFO - [2026-09-12T03:06:56.504+0000] {dagbag.py:587} INFO - Filling up the DagBag from /opt/airflow/dags/snowflake_connection_demo.py
[2026-09-12T03:06:56.521+0000] {logging_mixin.py:190} INFO - [2026-09-12T03:06:56.519+0000] {dagbag.py:386} ERROR - Failed to import: /opt/airflow/dags/snowflake_connection_demo.py
Traceback (most recent call last):
  File "/home/airflow/.local/lib/python3.12/site-packages/airflow/models/dagbag.py", line 382, in parse
    loader.exec_module(new_module)
  File "<frozen importlib._bootstrap_external>", line 995, in exec_module
  File "<frozen importlib._bootstrap>", line 488, in _call_with_frames_removed
  File "/opt/airflow/dags/snowflake_connection_demo.py", line 67, in <module>
    url = Variable.get("country_capital_url")
          ^^^^^^^^^^^^^^^^^^^^^^^^^^^^^^^^^^^
  File "/home/airflow/.local/lib/python3.12/site-packages/airflow/models/variable.py", line 145, in get
    raise KeyError(f"Variable {key} does not exist")
KeyError: 'Variable country_capital_url does not exist'
[2026-09-12T03:06:56.521+0000] {processor.py:927} WARNING - No viable dags retrieved from /opt/airflow/dags/snowflake_connection_demo.py
[2026-09-12T03:06:56.527+0000] {processor.py:208} INFO - Processing /opt/airflow/dags/snowflake_connection_demo.py took 0.032 seconds
[2026-09-12T03:07:26.944+0000] {processor.py:186} INFO - Started process (PID=1116) to work on /opt/airflow/dags/snowflake_connection_demo.py
[2026-09-12T03:07:26.946+0000] {processor.py:914} INFO - Processing file /opt/airflow/dags/snowflake_connection_demo.py for tasks to queue
[2026-09-12T03:07:26.948+0000] {logging_mixin.py:190} INFO - [2026-09-12T03:07:26.948+0000] {dagbag.py:587} INFO - Filling up the DagBag from /opt/airflow/dags/snowflake_connection_demo.py
[2026-09-12T03:07:26.959+0000] {logging_mixin.py:190} INFO - [2026-09-12T03:07:26.958+0000] {dagbag.py:386} ERROR - Failed to import: /opt/airflow/dags/snowflake_connection_demo.py
Traceback (most recent call last):
  File "/home/airflow/.local/lib/python3.12/site-packages/airflow/models/dagbag.py", line 382, in parse
    loader.exec_module(new_module)
  File "<frozen importlib._bootstrap_external>", line 995, in exec_module
  File "<frozen importlib._bootstrap>", line 488, in _call_with_frames_removed
  File "/opt/airflow/dags/snowflake_connection_demo.py", line 67, in <module>
    url = Variable.get("country_capital_url")
          ^^^^^^^^^^^^^^^^^^^^^^^^^^^^^^^^^^^
  File "/home/airflow/.local/lib/python3.12/site-packages/airflow/models/variable.py", line 145, in get
    raise KeyError(f"Variable {key} does not exist")
KeyError: 'Variable country_capital_url does not exist'
[2026-09-12T03:07:26.959+0000] {processor.py:927} WARNING - No viable dags retrieved from /opt/airflow/dags/snowflake_connection_demo.py
[2026-09-12T03:07:26.964+0000] {processor.py:208} INFO - Processing /opt/airflow/dags/snowflake_connection_demo.py took 0.023 seconds
[2026-09-12T03:07:57.398+0000] {processor.py:186} INFO - Started process (PID=1127) to work on /opt/airflow/dags/snowflake_connection_demo.py
[2026-09-12T03:07:57.399+0000] {processor.py:914} INFO - Processing file /opt/airflow/dags/snowflake_connection_demo.py for tasks to queue
[2026-09-12T03:07:57.402+0000] {logging_mixin.py:190} INFO - [2026-09-12T03:07:57.401+0000] {dagbag.py:587} INFO - Filling up the DagBag from /opt/airflow/dags/snowflake_connection_demo.py
[2026-09-12T03:07:57.417+0000] {logging_mixin.py:190} INFO - [2026-09-12T03:07:57.416+0000] {dagbag.py:386} ERROR - Failed to import: /opt/airflow/dags/snowflake_connection_demo.py
Traceback (most recent call last):
  File "/home/airflow/.local/lib/python3.12/site-packages/airflow/models/dagbag.py", line 382, in parse
    loader.exec_module(new_module)
  File "<frozen importlib._bootstrap_external>", line 995, in exec_module
  File "<frozen importlib._bootstrap>", line 488, in _call_with_frames_removed
  File "/opt/airflow/dags/snowflake_connection_demo.py", line 67, in <module>
    url = Variable.get("country_capital_url")
          ^^^^^^^^^^^^^^^^^^^^^^^^^^^^^^^^^^^
  File "/home/airflow/.local/lib/python3.12/site-packages/airflow/models/variable.py", line 145, in get
    raise KeyError(f"Variable {key} does not exist")
KeyError: 'Variable country_capital_url does not exist'
[2026-09-12T03:07:57.418+0000] {processor.py:927} WARNING - No viable dags retrieved from /opt/airflow/dags/snowflake_connection_demo.py
[2026-09-12T03:07:57.423+0000] {processor.py:208} INFO - Processing /opt/airflow/dags/snowflake_connection_demo.py took 0.031 seconds
[2026-09-12T03:08:27.877+0000] {processor.py:186} INFO - Started process (PID=1138) to work on /opt/airflow/dags/snowflake_connection_demo.py
[2026-09-12T03:08:27.879+0000] {processor.py:914} INFO - Processing file /opt/airflow/dags/snowflake_connection_demo.py for tasks to queue
[2026-09-12T03:08:27.883+0000] {logging_mixin.py:190} INFO - [2026-09-12T03:08:27.882+0000] {dagbag.py:587} INFO - Filling up the DagBag from /opt/airflow/dags/snowflake_connection_demo.py
[2026-09-12T03:08:27.907+0000] {logging_mixin.py:190} INFO - [2026-09-12T03:08:27.905+0000] {dagbag.py:386} ERROR - Failed to import: /opt/airflow/dags/snowflake_connection_demo.py
Traceback (most recent call last):
  File "/home/airflow/.local/lib/python3.12/site-packages/airflow/models/dagbag.py", line 382, in parse
    loader.exec_module(new_module)
  File "<frozen importlib._bootstrap_external>", line 995, in exec_module
  File "<frozen importlib._bootstrap>", line 488, in _call_with_frames_removed
  File "/opt/airflow/dags/snowflake_connection_demo.py", line 67, in <module>
    url = Variable.get("country_capital_url")
          ^^^^^^^^^^^^^^^^^^^^^^^^^^^^^^^^^^^
  File "/home/airflow/.local/lib/python3.12/site-packages/airflow/models/variable.py", line 145, in get
    raise KeyError(f"Variable {key} does not exist")
KeyError: 'Variable country_capital_url does not exist'
[2026-09-12T03:08:27.907+0000] {processor.py:927} WARNING - No viable dags retrieved from /opt/airflow/dags/snowflake_connection_demo.py
[2026-09-12T03:08:27.913+0000] {processor.py:208} INFO - Processing /opt/airflow/dags/snowflake_connection_demo.py took 0.044 seconds
[2026-09-12T03:08:58.276+0000] {processor.py:186} INFO - Started process (PID=1149) to work on /opt/airflow/dags/snowflake_connection_demo.py
[2026-09-12T03:08:58.277+0000] {processor.py:914} INFO - Processing file /opt/airflow/dags/snowflake_connection_demo.py for tasks to queue
[2026-09-12T03:08:58.279+0000] {logging_mixin.py:190} INFO - [2026-09-12T03:08:58.279+0000] {dagbag.py:587} INFO - Filling up the DagBag from /opt/airflow/dags/snowflake_connection_demo.py
[2026-09-12T03:08:58.292+0000] {logging_mixin.py:190} INFO - [2026-09-12T03:08:58.291+0000] {dagbag.py:386} ERROR - Failed to import: /opt/airflow/dags/snowflake_connection_demo.py
Traceback (most recent call last):
  File "/home/airflow/.local/lib/python3.12/site-packages/airflow/models/dagbag.py", line 382, in parse
    loader.exec_module(new_module)
  File "<frozen importlib._bootstrap_external>", line 995, in exec_module
  File "<frozen importlib._bootstrap>", line 488, in _call_with_frames_removed
  File "/opt/airflow/dags/snowflake_connection_demo.py", line 67, in <module>
    url = Variable.get("country_capital_url")
          ^^^^^^^^^^^^^^^^^^^^^^^^^^^^^^^^^^^
  File "/home/airflow/.local/lib/python3.12/site-packages/airflow/models/variable.py", line 145, in get
    raise KeyError(f"Variable {key} does not exist")
KeyError: 'Variable country_capital_url does not exist'
[2026-09-12T03:08:58.292+0000] {processor.py:927} WARNING - No viable dags retrieved from /opt/airflow/dags/snowflake_connection_demo.py
[2026-09-12T03:08:58.298+0000] {processor.py:208} INFO - Processing /opt/airflow/dags/snowflake_connection_demo.py took 0.026 seconds
[2026-09-12T03:09:28.706+0000] {processor.py:186} INFO - Started process (PID=1160) to work on /opt/airflow/dags/snowflake_connection_demo.py
[2026-09-12T03:09:28.707+0000] {processor.py:914} INFO - Processing file /opt/airflow/dags/snowflake_connection_demo.py for tasks to queue
[2026-09-12T03:09:28.710+0000] {logging_mixin.py:190} INFO - [2026-09-12T03:09:28.710+0000] {dagbag.py:587} INFO - Filling up the DagBag from /opt/airflow/dags/snowflake_connection_demo.py
[2026-09-12T03:09:28.730+0000] {logging_mixin.py:190} INFO - [2026-09-12T03:09:28.729+0000] {dagbag.py:386} ERROR - Failed to import: /opt/airflow/dags/snowflake_connection_demo.py
Traceback (most recent call last):
  File "/home/airflow/.local/lib/python3.12/site-packages/airflow/models/dagbag.py", line 382, in parse
    loader.exec_module(new_module)
  File "<frozen importlib._bootstrap_external>", line 995, in exec_module
  File "<frozen importlib._bootstrap>", line 488, in _call_with_frames_removed
  File "/opt/airflow/dags/snowflake_connection_demo.py", line 67, in <module>
    url = Variable.get("country_capital_url")
          ^^^^^^^^^^^^^^^^^^^^^^^^^^^^^^^^^^^
  File "/home/airflow/.local/lib/python3.12/site-packages/airflow/models/variable.py", line 145, in get
    raise KeyError(f"Variable {key} does not exist")
KeyError: 'Variable country_capital_url does not exist'
[2026-09-12T03:09:28.731+0000] {processor.py:927} WARNING - No viable dags retrieved from /opt/airflow/dags/snowflake_connection_demo.py
[2026-09-12T03:09:28.737+0000] {processor.py:208} INFO - Processing /opt/airflow/dags/snowflake_connection_demo.py took 0.038 seconds
[2026-09-12T03:09:59.158+0000] {processor.py:186} INFO - Started process (PID=1177) to work on /opt/airflow/dags/snowflake_connection_demo.py
[2026-09-12T03:09:59.159+0000] {processor.py:914} INFO - Processing file /opt/airflow/dags/snowflake_connection_demo.py for tasks to queue
[2026-09-12T03:09:59.162+0000] {logging_mixin.py:190} INFO - [2026-09-12T03:09:59.161+0000] {dagbag.py:587} INFO - Filling up the DagBag from /opt/airflow/dags/snowflake_connection_demo.py
[2026-09-12T03:09:59.183+0000] {logging_mixin.py:190} INFO - [2026-09-12T03:09:59.181+0000] {dagbag.py:386} ERROR - Failed to import: /opt/airflow/dags/snowflake_connection_demo.py
Traceback (most recent call last):
  File "/home/airflow/.local/lib/python3.12/site-packages/airflow/models/dagbag.py", line 382, in parse
    loader.exec_module(new_module)
  File "<frozen importlib._bootstrap_external>", line 995, in exec_module
  File "<frozen importlib._bootstrap>", line 488, in _call_with_frames_removed
  File "/opt/airflow/dags/snowflake_connection_demo.py", line 67, in <module>
    url = Variable.get("country_capital_url")
          ^^^^^^^^^^^^^^^^^^^^^^^^^^^^^^^^^^^
  File "/home/airflow/.local/lib/python3.12/site-packages/airflow/models/variable.py", line 145, in get
    raise KeyError(f"Variable {key} does not exist")
KeyError: 'Variable country_capital_url does not exist'
[2026-09-12T03:09:59.183+0000] {processor.py:927} WARNING - No viable dags retrieved from /opt/airflow/dags/snowflake_connection_demo.py
[2026-09-12T03:09:59.191+0000] {processor.py:208} INFO - Processing /opt/airflow/dags/snowflake_connection_demo.py took 0.040 seconds
[2026-09-12T03:10:29.512+0000] {processor.py:186} INFO - Started process (PID=1188) to work on /opt/airflow/dags/snowflake_connection_demo.py
[2026-09-12T03:10:29.513+0000] {processor.py:914} INFO - Processing file /opt/airflow/dags/snowflake_connection_demo.py for tasks to queue
[2026-09-12T03:10:29.516+0000] {logging_mixin.py:190} INFO - [2026-09-12T03:10:29.516+0000] {dagbag.py:587} INFO - Filling up the DagBag from /opt/airflow/dags/snowflake_connection_demo.py
[2026-09-12T03:10:29.533+0000] {logging_mixin.py:190} INFO - [2026-09-12T03:10:29.532+0000] {dagbag.py:386} ERROR - Failed to import: /opt/airflow/dags/snowflake_connection_demo.py
Traceback (most recent call last):
  File "/home/airflow/.local/lib/python3.12/site-packages/airflow/models/dagbag.py", line 382, in parse
    loader.exec_module(new_module)
  File "<frozen importlib._bootstrap_external>", line 995, in exec_module
  File "<frozen importlib._bootstrap>", line 488, in _call_with_frames_removed
  File "/opt/airflow/dags/snowflake_connection_demo.py", line 67, in <module>
    url = Variable.get("country_capital_url")
          ^^^^^^^^^^^^^^^^^^^^^^^^^^^^^^^^^^^
  File "/home/airflow/.local/lib/python3.12/site-packages/airflow/models/variable.py", line 145, in get
    raise KeyError(f"Variable {key} does not exist")
KeyError: 'Variable country_capital_url does not exist'
[2026-09-12T03:10:29.534+0000] {processor.py:927} WARNING - No viable dags retrieved from /opt/airflow/dags/snowflake_connection_demo.py
[2026-09-12T03:10:29.540+0000] {processor.py:208} INFO - Processing /opt/airflow/dags/snowflake_connection_demo.py took 0.035 seconds
[2026-09-12T03:10:59.963+0000] {processor.py:186} INFO - Started process (PID=1199) to work on /opt/airflow/dags/snowflake_connection_demo.py
[2026-09-12T03:10:59.966+0000] {processor.py:914} INFO - Processing file /opt/airflow/dags/snowflake_connection_demo.py for tasks to queue
[2026-09-12T03:10:59.971+0000] {logging_mixin.py:190} INFO - [2026-09-12T03:10:59.971+0000] {dagbag.py:587} INFO - Filling up the DagBag from /opt/airflow/dags/snowflake_connection_demo.py
[2026-09-12T03:10:59.993+0000] {logging_mixin.py:190} INFO - [2026-09-12T03:10:59.992+0000] {dagbag.py:386} ERROR - Failed to import: /opt/airflow/dags/snowflake_connection_demo.py
Traceback (most recent call last):
  File "/home/airflow/.local/lib/python3.12/site-packages/airflow/models/dagbag.py", line 382, in parse
    loader.exec_module(new_module)
  File "<frozen importlib._bootstrap_external>", line 995, in exec_module
  File "<frozen importlib._bootstrap>", line 488, in _call_with_frames_removed
  File "/opt/airflow/dags/snowflake_connection_demo.py", line 67, in <module>
    url = Variable.get("country_capital_url")
          ^^^^^^^^^^^^^^^^^^^^^^^^^^^^^^^^^^^
  File "/home/airflow/.local/lib/python3.12/site-packages/airflow/models/variable.py", line 145, in get
    raise KeyError(f"Variable {key} does not exist")
KeyError: 'Variable country_capital_url does not exist'
[2026-09-12T03:10:59.994+0000] {processor.py:927} WARNING - No viable dags retrieved from /opt/airflow/dags/snowflake_connection_demo.py
[2026-09-12T03:11:00.000+0000] {processor.py:208} INFO - Processing /opt/airflow/dags/snowflake_connection_demo.py took 0.048 seconds
[2026-09-12T03:11:30.374+0000] {processor.py:186} INFO - Started process (PID=1210) to work on /opt/airflow/dags/snowflake_connection_demo.py
[2026-09-12T03:11:30.376+0000] {processor.py:914} INFO - Processing file /opt/airflow/dags/snowflake_connection_demo.py for tasks to queue
[2026-09-12T03:11:30.379+0000] {logging_mixin.py:190} INFO - [2026-09-12T03:11:30.378+0000] {dagbag.py:587} INFO - Filling up the DagBag from /opt/airflow/dags/snowflake_connection_demo.py
[2026-09-12T03:11:30.396+0000] {logging_mixin.py:190} INFO - [2026-09-12T03:11:30.395+0000] {dagbag.py:386} ERROR - Failed to import: /opt/airflow/dags/snowflake_connection_demo.py
Traceback (most recent call last):
  File "/home/airflow/.local/lib/python3.12/site-packages/airflow/models/dagbag.py", line 382, in parse
    loader.exec_module(new_module)
  File "<frozen importlib._bootstrap_external>", line 995, in exec_module
  File "<frozen importlib._bootstrap>", line 488, in _call_with_frames_removed
  File "/opt/airflow/dags/snowflake_connection_demo.py", line 67, in <module>
    url = Variable.get("country_capital_url")
          ^^^^^^^^^^^^^^^^^^^^^^^^^^^^^^^^^^^
  File "/home/airflow/.local/lib/python3.12/site-packages/airflow/models/variable.py", line 145, in get
    raise KeyError(f"Variable {key} does not exist")
KeyError: 'Variable country_capital_url does not exist'
[2026-09-12T03:11:30.397+0000] {processor.py:927} WARNING - No viable dags retrieved from /opt/airflow/dags/snowflake_connection_demo.py
[2026-09-12T03:11:30.403+0000] {processor.py:208} INFO - Processing /opt/airflow/dags/snowflake_connection_demo.py took 0.035 seconds
[2026-09-12T03:12:00.805+0000] {processor.py:186} INFO - Started process (PID=1221) to work on /opt/airflow/dags/snowflake_connection_demo.py
[2026-09-12T03:12:00.806+0000] {processor.py:914} INFO - Processing file /opt/airflow/dags/snowflake_connection_demo.py for tasks to queue
[2026-09-12T03:12:00.813+0000] {logging_mixin.py:190} INFO - [2026-09-12T03:12:00.812+0000] {dagbag.py:587} INFO - Filling up the DagBag from /opt/airflow/dags/snowflake_connection_demo.py
[2026-09-12T03:12:00.858+0000] {logging_mixin.py:190} INFO - [2026-09-12T03:12:00.857+0000] {dagbag.py:386} ERROR - Failed to import: /opt/airflow/dags/snowflake_connection_demo.py
Traceback (most recent call last):
  File "/home/airflow/.local/lib/python3.12/site-packages/airflow/models/dagbag.py", line 382, in parse
    loader.exec_module(new_module)
  File "<frozen importlib._bootstrap_external>", line 995, in exec_module
  File "<frozen importlib._bootstrap>", line 488, in _call_with_frames_removed
  File "/opt/airflow/dags/snowflake_connection_demo.py", line 67, in <module>
    url = Variable.get("country_capital_url")
          ^^^^^^^^^^^^^^^^^^^^^^^^^^^^^^^^^^^
  File "/home/airflow/.local/lib/python3.12/site-packages/airflow/models/variable.py", line 145, in get
    raise KeyError(f"Variable {key} does not exist")
KeyError: 'Variable country_capital_url does not exist'
[2026-09-12T03:12:00.859+0000] {processor.py:927} WARNING - No viable dags retrieved from /opt/airflow/dags/snowflake_connection_demo.py
[2026-09-12T03:12:00.866+0000] {processor.py:208} INFO - Processing /opt/airflow/dags/snowflake_connection_demo.py took 0.077 seconds
[2026-09-12T03:12:31.144+0000] {processor.py:186} INFO - Started process (PID=1232) to work on /opt/airflow/dags/snowflake_connection_demo.py
[2026-09-12T03:12:31.145+0000] {processor.py:914} INFO - Processing file /opt/airflow/dags/snowflake_connection_demo.py for tasks to queue
[2026-09-12T03:12:31.148+0000] {logging_mixin.py:190} INFO - [2026-09-12T03:12:31.148+0000] {dagbag.py:587} INFO - Filling up the DagBag from /opt/airflow/dags/snowflake_connection_demo.py
[2026-09-12T03:12:31.165+0000] {logging_mixin.py:190} INFO - [2026-09-12T03:12:31.163+0000] {dagbag.py:386} ERROR - Failed to import: /opt/airflow/dags/snowflake_connection_demo.py
Traceback (most recent call last):
  File "/home/airflow/.local/lib/python3.12/site-packages/airflow/models/dagbag.py", line 382, in parse
    loader.exec_module(new_module)
  File "<frozen importlib._bootstrap_external>", line 995, in exec_module
  File "<frozen importlib._bootstrap>", line 488, in _call_with_frames_removed
  File "/opt/airflow/dags/snowflake_connection_demo.py", line 67, in <module>
    url = Variable.get("country_capital_url")
          ^^^^^^^^^^^^^^^^^^^^^^^^^^^^^^^^^^^
  File "/home/airflow/.local/lib/python3.12/site-packages/airflow/models/variable.py", line 145, in get
    raise KeyError(f"Variable {key} does not exist")
KeyError: 'Variable country_capital_url does not exist'
[2026-09-12T03:12:31.165+0000] {processor.py:927} WARNING - No viable dags retrieved from /opt/airflow/dags/snowflake_connection_demo.py
[2026-09-12T03:12:31.171+0000] {processor.py:208} INFO - Processing /opt/airflow/dags/snowflake_connection_demo.py took 0.033 seconds
[2026-09-12T03:13:01.542+0000] {processor.py:186} INFO - Started process (PID=1243) to work on /opt/airflow/dags/snowflake_connection_demo.py
[2026-09-12T03:13:01.545+0000] {processor.py:914} INFO - Processing file /opt/airflow/dags/snowflake_connection_demo.py for tasks to queue
[2026-09-12T03:13:01.548+0000] {logging_mixin.py:190} INFO - [2026-09-12T03:13:01.548+0000] {dagbag.py:587} INFO - Filling up the DagBag from /opt/airflow/dags/snowflake_connection_demo.py
[2026-09-12T03:13:01.570+0000] {logging_mixin.py:190} INFO - [2026-09-12T03:13:01.568+0000] {dagbag.py:386} ERROR - Failed to import: /opt/airflow/dags/snowflake_connection_demo.py
Traceback (most recent call last):
  File "/home/airflow/.local/lib/python3.12/site-packages/airflow/models/dagbag.py", line 382, in parse
    loader.exec_module(new_module)
  File "<frozen importlib._bootstrap_external>", line 995, in exec_module
  File "<frozen importlib._bootstrap>", line 488, in _call_with_frames_removed
  File "/opt/airflow/dags/snowflake_connection_demo.py", line 67, in <module>
    url = Variable.get("country_capital_url")
          ^^^^^^^^^^^^^^^^^^^^^^^^^^^^^^^^^^^
  File "/home/airflow/.local/lib/python3.12/site-packages/airflow/models/variable.py", line 145, in get
    raise KeyError(f"Variable {key} does not exist")
KeyError: 'Variable country_capital_url does not exist'
[2026-09-12T03:13:01.570+0000] {processor.py:927} WARNING - No viable dags retrieved from /opt/airflow/dags/snowflake_connection_demo.py
[2026-09-12T03:13:01.576+0000] {processor.py:208} INFO - Processing /opt/airflow/dags/snowflake_connection_demo.py took 0.042 seconds
[2026-09-12T03:13:31.927+0000] {processor.py:186} INFO - Started process (PID=1254) to work on /opt/airflow/dags/snowflake_connection_demo.py
[2026-09-12T03:13:31.929+0000] {processor.py:914} INFO - Processing file /opt/airflow/dags/snowflake_connection_demo.py for tasks to queue
[2026-09-12T03:13:31.932+0000] {logging_mixin.py:190} INFO - [2026-09-12T03:13:31.931+0000] {dagbag.py:587} INFO - Filling up the DagBag from /opt/airflow/dags/snowflake_connection_demo.py
[2026-09-12T03:13:31.946+0000] {logging_mixin.py:190} INFO - [2026-09-12T03:13:31.945+0000] {dagbag.py:386} ERROR - Failed to import: /opt/airflow/dags/snowflake_connection_demo.py
Traceback (most recent call last):
  File "/home/airflow/.local/lib/python3.12/site-packages/airflow/models/dagbag.py", line 382, in parse
    loader.exec_module(new_module)
  File "<frozen importlib._bootstrap_external>", line 995, in exec_module
  File "<frozen importlib._bootstrap>", line 488, in _call_with_frames_removed
  File "/opt/airflow/dags/snowflake_connection_demo.py", line 67, in <module>
    url = Variable.get("country_capital_url")
          ^^^^^^^^^^^^^^^^^^^^^^^^^^^^^^^^^^^
  File "/home/airflow/.local/lib/python3.12/site-packages/airflow/models/variable.py", line 145, in get
    raise KeyError(f"Variable {key} does not exist")
KeyError: 'Variable country_capital_url does not exist'
[2026-09-12T03:13:31.946+0000] {processor.py:927} WARNING - No viable dags retrieved from /opt/airflow/dags/snowflake_connection_demo.py
[2026-09-12T03:13:31.952+0000] {processor.py:208} INFO - Processing /opt/airflow/dags/snowflake_connection_demo.py took 0.030 seconds
[2026-09-12T03:14:02.306+0000] {processor.py:186} INFO - Started process (PID=1265) to work on /opt/airflow/dags/snowflake_connection_demo.py
[2026-09-12T03:14:02.308+0000] {processor.py:914} INFO - Processing file /opt/airflow/dags/snowflake_connection_demo.py for tasks to queue
[2026-09-12T03:14:02.310+0000] {logging_mixin.py:190} INFO - [2026-09-12T03:14:02.309+0000] {dagbag.py:587} INFO - Filling up the DagBag from /opt/airflow/dags/snowflake_connection_demo.py
[2026-09-12T03:14:02.327+0000] {logging_mixin.py:190} INFO - [2026-09-12T03:14:02.325+0000] {dagbag.py:386} ERROR - Failed to import: /opt/airflow/dags/snowflake_connection_demo.py
Traceback (most recent call last):
  File "/home/airflow/.local/lib/python3.12/site-packages/airflow/models/dagbag.py", line 382, in parse
    loader.exec_module(new_module)
  File "<frozen importlib._bootstrap_external>", line 995, in exec_module
  File "<frozen importlib._bootstrap>", line 488, in _call_with_frames_removed
  File "/opt/airflow/dags/snowflake_connection_demo.py", line 67, in <module>
    url = Variable.get("country_capital_url")
          ^^^^^^^^^^^^^^^^^^^^^^^^^^^^^^^^^^^
  File "/home/airflow/.local/lib/python3.12/site-packages/airflow/models/variable.py", line 145, in get
    raise KeyError(f"Variable {key} does not exist")
KeyError: 'Variable country_capital_url does not exist'
[2026-09-12T03:14:02.327+0000] {processor.py:927} WARNING - No viable dags retrieved from /opt/airflow/dags/snowflake_connection_demo.py
[2026-09-12T03:14:02.333+0000] {processor.py:208} INFO - Processing /opt/airflow/dags/snowflake_connection_demo.py took 0.033 seconds
[2026-09-12T03:14:32.693+0000] {processor.py:186} INFO - Started process (PID=1276) to work on /opt/airflow/dags/snowflake_connection_demo.py
[2026-09-12T03:14:32.694+0000] {processor.py:914} INFO - Processing file /opt/airflow/dags/snowflake_connection_demo.py for tasks to queue
[2026-09-12T03:14:32.699+0000] {logging_mixin.py:190} INFO - [2026-09-12T03:14:32.697+0000] {dagbag.py:587} INFO - Filling up the DagBag from /opt/airflow/dags/snowflake_connection_demo.py
[2026-09-12T03:14:32.730+0000] {logging_mixin.py:190} INFO - [2026-09-12T03:14:32.729+0000] {dagbag.py:386} ERROR - Failed to import: /opt/airflow/dags/snowflake_connection_demo.py
Traceback (most recent call last):
  File "/home/airflow/.local/lib/python3.12/site-packages/airflow/models/dagbag.py", line 382, in parse
    loader.exec_module(new_module)
  File "<frozen importlib._bootstrap_external>", line 995, in exec_module
  File "<frozen importlib._bootstrap>", line 488, in _call_with_frames_removed
  File "/opt/airflow/dags/snowflake_connection_demo.py", line 67, in <module>
    url = Variable.get("country_capital_url")
          ^^^^^^^^^^^^^^^^^^^^^^^^^^^^^^^^^^^
  File "/home/airflow/.local/lib/python3.12/site-packages/airflow/models/variable.py", line 145, in get
    raise KeyError(f"Variable {key} does not exist")
KeyError: 'Variable country_capital_url does not exist'
[2026-09-12T03:14:32.730+0000] {processor.py:927} WARNING - No viable dags retrieved from /opt/airflow/dags/snowflake_connection_demo.py
[2026-09-12T03:14:32.737+0000] {processor.py:208} INFO - Processing /opt/airflow/dags/snowflake_connection_demo.py took 0.051 seconds
[2026-09-12T03:15:03.142+0000] {processor.py:186} INFO - Started process (PID=1287) to work on /opt/airflow/dags/snowflake_connection_demo.py
[2026-09-12T03:15:03.144+0000] {processor.py:914} INFO - Processing file /opt/airflow/dags/snowflake_connection_demo.py for tasks to queue
[2026-09-12T03:15:03.147+0000] {logging_mixin.py:190} INFO - [2026-09-12T03:15:03.146+0000] {dagbag.py:587} INFO - Filling up the DagBag from /opt/airflow/dags/snowflake_connection_demo.py
[2026-09-12T03:15:03.165+0000] {logging_mixin.py:190} INFO - [2026-09-12T03:15:03.163+0000] {dagbag.py:386} ERROR - Failed to import: /opt/airflow/dags/snowflake_connection_demo.py
Traceback (most recent call last):
  File "/home/airflow/.local/lib/python3.12/site-packages/airflow/models/dagbag.py", line 382, in parse
    loader.exec_module(new_module)
  File "<frozen importlib._bootstrap_external>", line 995, in exec_module
  File "<frozen importlib._bootstrap>", line 488, in _call_with_frames_removed
  File "/opt/airflow/dags/snowflake_connection_demo.py", line 67, in <module>
    url = Variable.get("country_capital_url")
          ^^^^^^^^^^^^^^^^^^^^^^^^^^^^^^^^^^^
  File "/home/airflow/.local/lib/python3.12/site-packages/airflow/models/variable.py", line 145, in get
    raise KeyError(f"Variable {key} does not exist")
KeyError: 'Variable country_capital_url does not exist'
[2026-09-12T03:15:03.165+0000] {processor.py:927} WARNING - No viable dags retrieved from /opt/airflow/dags/snowflake_connection_demo.py
[2026-09-12T03:15:03.172+0000] {processor.py:208} INFO - Processing /opt/airflow/dags/snowflake_connection_demo.py took 0.036 seconds
[2026-09-12T03:15:33.559+0000] {processor.py:186} INFO - Started process (PID=1298) to work on /opt/airflow/dags/snowflake_connection_demo.py
[2026-09-12T03:15:33.561+0000] {processor.py:914} INFO - Processing file /opt/airflow/dags/snowflake_connection_demo.py for tasks to queue
[2026-09-12T03:15:33.564+0000] {logging_mixin.py:190} INFO - [2026-09-12T03:15:33.564+0000] {dagbag.py:587} INFO - Filling up the DagBag from /opt/airflow/dags/snowflake_connection_demo.py
[2026-09-12T03:15:33.587+0000] {logging_mixin.py:190} INFO - [2026-09-12T03:15:33.585+0000] {dagbag.py:386} ERROR - Failed to import: /opt/airflow/dags/snowflake_connection_demo.py
Traceback (most recent call last):
  File "/home/airflow/.local/lib/python3.12/site-packages/airflow/models/dagbag.py", line 382, in parse
    loader.exec_module(new_module)
  File "<frozen importlib._bootstrap_external>", line 995, in exec_module
  File "<frozen importlib._bootstrap>", line 488, in _call_with_frames_removed
  File "/opt/airflow/dags/snowflake_connection_demo.py", line 67, in <module>
    url = Variable.get("country_capital_url")
          ^^^^^^^^^^^^^^^^^^^^^^^^^^^^^^^^^^^
  File "/home/airflow/.local/lib/python3.12/site-packages/airflow/models/variable.py", line 145, in get
    raise KeyError(f"Variable {key} does not exist")
KeyError: 'Variable country_capital_url does not exist'
[2026-09-12T03:15:33.587+0000] {processor.py:927} WARNING - No viable dags retrieved from /opt/airflow/dags/snowflake_connection_demo.py
[2026-09-12T03:15:33.594+0000] {processor.py:208} INFO - Processing /opt/airflow/dags/snowflake_connection_demo.py took 0.042 seconds
[2026-09-12T03:16:03.969+0000] {processor.py:186} INFO - Started process (PID=1309) to work on /opt/airflow/dags/snowflake_connection_demo.py
[2026-09-12T03:16:03.971+0000] {processor.py:914} INFO - Processing file /opt/airflow/dags/snowflake_connection_demo.py for tasks to queue
[2026-09-12T03:16:03.973+0000] {logging_mixin.py:190} INFO - [2026-09-12T03:16:03.973+0000] {dagbag.py:587} INFO - Filling up the DagBag from /opt/airflow/dags/snowflake_connection_demo.py
[2026-09-12T03:16:03.990+0000] {logging_mixin.py:190} INFO - [2026-09-12T03:16:03.989+0000] {dagbag.py:386} ERROR - Failed to import: /opt/airflow/dags/snowflake_connection_demo.py
Traceback (most recent call last):
  File "/home/airflow/.local/lib/python3.12/site-packages/airflow/models/dagbag.py", line 382, in parse
    loader.exec_module(new_module)
  File "<frozen importlib._bootstrap_external>", line 995, in exec_module
  File "<frozen importlib._bootstrap>", line 488, in _call_with_frames_removed
  File "/opt/airflow/dags/snowflake_connection_demo.py", line 67, in <module>
    url = Variable.get("country_capital_url")
          ^^^^^^^^^^^^^^^^^^^^^^^^^^^^^^^^^^^
  File "/home/airflow/.local/lib/python3.12/site-packages/airflow/models/variable.py", line 145, in get
    raise KeyError(f"Variable {key} does not exist")
KeyError: 'Variable country_capital_url does not exist'
[2026-09-12T03:16:03.991+0000] {processor.py:927} WARNING - No viable dags retrieved from /opt/airflow/dags/snowflake_connection_demo.py
[2026-09-12T03:16:03.997+0000] {processor.py:208} INFO - Processing /opt/airflow/dags/snowflake_connection_demo.py took 0.034 seconds
[2026-09-12T03:16:34.319+0000] {processor.py:186} INFO - Started process (PID=1320) to work on /opt/airflow/dags/snowflake_connection_demo.py
[2026-09-12T03:16:34.321+0000] {processor.py:914} INFO - Processing file /opt/airflow/dags/snowflake_connection_demo.py for tasks to queue
[2026-09-12T03:16:34.323+0000] {logging_mixin.py:190} INFO - [2026-09-12T03:16:34.323+0000] {dagbag.py:587} INFO - Filling up the DagBag from /opt/airflow/dags/snowflake_connection_demo.py
[2026-09-12T03:16:34.338+0000] {logging_mixin.py:190} INFO - [2026-09-12T03:16:34.337+0000] {dagbag.py:386} ERROR - Failed to import: /opt/airflow/dags/snowflake_connection_demo.py
Traceback (most recent call last):
  File "/home/airflow/.local/lib/python3.12/site-packages/airflow/models/dagbag.py", line 382, in parse
    loader.exec_module(new_module)
  File "<frozen importlib._bootstrap_external>", line 995, in exec_module
  File "<frozen importlib._bootstrap>", line 488, in _call_with_frames_removed
  File "/opt/airflow/dags/snowflake_connection_demo.py", line 67, in <module>
    url = Variable.get("country_capital_url")
          ^^^^^^^^^^^^^^^^^^^^^^^^^^^^^^^^^^^
  File "/home/airflow/.local/lib/python3.12/site-packages/airflow/models/variable.py", line 145, in get
    raise KeyError(f"Variable {key} does not exist")
KeyError: 'Variable country_capital_url does not exist'
[2026-09-12T03:16:34.339+0000] {processor.py:927} WARNING - No viable dags retrieved from /opt/airflow/dags/snowflake_connection_demo.py
[2026-09-12T03:16:34.344+0000] {processor.py:208} INFO - Processing /opt/airflow/dags/snowflake_connection_demo.py took 0.031 seconds
[2026-09-12T03:17:04.748+0000] {processor.py:186} INFO - Started process (PID=1331) to work on /opt/airflow/dags/snowflake_connection_demo.py
[2026-09-12T03:17:04.751+0000] {processor.py:914} INFO - Processing file /opt/airflow/dags/snowflake_connection_demo.py for tasks to queue
[2026-09-12T03:17:04.754+0000] {logging_mixin.py:190} INFO - [2026-09-12T03:17:04.754+0000] {dagbag.py:587} INFO - Filling up the DagBag from /opt/airflow/dags/snowflake_connection_demo.py
[2026-09-12T03:17:04.776+0000] {logging_mixin.py:190} INFO - [2026-09-12T03:17:04.773+0000] {dagbag.py:386} ERROR - Failed to import: /opt/airflow/dags/snowflake_connection_demo.py
Traceback (most recent call last):
  File "/home/airflow/.local/lib/python3.12/site-packages/airflow/models/dagbag.py", line 382, in parse
    loader.exec_module(new_module)
  File "<frozen importlib._bootstrap_external>", line 995, in exec_module
  File "<frozen importlib._bootstrap>", line 488, in _call_with_frames_removed
  File "/opt/airflow/dags/snowflake_connection_demo.py", line 67, in <module>
    url = Variable.get("country_capital_url")
          ^^^^^^^^^^^^^^^^^^^^^^^^^^^^^^^^^^^
  File "/home/airflow/.local/lib/python3.12/site-packages/airflow/models/variable.py", line 145, in get
    raise KeyError(f"Variable {key} does not exist")
KeyError: 'Variable country_capital_url does not exist'
[2026-09-12T03:17:04.776+0000] {processor.py:927} WARNING - No viable dags retrieved from /opt/airflow/dags/snowflake_connection_demo.py
[2026-09-12T03:17:04.782+0000] {processor.py:208} INFO - Processing /opt/airflow/dags/snowflake_connection_demo.py took 0.041 seconds
[2026-09-12T03:17:35.169+0000] {processor.py:186} INFO - Started process (PID=1342) to work on /opt/airflow/dags/snowflake_connection_demo.py
[2026-09-12T03:17:35.171+0000] {processor.py:914} INFO - Processing file /opt/airflow/dags/snowflake_connection_demo.py for tasks to queue
[2026-09-12T03:17:35.174+0000] {logging_mixin.py:190} INFO - [2026-09-12T03:17:35.173+0000] {dagbag.py:587} INFO - Filling up the DagBag from /opt/airflow/dags/snowflake_connection_demo.py
[2026-09-12T03:17:35.190+0000] {logging_mixin.py:190} INFO - [2026-09-12T03:17:35.189+0000] {dagbag.py:386} ERROR - Failed to import: /opt/airflow/dags/snowflake_connection_demo.py
Traceback (most recent call last):
  File "/home/airflow/.local/lib/python3.12/site-packages/airflow/models/dagbag.py", line 382, in parse
    loader.exec_module(new_module)
  File "<frozen importlib._bootstrap_external>", line 995, in exec_module
  File "<frozen importlib._bootstrap>", line 488, in _call_with_frames_removed
  File "/opt/airflow/dags/snowflake_connection_demo.py", line 67, in <module>
    url = Variable.get("country_capital_url")
          ^^^^^^^^^^^^^^^^^^^^^^^^^^^^^^^^^^^
  File "/home/airflow/.local/lib/python3.12/site-packages/airflow/models/variable.py", line 145, in get
    raise KeyError(f"Variable {key} does not exist")
KeyError: 'Variable country_capital_url does not exist'
[2026-09-12T03:17:35.191+0000] {processor.py:927} WARNING - No viable dags retrieved from /opt/airflow/dags/snowflake_connection_demo.py
[2026-09-12T03:17:35.197+0000] {processor.py:208} INFO - Processing /opt/airflow/dags/snowflake_connection_demo.py took 0.034 seconds
[2026-09-12T03:18:05.610+0000] {processor.py:186} INFO - Started process (PID=1353) to work on /opt/airflow/dags/snowflake_connection_demo.py
[2026-09-12T03:18:05.613+0000] {processor.py:914} INFO - Processing file /opt/airflow/dags/snowflake_connection_demo.py for tasks to queue
[2026-09-12T03:18:05.616+0000] {logging_mixin.py:190} INFO - [2026-09-12T03:18:05.616+0000] {dagbag.py:587} INFO - Filling up the DagBag from /opt/airflow/dags/snowflake_connection_demo.py
[2026-09-12T03:18:05.639+0000] {logging_mixin.py:190} INFO - [2026-09-12T03:18:05.638+0000] {dagbag.py:386} ERROR - Failed to import: /opt/airflow/dags/snowflake_connection_demo.py
Traceback (most recent call last):
  File "/home/airflow/.local/lib/python3.12/site-packages/airflow/models/dagbag.py", line 382, in parse
    loader.exec_module(new_module)
  File "<frozen importlib._bootstrap_external>", line 995, in exec_module
  File "<frozen importlib._bootstrap>", line 488, in _call_with_frames_removed
  File "/opt/airflow/dags/snowflake_connection_demo.py", line 67, in <module>
    url = Variable.get("country_capital_url")
          ^^^^^^^^^^^^^^^^^^^^^^^^^^^^^^^^^^^
  File "/home/airflow/.local/lib/python3.12/site-packages/airflow/models/variable.py", line 145, in get
    raise KeyError(f"Variable {key} does not exist")
KeyError: 'Variable country_capital_url does not exist'
[2026-09-12T03:18:05.639+0000] {processor.py:927} WARNING - No viable dags retrieved from /opt/airflow/dags/snowflake_connection_demo.py
[2026-09-12T03:18:05.646+0000] {processor.py:208} INFO - Processing /opt/airflow/dags/snowflake_connection_demo.py took 0.044 seconds
[2026-09-12T03:18:35.960+0000] {processor.py:186} INFO - Started process (PID=1364) to work on /opt/airflow/dags/snowflake_connection_demo.py
[2026-09-12T03:18:35.962+0000] {processor.py:914} INFO - Processing file /opt/airflow/dags/snowflake_connection_demo.py for tasks to queue
[2026-09-12T03:18:35.964+0000] {logging_mixin.py:190} INFO - [2026-09-12T03:18:35.963+0000] {dagbag.py:587} INFO - Filling up the DagBag from /opt/airflow/dags/snowflake_connection_demo.py
[2026-09-12T03:18:35.978+0000] {logging_mixin.py:190} INFO - [2026-09-12T03:18:35.977+0000] {dagbag.py:386} ERROR - Failed to import: /opt/airflow/dags/snowflake_connection_demo.py
Traceback (most recent call last):
  File "/home/airflow/.local/lib/python3.12/site-packages/airflow/models/dagbag.py", line 382, in parse
    loader.exec_module(new_module)
  File "<frozen importlib._bootstrap_external>", line 995, in exec_module
  File "<frozen importlib._bootstrap>", line 488, in _call_with_frames_removed
  File "/opt/airflow/dags/snowflake_connection_demo.py", line 67, in <module>
    url = Variable.get("country_capital_url")
          ^^^^^^^^^^^^^^^^^^^^^^^^^^^^^^^^^^^
  File "/home/airflow/.local/lib/python3.12/site-packages/airflow/models/variable.py", line 145, in get
    raise KeyError(f"Variable {key} does not exist")
KeyError: 'Variable country_capital_url does not exist'
[2026-09-12T03:18:35.978+0000] {processor.py:927} WARNING - No viable dags retrieved from /opt/airflow/dags/snowflake_connection_demo.py
[2026-09-12T03:18:35.984+0000] {processor.py:208} INFO - Processing /opt/airflow/dags/snowflake_connection_demo.py took 0.030 seconds
[2026-09-12T03:19:06.365+0000] {processor.py:186} INFO - Started process (PID=1375) to work on /opt/airflow/dags/snowflake_connection_demo.py
[2026-09-12T03:19:06.368+0000] {processor.py:914} INFO - Processing file /opt/airflow/dags/snowflake_connection_demo.py for tasks to queue
[2026-09-12T03:19:06.371+0000] {logging_mixin.py:190} INFO - [2026-09-12T03:19:06.370+0000] {dagbag.py:587} INFO - Filling up the DagBag from /opt/airflow/dags/snowflake_connection_demo.py
[2026-09-12T03:19:06.389+0000] {logging_mixin.py:190} INFO - [2026-09-12T03:19:06.388+0000] {dagbag.py:386} ERROR - Failed to import: /opt/airflow/dags/snowflake_connection_demo.py
Traceback (most recent call last):
  File "/home/airflow/.local/lib/python3.12/site-packages/airflow/models/dagbag.py", line 382, in parse
    loader.exec_module(new_module)
  File "<frozen importlib._bootstrap_external>", line 995, in exec_module
  File "<frozen importlib._bootstrap>", line 488, in _call_with_frames_removed
  File "/opt/airflow/dags/snowflake_connection_demo.py", line 67, in <module>
    url = Variable.get("country_capital_url")
          ^^^^^^^^^^^^^^^^^^^^^^^^^^^^^^^^^^^
  File "/home/airflow/.local/lib/python3.12/site-packages/airflow/models/variable.py", line 145, in get
    raise KeyError(f"Variable {key} does not exist")
KeyError: 'Variable country_capital_url does not exist'
[2026-09-12T03:19:06.390+0000] {processor.py:927} WARNING - No viable dags retrieved from /opt/airflow/dags/snowflake_connection_demo.py
[2026-09-12T03:19:06.396+0000] {processor.py:208} INFO - Processing /opt/airflow/dags/snowflake_connection_demo.py took 0.038 seconds
[2026-09-12T03:19:36.793+0000] {processor.py:186} INFO - Started process (PID=1386) to work on /opt/airflow/dags/snowflake_connection_demo.py
[2026-09-12T03:19:36.795+0000] {processor.py:914} INFO - Processing file /opt/airflow/dags/snowflake_connection_demo.py for tasks to queue
[2026-09-12T03:19:36.797+0000] {logging_mixin.py:190} INFO - [2026-09-12T03:19:36.797+0000] {dagbag.py:587} INFO - Filling up the DagBag from /opt/airflow/dags/snowflake_connection_demo.py
[2026-09-12T03:19:36.812+0000] {logging_mixin.py:190} INFO - [2026-09-12T03:19:36.810+0000] {dagbag.py:386} ERROR - Failed to import: /opt/airflow/dags/snowflake_connection_demo.py
Traceback (most recent call last):
  File "/home/airflow/.local/lib/python3.12/site-packages/airflow/models/dagbag.py", line 382, in parse
    loader.exec_module(new_module)
  File "<frozen importlib._bootstrap_external>", line 995, in exec_module
  File "<frozen importlib._bootstrap>", line 488, in _call_with_frames_removed
  File "/opt/airflow/dags/snowflake_connection_demo.py", line 67, in <module>
    url = Variable.get("country_capital_url")
          ^^^^^^^^^^^^^^^^^^^^^^^^^^^^^^^^^^^
  File "/home/airflow/.local/lib/python3.12/site-packages/airflow/models/variable.py", line 145, in get
    raise KeyError(f"Variable {key} does not exist")
KeyError: 'Variable country_capital_url does not exist'
[2026-09-12T03:19:36.812+0000] {processor.py:927} WARNING - No viable dags retrieved from /opt/airflow/dags/snowflake_connection_demo.py
[2026-09-12T03:19:36.818+0000] {processor.py:208} INFO - Processing /opt/airflow/dags/snowflake_connection_demo.py took 0.032 seconds
[2026-09-12T03:20:07.210+0000] {processor.py:186} INFO - Started process (PID=1397) to work on /opt/airflow/dags/snowflake_connection_demo.py
[2026-09-12T03:20:07.213+0000] {processor.py:914} INFO - Processing file /opt/airflow/dags/snowflake_connection_demo.py for tasks to queue
[2026-09-12T03:20:07.217+0000] {logging_mixin.py:190} INFO - [2026-09-12T03:20:07.216+0000] {dagbag.py:587} INFO - Filling up the DagBag from /opt/airflow/dags/snowflake_connection_demo.py
[2026-09-12T03:20:07.237+0000] {logging_mixin.py:190} INFO - [2026-09-12T03:20:07.235+0000] {dagbag.py:386} ERROR - Failed to import: /opt/airflow/dags/snowflake_connection_demo.py
Traceback (most recent call last):
  File "/home/airflow/.local/lib/python3.12/site-packages/airflow/models/dagbag.py", line 382, in parse
    loader.exec_module(new_module)
  File "<frozen importlib._bootstrap_external>", line 995, in exec_module
  File "<frozen importlib._bootstrap>", line 488, in _call_with_frames_removed
  File "/opt/airflow/dags/snowflake_connection_demo.py", line 67, in <module>
    url = Variable.get("country_capital_url")
          ^^^^^^^^^^^^^^^^^^^^^^^^^^^^^^^^^^^
  File "/home/airflow/.local/lib/python3.12/site-packages/airflow/models/variable.py", line 145, in get
    raise KeyError(f"Variable {key} does not exist")
KeyError: 'Variable country_capital_url does not exist'
[2026-09-12T03:20:07.237+0000] {processor.py:927} WARNING - No viable dags retrieved from /opt/airflow/dags/snowflake_connection_demo.py
[2026-09-12T03:20:07.244+0000] {processor.py:208} INFO - Processing /opt/airflow/dags/snowflake_connection_demo.py took 0.040 seconds
[2026-09-12T03:20:37.632+0000] {processor.py:186} INFO - Started process (PID=1408) to work on /opt/airflow/dags/snowflake_connection_demo.py
[2026-09-12T03:20:37.634+0000] {processor.py:914} INFO - Processing file /opt/airflow/dags/snowflake_connection_demo.py for tasks to queue
[2026-09-12T03:20:37.636+0000] {logging_mixin.py:190} INFO - [2026-09-12T03:20:37.636+0000] {dagbag.py:587} INFO - Filling up the DagBag from /opt/airflow/dags/snowflake_connection_demo.py
[2026-09-12T03:20:37.650+0000] {logging_mixin.py:190} INFO - [2026-09-12T03:20:37.649+0000] {dagbag.py:386} ERROR - Failed to import: /opt/airflow/dags/snowflake_connection_demo.py
Traceback (most recent call last):
  File "/home/airflow/.local/lib/python3.12/site-packages/airflow/models/dagbag.py", line 382, in parse
    loader.exec_module(new_module)
  File "<frozen importlib._bootstrap_external>", line 995, in exec_module
  File "<frozen importlib._bootstrap>", line 488, in _call_with_frames_removed
  File "/opt/airflow/dags/snowflake_connection_demo.py", line 67, in <module>
    url = Variable.get("country_capital_url")
          ^^^^^^^^^^^^^^^^^^^^^^^^^^^^^^^^^^^
  File "/home/airflow/.local/lib/python3.12/site-packages/airflow/models/variable.py", line 145, in get
    raise KeyError(f"Variable {key} does not exist")
KeyError: 'Variable country_capital_url does not exist'
[2026-09-12T03:20:37.651+0000] {processor.py:927} WARNING - No viable dags retrieved from /opt/airflow/dags/snowflake_connection_demo.py
[2026-09-12T03:20:37.656+0000] {processor.py:208} INFO - Processing /opt/airflow/dags/snowflake_connection_demo.py took 0.029 seconds
[2026-09-12T03:21:08.100+0000] {processor.py:186} INFO - Started process (PID=1419) to work on /opt/airflow/dags/snowflake_connection_demo.py
[2026-09-12T03:21:08.104+0000] {processor.py:914} INFO - Processing file /opt/airflow/dags/snowflake_connection_demo.py for tasks to queue
[2026-09-12T03:21:08.111+0000] {logging_mixin.py:190} INFO - [2026-09-12T03:21:08.110+0000] {dagbag.py:587} INFO - Filling up the DagBag from /opt/airflow/dags/snowflake_connection_demo.py
[2026-09-12T03:21:08.135+0000] {logging_mixin.py:190} INFO - [2026-09-12T03:21:08.133+0000] {dagbag.py:386} ERROR - Failed to import: /opt/airflow/dags/snowflake_connection_demo.py
Traceback (most recent call last):
  File "/home/airflow/.local/lib/python3.12/site-packages/airflow/models/dagbag.py", line 382, in parse
    loader.exec_module(new_module)
  File "<frozen importlib._bootstrap_external>", line 995, in exec_module
  File "<frozen importlib._bootstrap>", line 488, in _call_with_frames_removed
  File "/opt/airflow/dags/snowflake_connection_demo.py", line 67, in <module>
    url = Variable.get("country_capital_url")
          ^^^^^^^^^^^^^^^^^^^^^^^^^^^^^^^^^^^
  File "/home/airflow/.local/lib/python3.12/site-packages/airflow/models/variable.py", line 145, in get
    raise KeyError(f"Variable {key} does not exist")
KeyError: 'Variable country_capital_url does not exist'
[2026-09-12T03:21:08.135+0000] {processor.py:927} WARNING - No viable dags retrieved from /opt/airflow/dags/snowflake_connection_demo.py
[2026-09-12T03:21:08.142+0000] {processor.py:208} INFO - Processing /opt/airflow/dags/snowflake_connection_demo.py took 0.051 seconds
[2026-09-12T03:21:38.520+0000] {processor.py:186} INFO - Started process (PID=1430) to work on /opt/airflow/dags/snowflake_connection_demo.py
[2026-09-12T03:21:38.522+0000] {processor.py:914} INFO - Processing file /opt/airflow/dags/snowflake_connection_demo.py for tasks to queue
[2026-09-12T03:21:38.524+0000] {logging_mixin.py:190} INFO - [2026-09-12T03:21:38.524+0000] {dagbag.py:587} INFO - Filling up the DagBag from /opt/airflow/dags/snowflake_connection_demo.py
[2026-09-12T03:21:38.541+0000] {logging_mixin.py:190} INFO - [2026-09-12T03:21:38.540+0000] {dagbag.py:386} ERROR - Failed to import: /opt/airflow/dags/snowflake_connection_demo.py
Traceback (most recent call last):
  File "/home/airflow/.local/lib/python3.12/site-packages/airflow/models/dagbag.py", line 382, in parse
    loader.exec_module(new_module)
  File "<frozen importlib._bootstrap_external>", line 995, in exec_module
  File "<frozen importlib._bootstrap>", line 488, in _call_with_frames_removed
  File "/opt/airflow/dags/snowflake_connection_demo.py", line 67, in <module>
    url = Variable.get("country_capital_url")
          ^^^^^^^^^^^^^^^^^^^^^^^^^^^^^^^^^^^
  File "/home/airflow/.local/lib/python3.12/site-packages/airflow/models/variable.py", line 145, in get
    raise KeyError(f"Variable {key} does not exist")
KeyError: 'Variable country_capital_url does not exist'
[2026-09-12T03:21:38.541+0000] {processor.py:927} WARNING - No viable dags retrieved from /opt/airflow/dags/snowflake_connection_demo.py
[2026-09-12T03:21:38.547+0000] {processor.py:208} INFO - Processing /opt/airflow/dags/snowflake_connection_demo.py took 0.033 seconds
[2026-09-12T03:22:08.930+0000] {processor.py:186} INFO - Started process (PID=1441) to work on /opt/airflow/dags/snowflake_connection_demo.py
[2026-09-12T03:22:08.933+0000] {processor.py:914} INFO - Processing file /opt/airflow/dags/snowflake_connection_demo.py for tasks to queue
[2026-09-12T03:22:08.936+0000] {logging_mixin.py:190} INFO - [2026-09-12T03:22:08.936+0000] {dagbag.py:587} INFO - Filling up the DagBag from /opt/airflow/dags/snowflake_connection_demo.py
[2026-09-12T03:22:08.958+0000] {logging_mixin.py:190} INFO - [2026-09-12T03:22:08.956+0000] {dagbag.py:386} ERROR - Failed to import: /opt/airflow/dags/snowflake_connection_demo.py
Traceback (most recent call last):
  File "/home/airflow/.local/lib/python3.12/site-packages/airflow/models/dagbag.py", line 382, in parse
    loader.exec_module(new_module)
  File "<frozen importlib._bootstrap_external>", line 995, in exec_module
  File "<frozen importlib._bootstrap>", line 488, in _call_with_frames_removed
  File "/opt/airflow/dags/snowflake_connection_demo.py", line 67, in <module>
    url = Variable.get("country_capital_url")
          ^^^^^^^^^^^^^^^^^^^^^^^^^^^^^^^^^^^
  File "/home/airflow/.local/lib/python3.12/site-packages/airflow/models/variable.py", line 145, in get
    raise KeyError(f"Variable {key} does not exist")
KeyError: 'Variable country_capital_url does not exist'
[2026-09-12T03:22:08.958+0000] {processor.py:927} WARNING - No viable dags retrieved from /opt/airflow/dags/snowflake_connection_demo.py
[2026-09-12T03:22:08.965+0000] {processor.py:208} INFO - Processing /opt/airflow/dags/snowflake_connection_demo.py took 0.044 seconds
[2026-09-12T03:22:39.359+0000] {processor.py:186} INFO - Started process (PID=1452) to work on /opt/airflow/dags/snowflake_connection_demo.py
[2026-09-12T03:22:39.361+0000] {processor.py:914} INFO - Processing file /opt/airflow/dags/snowflake_connection_demo.py for tasks to queue
[2026-09-12T03:22:39.364+0000] {logging_mixin.py:190} INFO - [2026-09-12T03:22:39.363+0000] {dagbag.py:587} INFO - Filling up the DagBag from /opt/airflow/dags/snowflake_connection_demo.py
[2026-09-12T03:22:39.379+0000] {logging_mixin.py:190} INFO - [2026-09-12T03:22:39.378+0000] {dagbag.py:386} ERROR - Failed to import: /opt/airflow/dags/snowflake_connection_demo.py
Traceback (most recent call last):
  File "/home/airflow/.local/lib/python3.12/site-packages/airflow/models/dagbag.py", line 382, in parse
    loader.exec_module(new_module)
  File "<frozen importlib._bootstrap_external>", line 995, in exec_module
  File "<frozen importlib._bootstrap>", line 488, in _call_with_frames_removed
  File "/opt/airflow/dags/snowflake_connection_demo.py", line 67, in <module>
    url = Variable.get("country_capital_url")
          ^^^^^^^^^^^^^^^^^^^^^^^^^^^^^^^^^^^
  File "/home/airflow/.local/lib/python3.12/site-packages/airflow/models/variable.py", line 145, in get
    raise KeyError(f"Variable {key} does not exist")
KeyError: 'Variable country_capital_url does not exist'
[2026-09-12T03:22:39.380+0000] {processor.py:927} WARNING - No viable dags retrieved from /opt/airflow/dags/snowflake_connection_demo.py
[2026-09-12T03:22:39.386+0000] {processor.py:208} INFO - Processing /opt/airflow/dags/snowflake_connection_demo.py took 0.032 seconds
[2026-09-12T03:23:09.788+0000] {processor.py:186} INFO - Started process (PID=1463) to work on /opt/airflow/dags/snowflake_connection_demo.py
[2026-09-12T03:23:09.790+0000] {processor.py:914} INFO - Processing file /opt/airflow/dags/snowflake_connection_demo.py for tasks to queue
[2026-09-12T03:23:09.792+0000] {logging_mixin.py:190} INFO - [2026-09-12T03:23:09.792+0000] {dagbag.py:587} INFO - Filling up the DagBag from /opt/airflow/dags/snowflake_connection_demo.py
[2026-09-12T03:23:09.808+0000] {logging_mixin.py:190} INFO - [2026-09-12T03:23:09.807+0000] {dagbag.py:386} ERROR - Failed to import: /opt/airflow/dags/snowflake_connection_demo.py
Traceback (most recent call last):
  File "/home/airflow/.local/lib/python3.12/site-packages/airflow/models/dagbag.py", line 382, in parse
    loader.exec_module(new_module)
  File "<frozen importlib._bootstrap_external>", line 995, in exec_module
  File "<frozen importlib._bootstrap>", line 488, in _call_with_frames_removed
  File "/opt/airflow/dags/snowflake_connection_demo.py", line 67, in <module>
    url = Variable.get("country_capital_url")
          ^^^^^^^^^^^^^^^^^^^^^^^^^^^^^^^^^^^
  File "/home/airflow/.local/lib/python3.12/site-packages/airflow/models/variable.py", line 145, in get
    raise KeyError(f"Variable {key} does not exist")
KeyError: 'Variable country_capital_url does not exist'
[2026-09-12T03:23:09.808+0000] {processor.py:927} WARNING - No viable dags retrieved from /opt/airflow/dags/snowflake_connection_demo.py
[2026-09-12T03:23:09.814+0000] {processor.py:208} INFO - Processing /opt/airflow/dags/snowflake_connection_demo.py took 0.033 seconds
[2026-09-12T03:23:40.175+0000] {processor.py:186} INFO - Started process (PID=1474) to work on /opt/airflow/dags/snowflake_connection_demo.py
[2026-09-12T03:23:40.177+0000] {processor.py:914} INFO - Processing file /opt/airflow/dags/snowflake_connection_demo.py for tasks to queue
[2026-09-12T03:23:40.179+0000] {logging_mixin.py:190} INFO - [2026-09-12T03:23:40.178+0000] {dagbag.py:587} INFO - Filling up the DagBag from /opt/airflow/dags/snowflake_connection_demo.py
[2026-09-12T03:23:40.193+0000] {logging_mixin.py:190} INFO - [2026-09-12T03:23:40.192+0000] {dagbag.py:386} ERROR - Failed to import: /opt/airflow/dags/snowflake_connection_demo.py
Traceback (most recent call last):
  File "/home/airflow/.local/lib/python3.12/site-packages/airflow/models/dagbag.py", line 382, in parse
    loader.exec_module(new_module)
  File "<frozen importlib._bootstrap_external>", line 995, in exec_module
  File "<frozen importlib._bootstrap>", line 488, in _call_with_frames_removed
  File "/opt/airflow/dags/snowflake_connection_demo.py", line 67, in <module>
    url = Variable.get("country_capital_url")
          ^^^^^^^^^^^^^^^^^^^^^^^^^^^^^^^^^^^
  File "/home/airflow/.local/lib/python3.12/site-packages/airflow/models/variable.py", line 145, in get
    raise KeyError(f"Variable {key} does not exist")
KeyError: 'Variable country_capital_url does not exist'
[2026-09-12T03:23:40.193+0000] {processor.py:927} WARNING - No viable dags retrieved from /opt/airflow/dags/snowflake_connection_demo.py
[2026-09-12T03:23:40.198+0000] {processor.py:208} INFO - Processing /opt/airflow/dags/snowflake_connection_demo.py took 0.029 seconds
[2026-09-12T03:24:10.583+0000] {processor.py:186} INFO - Started process (PID=1485) to work on /opt/airflow/dags/snowflake_connection_demo.py
[2026-09-12T03:24:10.584+0000] {processor.py:914} INFO - Processing file /opt/airflow/dags/snowflake_connection_demo.py for tasks to queue
[2026-09-12T03:24:10.588+0000] {logging_mixin.py:190} INFO - [2026-09-12T03:24:10.587+0000] {dagbag.py:587} INFO - Filling up the DagBag from /opt/airflow/dags/snowflake_connection_demo.py
[2026-09-12T03:24:10.614+0000] {logging_mixin.py:190} INFO - [2026-09-12T03:24:10.613+0000] {dagbag.py:386} ERROR - Failed to import: /opt/airflow/dags/snowflake_connection_demo.py
Traceback (most recent call last):
  File "/home/airflow/.local/lib/python3.12/site-packages/airflow/models/dagbag.py", line 382, in parse
    loader.exec_module(new_module)
  File "<frozen importlib._bootstrap_external>", line 995, in exec_module
  File "<frozen importlib._bootstrap>", line 488, in _call_with_frames_removed
  File "/opt/airflow/dags/snowflake_connection_demo.py", line 67, in <module>
    url = Variable.get("country_capital_url")
          ^^^^^^^^^^^^^^^^^^^^^^^^^^^^^^^^^^^
  File "/home/airflow/.local/lib/python3.12/site-packages/airflow/models/variable.py", line 145, in get
    raise KeyError(f"Variable {key} does not exist")
KeyError: 'Variable country_capital_url does not exist'
[2026-09-12T03:24:10.617+0000] {processor.py:927} WARNING - No viable dags retrieved from /opt/airflow/dags/snowflake_connection_demo.py
[2026-09-12T03:24:10.625+0000] {processor.py:208} INFO - Processing /opt/airflow/dags/snowflake_connection_demo.py took 0.051 seconds
[2026-09-12T03:24:40.991+0000] {processor.py:186} INFO - Started process (PID=1496) to work on /opt/airflow/dags/snowflake_connection_demo.py
[2026-09-12T03:24:40.992+0000] {processor.py:914} INFO - Processing file /opt/airflow/dags/snowflake_connection_demo.py for tasks to queue
[2026-09-12T03:24:40.994+0000] {logging_mixin.py:190} INFO - [2026-09-12T03:24:40.994+0000] {dagbag.py:587} INFO - Filling up the DagBag from /opt/airflow/dags/snowflake_connection_demo.py
[2026-09-12T03:24:41.009+0000] {logging_mixin.py:190} INFO - [2026-09-12T03:24:41.008+0000] {dagbag.py:386} ERROR - Failed to import: /opt/airflow/dags/snowflake_connection_demo.py
Traceback (most recent call last):
  File "/home/airflow/.local/lib/python3.12/site-packages/airflow/models/dagbag.py", line 382, in parse
    loader.exec_module(new_module)
  File "<frozen importlib._bootstrap_external>", line 995, in exec_module
  File "<frozen importlib._bootstrap>", line 488, in _call_with_frames_removed
  File "/opt/airflow/dags/snowflake_connection_demo.py", line 67, in <module>
    url = Variable.get("country_capital_url")
          ^^^^^^^^^^^^^^^^^^^^^^^^^^^^^^^^^^^
  File "/home/airflow/.local/lib/python3.12/site-packages/airflow/models/variable.py", line 145, in get
    raise KeyError(f"Variable {key} does not exist")
KeyError: 'Variable country_capital_url does not exist'
[2026-09-12T03:24:41.009+0000] {processor.py:927} WARNING - No viable dags retrieved from /opt/airflow/dags/snowflake_connection_demo.py
[2026-09-12T03:24:41.014+0000] {processor.py:208} INFO - Processing /opt/airflow/dags/snowflake_connection_demo.py took 0.028 seconds
[2026-09-12T03:25:11.398+0000] {processor.py:186} INFO - Started process (PID=1507) to work on /opt/airflow/dags/snowflake_connection_demo.py
[2026-09-12T03:25:11.400+0000] {processor.py:914} INFO - Processing file /opt/airflow/dags/snowflake_connection_demo.py for tasks to queue
[2026-09-12T03:25:11.404+0000] {logging_mixin.py:190} INFO - [2026-09-12T03:25:11.404+0000] {dagbag.py:587} INFO - Filling up the DagBag from /opt/airflow/dags/snowflake_connection_demo.py
[2026-09-12T03:25:11.425+0000] {logging_mixin.py:190} INFO - [2026-09-12T03:25:11.423+0000] {dagbag.py:386} ERROR - Failed to import: /opt/airflow/dags/snowflake_connection_demo.py
Traceback (most recent call last):
  File "/home/airflow/.local/lib/python3.12/site-packages/airflow/models/dagbag.py", line 382, in parse
    loader.exec_module(new_module)
  File "<frozen importlib._bootstrap_external>", line 995, in exec_module
  File "<frozen importlib._bootstrap>", line 488, in _call_with_frames_removed
  File "/opt/airflow/dags/snowflake_connection_demo.py", line 67, in <module>
    url = Variable.get("country_capital_url")
          ^^^^^^^^^^^^^^^^^^^^^^^^^^^^^^^^^^^
  File "/home/airflow/.local/lib/python3.12/site-packages/airflow/models/variable.py", line 145, in get
    raise KeyError(f"Variable {key} does not exist")
KeyError: 'Variable country_capital_url does not exist'
[2026-09-12T03:25:11.425+0000] {processor.py:927} WARNING - No viable dags retrieved from /opt/airflow/dags/snowflake_connection_demo.py
[2026-09-12T03:25:11.431+0000] {processor.py:208} INFO - Processing /opt/airflow/dags/snowflake_connection_demo.py took 0.043 seconds
[2026-09-12T03:25:41.815+0000] {processor.py:186} INFO - Started process (PID=1518) to work on /opt/airflow/dags/snowflake_connection_demo.py
[2026-09-12T03:25:41.817+0000] {processor.py:914} INFO - Processing file /opt/airflow/dags/snowflake_connection_demo.py for tasks to queue
[2026-09-12T03:25:41.819+0000] {logging_mixin.py:190} INFO - [2026-09-12T03:25:41.819+0000] {dagbag.py:587} INFO - Filling up the DagBag from /opt/airflow/dags/snowflake_connection_demo.py
[2026-09-12T03:25:41.836+0000] {logging_mixin.py:190} INFO - [2026-09-12T03:25:41.835+0000] {dagbag.py:386} ERROR - Failed to import: /opt/airflow/dags/snowflake_connection_demo.py
Traceback (most recent call last):
  File "/home/airflow/.local/lib/python3.12/site-packages/airflow/models/dagbag.py", line 382, in parse
    loader.exec_module(new_module)
  File "<frozen importlib._bootstrap_external>", line 995, in exec_module
  File "<frozen importlib._bootstrap>", line 488, in _call_with_frames_removed
  File "/opt/airflow/dags/snowflake_connection_demo.py", line 67, in <module>
    url = Variable.get("country_capital_url")
          ^^^^^^^^^^^^^^^^^^^^^^^^^^^^^^^^^^^
  File "/home/airflow/.local/lib/python3.12/site-packages/airflow/models/variable.py", line 145, in get
    raise KeyError(f"Variable {key} does not exist")
KeyError: 'Variable country_capital_url does not exist'
[2026-09-12T03:25:41.837+0000] {processor.py:927} WARNING - No viable dags retrieved from /opt/airflow/dags/snowflake_connection_demo.py
[2026-09-12T03:25:41.842+0000] {processor.py:208} INFO - Processing /opt/airflow/dags/snowflake_connection_demo.py took 0.034 seconds
[2026-09-12T03:26:12.144+0000] {processor.py:186} INFO - Started process (PID=1529) to work on /opt/airflow/dags/snowflake_connection_demo.py
[2026-09-12T03:26:12.146+0000] {processor.py:914} INFO - Processing file /opt/airflow/dags/snowflake_connection_demo.py for tasks to queue
[2026-09-12T03:26:12.149+0000] {logging_mixin.py:190} INFO - [2026-09-12T03:26:12.149+0000] {dagbag.py:587} INFO - Filling up the DagBag from /opt/airflow/dags/snowflake_connection_demo.py
[2026-09-12T03:26:12.171+0000] {logging_mixin.py:190} INFO - [2026-09-12T03:26:12.169+0000] {dagbag.py:386} ERROR - Failed to import: /opt/airflow/dags/snowflake_connection_demo.py
Traceback (most recent call last):
  File "/home/airflow/.local/lib/python3.12/site-packages/airflow/models/dagbag.py", line 382, in parse
    loader.exec_module(new_module)
  File "<frozen importlib._bootstrap_external>", line 995, in exec_module
  File "<frozen importlib._bootstrap>", line 488, in _call_with_frames_removed
  File "/opt/airflow/dags/snowflake_connection_demo.py", line 67, in <module>
    url = Variable.get("country_capital_url")
          ^^^^^^^^^^^^^^^^^^^^^^^^^^^^^^^^^^^
  File "/home/airflow/.local/lib/python3.12/site-packages/airflow/models/variable.py", line 145, in get
    raise KeyError(f"Variable {key} does not exist")
KeyError: 'Variable country_capital_url does not exist'
[2026-09-12T03:26:12.171+0000] {processor.py:927} WARNING - No viable dags retrieved from /opt/airflow/dags/snowflake_connection_demo.py
[2026-09-12T03:26:12.178+0000] {processor.py:208} INFO - Processing /opt/airflow/dags/snowflake_connection_demo.py took 0.041 seconds
[2026-09-12T03:26:42.526+0000] {processor.py:186} INFO - Started process (PID=1540) to work on /opt/airflow/dags/snowflake_connection_demo.py
[2026-09-12T03:26:42.528+0000] {processor.py:914} INFO - Processing file /opt/airflow/dags/snowflake_connection_demo.py for tasks to queue
[2026-09-12T03:26:42.530+0000] {logging_mixin.py:190} INFO - [2026-09-12T03:26:42.529+0000] {dagbag.py:587} INFO - Filling up the DagBag from /opt/airflow/dags/snowflake_connection_demo.py
[2026-09-12T03:26:42.543+0000] {logging_mixin.py:190} INFO - [2026-09-12T03:26:42.542+0000] {dagbag.py:386} ERROR - Failed to import: /opt/airflow/dags/snowflake_connection_demo.py
Traceback (most recent call last):
  File "/home/airflow/.local/lib/python3.12/site-packages/airflow/models/dagbag.py", line 382, in parse
    loader.exec_module(new_module)
  File "<frozen importlib._bootstrap_external>", line 995, in exec_module
  File "<frozen importlib._bootstrap>", line 488, in _call_with_frames_removed
  File "/opt/airflow/dags/snowflake_connection_demo.py", line 67, in <module>
    url = Variable.get("country_capital_url")
          ^^^^^^^^^^^^^^^^^^^^^^^^^^^^^^^^^^^
  File "/home/airflow/.local/lib/python3.12/site-packages/airflow/models/variable.py", line 145, in get
    raise KeyError(f"Variable {key} does not exist")
KeyError: 'Variable country_capital_url does not exist'
[2026-09-12T03:26:42.543+0000] {processor.py:927} WARNING - No viable dags retrieved from /opt/airflow/dags/snowflake_connection_demo.py
[2026-09-12T03:26:42.549+0000] {processor.py:208} INFO - Processing /opt/airflow/dags/snowflake_connection_demo.py took 0.029 seconds
[2026-09-12T03:27:12.890+0000] {processor.py:186} INFO - Started process (PID=1551) to work on /opt/airflow/dags/snowflake_connection_demo.py
[2026-09-12T03:27:12.892+0000] {processor.py:914} INFO - Processing file /opt/airflow/dags/snowflake_connection_demo.py for tasks to queue
[2026-09-12T03:27:12.894+0000] {logging_mixin.py:190} INFO - [2026-09-12T03:27:12.894+0000] {dagbag.py:587} INFO - Filling up the DagBag from /opt/airflow/dags/snowflake_connection_demo.py
[2026-09-12T03:27:12.908+0000] {logging_mixin.py:190} INFO - [2026-09-12T03:27:12.906+0000] {dagbag.py:386} ERROR - Failed to import: /opt/airflow/dags/snowflake_connection_demo.py
Traceback (most recent call last):
  File "/home/airflow/.local/lib/python3.12/site-packages/airflow/models/dagbag.py", line 382, in parse
    loader.exec_module(new_module)
  File "<frozen importlib._bootstrap_external>", line 995, in exec_module
  File "<frozen importlib._bootstrap>", line 488, in _call_with_frames_removed
  File "/opt/airflow/dags/snowflake_connection_demo.py", line 67, in <module>
    url = Variable.get("country_capital_url")
          ^^^^^^^^^^^^^^^^^^^^^^^^^^^^^^^^^^^
  File "/home/airflow/.local/lib/python3.12/site-packages/airflow/models/variable.py", line 145, in get
    raise KeyError(f"Variable {key} does not exist")
KeyError: 'Variable country_capital_url does not exist'
[2026-09-12T03:27:12.908+0000] {processor.py:927} WARNING - No viable dags retrieved from /opt/airflow/dags/snowflake_connection_demo.py
[2026-09-12T03:27:12.913+0000] {processor.py:208} INFO - Processing /opt/airflow/dags/snowflake_connection_demo.py took 0.030 seconds
[2026-09-12T03:27:43.247+0000] {processor.py:186} INFO - Started process (PID=1562) to work on /opt/airflow/dags/snowflake_connection_demo.py
[2026-09-12T03:27:43.249+0000] {processor.py:914} INFO - Processing file /opt/airflow/dags/snowflake_connection_demo.py for tasks to queue
[2026-09-12T03:27:43.251+0000] {logging_mixin.py:190} INFO - [2026-09-12T03:27:43.251+0000] {dagbag.py:587} INFO - Filling up the DagBag from /opt/airflow/dags/snowflake_connection_demo.py
[2026-09-12T03:27:43.265+0000] {logging_mixin.py:190} INFO - [2026-09-12T03:27:43.264+0000] {dagbag.py:386} ERROR - Failed to import: /opt/airflow/dags/snowflake_connection_demo.py
Traceback (most recent call last):
  File "/home/airflow/.local/lib/python3.12/site-packages/airflow/models/dagbag.py", line 382, in parse
    loader.exec_module(new_module)
  File "<frozen importlib._bootstrap_external>", line 995, in exec_module
  File "<frozen importlib._bootstrap>", line 488, in _call_with_frames_removed
  File "/opt/airflow/dags/snowflake_connection_demo.py", line 67, in <module>
    url = Variable.get("country_capital_url")
          ^^^^^^^^^^^^^^^^^^^^^^^^^^^^^^^^^^^
  File "/home/airflow/.local/lib/python3.12/site-packages/airflow/models/variable.py", line 145, in get
    raise KeyError(f"Variable {key} does not exist")
KeyError: 'Variable country_capital_url does not exist'
[2026-09-12T03:27:43.265+0000] {processor.py:927} WARNING - No viable dags retrieved from /opt/airflow/dags/snowflake_connection_demo.py
[2026-09-12T03:27:43.271+0000] {processor.py:208} INFO - Processing /opt/airflow/dags/snowflake_connection_demo.py took 0.029 seconds
[2026-09-12T03:28:13.613+0000] {processor.py:186} INFO - Started process (PID=1574) to work on /opt/airflow/dags/snowflake_connection_demo.py
[2026-09-12T03:28:13.616+0000] {processor.py:914} INFO - Processing file /opt/airflow/dags/snowflake_connection_demo.py for tasks to queue
[2026-09-12T03:28:13.619+0000] {logging_mixin.py:190} INFO - [2026-09-12T03:28:13.619+0000] {dagbag.py:587} INFO - Filling up the DagBag from /opt/airflow/dags/snowflake_connection_demo.py
[2026-09-12T03:28:13.640+0000] {logging_mixin.py:190} INFO - [2026-09-12T03:28:13.638+0000] {dagbag.py:386} ERROR - Failed to import: /opt/airflow/dags/snowflake_connection_demo.py
Traceback (most recent call last):
  File "/home/airflow/.local/lib/python3.12/site-packages/airflow/models/dagbag.py", line 382, in parse
    loader.exec_module(new_module)
  File "<frozen importlib._bootstrap_external>", line 995, in exec_module
  File "<frozen importlib._bootstrap>", line 488, in _call_with_frames_removed
  File "/opt/airflow/dags/snowflake_connection_demo.py", line 67, in <module>
    url = Variable.get("country_capital_url")
          ^^^^^^^^^^^^^^^^^^^^^^^^^^^^^^^^^^^
  File "/home/airflow/.local/lib/python3.12/site-packages/airflow/models/variable.py", line 145, in get
    raise KeyError(f"Variable {key} does not exist")
KeyError: 'Variable country_capital_url does not exist'
[2026-09-12T03:28:13.640+0000] {processor.py:927} WARNING - No viable dags retrieved from /opt/airflow/dags/snowflake_connection_demo.py
[2026-09-12T03:28:13.646+0000] {processor.py:208} INFO - Processing /opt/airflow/dags/snowflake_connection_demo.py took 0.040 seconds
[2026-09-12T03:28:43.944+0000] {processor.py:186} INFO - Started process (PID=1585) to work on /opt/airflow/dags/snowflake_connection_demo.py
[2026-09-12T03:28:43.945+0000] {processor.py:914} INFO - Processing file /opt/airflow/dags/snowflake_connection_demo.py for tasks to queue
[2026-09-12T03:28:43.947+0000] {logging_mixin.py:190} INFO - [2026-09-12T03:28:43.946+0000] {dagbag.py:587} INFO - Filling up the DagBag from /opt/airflow/dags/snowflake_connection_demo.py
[2026-09-12T03:28:43.960+0000] {logging_mixin.py:190} INFO - [2026-09-12T03:28:43.959+0000] {dagbag.py:386} ERROR - Failed to import: /opt/airflow/dags/snowflake_connection_demo.py
Traceback (most recent call last):
  File "/home/airflow/.local/lib/python3.12/site-packages/airflow/models/dagbag.py", line 382, in parse
    loader.exec_module(new_module)
  File "<frozen importlib._bootstrap_external>", line 995, in exec_module
  File "<frozen importlib._bootstrap>", line 488, in _call_with_frames_removed
  File "/opt/airflow/dags/snowflake_connection_demo.py", line 67, in <module>
    url = Variable.get("country_capital_url")
          ^^^^^^^^^^^^^^^^^^^^^^^^^^^^^^^^^^^
  File "/home/airflow/.local/lib/python3.12/site-packages/airflow/models/variable.py", line 145, in get
    raise KeyError(f"Variable {key} does not exist")
KeyError: 'Variable country_capital_url does not exist'
[2026-09-12T03:28:43.960+0000] {processor.py:927} WARNING - No viable dags retrieved from /opt/airflow/dags/snowflake_connection_demo.py
[2026-09-12T03:28:43.965+0000] {processor.py:208} INFO - Processing /opt/airflow/dags/snowflake_connection_demo.py took 0.026 seconds
[2026-09-12T03:29:14.328+0000] {processor.py:186} INFO - Started process (PID=1596) to work on /opt/airflow/dags/snowflake_connection_demo.py
[2026-09-12T03:29:14.330+0000] {processor.py:914} INFO - Processing file /opt/airflow/dags/snowflake_connection_demo.py for tasks to queue
[2026-09-12T03:29:14.331+0000] {logging_mixin.py:190} INFO - [2026-09-12T03:29:14.331+0000] {dagbag.py:587} INFO - Filling up the DagBag from /opt/airflow/dags/snowflake_connection_demo.py
[2026-09-12T03:29:14.344+0000] {logging_mixin.py:190} INFO - [2026-09-12T03:29:14.343+0000] {dagbag.py:386} ERROR - Failed to import: /opt/airflow/dags/snowflake_connection_demo.py
Traceback (most recent call last):
  File "/home/airflow/.local/lib/python3.12/site-packages/airflow/models/dagbag.py", line 382, in parse
    loader.exec_module(new_module)
  File "<frozen importlib._bootstrap_external>", line 995, in exec_module
  File "<frozen importlib._bootstrap>", line 488, in _call_with_frames_removed
  File "/opt/airflow/dags/snowflake_connection_demo.py", line 67, in <module>
    url = Variable.get("country_capital_url")
          ^^^^^^^^^^^^^^^^^^^^^^^^^^^^^^^^^^^
  File "/home/airflow/.local/lib/python3.12/site-packages/airflow/models/variable.py", line 145, in get
    raise KeyError(f"Variable {key} does not exist")
KeyError: 'Variable country_capital_url does not exist'
[2026-09-12T03:29:14.344+0000] {processor.py:927} WARNING - No viable dags retrieved from /opt/airflow/dags/snowflake_connection_demo.py
[2026-09-12T03:29:14.349+0000] {processor.py:208} INFO - Processing /opt/airflow/dags/snowflake_connection_demo.py took 0.026 seconds
[2026-09-12T03:29:44.657+0000] {processor.py:186} INFO - Started process (PID=1607) to work on /opt/airflow/dags/snowflake_connection_demo.py
[2026-09-12T03:29:44.659+0000] {processor.py:914} INFO - Processing file /opt/airflow/dags/snowflake_connection_demo.py for tasks to queue
[2026-09-12T03:29:44.661+0000] {logging_mixin.py:190} INFO - [2026-09-12T03:29:44.661+0000] {dagbag.py:587} INFO - Filling up the DagBag from /opt/airflow/dags/snowflake_connection_demo.py
[2026-09-12T03:29:44.676+0000] {logging_mixin.py:190} INFO - [2026-09-12T03:29:44.675+0000] {dagbag.py:386} ERROR - Failed to import: /opt/airflow/dags/snowflake_connection_demo.py
Traceback (most recent call last):
  File "/home/airflow/.local/lib/python3.12/site-packages/airflow/models/dagbag.py", line 382, in parse
    loader.exec_module(new_module)
  File "<frozen importlib._bootstrap_external>", line 995, in exec_module
  File "<frozen importlib._bootstrap>", line 488, in _call_with_frames_removed
  File "/opt/airflow/dags/snowflake_connection_demo.py", line 67, in <module>
    url = Variable.get("country_capital_url")
          ^^^^^^^^^^^^^^^^^^^^^^^^^^^^^^^^^^^
  File "/home/airflow/.local/lib/python3.12/site-packages/airflow/models/variable.py", line 145, in get
    raise KeyError(f"Variable {key} does not exist")
KeyError: 'Variable country_capital_url does not exist'
[2026-09-12T03:29:44.676+0000] {processor.py:927} WARNING - No viable dags retrieved from /opt/airflow/dags/snowflake_connection_demo.py
[2026-09-12T03:29:44.682+0000] {processor.py:208} INFO - Processing /opt/airflow/dags/snowflake_connection_demo.py took 0.030 seconds
[2026-09-12T03:30:15.064+0000] {processor.py:186} INFO - Started process (PID=1618) to work on /opt/airflow/dags/snowflake_connection_demo.py
[2026-09-12T03:30:15.067+0000] {processor.py:914} INFO - Processing file /opt/airflow/dags/snowflake_connection_demo.py for tasks to queue
[2026-09-12T03:30:15.069+0000] {logging_mixin.py:190} INFO - [2026-09-12T03:30:15.069+0000] {dagbag.py:587} INFO - Filling up the DagBag from /opt/airflow/dags/snowflake_connection_demo.py
[2026-09-12T03:30:15.082+0000] {logging_mixin.py:190} INFO - [2026-09-12T03:30:15.081+0000] {dagbag.py:386} ERROR - Failed to import: /opt/airflow/dags/snowflake_connection_demo.py
Traceback (most recent call last):
  File "/home/airflow/.local/lib/python3.12/site-packages/airflow/models/dagbag.py", line 382, in parse
    loader.exec_module(new_module)
  File "<frozen importlib._bootstrap_external>", line 995, in exec_module
  File "<frozen importlib._bootstrap>", line 488, in _call_with_frames_removed
  File "/opt/airflow/dags/snowflake_connection_demo.py", line 67, in <module>
    url = Variable.get("country_capital_url")
          ^^^^^^^^^^^^^^^^^^^^^^^^^^^^^^^^^^^
  File "/home/airflow/.local/lib/python3.12/site-packages/airflow/models/variable.py", line 145, in get
    raise KeyError(f"Variable {key} does not exist")
KeyError: 'Variable country_capital_url does not exist'
[2026-09-12T03:30:15.083+0000] {processor.py:927} WARNING - No viable dags retrieved from /opt/airflow/dags/snowflake_connection_demo.py
[2026-09-12T03:30:15.088+0000] {processor.py:208} INFO - Processing /opt/airflow/dags/snowflake_connection_demo.py took 0.030 seconds
[2026-09-12T03:30:45.435+0000] {processor.py:186} INFO - Started process (PID=1629) to work on /opt/airflow/dags/snowflake_connection_demo.py
[2026-09-12T03:30:45.437+0000] {processor.py:914} INFO - Processing file /opt/airflow/dags/snowflake_connection_demo.py for tasks to queue
[2026-09-12T03:30:45.439+0000] {logging_mixin.py:190} INFO - [2026-09-12T03:30:45.439+0000] {dagbag.py:587} INFO - Filling up the DagBag from /opt/airflow/dags/snowflake_connection_demo.py
[2026-09-12T03:30:45.452+0000] {logging_mixin.py:190} INFO - [2026-09-12T03:30:45.451+0000] {dagbag.py:386} ERROR - Failed to import: /opt/airflow/dags/snowflake_connection_demo.py
Traceback (most recent call last):
  File "/home/airflow/.local/lib/python3.12/site-packages/airflow/models/dagbag.py", line 382, in parse
    loader.exec_module(new_module)
  File "<frozen importlib._bootstrap_external>", line 995, in exec_module
  File "<frozen importlib._bootstrap>", line 488, in _call_with_frames_removed
  File "/opt/airflow/dags/snowflake_connection_demo.py", line 67, in <module>
    url = Variable.get("country_capital_url")
          ^^^^^^^^^^^^^^^^^^^^^^^^^^^^^^^^^^^
  File "/home/airflow/.local/lib/python3.12/site-packages/airflow/models/variable.py", line 145, in get
    raise KeyError(f"Variable {key} does not exist")
KeyError: 'Variable country_capital_url does not exist'
[2026-09-12T03:30:45.453+0000] {processor.py:927} WARNING - No viable dags retrieved from /opt/airflow/dags/snowflake_connection_demo.py
[2026-09-12T03:30:45.458+0000] {processor.py:208} INFO - Processing /opt/airflow/dags/snowflake_connection_demo.py took 0.027 seconds
[2026-09-12T03:31:15.702+0000] {processor.py:186} INFO - Started process (PID=1640) to work on /opt/airflow/dags/snowflake_connection_demo.py
[2026-09-12T03:31:15.703+0000] {processor.py:914} INFO - Processing file /opt/airflow/dags/snowflake_connection_demo.py for tasks to queue
[2026-09-12T03:31:15.707+0000] {logging_mixin.py:190} INFO - [2026-09-12T03:31:15.706+0000] {dagbag.py:587} INFO - Filling up the DagBag from /opt/airflow/dags/snowflake_connection_demo.py
[2026-09-12T03:31:15.733+0000] {logging_mixin.py:190} INFO - [2026-09-12T03:31:15.731+0000] {dagbag.py:386} ERROR - Failed to import: /opt/airflow/dags/snowflake_connection_demo.py
Traceback (most recent call last):
  File "/home/airflow/.local/lib/python3.12/site-packages/airflow/models/dagbag.py", line 382, in parse
    loader.exec_module(new_module)
  File "<frozen importlib._bootstrap_external>", line 995, in exec_module
  File "<frozen importlib._bootstrap>", line 488, in _call_with_frames_removed
  File "/opt/airflow/dags/snowflake_connection_demo.py", line 67, in <module>
    url = Variable.get("country_capital_url")
          ^^^^^^^^^^^^^^^^^^^^^^^^^^^^^^^^^^^
  File "/home/airflow/.local/lib/python3.12/site-packages/airflow/models/variable.py", line 145, in get
    raise KeyError(f"Variable {key} does not exist")
KeyError: 'Variable country_capital_url does not exist'
[2026-09-12T03:31:15.734+0000] {processor.py:927} WARNING - No viable dags retrieved from /opt/airflow/dags/snowflake_connection_demo.py
[2026-09-12T03:31:15.741+0000] {processor.py:208} INFO - Processing /opt/airflow/dags/snowflake_connection_demo.py took 0.053 seconds
[2026-09-12T03:31:46.126+0000] {processor.py:186} INFO - Started process (PID=1651) to work on /opt/airflow/dags/snowflake_connection_demo.py
[2026-09-12T03:31:46.129+0000] {processor.py:914} INFO - Processing file /opt/airflow/dags/snowflake_connection_demo.py for tasks to queue
[2026-09-12T03:31:46.131+0000] {logging_mixin.py:190} INFO - [2026-09-12T03:31:46.131+0000] {dagbag.py:587} INFO - Filling up the DagBag from /opt/airflow/dags/snowflake_connection_demo.py
[2026-09-12T03:31:46.144+0000] {logging_mixin.py:190} INFO - [2026-09-12T03:31:46.143+0000] {dagbag.py:386} ERROR - Failed to import: /opt/airflow/dags/snowflake_connection_demo.py
Traceback (most recent call last):
  File "/home/airflow/.local/lib/python3.12/site-packages/airflow/models/dagbag.py", line 382, in parse
    loader.exec_module(new_module)
  File "<frozen importlib._bootstrap_external>", line 995, in exec_module
  File "<frozen importlib._bootstrap>", line 488, in _call_with_frames_removed
  File "/opt/airflow/dags/snowflake_connection_demo.py", line 67, in <module>
    url = Variable.get("country_capital_url")
          ^^^^^^^^^^^^^^^^^^^^^^^^^^^^^^^^^^^
  File "/home/airflow/.local/lib/python3.12/site-packages/airflow/models/variable.py", line 145, in get
    raise KeyError(f"Variable {key} does not exist")
KeyError: 'Variable country_capital_url does not exist'
[2026-09-12T03:31:46.145+0000] {processor.py:927} WARNING - No viable dags retrieved from /opt/airflow/dags/snowflake_connection_demo.py
[2026-09-12T03:31:46.150+0000] {processor.py:208} INFO - Processing /opt/airflow/dags/snowflake_connection_demo.py took 0.030 seconds
[2026-09-12T03:32:16.485+0000] {processor.py:186} INFO - Started process (PID=1662) to work on /opt/airflow/dags/snowflake_connection_demo.py
[2026-09-12T03:32:16.487+0000] {processor.py:914} INFO - Processing file /opt/airflow/dags/snowflake_connection_demo.py for tasks to queue
[2026-09-12T03:32:16.489+0000] {logging_mixin.py:190} INFO - [2026-09-12T03:32:16.489+0000] {dagbag.py:587} INFO - Filling up the DagBag from /opt/airflow/dags/snowflake_connection_demo.py
[2026-09-12T03:32:16.505+0000] {logging_mixin.py:190} INFO - [2026-09-12T03:32:16.503+0000] {dagbag.py:386} ERROR - Failed to import: /opt/airflow/dags/snowflake_connection_demo.py
Traceback (most recent call last):
  File "/home/airflow/.local/lib/python3.12/site-packages/airflow/models/dagbag.py", line 382, in parse
    loader.exec_module(new_module)
  File "<frozen importlib._bootstrap_external>", line 995, in exec_module
  File "<frozen importlib._bootstrap>", line 488, in _call_with_frames_removed
  File "/opt/airflow/dags/snowflake_connection_demo.py", line 67, in <module>
    url = Variable.get("country_capital_url")
          ^^^^^^^^^^^^^^^^^^^^^^^^^^^^^^^^^^^
  File "/home/airflow/.local/lib/python3.12/site-packages/airflow/models/variable.py", line 145, in get
    raise KeyError(f"Variable {key} does not exist")
KeyError: 'Variable country_capital_url does not exist'
[2026-09-12T03:32:16.505+0000] {processor.py:927} WARNING - No viable dags retrieved from /opt/airflow/dags/snowflake_connection_demo.py
[2026-09-12T03:32:16.511+0000] {processor.py:208} INFO - Processing /opt/airflow/dags/snowflake_connection_demo.py took 0.031 seconds
[2026-09-12T03:32:46.858+0000] {processor.py:186} INFO - Started process (PID=1673) to work on /opt/airflow/dags/snowflake_connection_demo.py
[2026-09-12T03:32:46.860+0000] {processor.py:914} INFO - Processing file /opt/airflow/dags/snowflake_connection_demo.py for tasks to queue
[2026-09-12T03:32:46.862+0000] {logging_mixin.py:190} INFO - [2026-09-12T03:32:46.862+0000] {dagbag.py:587} INFO - Filling up the DagBag from /opt/airflow/dags/snowflake_connection_demo.py
[2026-09-12T03:32:46.876+0000] {logging_mixin.py:190} INFO - [2026-09-12T03:32:46.875+0000] {dagbag.py:386} ERROR - Failed to import: /opt/airflow/dags/snowflake_connection_demo.py
Traceback (most recent call last):
  File "/home/airflow/.local/lib/python3.12/site-packages/airflow/models/dagbag.py", line 382, in parse
    loader.exec_module(new_module)
  File "<frozen importlib._bootstrap_external>", line 995, in exec_module
  File "<frozen importlib._bootstrap>", line 488, in _call_with_frames_removed
  File "/opt/airflow/dags/snowflake_connection_demo.py", line 67, in <module>
    url = Variable.get("country_capital_url")
          ^^^^^^^^^^^^^^^^^^^^^^^^^^^^^^^^^^^
  File "/home/airflow/.local/lib/python3.12/site-packages/airflow/models/variable.py", line 145, in get
    raise KeyError(f"Variable {key} does not exist")
KeyError: 'Variable country_capital_url does not exist'
[2026-09-12T03:32:46.876+0000] {processor.py:927} WARNING - No viable dags retrieved from /opt/airflow/dags/snowflake_connection_demo.py
[2026-09-12T03:32:46.882+0000] {processor.py:208} INFO - Processing /opt/airflow/dags/snowflake_connection_demo.py took 0.029 seconds
[2026-09-12T03:33:17.264+0000] {processor.py:186} INFO - Started process (PID=1684) to work on /opt/airflow/dags/snowflake_connection_demo.py
[2026-09-12T03:33:17.266+0000] {processor.py:914} INFO - Processing file /opt/airflow/dags/snowflake_connection_demo.py for tasks to queue
[2026-09-12T03:33:17.269+0000] {logging_mixin.py:190} INFO - [2026-09-12T03:33:17.269+0000] {dagbag.py:587} INFO - Filling up the DagBag from /opt/airflow/dags/snowflake_connection_demo.py
[2026-09-12T03:33:17.304+0000] {logging_mixin.py:190} INFO - [2026-09-12T03:33:17.303+0000] {dagbag.py:386} ERROR - Failed to import: /opt/airflow/dags/snowflake_connection_demo.py
Traceback (most recent call last):
  File "/home/airflow/.local/lib/python3.12/site-packages/airflow/models/dagbag.py", line 382, in parse
    loader.exec_module(new_module)
  File "<frozen importlib._bootstrap_external>", line 995, in exec_module
  File "<frozen importlib._bootstrap>", line 488, in _call_with_frames_removed
  File "/opt/airflow/dags/snowflake_connection_demo.py", line 67, in <module>
    url = Variable.get("country_capital_url")
          ^^^^^^^^^^^^^^^^^^^^^^^^^^^^^^^^^^^
  File "/home/airflow/.local/lib/python3.12/site-packages/airflow/models/variable.py", line 145, in get
    raise KeyError(f"Variable {key} does not exist")
KeyError: 'Variable country_capital_url does not exist'
[2026-09-12T03:33:17.305+0000] {processor.py:927} WARNING - No viable dags retrieved from /opt/airflow/dags/snowflake_connection_demo.py
[2026-09-12T03:33:17.312+0000] {processor.py:208} INFO - Processing /opt/airflow/dags/snowflake_connection_demo.py took 0.056 seconds
[2026-09-12T03:33:47.593+0000] {processor.py:186} INFO - Started process (PID=1695) to work on /opt/airflow/dags/snowflake_connection_demo.py
[2026-09-12T03:33:47.596+0000] {processor.py:914} INFO - Processing file /opt/airflow/dags/snowflake_connection_demo.py for tasks to queue
[2026-09-12T03:33:47.598+0000] {logging_mixin.py:190} INFO - [2026-09-12T03:33:47.597+0000] {dagbag.py:587} INFO - Filling up the DagBag from /opt/airflow/dags/snowflake_connection_demo.py
[2026-09-12T03:33:47.613+0000] {logging_mixin.py:190} INFO - [2026-09-12T03:33:47.612+0000] {dagbag.py:386} ERROR - Failed to import: /opt/airflow/dags/snowflake_connection_demo.py
Traceback (most recent call last):
  File "/home/airflow/.local/lib/python3.12/site-packages/airflow/models/dagbag.py", line 382, in parse
    loader.exec_module(new_module)
  File "<frozen importlib._bootstrap_external>", line 995, in exec_module
  File "<frozen importlib._bootstrap>", line 488, in _call_with_frames_removed
  File "/opt/airflow/dags/snowflake_connection_demo.py", line 67, in <module>
    url = Variable.get("country_capital_url")
          ^^^^^^^^^^^^^^^^^^^^^^^^^^^^^^^^^^^
  File "/home/airflow/.local/lib/python3.12/site-packages/airflow/models/variable.py", line 145, in get
    raise KeyError(f"Variable {key} does not exist")
KeyError: 'Variable country_capital_url does not exist'
[2026-09-12T03:33:47.613+0000] {processor.py:927} WARNING - No viable dags retrieved from /opt/airflow/dags/snowflake_connection_demo.py
[2026-09-12T03:33:47.618+0000] {processor.py:208} INFO - Processing /opt/airflow/dags/snowflake_connection_demo.py took 0.031 seconds
[2026-09-12T03:34:17.975+0000] {processor.py:186} INFO - Started process (PID=1706) to work on /opt/airflow/dags/snowflake_connection_demo.py
[2026-09-12T03:34:17.977+0000] {processor.py:914} INFO - Processing file /opt/airflow/dags/snowflake_connection_demo.py for tasks to queue
[2026-09-12T03:34:17.979+0000] {logging_mixin.py:190} INFO - [2026-09-12T03:34:17.978+0000] {dagbag.py:587} INFO - Filling up the DagBag from /opt/airflow/dags/snowflake_connection_demo.py
[2026-09-12T03:34:17.993+0000] {logging_mixin.py:190} INFO - [2026-09-12T03:34:17.992+0000] {dagbag.py:386} ERROR - Failed to import: /opt/airflow/dags/snowflake_connection_demo.py
Traceback (most recent call last):
  File "/home/airflow/.local/lib/python3.12/site-packages/airflow/models/dagbag.py", line 382, in parse
    loader.exec_module(new_module)
  File "<frozen importlib._bootstrap_external>", line 995, in exec_module
  File "<frozen importlib._bootstrap>", line 488, in _call_with_frames_removed
  File "/opt/airflow/dags/snowflake_connection_demo.py", line 67, in <module>
    url = Variable.get("country_capital_url")
          ^^^^^^^^^^^^^^^^^^^^^^^^^^^^^^^^^^^
  File "/home/airflow/.local/lib/python3.12/site-packages/airflow/models/variable.py", line 145, in get
    raise KeyError(f"Variable {key} does not exist")
KeyError: 'Variable country_capital_url does not exist'
[2026-09-12T03:34:17.994+0000] {processor.py:927} WARNING - No viable dags retrieved from /opt/airflow/dags/snowflake_connection_demo.py
[2026-09-12T03:34:18.000+0000] {processor.py:208} INFO - Processing /opt/airflow/dags/snowflake_connection_demo.py took 0.031 seconds
[2026-09-12T03:34:48.326+0000] {processor.py:186} INFO - Started process (PID=1717) to work on /opt/airflow/dags/snowflake_connection_demo.py
[2026-09-12T03:34:48.328+0000] {processor.py:914} INFO - Processing file /opt/airflow/dags/snowflake_connection_demo.py for tasks to queue
[2026-09-12T03:34:48.331+0000] {logging_mixin.py:190} INFO - [2026-09-12T03:34:48.330+0000] {dagbag.py:587} INFO - Filling up the DagBag from /opt/airflow/dags/snowflake_connection_demo.py
[2026-09-12T03:34:48.349+0000] {logging_mixin.py:190} INFO - [2026-09-12T03:34:48.348+0000] {dagbag.py:386} ERROR - Failed to import: /opt/airflow/dags/snowflake_connection_demo.py
Traceback (most recent call last):
  File "/home/airflow/.local/lib/python3.12/site-packages/airflow/models/dagbag.py", line 382, in parse
    loader.exec_module(new_module)
  File "<frozen importlib._bootstrap_external>", line 995, in exec_module
  File "<frozen importlib._bootstrap>", line 488, in _call_with_frames_removed
  File "/opt/airflow/dags/snowflake_connection_demo.py", line 67, in <module>
    url = Variable.get("country_capital_url")
          ^^^^^^^^^^^^^^^^^^^^^^^^^^^^^^^^^^^
  File "/home/airflow/.local/lib/python3.12/site-packages/airflow/models/variable.py", line 145, in get
    raise KeyError(f"Variable {key} does not exist")
KeyError: 'Variable country_capital_url does not exist'
[2026-09-12T03:34:48.349+0000] {processor.py:927} WARNING - No viable dags retrieved from /opt/airflow/dags/snowflake_connection_demo.py
[2026-09-12T03:34:48.356+0000] {processor.py:208} INFO - Processing /opt/airflow/dags/snowflake_connection_demo.py took 0.037 seconds
[2026-09-12T03:35:18.674+0000] {processor.py:186} INFO - Started process (PID=1728) to work on /opt/airflow/dags/snowflake_connection_demo.py
[2026-09-12T03:35:18.676+0000] {processor.py:914} INFO - Processing file /opt/airflow/dags/snowflake_connection_demo.py for tasks to queue
[2026-09-12T03:35:18.679+0000] {logging_mixin.py:190} INFO - [2026-09-12T03:35:18.679+0000] {dagbag.py:587} INFO - Filling up the DagBag from /opt/airflow/dags/snowflake_connection_demo.py
[2026-09-12T03:35:18.693+0000] {logging_mixin.py:190} INFO - [2026-09-12T03:35:18.692+0000] {dagbag.py:386} ERROR - Failed to import: /opt/airflow/dags/snowflake_connection_demo.py
Traceback (most recent call last):
  File "/home/airflow/.local/lib/python3.12/site-packages/airflow/models/dagbag.py", line 382, in parse
    loader.exec_module(new_module)
  File "<frozen importlib._bootstrap_external>", line 995, in exec_module
  File "<frozen importlib._bootstrap>", line 488, in _call_with_frames_removed
  File "/opt/airflow/dags/snowflake_connection_demo.py", line 67, in <module>
    url = Variable.get("country_capital_url")
          ^^^^^^^^^^^^^^^^^^^^^^^^^^^^^^^^^^^
  File "/home/airflow/.local/lib/python3.12/site-packages/airflow/models/variable.py", line 145, in get
    raise KeyError(f"Variable {key} does not exist")
KeyError: 'Variable country_capital_url does not exist'
[2026-09-12T03:35:18.693+0000] {processor.py:927} WARNING - No viable dags retrieved from /opt/airflow/dags/snowflake_connection_demo.py
[2026-09-12T03:35:18.699+0000] {processor.py:208} INFO - Processing /opt/airflow/dags/snowflake_connection_demo.py took 0.031 seconds
[2026-09-12T03:35:49.036+0000] {processor.py:186} INFO - Started process (PID=1739) to work on /opt/airflow/dags/snowflake_connection_demo.py
[2026-09-12T03:35:49.038+0000] {processor.py:914} INFO - Processing file /opt/airflow/dags/snowflake_connection_demo.py for tasks to queue
[2026-09-12T03:35:49.039+0000] {logging_mixin.py:190} INFO - [2026-09-12T03:35:49.039+0000] {dagbag.py:587} INFO - Filling up the DagBag from /opt/airflow/dags/snowflake_connection_demo.py
[2026-09-12T03:35:49.052+0000] {logging_mixin.py:190} INFO - [2026-09-12T03:35:49.051+0000] {dagbag.py:386} ERROR - Failed to import: /opt/airflow/dags/snowflake_connection_demo.py
Traceback (most recent call last):
  File "/home/airflow/.local/lib/python3.12/site-packages/airflow/models/dagbag.py", line 382, in parse
    loader.exec_module(new_module)
  File "<frozen importlib._bootstrap_external>", line 995, in exec_module
  File "<frozen importlib._bootstrap>", line 488, in _call_with_frames_removed
  File "/opt/airflow/dags/snowflake_connection_demo.py", line 67, in <module>
    url = Variable.get("country_capital_url")
          ^^^^^^^^^^^^^^^^^^^^^^^^^^^^^^^^^^^
  File "/home/airflow/.local/lib/python3.12/site-packages/airflow/models/variable.py", line 145, in get
    raise KeyError(f"Variable {key} does not exist")
KeyError: 'Variable country_capital_url does not exist'
[2026-09-12T03:35:49.053+0000] {processor.py:927} WARNING - No viable dags retrieved from /opt/airflow/dags/snowflake_connection_demo.py
[2026-09-12T03:35:49.058+0000] {processor.py:208} INFO - Processing /opt/airflow/dags/snowflake_connection_demo.py took 0.027 seconds
[2026-09-12T03:36:19.366+0000] {processor.py:186} INFO - Started process (PID=1750) to work on /opt/airflow/dags/snowflake_connection_demo.py
[2026-09-12T03:36:19.368+0000] {processor.py:914} INFO - Processing file /opt/airflow/dags/snowflake_connection_demo.py for tasks to queue
[2026-09-12T03:36:19.371+0000] {logging_mixin.py:190} INFO - [2026-09-12T03:36:19.370+0000] {dagbag.py:587} INFO - Filling up the DagBag from /opt/airflow/dags/snowflake_connection_demo.py
[2026-09-12T03:36:19.392+0000] {logging_mixin.py:190} INFO - [2026-09-12T03:36:19.391+0000] {dagbag.py:386} ERROR - Failed to import: /opt/airflow/dags/snowflake_connection_demo.py
Traceback (most recent call last):
  File "/home/airflow/.local/lib/python3.12/site-packages/airflow/models/dagbag.py", line 382, in parse
    loader.exec_module(new_module)
  File "<frozen importlib._bootstrap_external>", line 995, in exec_module
  File "<frozen importlib._bootstrap>", line 488, in _call_with_frames_removed
  File "/opt/airflow/dags/snowflake_connection_demo.py", line 67, in <module>
    url = Variable.get("country_capital_url")
          ^^^^^^^^^^^^^^^^^^^^^^^^^^^^^^^^^^^
  File "/home/airflow/.local/lib/python3.12/site-packages/airflow/models/variable.py", line 145, in get
    raise KeyError(f"Variable {key} does not exist")
KeyError: 'Variable country_capital_url does not exist'
[2026-09-12T03:36:19.393+0000] {processor.py:927} WARNING - No viable dags retrieved from /opt/airflow/dags/snowflake_connection_demo.py
[2026-09-12T03:36:19.399+0000] {processor.py:208} INFO - Processing /opt/airflow/dags/snowflake_connection_demo.py took 0.042 seconds
[2026-09-12T03:36:49.737+0000] {processor.py:186} INFO - Started process (PID=1761) to work on /opt/airflow/dags/snowflake_connection_demo.py
[2026-09-12T03:36:49.739+0000] {processor.py:914} INFO - Processing file /opt/airflow/dags/snowflake_connection_demo.py for tasks to queue
[2026-09-12T03:36:49.741+0000] {logging_mixin.py:190} INFO - [2026-09-12T03:36:49.740+0000] {dagbag.py:587} INFO - Filling up the DagBag from /opt/airflow/dags/snowflake_connection_demo.py
[2026-09-12T03:36:49.756+0000] {logging_mixin.py:190} INFO - [2026-09-12T03:36:49.754+0000] {dagbag.py:386} ERROR - Failed to import: /opt/airflow/dags/snowflake_connection_demo.py
Traceback (most recent call last):
  File "/home/airflow/.local/lib/python3.12/site-packages/airflow/models/dagbag.py", line 382, in parse
    loader.exec_module(new_module)
  File "<frozen importlib._bootstrap_external>", line 995, in exec_module
  File "<frozen importlib._bootstrap>", line 488, in _call_with_frames_removed
  File "/opt/airflow/dags/snowflake_connection_demo.py", line 67, in <module>
    url = Variable.get("country_capital_url")
          ^^^^^^^^^^^^^^^^^^^^^^^^^^^^^^^^^^^
  File "/home/airflow/.local/lib/python3.12/site-packages/airflow/models/variable.py", line 145, in get
    raise KeyError(f"Variable {key} does not exist")
KeyError: 'Variable country_capital_url does not exist'
[2026-09-12T03:36:49.756+0000] {processor.py:927} WARNING - No viable dags retrieved from /opt/airflow/dags/snowflake_connection_demo.py
[2026-09-12T03:36:49.761+0000] {processor.py:208} INFO - Processing /opt/airflow/dags/snowflake_connection_demo.py took 0.030 seconds
[2026-09-12T03:37:20.105+0000] {processor.py:186} INFO - Started process (PID=1772) to work on /opt/airflow/dags/snowflake_connection_demo.py
[2026-09-12T03:37:20.108+0000] {processor.py:914} INFO - Processing file /opt/airflow/dags/snowflake_connection_demo.py for tasks to queue
[2026-09-12T03:37:20.110+0000] {logging_mixin.py:190} INFO - [2026-09-12T03:37:20.110+0000] {dagbag.py:587} INFO - Filling up the DagBag from /opt/airflow/dags/snowflake_connection_demo.py
[2026-09-12T03:37:20.124+0000] {logging_mixin.py:190} INFO - [2026-09-12T03:37:20.123+0000] {dagbag.py:386} ERROR - Failed to import: /opt/airflow/dags/snowflake_connection_demo.py
Traceback (most recent call last):
  File "/home/airflow/.local/lib/python3.12/site-packages/airflow/models/dagbag.py", line 382, in parse
    loader.exec_module(new_module)
  File "<frozen importlib._bootstrap_external>", line 995, in exec_module
  File "<frozen importlib._bootstrap>", line 488, in _call_with_frames_removed
  File "/opt/airflow/dags/snowflake_connection_demo.py", line 67, in <module>
    url = Variable.get("country_capital_url")
          ^^^^^^^^^^^^^^^^^^^^^^^^^^^^^^^^^^^
  File "/home/airflow/.local/lib/python3.12/site-packages/airflow/models/variable.py", line 145, in get
    raise KeyError(f"Variable {key} does not exist")
KeyError: 'Variable country_capital_url does not exist'
[2026-09-12T03:37:20.125+0000] {processor.py:927} WARNING - No viable dags retrieved from /opt/airflow/dags/snowflake_connection_demo.py
[2026-09-12T03:37:20.130+0000] {processor.py:208} INFO - Processing /opt/airflow/dags/snowflake_connection_demo.py took 0.031 seconds
[2026-09-12T03:37:50.475+0000] {processor.py:186} INFO - Started process (PID=1783) to work on /opt/airflow/dags/snowflake_connection_demo.py
[2026-09-12T03:37:50.478+0000] {processor.py:914} INFO - Processing file /opt/airflow/dags/snowflake_connection_demo.py for tasks to queue
[2026-09-12T03:37:50.480+0000] {logging_mixin.py:190} INFO - [2026-09-12T03:37:50.479+0000] {dagbag.py:587} INFO - Filling up the DagBag from /opt/airflow/dags/snowflake_connection_demo.py
[2026-09-12T03:37:50.495+0000] {logging_mixin.py:190} INFO - [2026-09-12T03:37:50.493+0000] {dagbag.py:386} ERROR - Failed to import: /opt/airflow/dags/snowflake_connection_demo.py
Traceback (most recent call last):
  File "/home/airflow/.local/lib/python3.12/site-packages/airflow/models/dagbag.py", line 382, in parse
    loader.exec_module(new_module)
  File "<frozen importlib._bootstrap_external>", line 995, in exec_module
  File "<frozen importlib._bootstrap>", line 488, in _call_with_frames_removed
  File "/opt/airflow/dags/snowflake_connection_demo.py", line 67, in <module>
    url = Variable.get("country_capital_url")
          ^^^^^^^^^^^^^^^^^^^^^^^^^^^^^^^^^^^
  File "/home/airflow/.local/lib/python3.12/site-packages/airflow/models/variable.py", line 145, in get
    raise KeyError(f"Variable {key} does not exist")
KeyError: 'Variable country_capital_url does not exist'
[2026-09-12T03:37:50.495+0000] {processor.py:927} WARNING - No viable dags retrieved from /opt/airflow/dags/snowflake_connection_demo.py
[2026-09-12T03:37:50.500+0000] {processor.py:208} INFO - Processing /opt/airflow/dags/snowflake_connection_demo.py took 0.031 seconds
[2026-09-12T03:38:20.806+0000] {processor.py:186} INFO - Started process (PID=1794) to work on /opt/airflow/dags/snowflake_connection_demo.py
[2026-09-12T03:38:20.808+0000] {processor.py:914} INFO - Processing file /opt/airflow/dags/snowflake_connection_demo.py for tasks to queue
[2026-09-12T03:38:20.811+0000] {logging_mixin.py:190} INFO - [2026-09-12T03:38:20.811+0000] {dagbag.py:587} INFO - Filling up the DagBag from /opt/airflow/dags/snowflake_connection_demo.py
[2026-09-12T03:38:20.830+0000] {logging_mixin.py:190} INFO - [2026-09-12T03:38:20.828+0000] {dagbag.py:386} ERROR - Failed to import: /opt/airflow/dags/snowflake_connection_demo.py
Traceback (most recent call last):
  File "/home/airflow/.local/lib/python3.12/site-packages/airflow/models/dagbag.py", line 382, in parse
    loader.exec_module(new_module)
  File "<frozen importlib._bootstrap_external>", line 995, in exec_module
  File "<frozen importlib._bootstrap>", line 488, in _call_with_frames_removed
  File "/opt/airflow/dags/snowflake_connection_demo.py", line 67, in <module>
    url = Variable.get("country_capital_url")
          ^^^^^^^^^^^^^^^^^^^^^^^^^^^^^^^^^^^
  File "/home/airflow/.local/lib/python3.12/site-packages/airflow/models/variable.py", line 145, in get
    raise KeyError(f"Variable {key} does not exist")
KeyError: 'Variable country_capital_url does not exist'
[2026-09-12T03:38:20.830+0000] {processor.py:927} WARNING - No viable dags retrieved from /opt/airflow/dags/snowflake_connection_demo.py
[2026-09-12T03:38:20.836+0000] {processor.py:208} INFO - Processing /opt/airflow/dags/snowflake_connection_demo.py took 0.037 seconds
[2026-09-12T03:38:51.188+0000] {processor.py:186} INFO - Started process (PID=1805) to work on /opt/airflow/dags/snowflake_connection_demo.py
[2026-09-12T03:38:51.189+0000] {processor.py:914} INFO - Processing file /opt/airflow/dags/snowflake_connection_demo.py for tasks to queue
[2026-09-12T03:38:51.191+0000] {logging_mixin.py:190} INFO - [2026-09-12T03:38:51.191+0000] {dagbag.py:587} INFO - Filling up the DagBag from /opt/airflow/dags/snowflake_connection_demo.py
[2026-09-12T03:38:51.207+0000] {logging_mixin.py:190} INFO - [2026-09-12T03:38:51.206+0000] {dagbag.py:386} ERROR - Failed to import: /opt/airflow/dags/snowflake_connection_demo.py
Traceback (most recent call last):
  File "/home/airflow/.local/lib/python3.12/site-packages/airflow/models/dagbag.py", line 382, in parse
    loader.exec_module(new_module)
  File "<frozen importlib._bootstrap_external>", line 995, in exec_module
  File "<frozen importlib._bootstrap>", line 488, in _call_with_frames_removed
  File "/opt/airflow/dags/snowflake_connection_demo.py", line 67, in <module>
    url = Variable.get("country_capital_url")
          ^^^^^^^^^^^^^^^^^^^^^^^^^^^^^^^^^^^
  File "/home/airflow/.local/lib/python3.12/site-packages/airflow/models/variable.py", line 145, in get
    raise KeyError(f"Variable {key} does not exist")
KeyError: 'Variable country_capital_url does not exist'
[2026-09-12T03:38:51.208+0000] {processor.py:927} WARNING - No viable dags retrieved from /opt/airflow/dags/snowflake_connection_demo.py
[2026-09-12T03:38:51.213+0000] {processor.py:208} INFO - Processing /opt/airflow/dags/snowflake_connection_demo.py took 0.030 seconds
[2026-09-12T03:39:21.566+0000] {processor.py:186} INFO - Started process (PID=1816) to work on /opt/airflow/dags/snowflake_connection_demo.py
[2026-09-12T03:39:21.569+0000] {processor.py:914} INFO - Processing file /opt/airflow/dags/snowflake_connection_demo.py for tasks to queue
[2026-09-12T03:39:21.571+0000] {logging_mixin.py:190} INFO - [2026-09-12T03:39:21.571+0000] {dagbag.py:587} INFO - Filling up the DagBag from /opt/airflow/dags/snowflake_connection_demo.py
[2026-09-12T03:39:21.586+0000] {logging_mixin.py:190} INFO - [2026-09-12T03:39:21.585+0000] {dagbag.py:386} ERROR - Failed to import: /opt/airflow/dags/snowflake_connection_demo.py
Traceback (most recent call last):
  File "/home/airflow/.local/lib/python3.12/site-packages/airflow/models/dagbag.py", line 382, in parse
    loader.exec_module(new_module)
  File "<frozen importlib._bootstrap_external>", line 995, in exec_module
  File "<frozen importlib._bootstrap>", line 488, in _call_with_frames_removed
  File "/opt/airflow/dags/snowflake_connection_demo.py", line 67, in <module>
    url = Variable.get("country_capital_url")
          ^^^^^^^^^^^^^^^^^^^^^^^^^^^^^^^^^^^
  File "/home/airflow/.local/lib/python3.12/site-packages/airflow/models/variable.py", line 145, in get
    raise KeyError(f"Variable {key} does not exist")
KeyError: 'Variable country_capital_url does not exist'
[2026-09-12T03:39:21.586+0000] {processor.py:927} WARNING - No viable dags retrieved from /opt/airflow/dags/snowflake_connection_demo.py
[2026-09-12T03:39:21.592+0000] {processor.py:208} INFO - Processing /opt/airflow/dags/snowflake_connection_demo.py took 0.031 seconds
[2026-09-12T03:39:51.932+0000] {processor.py:186} INFO - Started process (PID=1827) to work on /opt/airflow/dags/snowflake_connection_demo.py
[2026-09-12T03:39:51.935+0000] {processor.py:914} INFO - Processing file /opt/airflow/dags/snowflake_connection_demo.py for tasks to queue
[2026-09-12T03:39:51.938+0000] {logging_mixin.py:190} INFO - [2026-09-12T03:39:51.938+0000] {dagbag.py:587} INFO - Filling up the DagBag from /opt/airflow/dags/snowflake_connection_demo.py
[2026-09-12T03:39:51.956+0000] {logging_mixin.py:190} INFO - [2026-09-12T03:39:51.954+0000] {dagbag.py:386} ERROR - Failed to import: /opt/airflow/dags/snowflake_connection_demo.py
Traceback (most recent call last):
  File "/home/airflow/.local/lib/python3.12/site-packages/airflow/models/dagbag.py", line 382, in parse
    loader.exec_module(new_module)
  File "<frozen importlib._bootstrap_external>", line 995, in exec_module
  File "<frozen importlib._bootstrap>", line 488, in _call_with_frames_removed
  File "/opt/airflow/dags/snowflake_connection_demo.py", line 67, in <module>
    url = Variable.get("country_capital_url")
          ^^^^^^^^^^^^^^^^^^^^^^^^^^^^^^^^^^^
  File "/home/airflow/.local/lib/python3.12/site-packages/airflow/models/variable.py", line 145, in get
    raise KeyError(f"Variable {key} does not exist")
KeyError: 'Variable country_capital_url does not exist'
[2026-09-12T03:39:51.956+0000] {processor.py:927} WARNING - No viable dags retrieved from /opt/airflow/dags/snowflake_connection_demo.py
[2026-09-12T03:39:51.962+0000] {processor.py:208} INFO - Processing /opt/airflow/dags/snowflake_connection_demo.py took 0.037 seconds
[2026-09-12T03:40:22.349+0000] {processor.py:186} INFO - Started process (PID=1838) to work on /opt/airflow/dags/snowflake_connection_demo.py
[2026-09-12T03:40:22.351+0000] {processor.py:914} INFO - Processing file /opt/airflow/dags/snowflake_connection_demo.py for tasks to queue
[2026-09-12T03:40:22.353+0000] {logging_mixin.py:190} INFO - [2026-09-12T03:40:22.352+0000] {dagbag.py:587} INFO - Filling up the DagBag from /opt/airflow/dags/snowflake_connection_demo.py
[2026-09-12T03:40:22.366+0000] {logging_mixin.py:190} INFO - [2026-09-12T03:40:22.365+0000] {dagbag.py:386} ERROR - Failed to import: /opt/airflow/dags/snowflake_connection_demo.py
Traceback (most recent call last):
  File "/home/airflow/.local/lib/python3.12/site-packages/airflow/models/dagbag.py", line 382, in parse
    loader.exec_module(new_module)
  File "<frozen importlib._bootstrap_external>", line 995, in exec_module
  File "<frozen importlib._bootstrap>", line 488, in _call_with_frames_removed
  File "/opt/airflow/dags/snowflake_connection_demo.py", line 67, in <module>
    url = Variable.get("country_capital_url")
          ^^^^^^^^^^^^^^^^^^^^^^^^^^^^^^^^^^^
  File "/home/airflow/.local/lib/python3.12/site-packages/airflow/models/variable.py", line 145, in get
    raise KeyError(f"Variable {key} does not exist")
KeyError: 'Variable country_capital_url does not exist'
[2026-09-12T03:40:22.366+0000] {processor.py:927} WARNING - No viable dags retrieved from /opt/airflow/dags/snowflake_connection_demo.py
[2026-09-12T03:40:22.372+0000] {processor.py:208} INFO - Processing /opt/airflow/dags/snowflake_connection_demo.py took 0.029 seconds
[2026-09-12T03:40:52.634+0000] {processor.py:186} INFO - Started process (PID=1849) to work on /opt/airflow/dags/snowflake_connection_demo.py
[2026-09-12T03:40:52.635+0000] {processor.py:914} INFO - Processing file /opt/airflow/dags/snowflake_connection_demo.py for tasks to queue
[2026-09-12T03:40:52.636+0000] {logging_mixin.py:190} INFO - [2026-09-12T03:40:52.636+0000] {dagbag.py:587} INFO - Filling up the DagBag from /opt/airflow/dags/snowflake_connection_demo.py
[2026-09-12T03:40:52.651+0000] {logging_mixin.py:190} INFO - [2026-09-12T03:40:52.647+0000] {dagbag.py:386} ERROR - Failed to import: /opt/airflow/dags/snowflake_connection_demo.py
Traceback (most recent call last):
  File "/home/airflow/.local/lib/python3.12/site-packages/airflow/models/dagbag.py", line 382, in parse
    loader.exec_module(new_module)
  File "<frozen importlib._bootstrap_external>", line 995, in exec_module
  File "<frozen importlib._bootstrap>", line 488, in _call_with_frames_removed
  File "/opt/airflow/dags/snowflake_connection_demo.py", line 67, in <module>
    url = Variable.get("country_capital_url")
          ^^^^^^^^^^^^^^^^^^^^^^^^^^^^^^^^^^^
  File "/home/airflow/.local/lib/python3.12/site-packages/airflow/models/variable.py", line 145, in get
    raise KeyError(f"Variable {key} does not exist")
KeyError: 'Variable country_capital_url does not exist'
[2026-09-12T03:40:52.651+0000] {processor.py:927} WARNING - No viable dags retrieved from /opt/airflow/dags/snowflake_connection_demo.py
[2026-09-12T03:40:52.657+0000] {processor.py:208} INFO - Processing /opt/airflow/dags/snowflake_connection_demo.py took 0.029 seconds
[2026-09-12T03:41:23.005+0000] {processor.py:186} INFO - Started process (PID=1860) to work on /opt/airflow/dags/snowflake_connection_demo.py
[2026-09-12T03:41:23.007+0000] {processor.py:914} INFO - Processing file /opt/airflow/dags/snowflake_connection_demo.py for tasks to queue
[2026-09-12T03:41:23.010+0000] {logging_mixin.py:190} INFO - [2026-09-12T03:41:23.009+0000] {dagbag.py:587} INFO - Filling up the DagBag from /opt/airflow/dags/snowflake_connection_demo.py
[2026-09-12T03:41:23.033+0000] {logging_mixin.py:190} INFO - [2026-09-12T03:41:23.032+0000] {dagbag.py:386} ERROR - Failed to import: /opt/airflow/dags/snowflake_connection_demo.py
Traceback (most recent call last):
  File "/home/airflow/.local/lib/python3.12/site-packages/airflow/models/dagbag.py", line 382, in parse
    loader.exec_module(new_module)
  File "<frozen importlib._bootstrap_external>", line 995, in exec_module
  File "<frozen importlib._bootstrap>", line 488, in _call_with_frames_removed
  File "/opt/airflow/dags/snowflake_connection_demo.py", line 67, in <module>
    url = Variable.get("country_capital_url")
          ^^^^^^^^^^^^^^^^^^^^^^^^^^^^^^^^^^^
  File "/home/airflow/.local/lib/python3.12/site-packages/airflow/models/variable.py", line 145, in get
    raise KeyError(f"Variable {key} does not exist")
KeyError: 'Variable country_capital_url does not exist'
[2026-09-12T03:41:23.034+0000] {processor.py:927} WARNING - No viable dags retrieved from /opt/airflow/dags/snowflake_connection_demo.py
[2026-09-12T03:41:23.040+0000] {processor.py:208} INFO - Processing /opt/airflow/dags/snowflake_connection_demo.py took 0.043 seconds
[2026-09-12T03:41:53.376+0000] {processor.py:186} INFO - Started process (PID=1871) to work on /opt/airflow/dags/snowflake_connection_demo.py
[2026-09-12T03:41:53.379+0000] {processor.py:914} INFO - Processing file /opt/airflow/dags/snowflake_connection_demo.py for tasks to queue
[2026-09-12T03:41:53.382+0000] {logging_mixin.py:190} INFO - [2026-09-12T03:41:53.381+0000] {dagbag.py:587} INFO - Filling up the DagBag from /opt/airflow/dags/snowflake_connection_demo.py
[2026-09-12T03:41:53.398+0000] {logging_mixin.py:190} INFO - [2026-09-12T03:41:53.397+0000] {dagbag.py:386} ERROR - Failed to import: /opt/airflow/dags/snowflake_connection_demo.py
Traceback (most recent call last):
  File "/home/airflow/.local/lib/python3.12/site-packages/airflow/models/dagbag.py", line 382, in parse
    loader.exec_module(new_module)
  File "<frozen importlib._bootstrap_external>", line 995, in exec_module
  File "<frozen importlib._bootstrap>", line 488, in _call_with_frames_removed
  File "/opt/airflow/dags/snowflake_connection_demo.py", line 67, in <module>
    url = Variable.get("country_capital_url")
          ^^^^^^^^^^^^^^^^^^^^^^^^^^^^^^^^^^^
  File "/home/airflow/.local/lib/python3.12/site-packages/airflow/models/variable.py", line 145, in get
    raise KeyError(f"Variable {key} does not exist")
KeyError: 'Variable country_capital_url does not exist'
[2026-09-12T03:41:53.398+0000] {processor.py:927} WARNING - No viable dags retrieved from /opt/airflow/dags/snowflake_connection_demo.py
[2026-09-12T03:41:53.404+0000] {processor.py:208} INFO - Processing /opt/airflow/dags/snowflake_connection_demo.py took 0.034 seconds
[2026-09-12T03:42:23.738+0000] {processor.py:186} INFO - Started process (PID=1882) to work on /opt/airflow/dags/snowflake_connection_demo.py
[2026-09-12T03:42:23.739+0000] {processor.py:914} INFO - Processing file /opt/airflow/dags/snowflake_connection_demo.py for tasks to queue
[2026-09-12T03:42:23.743+0000] {logging_mixin.py:190} INFO - [2026-09-12T03:42:23.742+0000] {dagbag.py:587} INFO - Filling up the DagBag from /opt/airflow/dags/snowflake_connection_demo.py
[2026-09-12T03:42:23.760+0000] {logging_mixin.py:190} INFO - [2026-09-12T03:42:23.758+0000] {dagbag.py:386} ERROR - Failed to import: /opt/airflow/dags/snowflake_connection_demo.py
Traceback (most recent call last):
  File "/home/airflow/.local/lib/python3.12/site-packages/airflow/models/dagbag.py", line 382, in parse
    loader.exec_module(new_module)
  File "<frozen importlib._bootstrap_external>", line 995, in exec_module
  File "<frozen importlib._bootstrap>", line 488, in _call_with_frames_removed
  File "/opt/airflow/dags/snowflake_connection_demo.py", line 67, in <module>
    url = Variable.get("country_capital_url")
          ^^^^^^^^^^^^^^^^^^^^^^^^^^^^^^^^^^^
  File "/home/airflow/.local/lib/python3.12/site-packages/airflow/models/variable.py", line 145, in get
    raise KeyError(f"Variable {key} does not exist")
KeyError: 'Variable country_capital_url does not exist'
[2026-09-12T03:42:23.760+0000] {processor.py:927} WARNING - No viable dags retrieved from /opt/airflow/dags/snowflake_connection_demo.py
[2026-09-12T03:42:23.766+0000] {processor.py:208} INFO - Processing /opt/airflow/dags/snowflake_connection_demo.py took 0.035 seconds
[2026-09-12T03:42:54.084+0000] {processor.py:186} INFO - Started process (PID=1893) to work on /opt/airflow/dags/snowflake_connection_demo.py
[2026-09-12T03:42:54.086+0000] {processor.py:914} INFO - Processing file /opt/airflow/dags/snowflake_connection_demo.py for tasks to queue
[2026-09-12T03:42:54.088+0000] {logging_mixin.py:190} INFO - [2026-09-12T03:42:54.087+0000] {dagbag.py:587} INFO - Filling up the DagBag from /opt/airflow/dags/snowflake_connection_demo.py
[2026-09-12T03:42:54.102+0000] {logging_mixin.py:190} INFO - [2026-09-12T03:42:54.101+0000] {dagbag.py:386} ERROR - Failed to import: /opt/airflow/dags/snowflake_connection_demo.py
Traceback (most recent call last):
  File "/home/airflow/.local/lib/python3.12/site-packages/airflow/models/dagbag.py", line 382, in parse
    loader.exec_module(new_module)
  File "<frozen importlib._bootstrap_external>", line 995, in exec_module
  File "<frozen importlib._bootstrap>", line 488, in _call_with_frames_removed
  File "/opt/airflow/dags/snowflake_connection_demo.py", line 67, in <module>
    url = Variable.get("country_capital_url")
          ^^^^^^^^^^^^^^^^^^^^^^^^^^^^^^^^^^^
  File "/home/airflow/.local/lib/python3.12/site-packages/airflow/models/variable.py", line 145, in get
    raise KeyError(f"Variable {key} does not exist")
KeyError: 'Variable country_capital_url does not exist'
[2026-09-12T03:42:54.103+0000] {processor.py:927} WARNING - No viable dags retrieved from /opt/airflow/dags/snowflake_connection_demo.py
[2026-09-12T03:42:54.107+0000] {processor.py:208} INFO - Processing /opt/airflow/dags/snowflake_connection_demo.py took 0.029 seconds
[2026-09-12T03:43:24.392+0000] {processor.py:186} INFO - Started process (PID=1904) to work on /opt/airflow/dags/snowflake_connection_demo.py
[2026-09-12T03:43:24.394+0000] {processor.py:914} INFO - Processing file /opt/airflow/dags/snowflake_connection_demo.py for tasks to queue
[2026-09-12T03:43:24.397+0000] {logging_mixin.py:190} INFO - [2026-09-12T03:43:24.396+0000] {dagbag.py:587} INFO - Filling up the DagBag from /opt/airflow/dags/snowflake_connection_demo.py
[2026-09-12T03:43:24.414+0000] {logging_mixin.py:190} INFO - [2026-09-12T03:43:24.413+0000] {dagbag.py:386} ERROR - Failed to import: /opt/airflow/dags/snowflake_connection_demo.py
Traceback (most recent call last):
  File "/home/airflow/.local/lib/python3.12/site-packages/airflow/models/dagbag.py", line 382, in parse
    loader.exec_module(new_module)
  File "<frozen importlib._bootstrap_external>", line 995, in exec_module
  File "<frozen importlib._bootstrap>", line 488, in _call_with_frames_removed
  File "/opt/airflow/dags/snowflake_connection_demo.py", line 67, in <module>
    url = Variable.get("country_capital_url")
          ^^^^^^^^^^^^^^^^^^^^^^^^^^^^^^^^^^^
  File "/home/airflow/.local/lib/python3.12/site-packages/airflow/models/variable.py", line 145, in get
    raise KeyError(f"Variable {key} does not exist")
KeyError: 'Variable country_capital_url does not exist'
[2026-09-12T03:43:24.414+0000] {processor.py:927} WARNING - No viable dags retrieved from /opt/airflow/dags/snowflake_connection_demo.py
[2026-09-12T03:43:24.420+0000] {processor.py:208} INFO - Processing /opt/airflow/dags/snowflake_connection_demo.py took 0.035 seconds
[2026-09-12T03:43:54.836+0000] {processor.py:186} INFO - Started process (PID=1915) to work on /opt/airflow/dags/snowflake_connection_demo.py
[2026-09-12T03:43:54.838+0000] {processor.py:914} INFO - Processing file /opt/airflow/dags/snowflake_connection_demo.py for tasks to queue
[2026-09-12T03:43:54.841+0000] {logging_mixin.py:190} INFO - [2026-09-12T03:43:54.841+0000] {dagbag.py:587} INFO - Filling up the DagBag from /opt/airflow/dags/snowflake_connection_demo.py
[2026-09-12T03:43:54.866+0000] {logging_mixin.py:190} INFO - [2026-09-12T03:43:54.865+0000] {dagbag.py:386} ERROR - Failed to import: /opt/airflow/dags/snowflake_connection_demo.py
Traceback (most recent call last):
  File "/home/airflow/.local/lib/python3.12/site-packages/airflow/models/dagbag.py", line 382, in parse
    loader.exec_module(new_module)
  File "<frozen importlib._bootstrap_external>", line 995, in exec_module
  File "<frozen importlib._bootstrap>", line 488, in _call_with_frames_removed
  File "/opt/airflow/dags/snowflake_connection_demo.py", line 67, in <module>
    url = Variable.get("country_capital_url")
          ^^^^^^^^^^^^^^^^^^^^^^^^^^^^^^^^^^^
  File "/home/airflow/.local/lib/python3.12/site-packages/airflow/models/variable.py", line 145, in get
    raise KeyError(f"Variable {key} does not exist")
KeyError: 'Variable country_capital_url does not exist'
[2026-09-12T03:43:54.867+0000] {processor.py:927} WARNING - No viable dags retrieved from /opt/airflow/dags/snowflake_connection_demo.py
[2026-09-12T03:43:54.874+0000] {processor.py:208} INFO - Processing /opt/airflow/dags/snowflake_connection_demo.py took 0.045 seconds
[2026-09-12T03:44:25.235+0000] {processor.py:186} INFO - Started process (PID=1926) to work on /opt/airflow/dags/snowflake_connection_demo.py
[2026-09-12T03:44:25.237+0000] {processor.py:914} INFO - Processing file /opt/airflow/dags/snowflake_connection_demo.py for tasks to queue
[2026-09-12T03:44:25.240+0000] {logging_mixin.py:190} INFO - [2026-09-12T03:44:25.240+0000] {dagbag.py:587} INFO - Filling up the DagBag from /opt/airflow/dags/snowflake_connection_demo.py
[2026-09-12T03:44:25.259+0000] {logging_mixin.py:190} INFO - [2026-09-12T03:44:25.258+0000] {dagbag.py:386} ERROR - Failed to import: /opt/airflow/dags/snowflake_connection_demo.py
Traceback (most recent call last):
  File "/home/airflow/.local/lib/python3.12/site-packages/airflow/models/dagbag.py", line 382, in parse
    loader.exec_module(new_module)
  File "<frozen importlib._bootstrap_external>", line 995, in exec_module
  File "<frozen importlib._bootstrap>", line 488, in _call_with_frames_removed
  File "/opt/airflow/dags/snowflake_connection_demo.py", line 67, in <module>
    url = Variable.get("country_capital_url")
          ^^^^^^^^^^^^^^^^^^^^^^^^^^^^^^^^^^^
  File "/home/airflow/.local/lib/python3.12/site-packages/airflow/models/variable.py", line 145, in get
    raise KeyError(f"Variable {key} does not exist")
KeyError: 'Variable country_capital_url does not exist'
[2026-09-12T03:44:25.260+0000] {processor.py:927} WARNING - No viable dags retrieved from /opt/airflow/dags/snowflake_connection_demo.py
[2026-09-12T03:44:25.266+0000] {processor.py:208} INFO - Processing /opt/airflow/dags/snowflake_connection_demo.py took 0.036 seconds
[2026-09-12T03:44:55.652+0000] {processor.py:186} INFO - Started process (PID=1937) to work on /opt/airflow/dags/snowflake_connection_demo.py
[2026-09-12T03:44:55.653+0000] {processor.py:914} INFO - Processing file /opt/airflow/dags/snowflake_connection_demo.py for tasks to queue
[2026-09-12T03:44:55.657+0000] {logging_mixin.py:190} INFO - [2026-09-12T03:44:55.657+0000] {dagbag.py:587} INFO - Filling up the DagBag from /opt/airflow/dags/snowflake_connection_demo.py
[2026-09-12T03:44:55.684+0000] {logging_mixin.py:190} INFO - [2026-09-12T03:44:55.683+0000] {dagbag.py:386} ERROR - Failed to import: /opt/airflow/dags/snowflake_connection_demo.py
Traceback (most recent call last):
  File "/home/airflow/.local/lib/python3.12/site-packages/airflow/models/dagbag.py", line 382, in parse
    loader.exec_module(new_module)
  File "<frozen importlib._bootstrap_external>", line 995, in exec_module
  File "<frozen importlib._bootstrap>", line 488, in _call_with_frames_removed
  File "/opt/airflow/dags/snowflake_connection_demo.py", line 67, in <module>
    url = Variable.get("country_capital_url")
          ^^^^^^^^^^^^^^^^^^^^^^^^^^^^^^^^^^^
  File "/home/airflow/.local/lib/python3.12/site-packages/airflow/models/variable.py", line 145, in get
    raise KeyError(f"Variable {key} does not exist")
KeyError: 'Variable country_capital_url does not exist'
[2026-09-12T03:44:55.685+0000] {processor.py:927} WARNING - No viable dags retrieved from /opt/airflow/dags/snowflake_connection_demo.py
[2026-09-12T03:44:55.691+0000] {processor.py:208} INFO - Processing /opt/airflow/dags/snowflake_connection_demo.py took 0.052 seconds
[2026-09-12T03:45:25.961+0000] {processor.py:186} INFO - Started process (PID=1948) to work on /opt/airflow/dags/snowflake_connection_demo.py
[2026-09-12T03:45:25.963+0000] {processor.py:914} INFO - Processing file /opt/airflow/dags/snowflake_connection_demo.py for tasks to queue
[2026-09-12T03:45:25.965+0000] {logging_mixin.py:190} INFO - [2026-09-12T03:45:25.965+0000] {dagbag.py:587} INFO - Filling up the DagBag from /opt/airflow/dags/snowflake_connection_demo.py
[2026-09-12T03:45:25.983+0000] {logging_mixin.py:190} INFO - [2026-09-12T03:45:25.982+0000] {dagbag.py:386} ERROR - Failed to import: /opt/airflow/dags/snowflake_connection_demo.py
Traceback (most recent call last):
  File "/home/airflow/.local/lib/python3.12/site-packages/airflow/models/dagbag.py", line 382, in parse
    loader.exec_module(new_module)
  File "<frozen importlib._bootstrap_external>", line 995, in exec_module
  File "<frozen importlib._bootstrap>", line 488, in _call_with_frames_removed
  File "/opt/airflow/dags/snowflake_connection_demo.py", line 67, in <module>
    url = Variable.get("country_capital_url")
          ^^^^^^^^^^^^^^^^^^^^^^^^^^^^^^^^^^^
  File "/home/airflow/.local/lib/python3.12/site-packages/airflow/models/variable.py", line 145, in get
    raise KeyError(f"Variable {key} does not exist")
KeyError: 'Variable country_capital_url does not exist'
[2026-09-12T03:45:25.984+0000] {processor.py:927} WARNING - No viable dags retrieved from /opt/airflow/dags/snowflake_connection_demo.py
[2026-09-12T03:45:25.988+0000] {processor.py:208} INFO - Processing /opt/airflow/dags/snowflake_connection_demo.py took 0.036 seconds
[2026-09-12T03:45:56.382+0000] {processor.py:186} INFO - Started process (PID=1959) to work on /opt/airflow/dags/snowflake_connection_demo.py
[2026-09-12T03:45:56.384+0000] {processor.py:914} INFO - Processing file /opt/airflow/dags/snowflake_connection_demo.py for tasks to queue
[2026-09-12T03:45:56.387+0000] {logging_mixin.py:190} INFO - [2026-09-12T03:45:56.386+0000] {dagbag.py:587} INFO - Filling up the DagBag from /opt/airflow/dags/snowflake_connection_demo.py
[2026-09-12T03:45:56.408+0000] {logging_mixin.py:190} INFO - [2026-09-12T03:45:56.406+0000] {dagbag.py:386} ERROR - Failed to import: /opt/airflow/dags/snowflake_connection_demo.py
Traceback (most recent call last):
  File "/home/airflow/.local/lib/python3.12/site-packages/airflow/models/dagbag.py", line 382, in parse
    loader.exec_module(new_module)
  File "<frozen importlib._bootstrap_external>", line 995, in exec_module
  File "<frozen importlib._bootstrap>", line 488, in _call_with_frames_removed
  File "/opt/airflow/dags/snowflake_connection_demo.py", line 67, in <module>
    url = Variable.get("country_capital_url")
          ^^^^^^^^^^^^^^^^^^^^^^^^^^^^^^^^^^^
  File "/home/airflow/.local/lib/python3.12/site-packages/airflow/models/variable.py", line 145, in get
    raise KeyError(f"Variable {key} does not exist")
KeyError: 'Variable country_capital_url does not exist'
[2026-09-12T03:45:56.408+0000] {processor.py:927} WARNING - No viable dags retrieved from /opt/airflow/dags/snowflake_connection_demo.py
[2026-09-12T03:45:56.414+0000] {processor.py:208} INFO - Processing /opt/airflow/dags/snowflake_connection_demo.py took 0.039 seconds
[2026-09-12T03:46:26.748+0000] {processor.py:186} INFO - Started process (PID=1970) to work on /opt/airflow/dags/snowflake_connection_demo.py
[2026-09-12T03:46:26.750+0000] {processor.py:914} INFO - Processing file /opt/airflow/dags/snowflake_connection_demo.py for tasks to queue
[2026-09-12T03:46:26.753+0000] {logging_mixin.py:190} INFO - [2026-09-12T03:46:26.753+0000] {dagbag.py:587} INFO - Filling up the DagBag from /opt/airflow/dags/snowflake_connection_demo.py
[2026-09-12T03:46:26.774+0000] {logging_mixin.py:190} INFO - [2026-09-12T03:46:26.773+0000] {dagbag.py:386} ERROR - Failed to import: /opt/airflow/dags/snowflake_connection_demo.py
Traceback (most recent call last):
  File "/home/airflow/.local/lib/python3.12/site-packages/airflow/models/dagbag.py", line 382, in parse
    loader.exec_module(new_module)
  File "<frozen importlib._bootstrap_external>", line 995, in exec_module
  File "<frozen importlib._bootstrap>", line 488, in _call_with_frames_removed
  File "/opt/airflow/dags/snowflake_connection_demo.py", line 67, in <module>
    url = Variable.get("country_capital_url")
          ^^^^^^^^^^^^^^^^^^^^^^^^^^^^^^^^^^^
  File "/home/airflow/.local/lib/python3.12/site-packages/airflow/models/variable.py", line 145, in get
    raise KeyError(f"Variable {key} does not exist")
KeyError: 'Variable country_capital_url does not exist'
[2026-09-12T03:46:26.775+0000] {processor.py:927} WARNING - No viable dags retrieved from /opt/airflow/dags/snowflake_connection_demo.py
[2026-09-12T03:46:26.785+0000] {processor.py:208} INFO - Processing /opt/airflow/dags/snowflake_connection_demo.py took 0.042 seconds
[2026-09-12T03:46:57.107+0000] {processor.py:186} INFO - Started process (PID=1981) to work on /opt/airflow/dags/snowflake_connection_demo.py
[2026-09-12T03:46:57.109+0000] {processor.py:914} INFO - Processing file /opt/airflow/dags/snowflake_connection_demo.py for tasks to queue
[2026-09-12T03:46:57.111+0000] {logging_mixin.py:190} INFO - [2026-09-12T03:46:57.110+0000] {dagbag.py:587} INFO - Filling up the DagBag from /opt/airflow/dags/snowflake_connection_demo.py
[2026-09-12T03:46:57.123+0000] {logging_mixin.py:190} INFO - [2026-09-12T03:46:57.122+0000] {dagbag.py:386} ERROR - Failed to import: /opt/airflow/dags/snowflake_connection_demo.py
Traceback (most recent call last):
  File "/home/airflow/.local/lib/python3.12/site-packages/airflow/models/dagbag.py", line 382, in parse
    loader.exec_module(new_module)
  File "<frozen importlib._bootstrap_external>", line 995, in exec_module
  File "<frozen importlib._bootstrap>", line 488, in _call_with_frames_removed
  File "/opt/airflow/dags/snowflake_connection_demo.py", line 67, in <module>
    url = Variable.get("country_capital_url")
          ^^^^^^^^^^^^^^^^^^^^^^^^^^^^^^^^^^^
  File "/home/airflow/.local/lib/python3.12/site-packages/airflow/models/variable.py", line 145, in get
    raise KeyError(f"Variable {key} does not exist")
KeyError: 'Variable country_capital_url does not exist'
[2026-09-12T03:46:57.124+0000] {processor.py:927} WARNING - No viable dags retrieved from /opt/airflow/dags/snowflake_connection_demo.py
[2026-09-12T03:46:57.129+0000] {processor.py:208} INFO - Processing /opt/airflow/dags/snowflake_connection_demo.py took 0.028 seconds
[2026-09-12T03:47:27.449+0000] {processor.py:186} INFO - Started process (PID=1992) to work on /opt/airflow/dags/snowflake_connection_demo.py
[2026-09-12T03:47:27.451+0000] {processor.py:914} INFO - Processing file /opt/airflow/dags/snowflake_connection_demo.py for tasks to queue
[2026-09-12T03:47:27.454+0000] {logging_mixin.py:190} INFO - [2026-09-12T03:47:27.453+0000] {dagbag.py:587} INFO - Filling up the DagBag from /opt/airflow/dags/snowflake_connection_demo.py
[2026-09-12T03:47:27.470+0000] {logging_mixin.py:190} INFO - [2026-09-12T03:47:27.469+0000] {dagbag.py:386} ERROR - Failed to import: /opt/airflow/dags/snowflake_connection_demo.py
Traceback (most recent call last):
  File "/home/airflow/.local/lib/python3.12/site-packages/airflow/models/dagbag.py", line 382, in parse
    loader.exec_module(new_module)
  File "<frozen importlib._bootstrap_external>", line 995, in exec_module
  File "<frozen importlib._bootstrap>", line 488, in _call_with_frames_removed
  File "/opt/airflow/dags/snowflake_connection_demo.py", line 67, in <module>
    url = Variable.get("country_capital_url")
          ^^^^^^^^^^^^^^^^^^^^^^^^^^^^^^^^^^^
  File "/home/airflow/.local/lib/python3.12/site-packages/airflow/models/variable.py", line 145, in get
    raise KeyError(f"Variable {key} does not exist")
KeyError: 'Variable country_capital_url does not exist'
[2026-09-12T03:47:27.470+0000] {processor.py:927} WARNING - No viable dags retrieved from /opt/airflow/dags/snowflake_connection_demo.py
[2026-09-12T03:47:27.476+0000] {processor.py:208} INFO - Processing /opt/airflow/dags/snowflake_connection_demo.py took 0.032 seconds
[2026-09-12T03:47:57.824+0000] {processor.py:186} INFO - Started process (PID=2003) to work on /opt/airflow/dags/snowflake_connection_demo.py
[2026-09-12T03:47:57.826+0000] {processor.py:914} INFO - Processing file /opt/airflow/dags/snowflake_connection_demo.py for tasks to queue
[2026-09-12T03:47:57.829+0000] {logging_mixin.py:190} INFO - [2026-09-12T03:47:57.828+0000] {dagbag.py:587} INFO - Filling up the DagBag from /opt/airflow/dags/snowflake_connection_demo.py
[2026-09-12T03:47:57.846+0000] {logging_mixin.py:190} INFO - [2026-09-12T03:47:57.845+0000] {dagbag.py:386} ERROR - Failed to import: /opt/airflow/dags/snowflake_connection_demo.py
Traceback (most recent call last):
  File "/home/airflow/.local/lib/python3.12/site-packages/airflow/models/dagbag.py", line 382, in parse
    loader.exec_module(new_module)
  File "<frozen importlib._bootstrap_external>", line 995, in exec_module
  File "<frozen importlib._bootstrap>", line 488, in _call_with_frames_removed
  File "/opt/airflow/dags/snowflake_connection_demo.py", line 67, in <module>
    url = Variable.get("country_capital_url")
          ^^^^^^^^^^^^^^^^^^^^^^^^^^^^^^^^^^^
  File "/home/airflow/.local/lib/python3.12/site-packages/airflow/models/variable.py", line 145, in get
    raise KeyError(f"Variable {key} does not exist")
KeyError: 'Variable country_capital_url does not exist'
[2026-09-12T03:47:57.846+0000] {processor.py:927} WARNING - No viable dags retrieved from /opt/airflow/dags/snowflake_connection_demo.py
[2026-09-12T03:47:57.851+0000] {processor.py:208} INFO - Processing /opt/airflow/dags/snowflake_connection_demo.py took 0.034 seconds
[2026-09-12T03:48:28.204+0000] {processor.py:186} INFO - Started process (PID=2014) to work on /opt/airflow/dags/snowflake_connection_demo.py
[2026-09-12T03:48:28.205+0000] {processor.py:914} INFO - Processing file /opt/airflow/dags/snowflake_connection_demo.py for tasks to queue
[2026-09-12T03:48:28.209+0000] {logging_mixin.py:190} INFO - [2026-09-12T03:48:28.208+0000] {dagbag.py:587} INFO - Filling up the DagBag from /opt/airflow/dags/snowflake_connection_demo.py
[2026-09-12T03:48:28.235+0000] {logging_mixin.py:190} INFO - [2026-09-12T03:48:28.234+0000] {dagbag.py:386} ERROR - Failed to import: /opt/airflow/dags/snowflake_connection_demo.py
Traceback (most recent call last):
  File "/home/airflow/.local/lib/python3.12/site-packages/airflow/models/dagbag.py", line 382, in parse
    loader.exec_module(new_module)
  File "<frozen importlib._bootstrap_external>", line 995, in exec_module
  File "<frozen importlib._bootstrap>", line 488, in _call_with_frames_removed
  File "/opt/airflow/dags/snowflake_connection_demo.py", line 67, in <module>
    url = Variable.get("country_capital_url")
          ^^^^^^^^^^^^^^^^^^^^^^^^^^^^^^^^^^^
  File "/home/airflow/.local/lib/python3.12/site-packages/airflow/models/variable.py", line 145, in get
    raise KeyError(f"Variable {key} does not exist")
KeyError: 'Variable country_capital_url does not exist'
[2026-09-12T03:48:28.236+0000] {processor.py:927} WARNING - No viable dags retrieved from /opt/airflow/dags/snowflake_connection_demo.py
[2026-09-12T03:48:28.241+0000] {processor.py:208} INFO - Processing /opt/airflow/dags/snowflake_connection_demo.py took 0.043 seconds
[2026-09-12T03:48:58.520+0000] {processor.py:186} INFO - Started process (PID=2025) to work on /opt/airflow/dags/snowflake_connection_demo.py
[2026-09-12T03:48:58.523+0000] {processor.py:914} INFO - Processing file /opt/airflow/dags/snowflake_connection_demo.py for tasks to queue
[2026-09-12T03:48:58.525+0000] {logging_mixin.py:190} INFO - [2026-09-12T03:48:58.525+0000] {dagbag.py:587} INFO - Filling up the DagBag from /opt/airflow/dags/snowflake_connection_demo.py
[2026-09-12T03:48:58.544+0000] {logging_mixin.py:190} INFO - [2026-09-12T03:48:58.543+0000] {dagbag.py:386} ERROR - Failed to import: /opt/airflow/dags/snowflake_connection_demo.py
Traceback (most recent call last):
  File "/home/airflow/.local/lib/python3.12/site-packages/airflow/models/dagbag.py", line 382, in parse
    loader.exec_module(new_module)
  File "<frozen importlib._bootstrap_external>", line 995, in exec_module
  File "<frozen importlib._bootstrap>", line 488, in _call_with_frames_removed
  File "/opt/airflow/dags/snowflake_connection_demo.py", line 67, in <module>
    url = Variable.get("country_capital_url")
          ^^^^^^^^^^^^^^^^^^^^^^^^^^^^^^^^^^^
  File "/home/airflow/.local/lib/python3.12/site-packages/airflow/models/variable.py", line 145, in get
    raise KeyError(f"Variable {key} does not exist")
KeyError: 'Variable country_capital_url does not exist'
[2026-09-12T03:48:58.545+0000] {processor.py:927} WARNING - No viable dags retrieved from /opt/airflow/dags/snowflake_connection_demo.py
[2026-09-12T03:48:58.549+0000] {processor.py:208} INFO - Processing /opt/airflow/dags/snowflake_connection_demo.py took 0.037 seconds
[2026-09-12T03:49:28.926+0000] {processor.py:186} INFO - Started process (PID=2036) to work on /opt/airflow/dags/snowflake_connection_demo.py
[2026-09-12T03:49:28.928+0000] {processor.py:914} INFO - Processing file /opt/airflow/dags/snowflake_connection_demo.py for tasks to queue
[2026-09-12T03:49:28.931+0000] {logging_mixin.py:190} INFO - [2026-09-12T03:49:28.931+0000] {dagbag.py:587} INFO - Filling up the DagBag from /opt/airflow/dags/snowflake_connection_demo.py
[2026-09-12T03:49:28.949+0000] {logging_mixin.py:190} INFO - [2026-09-12T03:49:28.948+0000] {dagbag.py:386} ERROR - Failed to import: /opt/airflow/dags/snowflake_connection_demo.py
Traceback (most recent call last):
  File "/home/airflow/.local/lib/python3.12/site-packages/airflow/models/dagbag.py", line 382, in parse
    loader.exec_module(new_module)
  File "<frozen importlib._bootstrap_external>", line 995, in exec_module
  File "<frozen importlib._bootstrap>", line 488, in _call_with_frames_removed
  File "/opt/airflow/dags/snowflake_connection_demo.py", line 67, in <module>
    url = Variable.get("country_capital_url")
          ^^^^^^^^^^^^^^^^^^^^^^^^^^^^^^^^^^^
  File "/home/airflow/.local/lib/python3.12/site-packages/airflow/models/variable.py", line 145, in get
    raise KeyError(f"Variable {key} does not exist")
KeyError: 'Variable country_capital_url does not exist'
[2026-09-12T03:49:28.950+0000] {processor.py:927} WARNING - No viable dags retrieved from /opt/airflow/dags/snowflake_connection_demo.py
[2026-09-12T03:49:28.955+0000] {processor.py:208} INFO - Processing /opt/airflow/dags/snowflake_connection_demo.py took 0.036 seconds
[2026-09-12T03:49:59.396+0000] {processor.py:186} INFO - Started process (PID=2047) to work on /opt/airflow/dags/snowflake_connection_demo.py
[2026-09-12T03:49:59.397+0000] {processor.py:914} INFO - Processing file /opt/airflow/dags/snowflake_connection_demo.py for tasks to queue
[2026-09-12T03:49:59.399+0000] {logging_mixin.py:190} INFO - [2026-09-12T03:49:59.399+0000] {dagbag.py:587} INFO - Filling up the DagBag from /opt/airflow/dags/snowflake_connection_demo.py
[2026-09-12T03:49:59.415+0000] {logging_mixin.py:190} INFO - [2026-09-12T03:49:59.414+0000] {dagbag.py:386} ERROR - Failed to import: /opt/airflow/dags/snowflake_connection_demo.py
Traceback (most recent call last):
  File "/home/airflow/.local/lib/python3.12/site-packages/airflow/models/dagbag.py", line 382, in parse
    loader.exec_module(new_module)
  File "<frozen importlib._bootstrap_external>", line 995, in exec_module
  File "<frozen importlib._bootstrap>", line 488, in _call_with_frames_removed
  File "/opt/airflow/dags/snowflake_connection_demo.py", line 67, in <module>
    url = Variable.get("country_capital_url")
          ^^^^^^^^^^^^^^^^^^^^^^^^^^^^^^^^^^^
  File "/home/airflow/.local/lib/python3.12/site-packages/airflow/models/variable.py", line 145, in get
    raise KeyError(f"Variable {key} does not exist")
KeyError: 'Variable country_capital_url does not exist'
[2026-09-12T03:49:59.416+0000] {processor.py:927} WARNING - No viable dags retrieved from /opt/airflow/dags/snowflake_connection_demo.py
[2026-09-12T03:49:59.421+0000] {processor.py:208} INFO - Processing /opt/airflow/dags/snowflake_connection_demo.py took 0.030 seconds
[2026-09-12T03:50:29.750+0000] {processor.py:186} INFO - Started process (PID=2058) to work on /opt/airflow/dags/snowflake_connection_demo.py
[2026-09-12T03:50:29.752+0000] {processor.py:914} INFO - Processing file /opt/airflow/dags/snowflake_connection_demo.py for tasks to queue
[2026-09-12T03:50:29.754+0000] {logging_mixin.py:190} INFO - [2026-09-12T03:50:29.754+0000] {dagbag.py:587} INFO - Filling up the DagBag from /opt/airflow/dags/snowflake_connection_demo.py
[2026-09-12T03:50:29.773+0000] {logging_mixin.py:190} INFO - [2026-09-12T03:50:29.772+0000] {dagbag.py:386} ERROR - Failed to import: /opt/airflow/dags/snowflake_connection_demo.py
Traceback (most recent call last):
  File "/home/airflow/.local/lib/python3.12/site-packages/airflow/models/dagbag.py", line 382, in parse
    loader.exec_module(new_module)
  File "<frozen importlib._bootstrap_external>", line 995, in exec_module
  File "<frozen importlib._bootstrap>", line 488, in _call_with_frames_removed
  File "/opt/airflow/dags/snowflake_connection_demo.py", line 67, in <module>
    url = Variable.get("country_capital_url")
          ^^^^^^^^^^^^^^^^^^^^^^^^^^^^^^^^^^^
  File "/home/airflow/.local/lib/python3.12/site-packages/airflow/models/variable.py", line 145, in get
    raise KeyError(f"Variable {key} does not exist")
KeyError: 'Variable country_capital_url does not exist'
[2026-09-12T03:50:29.773+0000] {processor.py:927} WARNING - No viable dags retrieved from /opt/airflow/dags/snowflake_connection_demo.py
[2026-09-12T03:50:29.779+0000] {processor.py:208} INFO - Processing /opt/airflow/dags/snowflake_connection_demo.py took 0.036 seconds
[2026-09-12T03:51:00.141+0000] {processor.py:186} INFO - Started process (PID=2069) to work on /opt/airflow/dags/snowflake_connection_demo.py
[2026-09-12T03:51:00.144+0000] {processor.py:914} INFO - Processing file /opt/airflow/dags/snowflake_connection_demo.py for tasks to queue
[2026-09-12T03:51:00.146+0000] {logging_mixin.py:190} INFO - [2026-09-12T03:51:00.146+0000] {dagbag.py:587} INFO - Filling up the DagBag from /opt/airflow/dags/snowflake_connection_demo.py
[2026-09-12T03:51:00.163+0000] {logging_mixin.py:190} INFO - [2026-09-12T03:51:00.161+0000] {dagbag.py:386} ERROR - Failed to import: /opt/airflow/dags/snowflake_connection_demo.py
Traceback (most recent call last):
  File "/home/airflow/.local/lib/python3.12/site-packages/airflow/models/dagbag.py", line 382, in parse
    loader.exec_module(new_module)
  File "<frozen importlib._bootstrap_external>", line 995, in exec_module
  File "<frozen importlib._bootstrap>", line 488, in _call_with_frames_removed
  File "/opt/airflow/dags/snowflake_connection_demo.py", line 67, in <module>
    url = Variable.get("country_capital_url")
          ^^^^^^^^^^^^^^^^^^^^^^^^^^^^^^^^^^^
  File "/home/airflow/.local/lib/python3.12/site-packages/airflow/models/variable.py", line 145, in get
    raise KeyError(f"Variable {key} does not exist")
KeyError: 'Variable country_capital_url does not exist'
[2026-09-12T03:51:00.163+0000] {processor.py:927} WARNING - No viable dags retrieved from /opt/airflow/dags/snowflake_connection_demo.py
[2026-09-12T03:51:00.168+0000] {processor.py:208} INFO - Processing /opt/airflow/dags/snowflake_connection_demo.py took 0.033 seconds
[2026-09-12T03:51:30.533+0000] {processor.py:186} INFO - Started process (PID=2079) to work on /opt/airflow/dags/snowflake_connection_demo.py
[2026-09-12T03:51:30.535+0000] {processor.py:914} INFO - Processing file /opt/airflow/dags/snowflake_connection_demo.py for tasks to queue
[2026-09-12T03:51:30.538+0000] {logging_mixin.py:190} INFO - [2026-09-12T03:51:30.538+0000] {dagbag.py:587} INFO - Filling up the DagBag from /opt/airflow/dags/snowflake_connection_demo.py
[2026-09-12T03:51:30.557+0000] {logging_mixin.py:190} INFO - [2026-09-12T03:51:30.556+0000] {dagbag.py:386} ERROR - Failed to import: /opt/airflow/dags/snowflake_connection_demo.py
Traceback (most recent call last):
  File "/home/airflow/.local/lib/python3.12/site-packages/airflow/models/dagbag.py", line 382, in parse
    loader.exec_module(new_module)
  File "<frozen importlib._bootstrap_external>", line 995, in exec_module
  File "<frozen importlib._bootstrap>", line 488, in _call_with_frames_removed
  File "/opt/airflow/dags/snowflake_connection_demo.py", line 67, in <module>
    url = Variable.get("country_capital_url")
          ^^^^^^^^^^^^^^^^^^^^^^^^^^^^^^^^^^^
  File "/home/airflow/.local/lib/python3.12/site-packages/airflow/models/variable.py", line 145, in get
    raise KeyError(f"Variable {key} does not exist")
KeyError: 'Variable country_capital_url does not exist'
[2026-09-12T03:51:30.557+0000] {processor.py:927} WARNING - No viable dags retrieved from /opt/airflow/dags/snowflake_connection_demo.py
[2026-09-12T03:51:30.562+0000] {processor.py:208} INFO - Processing /opt/airflow/dags/snowflake_connection_demo.py took 0.037 seconds
[2026-09-12T03:52:00.860+0000] {processor.py:186} INFO - Started process (PID=2090) to work on /opt/airflow/dags/snowflake_connection_demo.py
[2026-09-12T03:52:00.862+0000] {processor.py:914} INFO - Processing file /opt/airflow/dags/snowflake_connection_demo.py for tasks to queue
[2026-09-12T03:52:00.864+0000] {logging_mixin.py:190} INFO - [2026-09-12T03:52:00.863+0000] {dagbag.py:587} INFO - Filling up the DagBag from /opt/airflow/dags/snowflake_connection_demo.py
[2026-09-12T03:52:00.876+0000] {logging_mixin.py:190} INFO - [2026-09-12T03:52:00.876+0000] {dagbag.py:386} ERROR - Failed to import: /opt/airflow/dags/snowflake_connection_demo.py
Traceback (most recent call last):
  File "/home/airflow/.local/lib/python3.12/site-packages/airflow/models/dagbag.py", line 382, in parse
    loader.exec_module(new_module)
  File "<frozen importlib._bootstrap_external>", line 995, in exec_module
  File "<frozen importlib._bootstrap>", line 488, in _call_with_frames_removed
  File "/opt/airflow/dags/snowflake_connection_demo.py", line 67, in <module>
    url = Variable.get("country_capital_url")
          ^^^^^^^^^^^^^^^^^^^^^^^^^^^^^^^^^^^
  File "/home/airflow/.local/lib/python3.12/site-packages/airflow/models/variable.py", line 145, in get
    raise KeyError(f"Variable {key} does not exist")
KeyError: 'Variable country_capital_url does not exist'
[2026-09-12T03:52:00.877+0000] {processor.py:927} WARNING - No viable dags retrieved from /opt/airflow/dags/snowflake_connection_demo.py
[2026-09-12T03:52:00.882+0000] {processor.py:208} INFO - Processing /opt/airflow/dags/snowflake_connection_demo.py took 0.027 seconds
[2026-09-12T03:52:31.235+0000] {processor.py:186} INFO - Started process (PID=2101) to work on /opt/airflow/dags/snowflake_connection_demo.py
[2026-09-12T03:52:31.236+0000] {processor.py:914} INFO - Processing file /opt/airflow/dags/snowflake_connection_demo.py for tasks to queue
[2026-09-12T03:52:31.239+0000] {logging_mixin.py:190} INFO - [2026-09-12T03:52:31.238+0000] {dagbag.py:587} INFO - Filling up the DagBag from /opt/airflow/dags/snowflake_connection_demo.py
[2026-09-12T03:52:31.255+0000] {logging_mixin.py:190} INFO - [2026-09-12T03:52:31.254+0000] {dagbag.py:386} ERROR - Failed to import: /opt/airflow/dags/snowflake_connection_demo.py
Traceback (most recent call last):
  File "/home/airflow/.local/lib/python3.12/site-packages/airflow/models/dagbag.py", line 382, in parse
    loader.exec_module(new_module)
  File "<frozen importlib._bootstrap_external>", line 995, in exec_module
  File "<frozen importlib._bootstrap>", line 488, in _call_with_frames_removed
  File "/opt/airflow/dags/snowflake_connection_demo.py", line 67, in <module>
    url = Variable.get("country_capital_url")
          ^^^^^^^^^^^^^^^^^^^^^^^^^^^^^^^^^^^
  File "/home/airflow/.local/lib/python3.12/site-packages/airflow/models/variable.py", line 145, in get
    raise KeyError(f"Variable {key} does not exist")
KeyError: 'Variable country_capital_url does not exist'
[2026-09-12T03:52:31.255+0000] {processor.py:927} WARNING - No viable dags retrieved from /opt/airflow/dags/snowflake_connection_demo.py
[2026-09-12T03:52:31.261+0000] {processor.py:208} INFO - Processing /opt/airflow/dags/snowflake_connection_demo.py took 0.033 seconds
[2026-09-12T03:53:01.620+0000] {processor.py:186} INFO - Started process (PID=2112) to work on /opt/airflow/dags/snowflake_connection_demo.py
[2026-09-12T03:53:01.623+0000] {processor.py:914} INFO - Processing file /opt/airflow/dags/snowflake_connection_demo.py for tasks to queue
[2026-09-12T03:53:01.625+0000] {logging_mixin.py:190} INFO - [2026-09-12T03:53:01.624+0000] {dagbag.py:587} INFO - Filling up the DagBag from /opt/airflow/dags/snowflake_connection_demo.py
[2026-09-12T03:53:01.640+0000] {logging_mixin.py:190} INFO - [2026-09-12T03:53:01.639+0000] {dagbag.py:386} ERROR - Failed to import: /opt/airflow/dags/snowflake_connection_demo.py
Traceback (most recent call last):
  File "/home/airflow/.local/lib/python3.12/site-packages/airflow/models/dagbag.py", line 382, in parse
    loader.exec_module(new_module)
  File "<frozen importlib._bootstrap_external>", line 995, in exec_module
  File "<frozen importlib._bootstrap>", line 488, in _call_with_frames_removed
  File "/opt/airflow/dags/snowflake_connection_demo.py", line 67, in <module>
    url = Variable.get("country_capital_url")
          ^^^^^^^^^^^^^^^^^^^^^^^^^^^^^^^^^^^
  File "/home/airflow/.local/lib/python3.12/site-packages/airflow/models/variable.py", line 145, in get
    raise KeyError(f"Variable {key} does not exist")
KeyError: 'Variable country_capital_url does not exist'
[2026-09-12T03:53:01.640+0000] {processor.py:927} WARNING - No viable dags retrieved from /opt/airflow/dags/snowflake_connection_demo.py
[2026-09-12T03:53:01.645+0000] {processor.py:208} INFO - Processing /opt/airflow/dags/snowflake_connection_demo.py took 0.031 seconds
[2026-09-12T03:53:32.017+0000] {processor.py:186} INFO - Started process (PID=2123) to work on /opt/airflow/dags/snowflake_connection_demo.py
[2026-09-12T03:53:32.020+0000] {processor.py:914} INFO - Processing file /opt/airflow/dags/snowflake_connection_demo.py for tasks to queue
[2026-09-12T03:53:32.023+0000] {logging_mixin.py:190} INFO - [2026-09-12T03:53:32.023+0000] {dagbag.py:587} INFO - Filling up the DagBag from /opt/airflow/dags/snowflake_connection_demo.py
[2026-09-12T03:53:32.043+0000] {logging_mixin.py:190} INFO - [2026-09-12T03:53:32.042+0000] {dagbag.py:386} ERROR - Failed to import: /opt/airflow/dags/snowflake_connection_demo.py
Traceback (most recent call last):
  File "/home/airflow/.local/lib/python3.12/site-packages/airflow/models/dagbag.py", line 382, in parse
    loader.exec_module(new_module)
  File "<frozen importlib._bootstrap_external>", line 995, in exec_module
  File "<frozen importlib._bootstrap>", line 488, in _call_with_frames_removed
  File "/opt/airflow/dags/snowflake_connection_demo.py", line 67, in <module>
    url = Variable.get("country_capital_url")
          ^^^^^^^^^^^^^^^^^^^^^^^^^^^^^^^^^^^
  File "/home/airflow/.local/lib/python3.12/site-packages/airflow/models/variable.py", line 145, in get
    raise KeyError(f"Variable {key} does not exist")
KeyError: 'Variable country_capital_url does not exist'
[2026-09-12T03:53:32.043+0000] {processor.py:927} WARNING - No viable dags retrieved from /opt/airflow/dags/snowflake_connection_demo.py
[2026-09-12T03:53:32.049+0000] {processor.py:208} INFO - Processing /opt/airflow/dags/snowflake_connection_demo.py took 0.039 seconds
[2026-09-12T03:54:02.462+0000] {processor.py:186} INFO - Started process (PID=2134) to work on /opt/airflow/dags/snowflake_connection_demo.py
[2026-09-12T03:54:02.464+0000] {processor.py:914} INFO - Processing file /opt/airflow/dags/snowflake_connection_demo.py for tasks to queue
[2026-09-12T03:54:02.467+0000] {logging_mixin.py:190} INFO - [2026-09-12T03:54:02.466+0000] {dagbag.py:587} INFO - Filling up the DagBag from /opt/airflow/dags/snowflake_connection_demo.py
[2026-09-12T03:54:02.491+0000] {logging_mixin.py:190} INFO - [2026-09-12T03:54:02.490+0000] {dagbag.py:386} ERROR - Failed to import: /opt/airflow/dags/snowflake_connection_demo.py
Traceback (most recent call last):
  File "/home/airflow/.local/lib/python3.12/site-packages/airflow/models/dagbag.py", line 382, in parse
    loader.exec_module(new_module)
  File "<frozen importlib._bootstrap_external>", line 995, in exec_module
  File "<frozen importlib._bootstrap>", line 488, in _call_with_frames_removed
  File "/opt/airflow/dags/snowflake_connection_demo.py", line 67, in <module>
    url = Variable.get("country_capital_url")
          ^^^^^^^^^^^^^^^^^^^^^^^^^^^^^^^^^^^
  File "/home/airflow/.local/lib/python3.12/site-packages/airflow/models/variable.py", line 145, in get
    raise KeyError(f"Variable {key} does not exist")
KeyError: 'Variable country_capital_url does not exist'
[2026-09-12T03:54:02.491+0000] {processor.py:927} WARNING - No viable dags retrieved from /opt/airflow/dags/snowflake_connection_demo.py
[2026-09-12T03:54:02.498+0000] {processor.py:208} INFO - Processing /opt/airflow/dags/snowflake_connection_demo.py took 0.043 seconds
[2026-09-12T03:54:32.857+0000] {processor.py:186} INFO - Started process (PID=2145) to work on /opt/airflow/dags/snowflake_connection_demo.py
[2026-09-12T03:54:32.859+0000] {processor.py:914} INFO - Processing file /opt/airflow/dags/snowflake_connection_demo.py for tasks to queue
[2026-09-12T03:54:32.861+0000] {logging_mixin.py:190} INFO - [2026-09-12T03:54:32.861+0000] {dagbag.py:587} INFO - Filling up the DagBag from /opt/airflow/dags/snowflake_connection_demo.py
[2026-09-12T03:54:32.877+0000] {logging_mixin.py:190} INFO - [2026-09-12T03:54:32.876+0000] {dagbag.py:386} ERROR - Failed to import: /opt/airflow/dags/snowflake_connection_demo.py
Traceback (most recent call last):
  File "/home/airflow/.local/lib/python3.12/site-packages/airflow/models/dagbag.py", line 382, in parse
    loader.exec_module(new_module)
  File "<frozen importlib._bootstrap_external>", line 995, in exec_module
  File "<frozen importlib._bootstrap>", line 488, in _call_with_frames_removed
  File "/opt/airflow/dags/snowflake_connection_demo.py", line 67, in <module>
    url = Variable.get("country_capital_url")
          ^^^^^^^^^^^^^^^^^^^^^^^^^^^^^^^^^^^
  File "/home/airflow/.local/lib/python3.12/site-packages/airflow/models/variable.py", line 145, in get
    raise KeyError(f"Variable {key} does not exist")
KeyError: 'Variable country_capital_url does not exist'
[2026-09-12T03:54:32.877+0000] {processor.py:927} WARNING - No viable dags retrieved from /opt/airflow/dags/snowflake_connection_demo.py
[2026-09-12T03:54:32.882+0000] {processor.py:208} INFO - Processing /opt/airflow/dags/snowflake_connection_demo.py took 0.031 seconds
[2026-09-12T03:55:03.220+0000] {processor.py:186} INFO - Started process (PID=2156) to work on /opt/airflow/dags/snowflake_connection_demo.py
[2026-09-12T03:55:03.222+0000] {processor.py:914} INFO - Processing file /opt/airflow/dags/snowflake_connection_demo.py for tasks to queue
[2026-09-12T03:55:03.226+0000] {logging_mixin.py:190} INFO - [2026-09-12T03:55:03.225+0000] {dagbag.py:587} INFO - Filling up the DagBag from /opt/airflow/dags/snowflake_connection_demo.py
[2026-09-12T03:55:03.247+0000] {logging_mixin.py:190} INFO - [2026-09-12T03:55:03.245+0000] {dagbag.py:386} ERROR - Failed to import: /opt/airflow/dags/snowflake_connection_demo.py
Traceback (most recent call last):
  File "/home/airflow/.local/lib/python3.12/site-packages/airflow/models/dagbag.py", line 382, in parse
    loader.exec_module(new_module)
  File "<frozen importlib._bootstrap_external>", line 995, in exec_module
  File "<frozen importlib._bootstrap>", line 488, in _call_with_frames_removed
  File "/opt/airflow/dags/snowflake_connection_demo.py", line 67, in <module>
    url = Variable.get("country_capital_url")
          ^^^^^^^^^^^^^^^^^^^^^^^^^^^^^^^^^^^
  File "/home/airflow/.local/lib/python3.12/site-packages/airflow/models/variable.py", line 145, in get
    raise KeyError(f"Variable {key} does not exist")
KeyError: 'Variable country_capital_url does not exist'
[2026-09-12T03:55:03.248+0000] {processor.py:927} WARNING - No viable dags retrieved from /opt/airflow/dags/snowflake_connection_demo.py
[2026-09-12T03:55:03.256+0000] {processor.py:208} INFO - Processing /opt/airflow/dags/snowflake_connection_demo.py took 0.045 seconds
[2026-09-12T03:55:33.676+0000] {processor.py:186} INFO - Started process (PID=2167) to work on /opt/airflow/dags/snowflake_connection_demo.py
[2026-09-12T03:55:33.678+0000] {processor.py:914} INFO - Processing file /opt/airflow/dags/snowflake_connection_demo.py for tasks to queue
[2026-09-12T03:55:33.682+0000] {logging_mixin.py:190} INFO - [2026-09-12T03:55:33.681+0000] {dagbag.py:587} INFO - Filling up the DagBag from /opt/airflow/dags/snowflake_connection_demo.py
[2026-09-12T03:55:33.706+0000] {logging_mixin.py:190} INFO - [2026-09-12T03:55:33.705+0000] {dagbag.py:386} ERROR - Failed to import: /opt/airflow/dags/snowflake_connection_demo.py
Traceback (most recent call last):
  File "/home/airflow/.local/lib/python3.12/site-packages/airflow/models/dagbag.py", line 382, in parse
    loader.exec_module(new_module)
  File "<frozen importlib._bootstrap_external>", line 995, in exec_module
  File "<frozen importlib._bootstrap>", line 488, in _call_with_frames_removed
  File "/opt/airflow/dags/snowflake_connection_demo.py", line 67, in <module>
    url = Variable.get("country_capital_url")
          ^^^^^^^^^^^^^^^^^^^^^^^^^^^^^^^^^^^
  File "/home/airflow/.local/lib/python3.12/site-packages/airflow/models/variable.py", line 145, in get
    raise KeyError(f"Variable {key} does not exist")
KeyError: 'Variable country_capital_url does not exist'
[2026-09-12T03:55:33.707+0000] {processor.py:927} WARNING - No viable dags retrieved from /opt/airflow/dags/snowflake_connection_demo.py
[2026-09-12T03:55:33.713+0000] {processor.py:208} INFO - Processing /opt/airflow/dags/snowflake_connection_demo.py took 0.045 seconds
[2026-09-12T03:56:04.096+0000] {processor.py:186} INFO - Started process (PID=2178) to work on /opt/airflow/dags/snowflake_connection_demo.py
[2026-09-12T03:56:04.098+0000] {processor.py:914} INFO - Processing file /opt/airflow/dags/snowflake_connection_demo.py for tasks to queue
[2026-09-12T03:56:04.101+0000] {logging_mixin.py:190} INFO - [2026-09-12T03:56:04.101+0000] {dagbag.py:587} INFO - Filling up the DagBag from /opt/airflow/dags/snowflake_connection_demo.py
[2026-09-12T03:56:04.120+0000] {logging_mixin.py:190} INFO - [2026-09-12T03:56:04.119+0000] {dagbag.py:386} ERROR - Failed to import: /opt/airflow/dags/snowflake_connection_demo.py
Traceback (most recent call last):
  File "/home/airflow/.local/lib/python3.12/site-packages/airflow/models/dagbag.py", line 382, in parse
    loader.exec_module(new_module)
  File "<frozen importlib._bootstrap_external>", line 995, in exec_module
  File "<frozen importlib._bootstrap>", line 488, in _call_with_frames_removed
  File "/opt/airflow/dags/snowflake_connection_demo.py", line 67, in <module>
    url = Variable.get("country_capital_url")
          ^^^^^^^^^^^^^^^^^^^^^^^^^^^^^^^^^^^
  File "/home/airflow/.local/lib/python3.12/site-packages/airflow/models/variable.py", line 145, in get
    raise KeyError(f"Variable {key} does not exist")
KeyError: 'Variable country_capital_url does not exist'
[2026-09-12T03:56:04.121+0000] {processor.py:927} WARNING - No viable dags retrieved from /opt/airflow/dags/snowflake_connection_demo.py
[2026-09-12T03:56:04.127+0000] {processor.py:208} INFO - Processing /opt/airflow/dags/snowflake_connection_demo.py took 0.037 seconds
[2026-09-12T03:56:34.574+0000] {processor.py:186} INFO - Started process (PID=2189) to work on /opt/airflow/dags/snowflake_connection_demo.py
[2026-09-12T03:56:34.576+0000] {processor.py:914} INFO - Processing file /opt/airflow/dags/snowflake_connection_demo.py for tasks to queue
[2026-09-12T03:56:34.579+0000] {logging_mixin.py:190} INFO - [2026-09-12T03:56:34.578+0000] {dagbag.py:587} INFO - Filling up the DagBag from /opt/airflow/dags/snowflake_connection_demo.py
[2026-09-12T03:56:34.598+0000] {logging_mixin.py:190} INFO - [2026-09-12T03:56:34.596+0000] {dagbag.py:386} ERROR - Failed to import: /opt/airflow/dags/snowflake_connection_demo.py
Traceback (most recent call last):
  File "/home/airflow/.local/lib/python3.12/site-packages/airflow/models/dagbag.py", line 382, in parse
    loader.exec_module(new_module)
  File "<frozen importlib._bootstrap_external>", line 995, in exec_module
  File "<frozen importlib._bootstrap>", line 488, in _call_with_frames_removed
  File "/opt/airflow/dags/snowflake_connection_demo.py", line 67, in <module>
    url = Variable.get("country_capital_url")
          ^^^^^^^^^^^^^^^^^^^^^^^^^^^^^^^^^^^
  File "/home/airflow/.local/lib/python3.12/site-packages/airflow/models/variable.py", line 145, in get
    raise KeyError(f"Variable {key} does not exist")
KeyError: 'Variable country_capital_url does not exist'
[2026-09-12T03:56:34.598+0000] {processor.py:927} WARNING - No viable dags retrieved from /opt/airflow/dags/snowflake_connection_demo.py
[2026-09-12T03:56:34.605+0000] {processor.py:208} INFO - Processing /opt/airflow/dags/snowflake_connection_demo.py took 0.038 seconds
[2026-09-12T03:57:05.003+0000] {processor.py:186} INFO - Started process (PID=2206) to work on /opt/airflow/dags/snowflake_connection_demo.py
[2026-09-12T03:57:05.005+0000] {processor.py:914} INFO - Processing file /opt/airflow/dags/snowflake_connection_demo.py for tasks to queue
[2026-09-12T03:57:05.008+0000] {logging_mixin.py:190} INFO - [2026-09-12T03:57:05.008+0000] {dagbag.py:587} INFO - Filling up the DagBag from /opt/airflow/dags/snowflake_connection_demo.py
[2026-09-12T03:57:05.025+0000] {logging_mixin.py:190} INFO - [2026-09-12T03:57:05.023+0000] {dagbag.py:386} ERROR - Failed to import: /opt/airflow/dags/snowflake_connection_demo.py
Traceback (most recent call last):
  File "/home/airflow/.local/lib/python3.12/site-packages/airflow/models/dagbag.py", line 382, in parse
    loader.exec_module(new_module)
  File "<frozen importlib._bootstrap_external>", line 995, in exec_module
  File "<frozen importlib._bootstrap>", line 488, in _call_with_frames_removed
  File "/opt/airflow/dags/snowflake_connection_demo.py", line 67, in <module>
    url = Variable.get("country_capital_url")
          ^^^^^^^^^^^^^^^^^^^^^^^^^^^^^^^^^^^
  File "/home/airflow/.local/lib/python3.12/site-packages/airflow/models/variable.py", line 145, in get
    raise KeyError(f"Variable {key} does not exist")
KeyError: 'Variable country_capital_url does not exist'
[2026-09-12T03:57:05.025+0000] {processor.py:927} WARNING - No viable dags retrieved from /opt/airflow/dags/snowflake_connection_demo.py
[2026-09-12T03:57:05.030+0000] {processor.py:208} INFO - Processing /opt/airflow/dags/snowflake_connection_demo.py took 0.036 seconds
[2026-09-12T03:57:35.449+0000] {processor.py:186} INFO - Started process (PID=2217) to work on /opt/airflow/dags/snowflake_connection_demo.py
[2026-09-12T03:57:35.452+0000] {processor.py:914} INFO - Processing file /opt/airflow/dags/snowflake_connection_demo.py for tasks to queue
[2026-09-12T03:57:35.456+0000] {logging_mixin.py:190} INFO - [2026-09-12T03:57:35.455+0000] {dagbag.py:587} INFO - Filling up the DagBag from /opt/airflow/dags/snowflake_connection_demo.py
[2026-09-12T03:57:35.476+0000] {logging_mixin.py:190} INFO - [2026-09-12T03:57:35.474+0000] {dagbag.py:386} ERROR - Failed to import: /opt/airflow/dags/snowflake_connection_demo.py
Traceback (most recent call last):
  File "/home/airflow/.local/lib/python3.12/site-packages/airflow/models/dagbag.py", line 382, in parse
    loader.exec_module(new_module)
  File "<frozen importlib._bootstrap_external>", line 995, in exec_module
  File "<frozen importlib._bootstrap>", line 488, in _call_with_frames_removed
  File "/opt/airflow/dags/snowflake_connection_demo.py", line 67, in <module>
    url = Variable.get("country_capital_url")
          ^^^^^^^^^^^^^^^^^^^^^^^^^^^^^^^^^^^
  File "/home/airflow/.local/lib/python3.12/site-packages/airflow/models/variable.py", line 145, in get
    raise KeyError(f"Variable {key} does not exist")
KeyError: 'Variable country_capital_url does not exist'
[2026-09-12T03:57:35.476+0000] {processor.py:927} WARNING - No viable dags retrieved from /opt/airflow/dags/snowflake_connection_demo.py
[2026-09-12T03:57:35.483+0000] {processor.py:208} INFO - Processing /opt/airflow/dags/snowflake_connection_demo.py took 0.041 seconds
[2026-09-12T03:58:05.848+0000] {processor.py:186} INFO - Started process (PID=2228) to work on /opt/airflow/dags/snowflake_connection_demo.py
[2026-09-12T03:58:05.851+0000] {processor.py:914} INFO - Processing file /opt/airflow/dags/snowflake_connection_demo.py for tasks to queue
[2026-09-12T03:58:05.853+0000] {logging_mixin.py:190} INFO - [2026-09-12T03:58:05.853+0000] {dagbag.py:587} INFO - Filling up the DagBag from /opt/airflow/dags/snowflake_connection_demo.py
[2026-09-12T03:58:05.870+0000] {logging_mixin.py:190} INFO - [2026-09-12T03:58:05.869+0000] {dagbag.py:386} ERROR - Failed to import: /opt/airflow/dags/snowflake_connection_demo.py
Traceback (most recent call last):
  File "/home/airflow/.local/lib/python3.12/site-packages/airflow/models/dagbag.py", line 382, in parse
    loader.exec_module(new_module)
  File "<frozen importlib._bootstrap_external>", line 995, in exec_module
  File "<frozen importlib._bootstrap>", line 488, in _call_with_frames_removed
  File "/opt/airflow/dags/snowflake_connection_demo.py", line 67, in <module>
    url = Variable.get("country_capital_url")
          ^^^^^^^^^^^^^^^^^^^^^^^^^^^^^^^^^^^
  File "/home/airflow/.local/lib/python3.12/site-packages/airflow/models/variable.py", line 145, in get
    raise KeyError(f"Variable {key} does not exist")
KeyError: 'Variable country_capital_url does not exist'
[2026-09-12T03:58:05.870+0000] {processor.py:927} WARNING - No viable dags retrieved from /opt/airflow/dags/snowflake_connection_demo.py
[2026-09-12T03:58:05.883+0000] {processor.py:208} INFO - Processing /opt/airflow/dags/snowflake_connection_demo.py took 0.040 seconds
[2026-09-12T03:58:36.193+0000] {processor.py:186} INFO - Started process (PID=2239) to work on /opt/airflow/dags/snowflake_connection_demo.py
[2026-09-12T03:58:36.194+0000] {processor.py:914} INFO - Processing file /opt/airflow/dags/snowflake_connection_demo.py for tasks to queue
[2026-09-12T03:58:36.196+0000] {logging_mixin.py:190} INFO - [2026-09-12T03:58:36.196+0000] {dagbag.py:587} INFO - Filling up the DagBag from /opt/airflow/dags/snowflake_connection_demo.py
[2026-09-12T03:58:36.211+0000] {logging_mixin.py:190} INFO - [2026-09-12T03:58:36.209+0000] {dagbag.py:386} ERROR - Failed to import: /opt/airflow/dags/snowflake_connection_demo.py
Traceback (most recent call last):
  File "/home/airflow/.local/lib/python3.12/site-packages/airflow/models/dagbag.py", line 382, in parse
    loader.exec_module(new_module)
  File "<frozen importlib._bootstrap_external>", line 995, in exec_module
  File "<frozen importlib._bootstrap>", line 488, in _call_with_frames_removed
  File "/opt/airflow/dags/snowflake_connection_demo.py", line 67, in <module>
    url = Variable.get("country_capital_url")
          ^^^^^^^^^^^^^^^^^^^^^^^^^^^^^^^^^^^
  File "/home/airflow/.local/lib/python3.12/site-packages/airflow/models/variable.py", line 145, in get
    raise KeyError(f"Variable {key} does not exist")
KeyError: 'Variable country_capital_url does not exist'
[2026-09-12T03:58:36.211+0000] {processor.py:927} WARNING - No viable dags retrieved from /opt/airflow/dags/snowflake_connection_demo.py
[2026-09-12T03:58:36.217+0000] {processor.py:208} INFO - Processing /opt/airflow/dags/snowflake_connection_demo.py took 0.029 seconds
[2026-09-12T03:59:06.557+0000] {processor.py:186} INFO - Started process (PID=2250) to work on /opt/airflow/dags/snowflake_connection_demo.py
[2026-09-12T03:59:06.559+0000] {processor.py:914} INFO - Processing file /opt/airflow/dags/snowflake_connection_demo.py for tasks to queue
[2026-09-12T03:59:06.563+0000] {logging_mixin.py:190} INFO - [2026-09-12T03:59:06.562+0000] {dagbag.py:587} INFO - Filling up the DagBag from /opt/airflow/dags/snowflake_connection_demo.py
[2026-09-12T03:59:06.582+0000] {logging_mixin.py:190} INFO - [2026-09-12T03:59:06.581+0000] {dagbag.py:386} ERROR - Failed to import: /opt/airflow/dags/snowflake_connection_demo.py
Traceback (most recent call last):
  File "/home/airflow/.local/lib/python3.12/site-packages/airflow/models/dagbag.py", line 382, in parse
    loader.exec_module(new_module)
  File "<frozen importlib._bootstrap_external>", line 995, in exec_module
  File "<frozen importlib._bootstrap>", line 488, in _call_with_frames_removed
  File "/opt/airflow/dags/snowflake_connection_demo.py", line 67, in <module>
    url = Variable.get("country_capital_url")
          ^^^^^^^^^^^^^^^^^^^^^^^^^^^^^^^^^^^
  File "/home/airflow/.local/lib/python3.12/site-packages/airflow/models/variable.py", line 145, in get
    raise KeyError(f"Variable {key} does not exist")
KeyError: 'Variable country_capital_url does not exist'
[2026-09-12T03:59:06.582+0000] {processor.py:927} WARNING - No viable dags retrieved from /opt/airflow/dags/snowflake_connection_demo.py
[2026-09-12T03:59:06.588+0000] {processor.py:208} INFO - Processing /opt/airflow/dags/snowflake_connection_demo.py took 0.039 seconds
[2026-09-12T03:59:36.876+0000] {processor.py:186} INFO - Started process (PID=2261) to work on /opt/airflow/dags/snowflake_connection_demo.py
[2026-09-12T03:59:36.879+0000] {processor.py:914} INFO - Processing file /opt/airflow/dags/snowflake_connection_demo.py for tasks to queue
[2026-09-12T03:59:36.881+0000] {logging_mixin.py:190} INFO - [2026-09-12T03:59:36.881+0000] {dagbag.py:587} INFO - Filling up the DagBag from /opt/airflow/dags/snowflake_connection_demo.py
[2026-09-12T03:59:36.894+0000] {logging_mixin.py:190} INFO - [2026-09-12T03:59:36.893+0000] {dagbag.py:386} ERROR - Failed to import: /opt/airflow/dags/snowflake_connection_demo.py
Traceback (most recent call last):
  File "/home/airflow/.local/lib/python3.12/site-packages/airflow/models/dagbag.py", line 382, in parse
    loader.exec_module(new_module)
  File "<frozen importlib._bootstrap_external>", line 995, in exec_module
  File "<frozen importlib._bootstrap>", line 488, in _call_with_frames_removed
  File "/opt/airflow/dags/snowflake_connection_demo.py", line 67, in <module>
    url = Variable.get("country_capital_url")
          ^^^^^^^^^^^^^^^^^^^^^^^^^^^^^^^^^^^
  File "/home/airflow/.local/lib/python3.12/site-packages/airflow/models/variable.py", line 145, in get
    raise KeyError(f"Variable {key} does not exist")
KeyError: 'Variable country_capital_url does not exist'
[2026-09-12T03:59:36.895+0000] {processor.py:927} WARNING - No viable dags retrieved from /opt/airflow/dags/snowflake_connection_demo.py
[2026-09-12T03:59:36.900+0000] {processor.py:208} INFO - Processing /opt/airflow/dags/snowflake_connection_demo.py took 0.027 seconds
[2026-09-12T04:00:07.256+0000] {processor.py:186} INFO - Started process (PID=2272) to work on /opt/airflow/dags/snowflake_connection_demo.py
[2026-09-12T04:00:07.259+0000] {processor.py:914} INFO - Processing file /opt/airflow/dags/snowflake_connection_demo.py for tasks to queue
[2026-09-12T04:00:07.261+0000] {logging_mixin.py:190} INFO - [2026-09-12T04:00:07.261+0000] {dagbag.py:587} INFO - Filling up the DagBag from /opt/airflow/dags/snowflake_connection_demo.py
[2026-09-12T04:00:07.276+0000] {logging_mixin.py:190} INFO - [2026-09-12T04:00:07.275+0000] {dagbag.py:386} ERROR - Failed to import: /opt/airflow/dags/snowflake_connection_demo.py
Traceback (most recent call last):
  File "/home/airflow/.local/lib/python3.12/site-packages/airflow/models/dagbag.py", line 382, in parse
    loader.exec_module(new_module)
  File "<frozen importlib._bootstrap_external>", line 995, in exec_module
  File "<frozen importlib._bootstrap>", line 488, in _call_with_frames_removed
  File "/opt/airflow/dags/snowflake_connection_demo.py", line 67, in <module>
    url = Variable.get("country_capital_url")
          ^^^^^^^^^^^^^^^^^^^^^^^^^^^^^^^^^^^
  File "/home/airflow/.local/lib/python3.12/site-packages/airflow/models/variable.py", line 145, in get
    raise KeyError(f"Variable {key} does not exist")
KeyError: 'Variable country_capital_url does not exist'
[2026-09-12T04:00:07.277+0000] {processor.py:927} WARNING - No viable dags retrieved from /opt/airflow/dags/snowflake_connection_demo.py
[2026-09-12T04:00:07.282+0000] {processor.py:208} INFO - Processing /opt/airflow/dags/snowflake_connection_demo.py took 0.032 seconds
[2026-09-12T04:00:37.684+0000] {processor.py:186} INFO - Started process (PID=2283) to work on /opt/airflow/dags/snowflake_connection_demo.py
[2026-09-12T04:00:37.685+0000] {processor.py:914} INFO - Processing file /opt/airflow/dags/snowflake_connection_demo.py for tasks to queue
[2026-09-12T04:00:37.689+0000] {logging_mixin.py:190} INFO - [2026-09-12T04:00:37.688+0000] {dagbag.py:587} INFO - Filling up the DagBag from /opt/airflow/dags/snowflake_connection_demo.py
[2026-09-12T04:00:37.724+0000] {logging_mixin.py:190} INFO - [2026-09-12T04:00:37.722+0000] {dagbag.py:386} ERROR - Failed to import: /opt/airflow/dags/snowflake_connection_demo.py
Traceback (most recent call last):
  File "/home/airflow/.local/lib/python3.12/site-packages/airflow/models/dagbag.py", line 382, in parse
    loader.exec_module(new_module)
  File "<frozen importlib._bootstrap_external>", line 995, in exec_module
  File "<frozen importlib._bootstrap>", line 488, in _call_with_frames_removed
  File "/opt/airflow/dags/snowflake_connection_demo.py", line 67, in <module>
    url = Variable.get("country_capital_url")
          ^^^^^^^^^^^^^^^^^^^^^^^^^^^^^^^^^^^
  File "/home/airflow/.local/lib/python3.12/site-packages/airflow/models/variable.py", line 145, in get
    raise KeyError(f"Variable {key} does not exist")
KeyError: 'Variable country_capital_url does not exist'
[2026-09-12T04:00:37.724+0000] {processor.py:927} WARNING - No viable dags retrieved from /opt/airflow/dags/snowflake_connection_demo.py
[2026-09-12T04:00:37.732+0000] {processor.py:208} INFO - Processing /opt/airflow/dags/snowflake_connection_demo.py took 0.056 seconds
[2026-09-12T04:01:08.054+0000] {processor.py:186} INFO - Started process (PID=2294) to work on /opt/airflow/dags/snowflake_connection_demo.py
[2026-09-12T04:01:08.056+0000] {processor.py:914} INFO - Processing file /opt/airflow/dags/snowflake_connection_demo.py for tasks to queue
[2026-09-12T04:01:08.060+0000] {logging_mixin.py:190} INFO - [2026-09-12T04:01:08.059+0000] {dagbag.py:587} INFO - Filling up the DagBag from /opt/airflow/dags/snowflake_connection_demo.py
[2026-09-12T04:01:08.089+0000] {logging_mixin.py:190} INFO - [2026-09-12T04:01:08.087+0000] {dagbag.py:386} ERROR - Failed to import: /opt/airflow/dags/snowflake_connection_demo.py
Traceback (most recent call last):
  File "/home/airflow/.local/lib/python3.12/site-packages/airflow/models/dagbag.py", line 382, in parse
    loader.exec_module(new_module)
  File "<frozen importlib._bootstrap_external>", line 995, in exec_module
  File "<frozen importlib._bootstrap>", line 488, in _call_with_frames_removed
  File "/opt/airflow/dags/snowflake_connection_demo.py", line 67, in <module>
    url = Variable.get("country_capital_url")
          ^^^^^^^^^^^^^^^^^^^^^^^^^^^^^^^^^^^
  File "/home/airflow/.local/lib/python3.12/site-packages/airflow/models/variable.py", line 145, in get
    raise KeyError(f"Variable {key} does not exist")
KeyError: 'Variable country_capital_url does not exist'
[2026-09-12T04:01:08.090+0000] {processor.py:927} WARNING - No viable dags retrieved from /opt/airflow/dags/snowflake_connection_demo.py
[2026-09-12T04:01:08.099+0000] {processor.py:208} INFO - Processing /opt/airflow/dags/snowflake_connection_demo.py took 0.051 seconds
[2026-09-12T04:01:38.420+0000] {processor.py:186} INFO - Started process (PID=2305) to work on /opt/airflow/dags/snowflake_connection_demo.py
[2026-09-12T04:01:38.426+0000] {processor.py:914} INFO - Processing file /opt/airflow/dags/snowflake_connection_demo.py for tasks to queue
[2026-09-12T04:01:38.431+0000] {logging_mixin.py:190} INFO - [2026-09-12T04:01:38.430+0000] {dagbag.py:587} INFO - Filling up the DagBag from /opt/airflow/dags/snowflake_connection_demo.py
[2026-09-12T04:01:38.462+0000] {logging_mixin.py:190} INFO - [2026-09-12T04:01:38.459+0000] {dagbag.py:386} ERROR - Failed to import: /opt/airflow/dags/snowflake_connection_demo.py
Traceback (most recent call last):
  File "/home/airflow/.local/lib/python3.12/site-packages/airflow/models/dagbag.py", line 382, in parse
    loader.exec_module(new_module)
  File "<frozen importlib._bootstrap_external>", line 995, in exec_module
  File "<frozen importlib._bootstrap>", line 488, in _call_with_frames_removed
  File "/opt/airflow/dags/snowflake_connection_demo.py", line 67, in <module>
    url = Variable.get("country_capital_url")
          ^^^^^^^^^^^^^^^^^^^^^^^^^^^^^^^^^^^
  File "/home/airflow/.local/lib/python3.12/site-packages/airflow/models/variable.py", line 145, in get
    raise KeyError(f"Variable {key} does not exist")
KeyError: 'Variable country_capital_url does not exist'
[2026-09-12T04:01:38.465+0000] {processor.py:927} WARNING - No viable dags retrieved from /opt/airflow/dags/snowflake_connection_demo.py
[2026-09-12T04:01:38.486+0000] {processor.py:208} INFO - Processing /opt/airflow/dags/snowflake_connection_demo.py took 0.078 seconds
[2026-09-12T04:02:08.780+0000] {processor.py:186} INFO - Started process (PID=2316) to work on /opt/airflow/dags/snowflake_connection_demo.py
[2026-09-12T04:02:08.784+0000] {processor.py:914} INFO - Processing file /opt/airflow/dags/snowflake_connection_demo.py for tasks to queue
[2026-09-12T04:02:08.788+0000] {logging_mixin.py:190} INFO - [2026-09-12T04:02:08.787+0000] {dagbag.py:587} INFO - Filling up the DagBag from /opt/airflow/dags/snowflake_connection_demo.py
[2026-09-12T04:02:08.809+0000] {logging_mixin.py:190} INFO - [2026-09-12T04:02:08.807+0000] {dagbag.py:386} ERROR - Failed to import: /opt/airflow/dags/snowflake_connection_demo.py
Traceback (most recent call last):
  File "/home/airflow/.local/lib/python3.12/site-packages/airflow/models/dagbag.py", line 382, in parse
    loader.exec_module(new_module)
  File "<frozen importlib._bootstrap_external>", line 995, in exec_module
  File "<frozen importlib._bootstrap>", line 488, in _call_with_frames_removed
  File "/opt/airflow/dags/snowflake_connection_demo.py", line 67, in <module>
    url = Variable.get("country_capital_url")
          ^^^^^^^^^^^^^^^^^^^^^^^^^^^^^^^^^^^
  File "/home/airflow/.local/lib/python3.12/site-packages/airflow/models/variable.py", line 145, in get
    raise KeyError(f"Variable {key} does not exist")
KeyError: 'Variable country_capital_url does not exist'
[2026-09-12T04:02:08.809+0000] {processor.py:927} WARNING - No viable dags retrieved from /opt/airflow/dags/snowflake_connection_demo.py
[2026-09-12T04:02:08.815+0000] {processor.py:208} INFO - Processing /opt/airflow/dags/snowflake_connection_demo.py took 0.043 seconds
[2026-09-12T04:02:39.101+0000] {processor.py:186} INFO - Started process (PID=2327) to work on /opt/airflow/dags/snowflake_connection_demo.py
[2026-09-12T04:02:39.103+0000] {processor.py:914} INFO - Processing file /opt/airflow/dags/snowflake_connection_demo.py for tasks to queue
[2026-09-12T04:02:39.107+0000] {logging_mixin.py:190} INFO - [2026-09-12T04:02:39.106+0000] {dagbag.py:587} INFO - Filling up the DagBag from /opt/airflow/dags/snowflake_connection_demo.py
[2026-09-12T04:02:39.125+0000] {logging_mixin.py:190} INFO - [2026-09-12T04:02:39.124+0000] {dagbag.py:386} ERROR - Failed to import: /opt/airflow/dags/snowflake_connection_demo.py
Traceback (most recent call last):
  File "/home/airflow/.local/lib/python3.12/site-packages/airflow/models/dagbag.py", line 382, in parse
    loader.exec_module(new_module)
  File "<frozen importlib._bootstrap_external>", line 995, in exec_module
  File "<frozen importlib._bootstrap>", line 488, in _call_with_frames_removed
  File "/opt/airflow/dags/snowflake_connection_demo.py", line 67, in <module>
    url = Variable.get("country_capital_url")
          ^^^^^^^^^^^^^^^^^^^^^^^^^^^^^^^^^^^
  File "/home/airflow/.local/lib/python3.12/site-packages/airflow/models/variable.py", line 145, in get
    raise KeyError(f"Variable {key} does not exist")
KeyError: 'Variable country_capital_url does not exist'
[2026-09-12T04:02:39.125+0000] {processor.py:927} WARNING - No viable dags retrieved from /opt/airflow/dags/snowflake_connection_demo.py
[2026-09-12T04:02:39.131+0000] {processor.py:208} INFO - Processing /opt/airflow/dags/snowflake_connection_demo.py took 0.036 seconds
[2026-09-12T04:03:09.480+0000] {processor.py:186} INFO - Started process (PID=2339) to work on /opt/airflow/dags/snowflake_connection_demo.py
[2026-09-12T04:03:09.483+0000] {processor.py:914} INFO - Processing file /opt/airflow/dags/snowflake_connection_demo.py for tasks to queue
[2026-09-12T04:03:09.490+0000] {logging_mixin.py:190} INFO - [2026-09-12T04:03:09.489+0000] {dagbag.py:587} INFO - Filling up the DagBag from /opt/airflow/dags/snowflake_connection_demo.py
[2026-09-12T04:03:09.516+0000] {logging_mixin.py:190} INFO - [2026-09-12T04:03:09.514+0000] {dagbag.py:386} ERROR - Failed to import: /opt/airflow/dags/snowflake_connection_demo.py
Traceback (most recent call last):
  File "/home/airflow/.local/lib/python3.12/site-packages/airflow/models/dagbag.py", line 382, in parse
    loader.exec_module(new_module)
  File "<frozen importlib._bootstrap_external>", line 995, in exec_module
  File "<frozen importlib._bootstrap>", line 488, in _call_with_frames_removed
  File "/opt/airflow/dags/snowflake_connection_demo.py", line 67, in <module>
    url = Variable.get("country_capital_url")
          ^^^^^^^^^^^^^^^^^^^^^^^^^^^^^^^^^^^
  File "/home/airflow/.local/lib/python3.12/site-packages/airflow/models/variable.py", line 145, in get
    raise KeyError(f"Variable {key} does not exist")
KeyError: 'Variable country_capital_url does not exist'
[2026-09-12T04:03:09.516+0000] {processor.py:927} WARNING - No viable dags retrieved from /opt/airflow/dags/snowflake_connection_demo.py
[2026-09-12T04:03:09.523+0000] {processor.py:208} INFO - Processing /opt/airflow/dags/snowflake_connection_demo.py took 0.053 seconds
[2026-09-12T04:03:39.855+0000] {processor.py:186} INFO - Started process (PID=2350) to work on /opt/airflow/dags/snowflake_connection_demo.py
[2026-09-12T04:03:39.858+0000] {processor.py:914} INFO - Processing file /opt/airflow/dags/snowflake_connection_demo.py for tasks to queue
[2026-09-12T04:03:39.861+0000] {logging_mixin.py:190} INFO - [2026-09-12T04:03:39.860+0000] {dagbag.py:587} INFO - Filling up the DagBag from /opt/airflow/dags/snowflake_connection_demo.py
[2026-09-12T04:03:39.880+0000] {logging_mixin.py:190} INFO - [2026-09-12T04:03:39.879+0000] {dagbag.py:386} ERROR - Failed to import: /opt/airflow/dags/snowflake_connection_demo.py
Traceback (most recent call last):
  File "/home/airflow/.local/lib/python3.12/site-packages/airflow/models/dagbag.py", line 382, in parse
    loader.exec_module(new_module)
  File "<frozen importlib._bootstrap_external>", line 995, in exec_module
  File "<frozen importlib._bootstrap>", line 488, in _call_with_frames_removed
  File "/opt/airflow/dags/snowflake_connection_demo.py", line 67, in <module>
    url = Variable.get("country_capital_url")
          ^^^^^^^^^^^^^^^^^^^^^^^^^^^^^^^^^^^
  File "/home/airflow/.local/lib/python3.12/site-packages/airflow/models/variable.py", line 145, in get
    raise KeyError(f"Variable {key} does not exist")
KeyError: 'Variable country_capital_url does not exist'
[2026-09-12T04:03:39.880+0000] {processor.py:927} WARNING - No viable dags retrieved from /opt/airflow/dags/snowflake_connection_demo.py
[2026-09-12T04:03:39.887+0000] {processor.py:208} INFO - Processing /opt/airflow/dags/snowflake_connection_demo.py took 0.038 seconds
[2026-09-12T04:04:10.344+0000] {processor.py:186} INFO - Started process (PID=2361) to work on /opt/airflow/dags/snowflake_connection_demo.py
[2026-09-12T04:04:10.346+0000] {processor.py:914} INFO - Processing file /opt/airflow/dags/snowflake_connection_demo.py for tasks to queue
[2026-09-12T04:04:10.348+0000] {logging_mixin.py:190} INFO - [2026-09-12T04:04:10.348+0000] {dagbag.py:587} INFO - Filling up the DagBag from /opt/airflow/dags/snowflake_connection_demo.py
[2026-09-12T04:04:10.367+0000] {logging_mixin.py:190} INFO - [2026-09-12T04:04:10.366+0000] {dagbag.py:386} ERROR - Failed to import: /opt/airflow/dags/snowflake_connection_demo.py
Traceback (most recent call last):
  File "/home/airflow/.local/lib/python3.12/site-packages/airflow/models/dagbag.py", line 382, in parse
    loader.exec_module(new_module)
  File "<frozen importlib._bootstrap_external>", line 995, in exec_module
  File "<frozen importlib._bootstrap>", line 488, in _call_with_frames_removed
  File "/opt/airflow/dags/snowflake_connection_demo.py", line 67, in <module>
    url = Variable.get("country_capital_url")
          ^^^^^^^^^^^^^^^^^^^^^^^^^^^^^^^^^^^
  File "/home/airflow/.local/lib/python3.12/site-packages/airflow/models/variable.py", line 145, in get
    raise KeyError(f"Variable {key} does not exist")
KeyError: 'Variable country_capital_url does not exist'
[2026-09-12T04:04:10.367+0000] {processor.py:927} WARNING - No viable dags retrieved from /opt/airflow/dags/snowflake_connection_demo.py
[2026-09-12T04:04:10.373+0000] {processor.py:208} INFO - Processing /opt/airflow/dags/snowflake_connection_demo.py took 0.035 seconds
[2026-09-12T04:04:40.707+0000] {processor.py:186} INFO - Started process (PID=2372) to work on /opt/airflow/dags/snowflake_connection_demo.py
[2026-09-12T04:04:40.708+0000] {processor.py:914} INFO - Processing file /opt/airflow/dags/snowflake_connection_demo.py for tasks to queue
[2026-09-12T04:04:40.711+0000] {logging_mixin.py:190} INFO - [2026-09-12T04:04:40.710+0000] {dagbag.py:587} INFO - Filling up the DagBag from /opt/airflow/dags/snowflake_connection_demo.py
[2026-09-12T04:04:40.729+0000] {logging_mixin.py:190} INFO - [2026-09-12T04:04:40.728+0000] {dagbag.py:386} ERROR - Failed to import: /opt/airflow/dags/snowflake_connection_demo.py
Traceback (most recent call last):
  File "/home/airflow/.local/lib/python3.12/site-packages/airflow/models/dagbag.py", line 382, in parse
    loader.exec_module(new_module)
  File "<frozen importlib._bootstrap_external>", line 995, in exec_module
  File "<frozen importlib._bootstrap>", line 488, in _call_with_frames_removed
  File "/opt/airflow/dags/snowflake_connection_demo.py", line 67, in <module>
    url = Variable.get("country_capital_url")
          ^^^^^^^^^^^^^^^^^^^^^^^^^^^^^^^^^^^
  File "/home/airflow/.local/lib/python3.12/site-packages/airflow/models/variable.py", line 145, in get
    raise KeyError(f"Variable {key} does not exist")
KeyError: 'Variable country_capital_url does not exist'
[2026-09-12T04:04:40.730+0000] {processor.py:927} WARNING - No viable dags retrieved from /opt/airflow/dags/snowflake_connection_demo.py
[2026-09-12T04:04:40.735+0000] {processor.py:208} INFO - Processing /opt/airflow/dags/snowflake_connection_demo.py took 0.034 seconds
[2026-09-12T04:05:11.071+0000] {processor.py:186} INFO - Started process (PID=2383) to work on /opt/airflow/dags/snowflake_connection_demo.py
[2026-09-12T04:05:11.074+0000] {processor.py:914} INFO - Processing file /opt/airflow/dags/snowflake_connection_demo.py for tasks to queue
[2026-09-12T04:05:11.076+0000] {logging_mixin.py:190} INFO - [2026-09-12T04:05:11.076+0000] {dagbag.py:587} INFO - Filling up the DagBag from /opt/airflow/dags/snowflake_connection_demo.py
[2026-09-12T04:05:11.091+0000] {logging_mixin.py:190} INFO - [2026-09-12T04:05:11.090+0000] {dagbag.py:386} ERROR - Failed to import: /opt/airflow/dags/snowflake_connection_demo.py
Traceback (most recent call last):
  File "/home/airflow/.local/lib/python3.12/site-packages/airflow/models/dagbag.py", line 382, in parse
    loader.exec_module(new_module)
  File "<frozen importlib._bootstrap_external>", line 995, in exec_module
  File "<frozen importlib._bootstrap>", line 488, in _call_with_frames_removed
  File "/opt/airflow/dags/snowflake_connection_demo.py", line 67, in <module>
    url = Variable.get("country_capital_url")
          ^^^^^^^^^^^^^^^^^^^^^^^^^^^^^^^^^^^
  File "/home/airflow/.local/lib/python3.12/site-packages/airflow/models/variable.py", line 145, in get
    raise KeyError(f"Variable {key} does not exist")
KeyError: 'Variable country_capital_url does not exist'
[2026-09-12T04:05:11.092+0000] {processor.py:927} WARNING - No viable dags retrieved from /opt/airflow/dags/snowflake_connection_demo.py
[2026-09-12T04:05:11.097+0000] {processor.py:208} INFO - Processing /opt/airflow/dags/snowflake_connection_demo.py took 0.037 seconds
[2026-09-12T04:05:41.460+0000] {processor.py:186} INFO - Started process (PID=2394) to work on /opt/airflow/dags/snowflake_connection_demo.py
[2026-09-12T04:05:41.463+0000] {processor.py:914} INFO - Processing file /opt/airflow/dags/snowflake_connection_demo.py for tasks to queue
[2026-09-12T04:05:41.467+0000] {logging_mixin.py:190} INFO - [2026-09-12T04:05:41.467+0000] {dagbag.py:587} INFO - Filling up the DagBag from /opt/airflow/dags/snowflake_connection_demo.py
[2026-09-12T04:05:41.494+0000] {logging_mixin.py:190} INFO - [2026-09-12T04:05:41.492+0000] {dagbag.py:386} ERROR - Failed to import: /opt/airflow/dags/snowflake_connection_demo.py
Traceback (most recent call last):
  File "/home/airflow/.local/lib/python3.12/site-packages/airflow/models/dagbag.py", line 382, in parse
    loader.exec_module(new_module)
  File "<frozen importlib._bootstrap_external>", line 995, in exec_module
  File "<frozen importlib._bootstrap>", line 488, in _call_with_frames_removed
  File "/opt/airflow/dags/snowflake_connection_demo.py", line 67, in <module>
    url = Variable.get("country_capital_url")
          ^^^^^^^^^^^^^^^^^^^^^^^^^^^^^^^^^^^
  File "/home/airflow/.local/lib/python3.12/site-packages/airflow/models/variable.py", line 145, in get
    raise KeyError(f"Variable {key} does not exist")
KeyError: 'Variable country_capital_url does not exist'
[2026-09-12T04:05:41.495+0000] {processor.py:927} WARNING - No viable dags retrieved from /opt/airflow/dags/snowflake_connection_demo.py
[2026-09-12T04:05:41.505+0000] {processor.py:208} INFO - Processing /opt/airflow/dags/snowflake_connection_demo.py took 0.052 seconds
[2026-09-12T04:06:11.861+0000] {processor.py:186} INFO - Started process (PID=2405) to work on /opt/airflow/dags/snowflake_connection_demo.py
[2026-09-12T04:06:11.863+0000] {processor.py:914} INFO - Processing file /opt/airflow/dags/snowflake_connection_demo.py for tasks to queue
[2026-09-12T04:06:11.865+0000] {logging_mixin.py:190} INFO - [2026-09-12T04:06:11.865+0000] {dagbag.py:587} INFO - Filling up the DagBag from /opt/airflow/dags/snowflake_connection_demo.py
[2026-09-12T04:06:11.877+0000] {logging_mixin.py:190} INFO - [2026-09-12T04:06:11.876+0000] {dagbag.py:386} ERROR - Failed to import: /opt/airflow/dags/snowflake_connection_demo.py
Traceback (most recent call last):
  File "/home/airflow/.local/lib/python3.12/site-packages/airflow/models/dagbag.py", line 382, in parse
    loader.exec_module(new_module)
  File "<frozen importlib._bootstrap_external>", line 995, in exec_module
  File "<frozen importlib._bootstrap>", line 488, in _call_with_frames_removed
  File "/opt/airflow/dags/snowflake_connection_demo.py", line 67, in <module>
    url = Variable.get("country_capital_url")
          ^^^^^^^^^^^^^^^^^^^^^^^^^^^^^^^^^^^
  File "/home/airflow/.local/lib/python3.12/site-packages/airflow/models/variable.py", line 145, in get
    raise KeyError(f"Variable {key} does not exist")
KeyError: 'Variable country_capital_url does not exist'
[2026-09-12T04:06:11.878+0000] {processor.py:927} WARNING - No viable dags retrieved from /opt/airflow/dags/snowflake_connection_demo.py
[2026-09-12T04:06:11.882+0000] {processor.py:208} INFO - Processing /opt/airflow/dags/snowflake_connection_demo.py took 0.029 seconds
[2026-09-12T04:06:42.224+0000] {processor.py:186} INFO - Started process (PID=2416) to work on /opt/airflow/dags/snowflake_connection_demo.py
[2026-09-12T04:06:42.225+0000] {processor.py:914} INFO - Processing file /opt/airflow/dags/snowflake_connection_demo.py for tasks to queue
[2026-09-12T04:06:42.229+0000] {logging_mixin.py:190} INFO - [2026-09-12T04:06:42.228+0000] {dagbag.py:587} INFO - Filling up the DagBag from /opt/airflow/dags/snowflake_connection_demo.py
[2026-09-12T04:06:42.248+0000] {logging_mixin.py:190} INFO - [2026-09-12T04:06:42.247+0000] {dagbag.py:386} ERROR - Failed to import: /opt/airflow/dags/snowflake_connection_demo.py
Traceback (most recent call last):
  File "/home/airflow/.local/lib/python3.12/site-packages/airflow/models/dagbag.py", line 382, in parse
    loader.exec_module(new_module)
  File "<frozen importlib._bootstrap_external>", line 995, in exec_module
  File "<frozen importlib._bootstrap>", line 488, in _call_with_frames_removed
  File "/opt/airflow/dags/snowflake_connection_demo.py", line 67, in <module>
    url = Variable.get("country_capital_url")
          ^^^^^^^^^^^^^^^^^^^^^^^^^^^^^^^^^^^
  File "/home/airflow/.local/lib/python3.12/site-packages/airflow/models/variable.py", line 145, in get
    raise KeyError(f"Variable {key} does not exist")
KeyError: 'Variable country_capital_url does not exist'
[2026-09-12T04:06:42.248+0000] {processor.py:927} WARNING - No viable dags retrieved from /opt/airflow/dags/snowflake_connection_demo.py
[2026-09-12T04:06:42.254+0000] {processor.py:208} INFO - Processing /opt/airflow/dags/snowflake_connection_demo.py took 0.037 seconds
[2026-09-12T04:07:12.608+0000] {processor.py:186} INFO - Started process (PID=2427) to work on /opt/airflow/dags/snowflake_connection_demo.py
[2026-09-12T04:07:12.610+0000] {processor.py:914} INFO - Processing file /opt/airflow/dags/snowflake_connection_demo.py for tasks to queue
[2026-09-12T04:07:12.612+0000] {logging_mixin.py:190} INFO - [2026-09-12T04:07:12.612+0000] {dagbag.py:587} INFO - Filling up the DagBag from /opt/airflow/dags/snowflake_connection_demo.py
[2026-09-12T04:07:12.628+0000] {logging_mixin.py:190} INFO - [2026-09-12T04:07:12.626+0000] {dagbag.py:386} ERROR - Failed to import: /opt/airflow/dags/snowflake_connection_demo.py
Traceback (most recent call last):
  File "/home/airflow/.local/lib/python3.12/site-packages/airflow/models/dagbag.py", line 382, in parse
    loader.exec_module(new_module)
  File "<frozen importlib._bootstrap_external>", line 995, in exec_module
  File "<frozen importlib._bootstrap>", line 488, in _call_with_frames_removed
  File "/opt/airflow/dags/snowflake_connection_demo.py", line 67, in <module>
    url = Variable.get("country_capital_url")
          ^^^^^^^^^^^^^^^^^^^^^^^^^^^^^^^^^^^
  File "/home/airflow/.local/lib/python3.12/site-packages/airflow/models/variable.py", line 145, in get
    raise KeyError(f"Variable {key} does not exist")
KeyError: 'Variable country_capital_url does not exist'
[2026-09-12T04:07:12.628+0000] {processor.py:927} WARNING - No viable dags retrieved from /opt/airflow/dags/snowflake_connection_demo.py
[2026-09-12T04:07:12.633+0000] {processor.py:208} INFO - Processing /opt/airflow/dags/snowflake_connection_demo.py took 0.030 seconds
[2026-09-12T04:07:42.968+0000] {processor.py:186} INFO - Started process (PID=2438) to work on /opt/airflow/dags/snowflake_connection_demo.py
[2026-09-12T04:07:42.971+0000] {processor.py:914} INFO - Processing file /opt/airflow/dags/snowflake_connection_demo.py for tasks to queue
[2026-09-12T04:07:42.974+0000] {logging_mixin.py:190} INFO - [2026-09-12T04:07:42.973+0000] {dagbag.py:587} INFO - Filling up the DagBag from /opt/airflow/dags/snowflake_connection_demo.py
[2026-09-12T04:07:43.011+0000] {logging_mixin.py:190} INFO - [2026-09-12T04:07:43.010+0000] {dagbag.py:386} ERROR - Failed to import: /opt/airflow/dags/snowflake_connection_demo.py
Traceback (most recent call last):
  File "/home/airflow/.local/lib/python3.12/site-packages/airflow/models/dagbag.py", line 382, in parse
    loader.exec_module(new_module)
  File "<frozen importlib._bootstrap_external>", line 995, in exec_module
  File "<frozen importlib._bootstrap>", line 488, in _call_with_frames_removed
  File "/opt/airflow/dags/snowflake_connection_demo.py", line 67, in <module>
    url = Variable.get("country_capital_url")
          ^^^^^^^^^^^^^^^^^^^^^^^^^^^^^^^^^^^
  File "/home/airflow/.local/lib/python3.12/site-packages/airflow/models/variable.py", line 145, in get
    raise KeyError(f"Variable {key} does not exist")
KeyError: 'Variable country_capital_url does not exist'
[2026-09-12T04:07:43.011+0000] {processor.py:927} WARNING - No viable dags retrieved from /opt/airflow/dags/snowflake_connection_demo.py
[2026-09-12T04:07:43.017+0000] {processor.py:208} INFO - Processing /opt/airflow/dags/snowflake_connection_demo.py took 0.054 seconds
[2026-09-12T04:08:13.372+0000] {processor.py:186} INFO - Started process (PID=2449) to work on /opt/airflow/dags/snowflake_connection_demo.py
[2026-09-12T04:08:13.375+0000] {processor.py:914} INFO - Processing file /opt/airflow/dags/snowflake_connection_demo.py for tasks to queue
[2026-09-12T04:08:13.378+0000] {logging_mixin.py:190} INFO - [2026-09-12T04:08:13.378+0000] {dagbag.py:587} INFO - Filling up the DagBag from /opt/airflow/dags/snowflake_connection_demo.py
[2026-09-12T04:08:13.398+0000] {logging_mixin.py:190} INFO - [2026-09-12T04:08:13.396+0000] {dagbag.py:386} ERROR - Failed to import: /opt/airflow/dags/snowflake_connection_demo.py
Traceback (most recent call last):
  File "/home/airflow/.local/lib/python3.12/site-packages/airflow/models/dagbag.py", line 382, in parse
    loader.exec_module(new_module)
  File "<frozen importlib._bootstrap_external>", line 995, in exec_module
  File "<frozen importlib._bootstrap>", line 488, in _call_with_frames_removed
  File "/opt/airflow/dags/snowflake_connection_demo.py", line 67, in <module>
    url = Variable.get("country_capital_url")
          ^^^^^^^^^^^^^^^^^^^^^^^^^^^^^^^^^^^
  File "/home/airflow/.local/lib/python3.12/site-packages/airflow/models/variable.py", line 145, in get
    raise KeyError(f"Variable {key} does not exist")
KeyError: 'Variable country_capital_url does not exist'
[2026-09-12T04:08:13.398+0000] {processor.py:927} WARNING - No viable dags retrieved from /opt/airflow/dags/snowflake_connection_demo.py
[2026-09-12T04:08:13.404+0000] {processor.py:208} INFO - Processing /opt/airflow/dags/snowflake_connection_demo.py took 0.039 seconds
[2026-09-12T04:08:43.762+0000] {processor.py:186} INFO - Started process (PID=2460) to work on /opt/airflow/dags/snowflake_connection_demo.py
[2026-09-12T04:08:43.764+0000] {processor.py:914} INFO - Processing file /opt/airflow/dags/snowflake_connection_demo.py for tasks to queue
[2026-09-12T04:08:43.767+0000] {logging_mixin.py:190} INFO - [2026-09-12T04:08:43.766+0000] {dagbag.py:587} INFO - Filling up the DagBag from /opt/airflow/dags/snowflake_connection_demo.py
[2026-09-12T04:08:43.784+0000] {logging_mixin.py:190} INFO - [2026-09-12T04:08:43.783+0000] {dagbag.py:386} ERROR - Failed to import: /opt/airflow/dags/snowflake_connection_demo.py
Traceback (most recent call last):
  File "/home/airflow/.local/lib/python3.12/site-packages/airflow/models/dagbag.py", line 382, in parse
    loader.exec_module(new_module)
  File "<frozen importlib._bootstrap_external>", line 995, in exec_module
  File "<frozen importlib._bootstrap>", line 488, in _call_with_frames_removed
  File "/opt/airflow/dags/snowflake_connection_demo.py", line 67, in <module>
    url = Variable.get("country_capital_url")
          ^^^^^^^^^^^^^^^^^^^^^^^^^^^^^^^^^^^
  File "/home/airflow/.local/lib/python3.12/site-packages/airflow/models/variable.py", line 145, in get
    raise KeyError(f"Variable {key} does not exist")
KeyError: 'Variable country_capital_url does not exist'
[2026-09-12T04:08:43.784+0000] {processor.py:927} WARNING - No viable dags retrieved from /opt/airflow/dags/snowflake_connection_demo.py
[2026-09-12T04:08:43.790+0000] {processor.py:208} INFO - Processing /opt/airflow/dags/snowflake_connection_demo.py took 0.034 seconds
[2026-09-12T04:09:14.126+0000] {processor.py:186} INFO - Started process (PID=2471) to work on /opt/airflow/dags/snowflake_connection_demo.py
[2026-09-12T04:09:14.127+0000] {processor.py:914} INFO - Processing file /opt/airflow/dags/snowflake_connection_demo.py for tasks to queue
[2026-09-12T04:09:14.130+0000] {logging_mixin.py:190} INFO - [2026-09-12T04:09:14.129+0000] {dagbag.py:587} INFO - Filling up the DagBag from /opt/airflow/dags/snowflake_connection_demo.py
[2026-09-12T04:09:14.148+0000] {logging_mixin.py:190} INFO - [2026-09-12T04:09:14.147+0000] {dagbag.py:386} ERROR - Failed to import: /opt/airflow/dags/snowflake_connection_demo.py
Traceback (most recent call last):
  File "/home/airflow/.local/lib/python3.12/site-packages/airflow/models/dagbag.py", line 382, in parse
    loader.exec_module(new_module)
  File "<frozen importlib._bootstrap_external>", line 995, in exec_module
  File "<frozen importlib._bootstrap>", line 488, in _call_with_frames_removed
  File "/opt/airflow/dags/snowflake_connection_demo.py", line 67, in <module>
    url = Variable.get("country_capital_url")
          ^^^^^^^^^^^^^^^^^^^^^^^^^^^^^^^^^^^
  File "/home/airflow/.local/lib/python3.12/site-packages/airflow/models/variable.py", line 145, in get
    raise KeyError(f"Variable {key} does not exist")
KeyError: 'Variable country_capital_url does not exist'
[2026-09-12T04:09:14.148+0000] {processor.py:927} WARNING - No viable dags retrieved from /opt/airflow/dags/snowflake_connection_demo.py
[2026-09-12T04:09:14.155+0000] {processor.py:208} INFO - Processing /opt/airflow/dags/snowflake_connection_demo.py took 0.035 seconds
[2026-09-12T04:09:44.501+0000] {processor.py:186} INFO - Started process (PID=2482) to work on /opt/airflow/dags/snowflake_connection_demo.py
[2026-09-12T04:09:44.504+0000] {processor.py:914} INFO - Processing file /opt/airflow/dags/snowflake_connection_demo.py for tasks to queue
[2026-09-12T04:09:44.506+0000] {logging_mixin.py:190} INFO - [2026-09-12T04:09:44.506+0000] {dagbag.py:587} INFO - Filling up the DagBag from /opt/airflow/dags/snowflake_connection_demo.py
[2026-09-12T04:09:44.521+0000] {logging_mixin.py:190} INFO - [2026-09-12T04:09:44.520+0000] {dagbag.py:386} ERROR - Failed to import: /opt/airflow/dags/snowflake_connection_demo.py
Traceback (most recent call last):
  File "/home/airflow/.local/lib/python3.12/site-packages/airflow/models/dagbag.py", line 382, in parse
    loader.exec_module(new_module)
  File "<frozen importlib._bootstrap_external>", line 995, in exec_module
  File "<frozen importlib._bootstrap>", line 488, in _call_with_frames_removed
  File "/opt/airflow/dags/snowflake_connection_demo.py", line 67, in <module>
    url = Variable.get("country_capital_url")
          ^^^^^^^^^^^^^^^^^^^^^^^^^^^^^^^^^^^
  File "/home/airflow/.local/lib/python3.12/site-packages/airflow/models/variable.py", line 145, in get
    raise KeyError(f"Variable {key} does not exist")
KeyError: 'Variable country_capital_url does not exist'
[2026-09-12T04:09:44.521+0000] {processor.py:927} WARNING - No viable dags retrieved from /opt/airflow/dags/snowflake_connection_demo.py
[2026-09-12T04:09:44.526+0000] {processor.py:208} INFO - Processing /opt/airflow/dags/snowflake_connection_demo.py took 0.033 seconds
[2026-09-12T04:10:14.865+0000] {processor.py:186} INFO - Started process (PID=2493) to work on /opt/airflow/dags/snowflake_connection_demo.py
[2026-09-12T04:10:14.867+0000] {processor.py:914} INFO - Processing file /opt/airflow/dags/snowflake_connection_demo.py for tasks to queue
[2026-09-12T04:10:14.870+0000] {logging_mixin.py:190} INFO - [2026-09-12T04:10:14.869+0000] {dagbag.py:587} INFO - Filling up the DagBag from /opt/airflow/dags/snowflake_connection_demo.py
[2026-09-12T04:10:14.885+0000] {logging_mixin.py:190} INFO - [2026-09-12T04:10:14.884+0000] {dagbag.py:386} ERROR - Failed to import: /opt/airflow/dags/snowflake_connection_demo.py
Traceback (most recent call last):
  File "/home/airflow/.local/lib/python3.12/site-packages/airflow/models/dagbag.py", line 382, in parse
    loader.exec_module(new_module)
  File "<frozen importlib._bootstrap_external>", line 995, in exec_module
  File "<frozen importlib._bootstrap>", line 488, in _call_with_frames_removed
  File "/opt/airflow/dags/snowflake_connection_demo.py", line 67, in <module>
    url = Variable.get("country_capital_url")
          ^^^^^^^^^^^^^^^^^^^^^^^^^^^^^^^^^^^
  File "/home/airflow/.local/lib/python3.12/site-packages/airflow/models/variable.py", line 145, in get
    raise KeyError(f"Variable {key} does not exist")
KeyError: 'Variable country_capital_url does not exist'
[2026-09-12T04:10:14.885+0000] {processor.py:927} WARNING - No viable dags retrieved from /opt/airflow/dags/snowflake_connection_demo.py
[2026-09-12T04:10:14.891+0000] {processor.py:208} INFO - Processing /opt/airflow/dags/snowflake_connection_demo.py took 0.031 seconds
[2026-09-12T04:10:45.196+0000] {processor.py:186} INFO - Started process (PID=2504) to work on /opt/airflow/dags/snowflake_connection_demo.py
[2026-09-12T04:10:45.198+0000] {processor.py:914} INFO - Processing file /opt/airflow/dags/snowflake_connection_demo.py for tasks to queue
[2026-09-12T04:10:45.202+0000] {logging_mixin.py:190} INFO - [2026-09-12T04:10:45.201+0000] {dagbag.py:587} INFO - Filling up the DagBag from /opt/airflow/dags/snowflake_connection_demo.py
[2026-09-12T04:10:45.221+0000] {logging_mixin.py:190} INFO - [2026-09-12T04:10:45.219+0000] {dagbag.py:386} ERROR - Failed to import: /opt/airflow/dags/snowflake_connection_demo.py
Traceback (most recent call last):
  File "/home/airflow/.local/lib/python3.12/site-packages/airflow/models/dagbag.py", line 382, in parse
    loader.exec_module(new_module)
  File "<frozen importlib._bootstrap_external>", line 995, in exec_module
  File "<frozen importlib._bootstrap>", line 488, in _call_with_frames_removed
  File "/opt/airflow/dags/snowflake_connection_demo.py", line 67, in <module>
    url = Variable.get("country_capital_url")
          ^^^^^^^^^^^^^^^^^^^^^^^^^^^^^^^^^^^
  File "/home/airflow/.local/lib/python3.12/site-packages/airflow/models/variable.py", line 145, in get
    raise KeyError(f"Variable {key} does not exist")
KeyError: 'Variable country_capital_url does not exist'
[2026-09-12T04:10:45.221+0000] {processor.py:927} WARNING - No viable dags retrieved from /opt/airflow/dags/snowflake_connection_demo.py
[2026-09-12T04:10:45.227+0000] {processor.py:208} INFO - Processing /opt/airflow/dags/snowflake_connection_demo.py took 0.038 seconds
[2026-09-12T04:11:15.554+0000] {processor.py:186} INFO - Started process (PID=2515) to work on /opt/airflow/dags/snowflake_connection_demo.py
[2026-09-12T04:11:15.556+0000] {processor.py:914} INFO - Processing file /opt/airflow/dags/snowflake_connection_demo.py for tasks to queue
[2026-09-12T04:11:15.560+0000] {logging_mixin.py:190} INFO - [2026-09-12T04:11:15.559+0000] {dagbag.py:587} INFO - Filling up the DagBag from /opt/airflow/dags/snowflake_connection_demo.py
[2026-09-12T04:11:15.580+0000] {logging_mixin.py:190} INFO - [2026-09-12T04:11:15.579+0000] {dagbag.py:386} ERROR - Failed to import: /opt/airflow/dags/snowflake_connection_demo.py
Traceback (most recent call last):
  File "/home/airflow/.local/lib/python3.12/site-packages/airflow/models/dagbag.py", line 382, in parse
    loader.exec_module(new_module)
  File "<frozen importlib._bootstrap_external>", line 995, in exec_module
  File "<frozen importlib._bootstrap>", line 488, in _call_with_frames_removed
  File "/opt/airflow/dags/snowflake_connection_demo.py", line 67, in <module>
    url = Variable.get("country_capital_url")
          ^^^^^^^^^^^^^^^^^^^^^^^^^^^^^^^^^^^
  File "/home/airflow/.local/lib/python3.12/site-packages/airflow/models/variable.py", line 145, in get
    raise KeyError(f"Variable {key} does not exist")
KeyError: 'Variable country_capital_url does not exist'
[2026-09-12T04:11:15.581+0000] {processor.py:927} WARNING - No viable dags retrieved from /opt/airflow/dags/snowflake_connection_demo.py
[2026-09-12T04:11:15.589+0000] {processor.py:208} INFO - Processing /opt/airflow/dags/snowflake_connection_demo.py took 0.043 seconds
[2026-09-12T04:11:45.889+0000] {processor.py:186} INFO - Started process (PID=2526) to work on /opt/airflow/dags/snowflake_connection_demo.py
[2026-09-12T04:11:45.892+0000] {processor.py:914} INFO - Processing file /opt/airflow/dags/snowflake_connection_demo.py for tasks to queue
[2026-09-12T04:11:45.894+0000] {logging_mixin.py:190} INFO - [2026-09-12T04:11:45.894+0000] {dagbag.py:587} INFO - Filling up the DagBag from /opt/airflow/dags/snowflake_connection_demo.py
[2026-09-12T04:11:45.909+0000] {logging_mixin.py:190} INFO - [2026-09-12T04:11:45.908+0000] {dagbag.py:386} ERROR - Failed to import: /opt/airflow/dags/snowflake_connection_demo.py
Traceback (most recent call last):
  File "/home/airflow/.local/lib/python3.12/site-packages/airflow/models/dagbag.py", line 382, in parse
    loader.exec_module(new_module)
  File "<frozen importlib._bootstrap_external>", line 995, in exec_module
  File "<frozen importlib._bootstrap>", line 488, in _call_with_frames_removed
  File "/opt/airflow/dags/snowflake_connection_demo.py", line 67, in <module>
    url = Variable.get("country_capital_url")
          ^^^^^^^^^^^^^^^^^^^^^^^^^^^^^^^^^^^
  File "/home/airflow/.local/lib/python3.12/site-packages/airflow/models/variable.py", line 145, in get
    raise KeyError(f"Variable {key} does not exist")
KeyError: 'Variable country_capital_url does not exist'
[2026-09-12T04:11:45.910+0000] {processor.py:927} WARNING - No viable dags retrieved from /opt/airflow/dags/snowflake_connection_demo.py
[2026-09-12T04:11:45.914+0000] {processor.py:208} INFO - Processing /opt/airflow/dags/snowflake_connection_demo.py took 0.032 seconds
[2026-09-12T04:12:16.320+0000] {processor.py:186} INFO - Started process (PID=2537) to work on /opt/airflow/dags/snowflake_connection_demo.py
[2026-09-12T04:12:16.323+0000] {processor.py:914} INFO - Processing file /opt/airflow/dags/snowflake_connection_demo.py for tasks to queue
[2026-09-12T04:12:16.329+0000] {logging_mixin.py:190} INFO - [2026-09-12T04:12:16.328+0000] {dagbag.py:587} INFO - Filling up the DagBag from /opt/airflow/dags/snowflake_connection_demo.py
[2026-09-12T04:12:16.357+0000] {logging_mixin.py:190} INFO - [2026-09-12T04:12:16.355+0000] {dagbag.py:386} ERROR - Failed to import: /opt/airflow/dags/snowflake_connection_demo.py
Traceback (most recent call last):
  File "/home/airflow/.local/lib/python3.12/site-packages/airflow/models/dagbag.py", line 382, in parse
    loader.exec_module(new_module)
  File "<frozen importlib._bootstrap_external>", line 995, in exec_module
  File "<frozen importlib._bootstrap>", line 488, in _call_with_frames_removed
  File "/opt/airflow/dags/snowflake_connection_demo.py", line 67, in <module>
    url = Variable.get("country_capital_url")
          ^^^^^^^^^^^^^^^^^^^^^^^^^^^^^^^^^^^
  File "/home/airflow/.local/lib/python3.12/site-packages/airflow/models/variable.py", line 145, in get
    raise KeyError(f"Variable {key} does not exist")
KeyError: 'Variable country_capital_url does not exist'
[2026-09-12T04:12:16.358+0000] {processor.py:927} WARNING - No viable dags retrieved from /opt/airflow/dags/snowflake_connection_demo.py
[2026-09-12T04:12:16.369+0000] {processor.py:208} INFO - Processing /opt/airflow/dags/snowflake_connection_demo.py took 0.056 seconds
[2026-09-12T04:12:46.672+0000] {processor.py:186} INFO - Started process (PID=2548) to work on /opt/airflow/dags/snowflake_connection_demo.py
[2026-09-12T04:12:46.673+0000] {processor.py:914} INFO - Processing file /opt/airflow/dags/snowflake_connection_demo.py for tasks to queue
[2026-09-12T04:12:46.675+0000] {logging_mixin.py:190} INFO - [2026-09-12T04:12:46.675+0000] {dagbag.py:587} INFO - Filling up the DagBag from /opt/airflow/dags/snowflake_connection_demo.py
[2026-09-12T04:12:46.689+0000] {logging_mixin.py:190} INFO - [2026-09-12T04:12:46.688+0000] {dagbag.py:386} ERROR - Failed to import: /opt/airflow/dags/snowflake_connection_demo.py
Traceback (most recent call last):
  File "/home/airflow/.local/lib/python3.12/site-packages/airflow/models/dagbag.py", line 382, in parse
    loader.exec_module(new_module)
  File "<frozen importlib._bootstrap_external>", line 995, in exec_module
  File "<frozen importlib._bootstrap>", line 488, in _call_with_frames_removed
  File "/opt/airflow/dags/snowflake_connection_demo.py", line 67, in <module>
    url = Variable.get("country_capital_url")
          ^^^^^^^^^^^^^^^^^^^^^^^^^^^^^^^^^^^
  File "/home/airflow/.local/lib/python3.12/site-packages/airflow/models/variable.py", line 145, in get
    raise KeyError(f"Variable {key} does not exist")
KeyError: 'Variable country_capital_url does not exist'
[2026-09-12T04:12:46.689+0000] {processor.py:927} WARNING - No viable dags retrieved from /opt/airflow/dags/snowflake_connection_demo.py
[2026-09-12T04:12:46.694+0000] {processor.py:208} INFO - Processing /opt/airflow/dags/snowflake_connection_demo.py took 0.027 seconds
[2026-09-12T04:13:17.059+0000] {processor.py:186} INFO - Started process (PID=2559) to work on /opt/airflow/dags/snowflake_connection_demo.py
[2026-09-12T04:13:17.062+0000] {processor.py:914} INFO - Processing file /opt/airflow/dags/snowflake_connection_demo.py for tasks to queue
[2026-09-12T04:13:17.065+0000] {logging_mixin.py:190} INFO - [2026-09-12T04:13:17.065+0000] {dagbag.py:587} INFO - Filling up the DagBag from /opt/airflow/dags/snowflake_connection_demo.py
[2026-09-12T04:13:17.085+0000] {logging_mixin.py:190} INFO - [2026-09-12T04:13:17.084+0000] {dagbag.py:386} ERROR - Failed to import: /opt/airflow/dags/snowflake_connection_demo.py
Traceback (most recent call last):
  File "/home/airflow/.local/lib/python3.12/site-packages/airflow/models/dagbag.py", line 382, in parse
    loader.exec_module(new_module)
  File "<frozen importlib._bootstrap_external>", line 995, in exec_module
  File "<frozen importlib._bootstrap>", line 488, in _call_with_frames_removed
  File "/opt/airflow/dags/snowflake_connection_demo.py", line 67, in <module>
    url = Variable.get("country_capital_url")
          ^^^^^^^^^^^^^^^^^^^^^^^^^^^^^^^^^^^
  File "/home/airflow/.local/lib/python3.12/site-packages/airflow/models/variable.py", line 145, in get
    raise KeyError(f"Variable {key} does not exist")
KeyError: 'Variable country_capital_url does not exist'
[2026-09-12T04:13:17.085+0000] {processor.py:927} WARNING - No viable dags retrieved from /opt/airflow/dags/snowflake_connection_demo.py
[2026-09-12T04:13:17.095+0000] {processor.py:208} INFO - Processing /opt/airflow/dags/snowflake_connection_demo.py took 0.048 seconds
[2026-09-12T04:13:47.441+0000] {processor.py:186} INFO - Started process (PID=2570) to work on /opt/airflow/dags/snowflake_connection_demo.py
[2026-09-12T04:13:47.442+0000] {processor.py:914} INFO - Processing file /opt/airflow/dags/snowflake_connection_demo.py for tasks to queue
[2026-09-12T04:13:47.446+0000] {logging_mixin.py:190} INFO - [2026-09-12T04:13:47.445+0000] {dagbag.py:587} INFO - Filling up the DagBag from /opt/airflow/dags/snowflake_connection_demo.py
[2026-09-12T04:13:47.465+0000] {logging_mixin.py:190} INFO - [2026-09-12T04:13:47.464+0000] {dagbag.py:386} ERROR - Failed to import: /opt/airflow/dags/snowflake_connection_demo.py
Traceback (most recent call last):
  File "/home/airflow/.local/lib/python3.12/site-packages/airflow/models/dagbag.py", line 382, in parse
    loader.exec_module(new_module)
  File "<frozen importlib._bootstrap_external>", line 995, in exec_module
  File "<frozen importlib._bootstrap>", line 488, in _call_with_frames_removed
  File "/opt/airflow/dags/snowflake_connection_demo.py", line 67, in <module>
    url = Variable.get("country_capital_url")
          ^^^^^^^^^^^^^^^^^^^^^^^^^^^^^^^^^^^
  File "/home/airflow/.local/lib/python3.12/site-packages/airflow/models/variable.py", line 145, in get
    raise KeyError(f"Variable {key} does not exist")
KeyError: 'Variable country_capital_url does not exist'
[2026-09-12T04:13:47.465+0000] {processor.py:927} WARNING - No viable dags retrieved from /opt/airflow/dags/snowflake_connection_demo.py
[2026-09-12T04:13:47.472+0000] {processor.py:208} INFO - Processing /opt/airflow/dags/snowflake_connection_demo.py took 0.039 seconds
[2026-09-12T04:14:17.845+0000] {processor.py:186} INFO - Started process (PID=2581) to work on /opt/airflow/dags/snowflake_connection_demo.py
[2026-09-12T04:14:17.847+0000] {processor.py:914} INFO - Processing file /opt/airflow/dags/snowflake_connection_demo.py for tasks to queue
[2026-09-12T04:14:17.851+0000] {logging_mixin.py:190} INFO - [2026-09-12T04:14:17.850+0000] {dagbag.py:587} INFO - Filling up the DagBag from /opt/airflow/dags/snowflake_connection_demo.py
[2026-09-12T04:14:17.870+0000] {logging_mixin.py:190} INFO - [2026-09-12T04:14:17.869+0000] {dagbag.py:386} ERROR - Failed to import: /opt/airflow/dags/snowflake_connection_demo.py
Traceback (most recent call last):
  File "/home/airflow/.local/lib/python3.12/site-packages/airflow/models/dagbag.py", line 382, in parse
    loader.exec_module(new_module)
  File "<frozen importlib._bootstrap_external>", line 995, in exec_module
  File "<frozen importlib._bootstrap>", line 488, in _call_with_frames_removed
  File "/opt/airflow/dags/snowflake_connection_demo.py", line 67, in <module>
    url = Variable.get("country_capital_url")
          ^^^^^^^^^^^^^^^^^^^^^^^^^^^^^^^^^^^
  File "/home/airflow/.local/lib/python3.12/site-packages/airflow/models/variable.py", line 145, in get
    raise KeyError(f"Variable {key} does not exist")
KeyError: 'Variable country_capital_url does not exist'
[2026-09-12T04:14:17.870+0000] {processor.py:927} WARNING - No viable dags retrieved from /opt/airflow/dags/snowflake_connection_demo.py
[2026-09-12T04:14:17.876+0000] {processor.py:208} INFO - Processing /opt/airflow/dags/snowflake_connection_demo.py took 0.039 seconds
[2026-09-12T04:14:48.210+0000] {processor.py:186} INFO - Started process (PID=2592) to work on /opt/airflow/dags/snowflake_connection_demo.py
[2026-09-12T04:14:48.213+0000] {processor.py:914} INFO - Processing file /opt/airflow/dags/snowflake_connection_demo.py for tasks to queue
[2026-09-12T04:14:48.215+0000] {logging_mixin.py:190} INFO - [2026-09-12T04:14:48.215+0000] {dagbag.py:587} INFO - Filling up the DagBag from /opt/airflow/dags/snowflake_connection_demo.py
[2026-09-12T04:14:48.232+0000] {logging_mixin.py:190} INFO - [2026-09-12T04:14:48.231+0000] {dagbag.py:386} ERROR - Failed to import: /opt/airflow/dags/snowflake_connection_demo.py
Traceback (most recent call last):
  File "/home/airflow/.local/lib/python3.12/site-packages/airflow/models/dagbag.py", line 382, in parse
    loader.exec_module(new_module)
  File "<frozen importlib._bootstrap_external>", line 995, in exec_module
  File "<frozen importlib._bootstrap>", line 488, in _call_with_frames_removed
  File "/opt/airflow/dags/snowflake_connection_demo.py", line 67, in <module>
    url = Variable.get("country_capital_url")
          ^^^^^^^^^^^^^^^^^^^^^^^^^^^^^^^^^^^
  File "/home/airflow/.local/lib/python3.12/site-packages/airflow/models/variable.py", line 145, in get
    raise KeyError(f"Variable {key} does not exist")
KeyError: 'Variable country_capital_url does not exist'
[2026-09-12T04:14:48.232+0000] {processor.py:927} WARNING - No viable dags retrieved from /opt/airflow/dags/snowflake_connection_demo.py
[2026-09-12T04:14:48.237+0000] {processor.py:208} INFO - Processing /opt/airflow/dags/snowflake_connection_demo.py took 0.035 seconds
[2026-09-12T04:15:18.572+0000] {processor.py:186} INFO - Started process (PID=2603) to work on /opt/airflow/dags/snowflake_connection_demo.py
[2026-09-12T04:15:18.574+0000] {processor.py:914} INFO - Processing file /opt/airflow/dags/snowflake_connection_demo.py for tasks to queue
[2026-09-12T04:15:18.577+0000] {logging_mixin.py:190} INFO - [2026-09-12T04:15:18.577+0000] {dagbag.py:587} INFO - Filling up the DagBag from /opt/airflow/dags/snowflake_connection_demo.py
[2026-09-12T04:15:18.595+0000] {logging_mixin.py:190} INFO - [2026-09-12T04:15:18.594+0000] {dagbag.py:386} ERROR - Failed to import: /opt/airflow/dags/snowflake_connection_demo.py
Traceback (most recent call last):
  File "/home/airflow/.local/lib/python3.12/site-packages/airflow/models/dagbag.py", line 382, in parse
    loader.exec_module(new_module)
  File "<frozen importlib._bootstrap_external>", line 995, in exec_module
  File "<frozen importlib._bootstrap>", line 488, in _call_with_frames_removed
  File "/opt/airflow/dags/snowflake_connection_demo.py", line 67, in <module>
    url = Variable.get("country_capital_url")
          ^^^^^^^^^^^^^^^^^^^^^^^^^^^^^^^^^^^
  File "/home/airflow/.local/lib/python3.12/site-packages/airflow/models/variable.py", line 145, in get
    raise KeyError(f"Variable {key} does not exist")
KeyError: 'Variable country_capital_url does not exist'
[2026-09-12T04:15:18.595+0000] {processor.py:927} WARNING - No viable dags retrieved from /opt/airflow/dags/snowflake_connection_demo.py
[2026-09-12T04:15:18.601+0000] {processor.py:208} INFO - Processing /opt/airflow/dags/snowflake_connection_demo.py took 0.036 seconds
[2026-09-12T04:15:48.925+0000] {processor.py:186} INFO - Started process (PID=2614) to work on /opt/airflow/dags/snowflake_connection_demo.py
[2026-09-12T04:15:48.927+0000] {processor.py:914} INFO - Processing file /opt/airflow/dags/snowflake_connection_demo.py for tasks to queue
[2026-09-12T04:15:48.929+0000] {logging_mixin.py:190} INFO - [2026-09-12T04:15:48.929+0000] {dagbag.py:587} INFO - Filling up the DagBag from /opt/airflow/dags/snowflake_connection_demo.py
[2026-09-12T04:15:48.942+0000] {logging_mixin.py:190} INFO - [2026-09-12T04:15:48.941+0000] {dagbag.py:386} ERROR - Failed to import: /opt/airflow/dags/snowflake_connection_demo.py
Traceback (most recent call last):
  File "/home/airflow/.local/lib/python3.12/site-packages/airflow/models/dagbag.py", line 382, in parse
    loader.exec_module(new_module)
  File "<frozen importlib._bootstrap_external>", line 995, in exec_module
  File "<frozen importlib._bootstrap>", line 488, in _call_with_frames_removed
  File "/opt/airflow/dags/snowflake_connection_demo.py", line 67, in <module>
    url = Variable.get("country_capital_url")
          ^^^^^^^^^^^^^^^^^^^^^^^^^^^^^^^^^^^
  File "/home/airflow/.local/lib/python3.12/site-packages/airflow/models/variable.py", line 145, in get
    raise KeyError(f"Variable {key} does not exist")
KeyError: 'Variable country_capital_url does not exist'
[2026-09-12T04:15:48.942+0000] {processor.py:927} WARNING - No viable dags retrieved from /opt/airflow/dags/snowflake_connection_demo.py
[2026-09-12T04:15:48.947+0000] {processor.py:208} INFO - Processing /opt/airflow/dags/snowflake_connection_demo.py took 0.026 seconds
[2026-09-12T04:16:19.317+0000] {processor.py:186} INFO - Started process (PID=2625) to work on /opt/airflow/dags/snowflake_connection_demo.py
[2026-09-12T04:16:19.319+0000] {processor.py:914} INFO - Processing file /opt/airflow/dags/snowflake_connection_demo.py for tasks to queue
[2026-09-12T04:16:19.322+0000] {logging_mixin.py:190} INFO - [2026-09-12T04:16:19.322+0000] {dagbag.py:587} INFO - Filling up the DagBag from /opt/airflow/dags/snowflake_connection_demo.py
[2026-09-12T04:16:19.340+0000] {logging_mixin.py:190} INFO - [2026-09-12T04:16:19.339+0000] {dagbag.py:386} ERROR - Failed to import: /opt/airflow/dags/snowflake_connection_demo.py
Traceback (most recent call last):
  File "/home/airflow/.local/lib/python3.12/site-packages/airflow/models/dagbag.py", line 382, in parse
    loader.exec_module(new_module)
  File "<frozen importlib._bootstrap_external>", line 995, in exec_module
  File "<frozen importlib._bootstrap>", line 488, in _call_with_frames_removed
  File "/opt/airflow/dags/snowflake_connection_demo.py", line 67, in <module>
    url = Variable.get("country_capital_url")
          ^^^^^^^^^^^^^^^^^^^^^^^^^^^^^^^^^^^
  File "/home/airflow/.local/lib/python3.12/site-packages/airflow/models/variable.py", line 145, in get
    raise KeyError(f"Variable {key} does not exist")
KeyError: 'Variable country_capital_url does not exist'
[2026-09-12T04:16:19.340+0000] {processor.py:927} WARNING - No viable dags retrieved from /opt/airflow/dags/snowflake_connection_demo.py
[2026-09-12T04:16:19.347+0000] {processor.py:208} INFO - Processing /opt/airflow/dags/snowflake_connection_demo.py took 0.036 seconds
[2026-09-12T04:16:49.696+0000] {processor.py:186} INFO - Started process (PID=2636) to work on /opt/airflow/dags/snowflake_connection_demo.py
[2026-09-12T04:16:49.698+0000] {processor.py:914} INFO - Processing file /opt/airflow/dags/snowflake_connection_demo.py for tasks to queue
[2026-09-12T04:16:49.700+0000] {logging_mixin.py:190} INFO - [2026-09-12T04:16:49.700+0000] {dagbag.py:587} INFO - Filling up the DagBag from /opt/airflow/dags/snowflake_connection_demo.py
[2026-09-12T04:16:49.711+0000] {logging_mixin.py:190} INFO - [2026-09-12T04:16:49.711+0000] {dagbag.py:386} ERROR - Failed to import: /opt/airflow/dags/snowflake_connection_demo.py
Traceback (most recent call last):
  File "/home/airflow/.local/lib/python3.12/site-packages/airflow/models/dagbag.py", line 382, in parse
    loader.exec_module(new_module)
  File "<frozen importlib._bootstrap_external>", line 995, in exec_module
  File "<frozen importlib._bootstrap>", line 488, in _call_with_frames_removed
  File "/opt/airflow/dags/snowflake_connection_demo.py", line 67, in <module>
    url = Variable.get("country_capital_url")
          ^^^^^^^^^^^^^^^^^^^^^^^^^^^^^^^^^^^
  File "/home/airflow/.local/lib/python3.12/site-packages/airflow/models/variable.py", line 145, in get
    raise KeyError(f"Variable {key} does not exist")
KeyError: 'Variable country_capital_url does not exist'
[2026-09-12T04:16:49.712+0000] {processor.py:927} WARNING - No viable dags retrieved from /opt/airflow/dags/snowflake_connection_demo.py
[2026-09-12T04:16:49.716+0000] {processor.py:208} INFO - Processing /opt/airflow/dags/snowflake_connection_demo.py took 0.025 seconds
[2026-09-12T04:17:20.078+0000] {processor.py:186} INFO - Started process (PID=2647) to work on /opt/airflow/dags/snowflake_connection_demo.py
[2026-09-12T04:17:20.081+0000] {processor.py:914} INFO - Processing file /opt/airflow/dags/snowflake_connection_demo.py for tasks to queue
[2026-09-12T04:17:20.085+0000] {logging_mixin.py:190} INFO - [2026-09-12T04:17:20.085+0000] {dagbag.py:587} INFO - Filling up the DagBag from /opt/airflow/dags/snowflake_connection_demo.py
[2026-09-12T04:17:20.105+0000] {logging_mixin.py:190} INFO - [2026-09-12T04:17:20.103+0000] {dagbag.py:386} ERROR - Failed to import: /opt/airflow/dags/snowflake_connection_demo.py
Traceback (most recent call last):
  File "/home/airflow/.local/lib/python3.12/site-packages/airflow/models/dagbag.py", line 382, in parse
    loader.exec_module(new_module)
  File "<frozen importlib._bootstrap_external>", line 995, in exec_module
  File "<frozen importlib._bootstrap>", line 488, in _call_with_frames_removed
  File "/opt/airflow/dags/snowflake_connection_demo.py", line 67, in <module>
    url = Variable.get("country_capital_url")
          ^^^^^^^^^^^^^^^^^^^^^^^^^^^^^^^^^^^
  File "/home/airflow/.local/lib/python3.12/site-packages/airflow/models/variable.py", line 145, in get
    raise KeyError(f"Variable {key} does not exist")
KeyError: 'Variable country_capital_url does not exist'
[2026-09-12T04:17:20.105+0000] {processor.py:927} WARNING - No viable dags retrieved from /opt/airflow/dags/snowflake_connection_demo.py
[2026-09-12T04:17:20.112+0000] {processor.py:208} INFO - Processing /opt/airflow/dags/snowflake_connection_demo.py took 0.042 seconds
[2026-09-12T04:17:50.478+0000] {processor.py:186} INFO - Started process (PID=2658) to work on /opt/airflow/dags/snowflake_connection_demo.py
[2026-09-12T04:17:50.482+0000] {processor.py:914} INFO - Processing file /opt/airflow/dags/snowflake_connection_demo.py for tasks to queue
[2026-09-12T04:17:50.484+0000] {logging_mixin.py:190} INFO - [2026-09-12T04:17:50.484+0000] {dagbag.py:587} INFO - Filling up the DagBag from /opt/airflow/dags/snowflake_connection_demo.py
[2026-09-12T04:17:50.499+0000] {logging_mixin.py:190} INFO - [2026-09-12T04:17:50.498+0000] {dagbag.py:386} ERROR - Failed to import: /opt/airflow/dags/snowflake_connection_demo.py
Traceback (most recent call last):
  File "/home/airflow/.local/lib/python3.12/site-packages/airflow/models/dagbag.py", line 382, in parse
    loader.exec_module(new_module)
  File "<frozen importlib._bootstrap_external>", line 995, in exec_module
  File "<frozen importlib._bootstrap>", line 488, in _call_with_frames_removed
  File "/opt/airflow/dags/snowflake_connection_demo.py", line 67, in <module>
    url = Variable.get("country_capital_url")
          ^^^^^^^^^^^^^^^^^^^^^^^^^^^^^^^^^^^
  File "/home/airflow/.local/lib/python3.12/site-packages/airflow/models/variable.py", line 145, in get
    raise KeyError(f"Variable {key} does not exist")
KeyError: 'Variable country_capital_url does not exist'
[2026-09-12T04:17:50.500+0000] {processor.py:927} WARNING - No viable dags retrieved from /opt/airflow/dags/snowflake_connection_demo.py
[2026-09-12T04:17:50.505+0000] {processor.py:208} INFO - Processing /opt/airflow/dags/snowflake_connection_demo.py took 0.033 seconds
[2026-09-12T04:18:20.858+0000] {processor.py:186} INFO - Started process (PID=2669) to work on /opt/airflow/dags/snowflake_connection_demo.py
[2026-09-12T04:18:20.860+0000] {processor.py:914} INFO - Processing file /opt/airflow/dags/snowflake_connection_demo.py for tasks to queue
[2026-09-12T04:18:20.863+0000] {logging_mixin.py:190} INFO - [2026-09-12T04:18:20.863+0000] {dagbag.py:587} INFO - Filling up the DagBag from /opt/airflow/dags/snowflake_connection_demo.py
[2026-09-12T04:18:20.881+0000] {logging_mixin.py:190} INFO - [2026-09-12T04:18:20.880+0000] {dagbag.py:386} ERROR - Failed to import: /opt/airflow/dags/snowflake_connection_demo.py
Traceback (most recent call last):
  File "/home/airflow/.local/lib/python3.12/site-packages/airflow/models/dagbag.py", line 382, in parse
    loader.exec_module(new_module)
  File "<frozen importlib._bootstrap_external>", line 995, in exec_module
  File "<frozen importlib._bootstrap>", line 488, in _call_with_frames_removed
  File "/opt/airflow/dags/snowflake_connection_demo.py", line 67, in <module>
    url = Variable.get("country_capital_url")
          ^^^^^^^^^^^^^^^^^^^^^^^^^^^^^^^^^^^
  File "/home/airflow/.local/lib/python3.12/site-packages/airflow/models/variable.py", line 145, in get
    raise KeyError(f"Variable {key} does not exist")
KeyError: 'Variable country_capital_url does not exist'
[2026-09-12T04:18:20.882+0000] {processor.py:927} WARNING - No viable dags retrieved from /opt/airflow/dags/snowflake_connection_demo.py
[2026-09-12T04:18:20.887+0000] {processor.py:208} INFO - Processing /opt/airflow/dags/snowflake_connection_demo.py took 0.035 seconds
[2026-09-12T04:18:51.208+0000] {processor.py:186} INFO - Started process (PID=2680) to work on /opt/airflow/dags/snowflake_connection_demo.py
[2026-09-12T04:18:51.210+0000] {processor.py:914} INFO - Processing file /opt/airflow/dags/snowflake_connection_demo.py for tasks to queue
[2026-09-12T04:18:51.212+0000] {logging_mixin.py:190} INFO - [2026-09-12T04:18:51.212+0000] {dagbag.py:587} INFO - Filling up the DagBag from /opt/airflow/dags/snowflake_connection_demo.py
[2026-09-12T04:18:51.229+0000] {logging_mixin.py:190} INFO - [2026-09-12T04:18:51.228+0000] {dagbag.py:386} ERROR - Failed to import: /opt/airflow/dags/snowflake_connection_demo.py
Traceback (most recent call last):
  File "/home/airflow/.local/lib/python3.12/site-packages/airflow/models/dagbag.py", line 382, in parse
    loader.exec_module(new_module)
  File "<frozen importlib._bootstrap_external>", line 995, in exec_module
  File "<frozen importlib._bootstrap>", line 488, in _call_with_frames_removed
  File "/opt/airflow/dags/snowflake_connection_demo.py", line 67, in <module>
    url = Variable.get("country_capital_url")
          ^^^^^^^^^^^^^^^^^^^^^^^^^^^^^^^^^^^
  File "/home/airflow/.local/lib/python3.12/site-packages/airflow/models/variable.py", line 145, in get
    raise KeyError(f"Variable {key} does not exist")
KeyError: 'Variable country_capital_url does not exist'
[2026-09-12T04:18:51.230+0000] {processor.py:927} WARNING - No viable dags retrieved from /opt/airflow/dags/snowflake_connection_demo.py
[2026-09-12T04:18:51.235+0000] {processor.py:208} INFO - Processing /opt/airflow/dags/snowflake_connection_demo.py took 0.033 seconds
[2026-09-12T04:19:21.551+0000] {processor.py:186} INFO - Started process (PID=2691) to work on /opt/airflow/dags/snowflake_connection_demo.py
[2026-09-12T04:19:21.554+0000] {processor.py:914} INFO - Processing file /opt/airflow/dags/snowflake_connection_demo.py for tasks to queue
[2026-09-12T04:19:21.556+0000] {logging_mixin.py:190} INFO - [2026-09-12T04:19:21.556+0000] {dagbag.py:587} INFO - Filling up the DagBag from /opt/airflow/dags/snowflake_connection_demo.py
[2026-09-12T04:19:21.571+0000] {logging_mixin.py:190} INFO - [2026-09-12T04:19:21.570+0000] {dagbag.py:386} ERROR - Failed to import: /opt/airflow/dags/snowflake_connection_demo.py
Traceback (most recent call last):
  File "/home/airflow/.local/lib/python3.12/site-packages/airflow/models/dagbag.py", line 382, in parse
    loader.exec_module(new_module)
  File "<frozen importlib._bootstrap_external>", line 995, in exec_module
  File "<frozen importlib._bootstrap>", line 488, in _call_with_frames_removed
  File "/opt/airflow/dags/snowflake_connection_demo.py", line 67, in <module>
    url = Variable.get("country_capital_url")
          ^^^^^^^^^^^^^^^^^^^^^^^^^^^^^^^^^^^
  File "/home/airflow/.local/lib/python3.12/site-packages/airflow/models/variable.py", line 145, in get
    raise KeyError(f"Variable {key} does not exist")
KeyError: 'Variable country_capital_url does not exist'
[2026-09-12T04:19:21.571+0000] {processor.py:927} WARNING - No viable dags retrieved from /opt/airflow/dags/snowflake_connection_demo.py
[2026-09-12T04:19:21.576+0000] {processor.py:208} INFO - Processing /opt/airflow/dags/snowflake_connection_demo.py took 0.031 seconds
[2026-09-12T04:19:51.918+0000] {processor.py:186} INFO - Started process (PID=2702) to work on /opt/airflow/dags/snowflake_connection_demo.py
[2026-09-12T04:19:51.921+0000] {processor.py:914} INFO - Processing file /opt/airflow/dags/snowflake_connection_demo.py for tasks to queue
[2026-09-12T04:19:51.924+0000] {logging_mixin.py:190} INFO - [2026-09-12T04:19:51.924+0000] {dagbag.py:587} INFO - Filling up the DagBag from /opt/airflow/dags/snowflake_connection_demo.py
[2026-09-12T04:19:51.943+0000] {logging_mixin.py:190} INFO - [2026-09-12T04:19:51.941+0000] {dagbag.py:386} ERROR - Failed to import: /opt/airflow/dags/snowflake_connection_demo.py
Traceback (most recent call last):
  File "/home/airflow/.local/lib/python3.12/site-packages/airflow/models/dagbag.py", line 382, in parse
    loader.exec_module(new_module)
  File "<frozen importlib._bootstrap_external>", line 995, in exec_module
  File "<frozen importlib._bootstrap>", line 488, in _call_with_frames_removed
  File "/opt/airflow/dags/snowflake_connection_demo.py", line 67, in <module>
    url = Variable.get("country_capital_url")
          ^^^^^^^^^^^^^^^^^^^^^^^^^^^^^^^^^^^
  File "/home/airflow/.local/lib/python3.12/site-packages/airflow/models/variable.py", line 145, in get
    raise KeyError(f"Variable {key} does not exist")
KeyError: 'Variable country_capital_url does not exist'
[2026-09-12T04:19:51.943+0000] {processor.py:927} WARNING - No viable dags retrieved from /opt/airflow/dags/snowflake_connection_demo.py
[2026-09-12T04:19:51.948+0000] {processor.py:208} INFO - Processing /opt/airflow/dags/snowflake_connection_demo.py took 0.037 seconds
[2026-09-12T04:20:22.305+0000] {processor.py:186} INFO - Started process (PID=2713) to work on /opt/airflow/dags/snowflake_connection_demo.py
[2026-09-12T04:20:22.306+0000] {processor.py:914} INFO - Processing file /opt/airflow/dags/snowflake_connection_demo.py for tasks to queue
[2026-09-12T04:20:22.313+0000] {logging_mixin.py:190} INFO - [2026-09-12T04:20:22.313+0000] {dagbag.py:587} INFO - Filling up the DagBag from /opt/airflow/dags/snowflake_connection_demo.py
[2026-09-12T04:20:22.338+0000] {logging_mixin.py:190} INFO - [2026-09-12T04:20:22.333+0000] {dagbag.py:386} ERROR - Failed to import: /opt/airflow/dags/snowflake_connection_demo.py
Traceback (most recent call last):
  File "/home/airflow/.local/lib/python3.12/site-packages/airflow/models/dagbag.py", line 382, in parse
    loader.exec_module(new_module)
  File "<frozen importlib._bootstrap_external>", line 995, in exec_module
  File "<frozen importlib._bootstrap>", line 488, in _call_with_frames_removed
  File "/opt/airflow/dags/snowflake_connection_demo.py", line 67, in <module>
    url = Variable.get("country_capital_url")
          ^^^^^^^^^^^^^^^^^^^^^^^^^^^^^^^^^^^
  File "/home/airflow/.local/lib/python3.12/site-packages/airflow/models/variable.py", line 145, in get
    raise KeyError(f"Variable {key} does not exist")
KeyError: 'Variable country_capital_url does not exist'
[2026-09-12T04:20:22.339+0000] {processor.py:927} WARNING - No viable dags retrieved from /opt/airflow/dags/snowflake_connection_demo.py
[2026-09-12T04:20:22.345+0000] {processor.py:208} INFO - Processing /opt/airflow/dags/snowflake_connection_demo.py took 0.050 seconds
[2026-09-12T04:20:52.632+0000] {processor.py:186} INFO - Started process (PID=2724) to work on /opt/airflow/dags/snowflake_connection_demo.py
[2026-09-12T04:20:52.634+0000] {processor.py:914} INFO - Processing file /opt/airflow/dags/snowflake_connection_demo.py for tasks to queue
[2026-09-12T04:20:52.636+0000] {logging_mixin.py:190} INFO - [2026-09-12T04:20:52.635+0000] {dagbag.py:587} INFO - Filling up the DagBag from /opt/airflow/dags/snowflake_connection_demo.py
[2026-09-12T04:20:52.650+0000] {logging_mixin.py:190} INFO - [2026-09-12T04:20:52.649+0000] {dagbag.py:386} ERROR - Failed to import: /opt/airflow/dags/snowflake_connection_demo.py
Traceback (most recent call last):
  File "/home/airflow/.local/lib/python3.12/site-packages/airflow/models/dagbag.py", line 382, in parse
    loader.exec_module(new_module)
  File "<frozen importlib._bootstrap_external>", line 995, in exec_module
  File "<frozen importlib._bootstrap>", line 488, in _call_with_frames_removed
  File "/opt/airflow/dags/snowflake_connection_demo.py", line 67, in <module>
    url = Variable.get("country_capital_url")
          ^^^^^^^^^^^^^^^^^^^^^^^^^^^^^^^^^^^
  File "/home/airflow/.local/lib/python3.12/site-packages/airflow/models/variable.py", line 145, in get
    raise KeyError(f"Variable {key} does not exist")
KeyError: 'Variable country_capital_url does not exist'
[2026-09-12T04:20:52.650+0000] {processor.py:927} WARNING - No viable dags retrieved from /opt/airflow/dags/snowflake_connection_demo.py
[2026-09-12T04:20:52.655+0000] {processor.py:208} INFO - Processing /opt/airflow/dags/snowflake_connection_demo.py took 0.028 seconds
[2026-09-12T04:21:22.982+0000] {processor.py:186} INFO - Started process (PID=2735) to work on /opt/airflow/dags/snowflake_connection_demo.py
[2026-09-12T04:21:22.984+0000] {processor.py:914} INFO - Processing file /opt/airflow/dags/snowflake_connection_demo.py for tasks to queue
[2026-09-12T04:21:22.988+0000] {logging_mixin.py:190} INFO - [2026-09-12T04:21:22.987+0000] {dagbag.py:587} INFO - Filling up the DagBag from /opt/airflow/dags/snowflake_connection_demo.py
[2026-09-12T04:21:23.008+0000] {logging_mixin.py:190} INFO - [2026-09-12T04:21:23.007+0000] {dagbag.py:386} ERROR - Failed to import: /opt/airflow/dags/snowflake_connection_demo.py
Traceback (most recent call last):
  File "/home/airflow/.local/lib/python3.12/site-packages/airflow/models/dagbag.py", line 382, in parse
    loader.exec_module(new_module)
  File "<frozen importlib._bootstrap_external>", line 995, in exec_module
  File "<frozen importlib._bootstrap>", line 488, in _call_with_frames_removed
  File "/opt/airflow/dags/snowflake_connection_demo.py", line 67, in <module>
    url = Variable.get("country_capital_url")
          ^^^^^^^^^^^^^^^^^^^^^^^^^^^^^^^^^^^
  File "/home/airflow/.local/lib/python3.12/site-packages/airflow/models/variable.py", line 145, in get
    raise KeyError(f"Variable {key} does not exist")
KeyError: 'Variable country_capital_url does not exist'
[2026-09-12T04:21:23.009+0000] {processor.py:927} WARNING - No viable dags retrieved from /opt/airflow/dags/snowflake_connection_demo.py
[2026-09-12T04:21:23.016+0000] {processor.py:208} INFO - Processing /opt/airflow/dags/snowflake_connection_demo.py took 0.042 seconds
[2026-09-12T04:21:53.365+0000] {processor.py:186} INFO - Started process (PID=2746) to work on /opt/airflow/dags/snowflake_connection_demo.py
[2026-09-12T04:21:53.366+0000] {processor.py:914} INFO - Processing file /opt/airflow/dags/snowflake_connection_demo.py for tasks to queue
[2026-09-12T04:21:53.369+0000] {logging_mixin.py:190} INFO - [2026-09-12T04:21:53.368+0000] {dagbag.py:587} INFO - Filling up the DagBag from /opt/airflow/dags/snowflake_connection_demo.py
[2026-09-12T04:21:53.384+0000] {logging_mixin.py:190} INFO - [2026-09-12T04:21:53.383+0000] {dagbag.py:386} ERROR - Failed to import: /opt/airflow/dags/snowflake_connection_demo.py
Traceback (most recent call last):
  File "/home/airflow/.local/lib/python3.12/site-packages/airflow/models/dagbag.py", line 382, in parse
    loader.exec_module(new_module)
  File "<frozen importlib._bootstrap_external>", line 995, in exec_module
  File "<frozen importlib._bootstrap>", line 488, in _call_with_frames_removed
  File "/opt/airflow/dags/snowflake_connection_demo.py", line 67, in <module>
    url = Variable.get("country_capital_url")
          ^^^^^^^^^^^^^^^^^^^^^^^^^^^^^^^^^^^
  File "/home/airflow/.local/lib/python3.12/site-packages/airflow/models/variable.py", line 145, in get
    raise KeyError(f"Variable {key} does not exist")
KeyError: 'Variable country_capital_url does not exist'
[2026-09-12T04:21:53.384+0000] {processor.py:927} WARNING - No viable dags retrieved from /opt/airflow/dags/snowflake_connection_demo.py
[2026-09-12T04:21:53.389+0000] {processor.py:208} INFO - Processing /opt/airflow/dags/snowflake_connection_demo.py took 0.030 seconds
[2026-09-12T04:22:23.755+0000] {processor.py:186} INFO - Started process (PID=2757) to work on /opt/airflow/dags/snowflake_connection_demo.py
[2026-09-12T04:22:23.758+0000] {processor.py:914} INFO - Processing file /opt/airflow/dags/snowflake_connection_demo.py for tasks to queue
[2026-09-12T04:22:23.761+0000] {logging_mixin.py:190} INFO - [2026-09-12T04:22:23.761+0000] {dagbag.py:587} INFO - Filling up the DagBag from /opt/airflow/dags/snowflake_connection_demo.py
[2026-09-12T04:22:23.777+0000] {logging_mixin.py:190} INFO - [2026-09-12T04:22:23.776+0000] {dagbag.py:386} ERROR - Failed to import: /opt/airflow/dags/snowflake_connection_demo.py
Traceback (most recent call last):
  File "/home/airflow/.local/lib/python3.12/site-packages/airflow/models/dagbag.py", line 382, in parse
    loader.exec_module(new_module)
  File "<frozen importlib._bootstrap_external>", line 995, in exec_module
  File "<frozen importlib._bootstrap>", line 488, in _call_with_frames_removed
  File "/opt/airflow/dags/snowflake_connection_demo.py", line 67, in <module>
    url = Variable.get("country_capital_url")
          ^^^^^^^^^^^^^^^^^^^^^^^^^^^^^^^^^^^
  File "/home/airflow/.local/lib/python3.12/site-packages/airflow/models/variable.py", line 145, in get
    raise KeyError(f"Variable {key} does not exist")
KeyError: 'Variable country_capital_url does not exist'
[2026-09-12T04:22:23.778+0000] {processor.py:927} WARNING - No viable dags retrieved from /opt/airflow/dags/snowflake_connection_demo.py
[2026-09-12T04:22:23.783+0000] {processor.py:208} INFO - Processing /opt/airflow/dags/snowflake_connection_demo.py took 0.034 seconds
[2026-09-12T04:22:54.140+0000] {processor.py:186} INFO - Started process (PID=2768) to work on /opt/airflow/dags/snowflake_connection_demo.py
[2026-09-12T04:22:54.141+0000] {processor.py:914} INFO - Processing file /opt/airflow/dags/snowflake_connection_demo.py for tasks to queue
[2026-09-12T04:22:54.143+0000] {logging_mixin.py:190} INFO - [2026-09-12T04:22:54.143+0000] {dagbag.py:587} INFO - Filling up the DagBag from /opt/airflow/dags/snowflake_connection_demo.py
[2026-09-12T04:22:54.154+0000] {logging_mixin.py:190} INFO - [2026-09-12T04:22:54.153+0000] {dagbag.py:386} ERROR - Failed to import: /opt/airflow/dags/snowflake_connection_demo.py
Traceback (most recent call last):
  File "/home/airflow/.local/lib/python3.12/site-packages/airflow/models/dagbag.py", line 382, in parse
    loader.exec_module(new_module)
  File "<frozen importlib._bootstrap_external>", line 995, in exec_module
  File "<frozen importlib._bootstrap>", line 488, in _call_with_frames_removed
  File "/opt/airflow/dags/snowflake_connection_demo.py", line 67, in <module>
    url = Variable.get("country_capital_url")
          ^^^^^^^^^^^^^^^^^^^^^^^^^^^^^^^^^^^
  File "/home/airflow/.local/lib/python3.12/site-packages/airflow/models/variable.py", line 145, in get
    raise KeyError(f"Variable {key} does not exist")
KeyError: 'Variable country_capital_url does not exist'
[2026-09-12T04:22:54.154+0000] {processor.py:927} WARNING - No viable dags retrieved from /opt/airflow/dags/snowflake_connection_demo.py
[2026-09-12T04:22:54.158+0000] {processor.py:208} INFO - Processing /opt/airflow/dags/snowflake_connection_demo.py took 0.022 seconds
[2026-09-12T04:23:24.447+0000] {processor.py:186} INFO - Started process (PID=2779) to work on /opt/airflow/dags/snowflake_connection_demo.py
[2026-09-12T04:23:24.449+0000] {processor.py:914} INFO - Processing file /opt/airflow/dags/snowflake_connection_demo.py for tasks to queue
[2026-09-12T04:23:24.451+0000] {logging_mixin.py:190} INFO - [2026-09-12T04:23:24.451+0000] {dagbag.py:587} INFO - Filling up the DagBag from /opt/airflow/dags/snowflake_connection_demo.py
[2026-09-12T04:23:24.469+0000] {logging_mixin.py:190} INFO - [2026-09-12T04:23:24.468+0000] {dagbag.py:386} ERROR - Failed to import: /opt/airflow/dags/snowflake_connection_demo.py
Traceback (most recent call last):
  File "/home/airflow/.local/lib/python3.12/site-packages/airflow/models/dagbag.py", line 382, in parse
    loader.exec_module(new_module)
  File "<frozen importlib._bootstrap_external>", line 995, in exec_module
  File "<frozen importlib._bootstrap>", line 488, in _call_with_frames_removed
  File "/opt/airflow/dags/snowflake_connection_demo.py", line 67, in <module>
    url = Variable.get("country_capital_url")
          ^^^^^^^^^^^^^^^^^^^^^^^^^^^^^^^^^^^
  File "/home/airflow/.local/lib/python3.12/site-packages/airflow/models/variable.py", line 145, in get
    raise KeyError(f"Variable {key} does not exist")
KeyError: 'Variable country_capital_url does not exist'
[2026-09-12T04:23:24.470+0000] {processor.py:927} WARNING - No viable dags retrieved from /opt/airflow/dags/snowflake_connection_demo.py
[2026-09-12T04:23:24.476+0000] {processor.py:208} INFO - Processing /opt/airflow/dags/snowflake_connection_demo.py took 0.036 seconds
[2026-09-12T04:23:54.768+0000] {processor.py:186} INFO - Started process (PID=2790) to work on /opt/airflow/dags/snowflake_connection_demo.py
[2026-09-12T04:23:54.772+0000] {processor.py:914} INFO - Processing file /opt/airflow/dags/snowflake_connection_demo.py for tasks to queue
[2026-09-12T04:23:54.774+0000] {logging_mixin.py:190} INFO - [2026-09-12T04:23:54.774+0000] {dagbag.py:587} INFO - Filling up the DagBag from /opt/airflow/dags/snowflake_connection_demo.py
[2026-09-12T04:23:54.791+0000] {logging_mixin.py:190} INFO - [2026-09-12T04:23:54.790+0000] {dagbag.py:386} ERROR - Failed to import: /opt/airflow/dags/snowflake_connection_demo.py
Traceback (most recent call last):
  File "/home/airflow/.local/lib/python3.12/site-packages/airflow/models/dagbag.py", line 382, in parse
    loader.exec_module(new_module)
  File "<frozen importlib._bootstrap_external>", line 995, in exec_module
  File "<frozen importlib._bootstrap>", line 488, in _call_with_frames_removed
  File "/opt/airflow/dags/snowflake_connection_demo.py", line 67, in <module>
    url = Variable.get("country_capital_url")
          ^^^^^^^^^^^^^^^^^^^^^^^^^^^^^^^^^^^
  File "/home/airflow/.local/lib/python3.12/site-packages/airflow/models/variable.py", line 145, in get
    raise KeyError(f"Variable {key} does not exist")
KeyError: 'Variable country_capital_url does not exist'
[2026-09-12T04:23:54.792+0000] {processor.py:927} WARNING - No viable dags retrieved from /opt/airflow/dags/snowflake_connection_demo.py
[2026-09-12T04:23:54.796+0000] {processor.py:208} INFO - Processing /opt/airflow/dags/snowflake_connection_demo.py took 0.033 seconds
[2026-09-12T04:24:25.145+0000] {processor.py:186} INFO - Started process (PID=2801) to work on /opt/airflow/dags/snowflake_connection_demo.py
[2026-09-12T04:24:25.148+0000] {processor.py:914} INFO - Processing file /opt/airflow/dags/snowflake_connection_demo.py for tasks to queue
[2026-09-12T04:24:25.151+0000] {logging_mixin.py:190} INFO - [2026-09-12T04:24:25.150+0000] {dagbag.py:587} INFO - Filling up the DagBag from /opt/airflow/dags/snowflake_connection_demo.py
[2026-09-12T04:24:25.168+0000] {logging_mixin.py:190} INFO - [2026-09-12T04:24:25.167+0000] {dagbag.py:386} ERROR - Failed to import: /opt/airflow/dags/snowflake_connection_demo.py
Traceback (most recent call last):
  File "/home/airflow/.local/lib/python3.12/site-packages/airflow/models/dagbag.py", line 382, in parse
    loader.exec_module(new_module)
  File "<frozen importlib._bootstrap_external>", line 995, in exec_module
  File "<frozen importlib._bootstrap>", line 488, in _call_with_frames_removed
  File "/opt/airflow/dags/snowflake_connection_demo.py", line 67, in <module>
    url = Variable.get("country_capital_url")
          ^^^^^^^^^^^^^^^^^^^^^^^^^^^^^^^^^^^
  File "/home/airflow/.local/lib/python3.12/site-packages/airflow/models/variable.py", line 145, in get
    raise KeyError(f"Variable {key} does not exist")
KeyError: 'Variable country_capital_url does not exist'
[2026-09-12T04:24:25.169+0000] {processor.py:927} WARNING - No viable dags retrieved from /opt/airflow/dags/snowflake_connection_demo.py
[2026-09-12T04:24:25.174+0000] {processor.py:208} INFO - Processing /opt/airflow/dags/snowflake_connection_demo.py took 0.037 seconds
[2026-09-12T04:24:55.533+0000] {processor.py:186} INFO - Started process (PID=2812) to work on /opt/airflow/dags/snowflake_connection_demo.py
[2026-09-12T04:24:55.535+0000] {processor.py:914} INFO - Processing file /opt/airflow/dags/snowflake_connection_demo.py for tasks to queue
[2026-09-12T04:24:55.538+0000] {logging_mixin.py:190} INFO - [2026-09-12T04:24:55.538+0000] {dagbag.py:587} INFO - Filling up the DagBag from /opt/airflow/dags/snowflake_connection_demo.py
[2026-09-12T04:24:55.554+0000] {logging_mixin.py:190} INFO - [2026-09-12T04:24:55.553+0000] {dagbag.py:386} ERROR - Failed to import: /opt/airflow/dags/snowflake_connection_demo.py
Traceback (most recent call last):
  File "/home/airflow/.local/lib/python3.12/site-packages/airflow/models/dagbag.py", line 382, in parse
    loader.exec_module(new_module)
  File "<frozen importlib._bootstrap_external>", line 995, in exec_module
  File "<frozen importlib._bootstrap>", line 488, in _call_with_frames_removed
  File "/opt/airflow/dags/snowflake_connection_demo.py", line 67, in <module>
    url = Variable.get("country_capital_url")
          ^^^^^^^^^^^^^^^^^^^^^^^^^^^^^^^^^^^
  File "/home/airflow/.local/lib/python3.12/site-packages/airflow/models/variable.py", line 145, in get
    raise KeyError(f"Variable {key} does not exist")
KeyError: 'Variable country_capital_url does not exist'
[2026-09-12T04:24:55.555+0000] {processor.py:927} WARNING - No viable dags retrieved from /opt/airflow/dags/snowflake_connection_demo.py
[2026-09-12T04:24:55.560+0000] {processor.py:208} INFO - Processing /opt/airflow/dags/snowflake_connection_demo.py took 0.032 seconds
[2026-09-12T04:25:25.897+0000] {processor.py:186} INFO - Started process (PID=2823) to work on /opt/airflow/dags/snowflake_connection_demo.py
[2026-09-12T04:25:25.900+0000] {processor.py:914} INFO - Processing file /opt/airflow/dags/snowflake_connection_demo.py for tasks to queue
[2026-09-12T04:25:25.902+0000] {logging_mixin.py:190} INFO - [2026-09-12T04:25:25.902+0000] {dagbag.py:587} INFO - Filling up the DagBag from /opt/airflow/dags/snowflake_connection_demo.py
[2026-09-12T04:25:25.922+0000] {logging_mixin.py:190} INFO - [2026-09-12T04:25:25.921+0000] {dagbag.py:386} ERROR - Failed to import: /opt/airflow/dags/snowflake_connection_demo.py
Traceback (most recent call last):
  File "/home/airflow/.local/lib/python3.12/site-packages/airflow/models/dagbag.py", line 382, in parse
    loader.exec_module(new_module)
  File "<frozen importlib._bootstrap_external>", line 995, in exec_module
  File "<frozen importlib._bootstrap>", line 488, in _call_with_frames_removed
  File "/opt/airflow/dags/snowflake_connection_demo.py", line 67, in <module>
    url = Variable.get("country_capital_url")
          ^^^^^^^^^^^^^^^^^^^^^^^^^^^^^^^^^^^
  File "/home/airflow/.local/lib/python3.12/site-packages/airflow/models/variable.py", line 145, in get
    raise KeyError(f"Variable {key} does not exist")
KeyError: 'Variable country_capital_url does not exist'
[2026-09-12T04:25:25.922+0000] {processor.py:927} WARNING - No viable dags retrieved from /opt/airflow/dags/snowflake_connection_demo.py
[2026-09-12T04:25:25.927+0000] {processor.py:208} INFO - Processing /opt/airflow/dags/snowflake_connection_demo.py took 0.037 seconds
[2026-09-12T04:25:56.258+0000] {processor.py:186} INFO - Started process (PID=2834) to work on /opt/airflow/dags/snowflake_connection_demo.py
[2026-09-12T04:25:56.261+0000] {processor.py:914} INFO - Processing file /opt/airflow/dags/snowflake_connection_demo.py for tasks to queue
[2026-09-12T04:25:56.263+0000] {logging_mixin.py:190} INFO - [2026-09-12T04:25:56.263+0000] {dagbag.py:587} INFO - Filling up the DagBag from /opt/airflow/dags/snowflake_connection_demo.py
[2026-09-12T04:25:56.279+0000] {logging_mixin.py:190} INFO - [2026-09-12T04:25:56.278+0000] {dagbag.py:386} ERROR - Failed to import: /opt/airflow/dags/snowflake_connection_demo.py
Traceback (most recent call last):
  File "/home/airflow/.local/lib/python3.12/site-packages/airflow/models/dagbag.py", line 382, in parse
    loader.exec_module(new_module)
  File "<frozen importlib._bootstrap_external>", line 995, in exec_module
  File "<frozen importlib._bootstrap>", line 488, in _call_with_frames_removed
  File "/opt/airflow/dags/snowflake_connection_demo.py", line 67, in <module>
    url = Variable.get("country_capital_url")
          ^^^^^^^^^^^^^^^^^^^^^^^^^^^^^^^^^^^
  File "/home/airflow/.local/lib/python3.12/site-packages/airflow/models/variable.py", line 145, in get
    raise KeyError(f"Variable {key} does not exist")
KeyError: 'Variable country_capital_url does not exist'
[2026-09-12T04:25:56.279+0000] {processor.py:927} WARNING - No viable dags retrieved from /opt/airflow/dags/snowflake_connection_demo.py
[2026-09-12T04:25:56.285+0000] {processor.py:208} INFO - Processing /opt/airflow/dags/snowflake_connection_demo.py took 0.034 seconds
[2026-09-12T04:43:52.623+0000] {processor.py:186} INFO - Started process (PID=2845) to work on /opt/airflow/dags/snowflake_connection_demo.py
[2026-09-12T04:43:52.627+0000] {processor.py:914} INFO - Processing file /opt/airflow/dags/snowflake_connection_demo.py for tasks to queue
[2026-09-12T04:43:52.639+0000] {logging_mixin.py:190} INFO - [2026-09-12T04:43:52.638+0000] {dagbag.py:587} INFO - Filling up the DagBag from /opt/airflow/dags/snowflake_connection_demo.py
[2026-09-12T04:43:52.717+0000] {logging_mixin.py:190} INFO - [2026-09-12T04:43:52.713+0000] {dagbag.py:386} ERROR - Failed to import: /opt/airflow/dags/snowflake_connection_demo.py
Traceback (most recent call last):
  File "/home/airflow/.local/lib/python3.12/site-packages/airflow/models/dagbag.py", line 382, in parse
    loader.exec_module(new_module)
  File "<frozen importlib._bootstrap_external>", line 995, in exec_module
  File "<frozen importlib._bootstrap>", line 488, in _call_with_frames_removed
  File "/opt/airflow/dags/snowflake_connection_demo.py", line 67, in <module>
    url = Variable.get("country_capital_url")
          ^^^^^^^^^^^^^^^^^^^^^^^^^^^^^^^^^^^
  File "/home/airflow/.local/lib/python3.12/site-packages/airflow/models/variable.py", line 145, in get
    raise KeyError(f"Variable {key} does not exist")
KeyError: 'Variable country_capital_url does not exist'
[2026-09-12T04:43:52.718+0000] {processor.py:927} WARNING - No viable dags retrieved from /opt/airflow/dags/snowflake_connection_demo.py
[2026-09-12T04:43:52.740+0000] {processor.py:208} INFO - Processing /opt/airflow/dags/snowflake_connection_demo.py took 0.134 seconds
[2026-09-12T05:01:41.139+0000] {processor.py:186} INFO - Started process (PID=2856) to work on /opt/airflow/dags/snowflake_connection_demo.py
[2026-09-12T05:01:41.141+0000] {processor.py:914} INFO - Processing file /opt/airflow/dags/snowflake_connection_demo.py for tasks to queue
[2026-09-12T05:01:41.144+0000] {logging_mixin.py:190} INFO - [2026-09-12T05:01:41.144+0000] {dagbag.py:587} INFO - Filling up the DagBag from /opt/airflow/dags/snowflake_connection_demo.py
[2026-09-12T05:01:41.168+0000] {logging_mixin.py:190} INFO - [2026-09-12T05:01:41.167+0000] {dagbag.py:386} ERROR - Failed to import: /opt/airflow/dags/snowflake_connection_demo.py
Traceback (most recent call last):
  File "/home/airflow/.local/lib/python3.12/site-packages/airflow/models/dagbag.py", line 382, in parse
    loader.exec_module(new_module)
  File "<frozen importlib._bootstrap_external>", line 995, in exec_module
  File "<frozen importlib._bootstrap>", line 488, in _call_with_frames_removed
  File "/opt/airflow/dags/snowflake_connection_demo.py", line 67, in <module>
    url = Variable.get("country_capital_url")
          ^^^^^^^^^^^^^^^^^^^^^^^^^^^^^^^^^^^
  File "/home/airflow/.local/lib/python3.12/site-packages/airflow/models/variable.py", line 145, in get
    raise KeyError(f"Variable {key} does not exist")
KeyError: 'Variable country_capital_url does not exist'
[2026-09-12T05:01:41.168+0000] {processor.py:927} WARNING - No viable dags retrieved from /opt/airflow/dags/snowflake_connection_demo.py
[2026-09-12T05:01:41.175+0000] {processor.py:208} INFO - Processing /opt/airflow/dags/snowflake_connection_demo.py took 0.045 seconds
[2026-09-12T05:50:27.458+0000] {processor.py:186} INFO - Started process (PID=2867) to work on /opt/airflow/dags/snowflake_connection_demo.py
[2026-09-12T05:50:27.462+0000] {processor.py:914} INFO - Processing file /opt/airflow/dags/snowflake_connection_demo.py for tasks to queue
[2026-09-12T05:50:27.465+0000] {logging_mixin.py:190} INFO - [2026-09-12T05:50:27.465+0000] {dagbag.py:587} INFO - Filling up the DagBag from /opt/airflow/dags/snowflake_connection_demo.py
[2026-09-12T05:50:27.488+0000] {logging_mixin.py:190} INFO - [2026-09-12T05:50:27.486+0000] {dagbag.py:386} ERROR - Failed to import: /opt/airflow/dags/snowflake_connection_demo.py
Traceback (most recent call last):
  File "/home/airflow/.local/lib/python3.12/site-packages/airflow/models/dagbag.py", line 382, in parse
    loader.exec_module(new_module)
  File "<frozen importlib._bootstrap_external>", line 995, in exec_module
  File "<frozen importlib._bootstrap>", line 488, in _call_with_frames_removed
  File "/opt/airflow/dags/snowflake_connection_demo.py", line 67, in <module>
    url = Variable.get("country_capital_url")
          ^^^^^^^^^^^^^^^^^^^^^^^^^^^^^^^^^^^
  File "/home/airflow/.local/lib/python3.12/site-packages/airflow/models/variable.py", line 145, in get
    raise KeyError(f"Variable {key} does not exist")
KeyError: 'Variable country_capital_url does not exist'
[2026-09-12T05:50:27.488+0000] {processor.py:927} WARNING - No viable dags retrieved from /opt/airflow/dags/snowflake_connection_demo.py
[2026-09-12T05:50:27.496+0000] {processor.py:208} INFO - Processing /opt/airflow/dags/snowflake_connection_demo.py took 0.046 seconds
[2026-09-12T06:08:04.304+0000] {processor.py:186} INFO - Started process (PID=2878) to work on /opt/airflow/dags/snowflake_connection_demo.py
[2026-09-12T06:08:04.306+0000] {processor.py:914} INFO - Processing file /opt/airflow/dags/snowflake_connection_demo.py for tasks to queue
[2026-09-12T06:08:04.313+0000] {logging_mixin.py:190} INFO - [2026-09-12T06:08:04.312+0000] {dagbag.py:587} INFO - Filling up the DagBag from /opt/airflow/dags/snowflake_connection_demo.py
[2026-09-12T06:08:04.337+0000] {logging_mixin.py:190} INFO - [2026-09-12T06:08:04.336+0000] {dagbag.py:386} ERROR - Failed to import: /opt/airflow/dags/snowflake_connection_demo.py
Traceback (most recent call last):
  File "/home/airflow/.local/lib/python3.12/site-packages/airflow/models/dagbag.py", line 382, in parse
    loader.exec_module(new_module)
  File "<frozen importlib._bootstrap_external>", line 995, in exec_module
  File "<frozen importlib._bootstrap>", line 488, in _call_with_frames_removed
  File "/opt/airflow/dags/snowflake_connection_demo.py", line 67, in <module>
    url = Variable.get("country_capital_url")
          ^^^^^^^^^^^^^^^^^^^^^^^^^^^^^^^^^^^
  File "/home/airflow/.local/lib/python3.12/site-packages/airflow/models/variable.py", line 145, in get
    raise KeyError(f"Variable {key} does not exist")
KeyError: 'Variable country_capital_url does not exist'
[2026-09-12T06:08:04.338+0000] {processor.py:927} WARNING - No viable dags retrieved from /opt/airflow/dags/snowflake_connection_demo.py
[2026-09-12T06:08:04.348+0000] {processor.py:208} INFO - Processing /opt/airflow/dags/snowflake_connection_demo.py took 0.051 seconds
[2026-09-12T06:25:34.077+0000] {processor.py:186} INFO - Started process (PID=2889) to work on /opt/airflow/dags/snowflake_connection_demo.py
[2026-09-12T06:25:34.078+0000] {processor.py:914} INFO - Processing file /opt/airflow/dags/snowflake_connection_demo.py for tasks to queue
[2026-09-12T06:25:34.081+0000] {logging_mixin.py:190} INFO - [2026-09-12T06:25:34.081+0000] {dagbag.py:587} INFO - Filling up the DagBag from /opt/airflow/dags/snowflake_connection_demo.py
[2026-09-12T06:25:34.101+0000] {logging_mixin.py:190} INFO - [2026-09-12T06:25:34.099+0000] {dagbag.py:386} ERROR - Failed to import: /opt/airflow/dags/snowflake_connection_demo.py
Traceback (most recent call last):
  File "/home/airflow/.local/lib/python3.12/site-packages/airflow/models/dagbag.py", line 382, in parse
    loader.exec_module(new_module)
  File "<frozen importlib._bootstrap_external>", line 995, in exec_module
  File "<frozen importlib._bootstrap>", line 488, in _call_with_frames_removed
  File "/opt/airflow/dags/snowflake_connection_demo.py", line 67, in <module>
    url = Variable.get("country_capital_url")
          ^^^^^^^^^^^^^^^^^^^^^^^^^^^^^^^^^^^
  File "/home/airflow/.local/lib/python3.12/site-packages/airflow/models/variable.py", line 145, in get
    raise KeyError(f"Variable {key} does not exist")
KeyError: 'Variable country_capital_url does not exist'
[2026-09-12T06:25:34.101+0000] {processor.py:927} WARNING - No viable dags retrieved from /opt/airflow/dags/snowflake_connection_demo.py
[2026-09-12T06:25:34.107+0000] {processor.py:208} INFO - Processing /opt/airflow/dags/snowflake_connection_demo.py took 0.037 seconds
[2026-09-12T06:27:41.203+0000] {processor.py:186} INFO - Started process (PID=2900) to work on /opt/airflow/dags/snowflake_connection_demo.py
[2026-09-12T06:27:41.205+0000] {processor.py:914} INFO - Processing file /opt/airflow/dags/snowflake_connection_demo.py for tasks to queue
[2026-09-12T06:27:41.208+0000] {logging_mixin.py:190} INFO - [2026-09-12T06:27:41.208+0000] {dagbag.py:587} INFO - Filling up the DagBag from /opt/airflow/dags/snowflake_connection_demo.py
[2026-09-12T06:27:41.228+0000] {logging_mixin.py:190} INFO - [2026-09-12T06:27:41.227+0000] {dagbag.py:386} ERROR - Failed to import: /opt/airflow/dags/snowflake_connection_demo.py
Traceback (most recent call last):
  File "/home/airflow/.local/lib/python3.12/site-packages/airflow/models/dagbag.py", line 382, in parse
    loader.exec_module(new_module)
  File "<frozen importlib._bootstrap_external>", line 995, in exec_module
  File "<frozen importlib._bootstrap>", line 488, in _call_with_frames_removed
  File "/opt/airflow/dags/snowflake_connection_demo.py", line 67, in <module>
    url = Variable.get("country_capital_url")
          ^^^^^^^^^^^^^^^^^^^^^^^^^^^^^^^^^^^
  File "/home/airflow/.local/lib/python3.12/site-packages/airflow/models/variable.py", line 145, in get
    raise KeyError(f"Variable {key} does not exist")
KeyError: 'Variable country_capital_url does not exist'
[2026-09-12T06:27:41.228+0000] {processor.py:927} WARNING - No viable dags retrieved from /opt/airflow/dags/snowflake_connection_demo.py
[2026-09-12T06:27:41.235+0000] {processor.py:208} INFO - Processing /opt/airflow/dags/snowflake_connection_demo.py took 0.043 seconds
[2026-09-12T06:43:12.471+0000] {processor.py:186} INFO - Started process (PID=2911) to work on /opt/airflow/dags/snowflake_connection_demo.py
[2026-09-12T06:43:12.473+0000] {processor.py:914} INFO - Processing file /opt/airflow/dags/snowflake_connection_demo.py for tasks to queue
[2026-09-12T06:43:12.475+0000] {logging_mixin.py:190} INFO - [2026-09-12T06:43:12.475+0000] {dagbag.py:587} INFO - Filling up the DagBag from /opt/airflow/dags/snowflake_connection_demo.py
[2026-09-12T06:43:12.491+0000] {logging_mixin.py:190} INFO - [2026-09-12T06:43:12.490+0000] {dagbag.py:386} ERROR - Failed to import: /opt/airflow/dags/snowflake_connection_demo.py
Traceback (most recent call last):
  File "/home/airflow/.local/lib/python3.12/site-packages/airflow/models/dagbag.py", line 382, in parse
    loader.exec_module(new_module)
  File "<frozen importlib._bootstrap_external>", line 995, in exec_module
  File "<frozen importlib._bootstrap>", line 488, in _call_with_frames_removed
  File "/opt/airflow/dags/snowflake_connection_demo.py", line 67, in <module>
    url = Variable.get("country_capital_url")
          ^^^^^^^^^^^^^^^^^^^^^^^^^^^^^^^^^^^
  File "/home/airflow/.local/lib/python3.12/site-packages/airflow/models/variable.py", line 145, in get
    raise KeyError(f"Variable {key} does not exist")
KeyError: 'Variable country_capital_url does not exist'
[2026-09-12T06:43:12.491+0000] {processor.py:927} WARNING - No viable dags retrieved from /opt/airflow/dags/snowflake_connection_demo.py
[2026-09-12T06:43:12.497+0000] {processor.py:208} INFO - Processing /opt/airflow/dags/snowflake_connection_demo.py took 0.031 seconds
[2026-09-12T06:43:42.866+0000] {processor.py:186} INFO - Started process (PID=2922) to work on /opt/airflow/dags/snowflake_connection_demo.py
[2026-09-12T06:43:42.869+0000] {processor.py:914} INFO - Processing file /opt/airflow/dags/snowflake_connection_demo.py for tasks to queue
[2026-09-12T06:43:42.871+0000] {logging_mixin.py:190} INFO - [2026-09-12T06:43:42.871+0000] {dagbag.py:587} INFO - Filling up the DagBag from /opt/airflow/dags/snowflake_connection_demo.py
[2026-09-12T06:43:42.885+0000] {logging_mixin.py:190} INFO - [2026-09-12T06:43:42.884+0000] {dagbag.py:386} ERROR - Failed to import: /opt/airflow/dags/snowflake_connection_demo.py
Traceback (most recent call last):
  File "/home/airflow/.local/lib/python3.12/site-packages/airflow/models/dagbag.py", line 382, in parse
    loader.exec_module(new_module)
  File "<frozen importlib._bootstrap_external>", line 995, in exec_module
  File "<frozen importlib._bootstrap>", line 488, in _call_with_frames_removed
  File "/opt/airflow/dags/snowflake_connection_demo.py", line 67, in <module>
    url = Variable.get("country_capital_url")
          ^^^^^^^^^^^^^^^^^^^^^^^^^^^^^^^^^^^
  File "/home/airflow/.local/lib/python3.12/site-packages/airflow/models/variable.py", line 145, in get
    raise KeyError(f"Variable {key} does not exist")
KeyError: 'Variable country_capital_url does not exist'
[2026-09-12T06:43:42.885+0000] {processor.py:927} WARNING - No viable dags retrieved from /opt/airflow/dags/snowflake_connection_demo.py
[2026-09-12T06:43:42.890+0000] {processor.py:208} INFO - Processing /opt/airflow/dags/snowflake_connection_demo.py took 0.030 seconds
[2026-09-12T06:59:32.472+0000] {processor.py:186} INFO - Started process (PID=2933) to work on /opt/airflow/dags/snowflake_connection_demo.py
[2026-09-12T06:59:32.473+0000] {processor.py:914} INFO - Processing file /opt/airflow/dags/snowflake_connection_demo.py for tasks to queue
[2026-09-12T06:59:32.476+0000] {logging_mixin.py:190} INFO - [2026-09-12T06:59:32.475+0000] {dagbag.py:587} INFO - Filling up the DagBag from /opt/airflow/dags/snowflake_connection_demo.py
[2026-09-12T06:59:32.495+0000] {logging_mixin.py:190} INFO - [2026-09-12T06:59:32.493+0000] {dagbag.py:386} ERROR - Failed to import: /opt/airflow/dags/snowflake_connection_demo.py
Traceback (most recent call last):
  File "/home/airflow/.local/lib/python3.12/site-packages/airflow/models/dagbag.py", line 382, in parse
    loader.exec_module(new_module)
  File "<frozen importlib._bootstrap_external>", line 995, in exec_module
  File "<frozen importlib._bootstrap>", line 488, in _call_with_frames_removed
  File "/opt/airflow/dags/snowflake_connection_demo.py", line 67, in <module>
    url = Variable.get("country_capital_url")
          ^^^^^^^^^^^^^^^^^^^^^^^^^^^^^^^^^^^
  File "/home/airflow/.local/lib/python3.12/site-packages/airflow/models/variable.py", line 145, in get
    raise KeyError(f"Variable {key} does not exist")
KeyError: 'Variable country_capital_url does not exist'
[2026-09-12T06:59:32.495+0000] {processor.py:927} WARNING - No viable dags retrieved from /opt/airflow/dags/snowflake_connection_demo.py
[2026-09-12T06:59:32.502+0000] {processor.py:208} INFO - Processing /opt/airflow/dags/snowflake_connection_demo.py took 0.038 seconds
[2026-09-12T08:07:56.294+0000] {processor.py:186} INFO - Started process (PID=2944) to work on /opt/airflow/dags/snowflake_connection_demo.py
[2026-09-12T08:07:56.300+0000] {processor.py:914} INFO - Processing file /opt/airflow/dags/snowflake_connection_demo.py for tasks to queue
[2026-09-12T08:07:56.352+0000] {logging_mixin.py:190} INFO - [2026-09-12T08:07:56.351+0000] {dagbag.py:587} INFO - Filling up the DagBag from /opt/airflow/dags/snowflake_connection_demo.py
[2026-09-12T08:07:56.505+0000] {logging_mixin.py:190} INFO - [2026-09-12T08:07:56.472+0000] {dagbag.py:386} ERROR - Failed to import: /opt/airflow/dags/snowflake_connection_demo.py
Traceback (most recent call last):
  File "/home/airflow/.local/lib/python3.12/site-packages/airflow/models/dagbag.py", line 382, in parse
    loader.exec_module(new_module)
  File "<frozen importlib._bootstrap_external>", line 995, in exec_module
  File "<frozen importlib._bootstrap>", line 488, in _call_with_frames_removed
  File "/opt/airflow/dags/snowflake_connection_demo.py", line 67, in <module>
    url = Variable.get("country_capital_url")
          ^^^^^^^^^^^^^^^^^^^^^^^^^^^^^^^^^^^
  File "/home/airflow/.local/lib/python3.12/site-packages/airflow/models/variable.py", line 145, in get
    raise KeyError(f"Variable {key} does not exist")
KeyError: 'Variable country_capital_url does not exist'
[2026-09-12T08:07:56.507+0000] {processor.py:927} WARNING - No viable dags retrieved from /opt/airflow/dags/snowflake_connection_demo.py
[2026-09-12T08:07:56.539+0000] {processor.py:208} INFO - Processing /opt/airflow/dags/snowflake_connection_demo.py took 0.298 seconds
[2026-09-12T08:26:23.386+0000] {processor.py:186} INFO - Started process (PID=2955) to work on /opt/airflow/dags/snowflake_connection_demo.py
[2026-09-12T08:26:23.388+0000] {processor.py:914} INFO - Processing file /opt/airflow/dags/snowflake_connection_demo.py for tasks to queue
[2026-09-12T08:26:23.397+0000] {logging_mixin.py:190} INFO - [2026-09-12T08:26:23.396+0000] {dagbag.py:587} INFO - Filling up the DagBag from /opt/airflow/dags/snowflake_connection_demo.py
[2026-09-12T08:26:23.421+0000] {logging_mixin.py:190} INFO - [2026-09-12T08:26:23.420+0000] {dagbag.py:386} ERROR - Failed to import: /opt/airflow/dags/snowflake_connection_demo.py
Traceback (most recent call last):
  File "/home/airflow/.local/lib/python3.12/site-packages/airflow/models/dagbag.py", line 382, in parse
    loader.exec_module(new_module)
  File "<frozen importlib._bootstrap_external>", line 995, in exec_module
  File "<frozen importlib._bootstrap>", line 488, in _call_with_frames_removed
  File "/opt/airflow/dags/snowflake_connection_demo.py", line 67, in <module>
    url = Variable.get("country_capital_url")
          ^^^^^^^^^^^^^^^^^^^^^^^^^^^^^^^^^^^
  File "/home/airflow/.local/lib/python3.12/site-packages/airflow/models/variable.py", line 145, in get
    raise KeyError(f"Variable {key} does not exist")
KeyError: 'Variable country_capital_url does not exist'
[2026-09-12T08:26:23.421+0000] {processor.py:927} WARNING - No viable dags retrieved from /opt/airflow/dags/snowflake_connection_demo.py
[2026-09-12T08:26:23.427+0000] {processor.py:208} INFO - Processing /opt/airflow/dags/snowflake_connection_demo.py took 0.054 seconds
[2026-09-12T08:44:35.700+0000] {processor.py:186} INFO - Started process (PID=2966) to work on /opt/airflow/dags/snowflake_connection_demo.py
[2026-09-12T08:44:35.702+0000] {processor.py:914} INFO - Processing file /opt/airflow/dags/snowflake_connection_demo.py for tasks to queue
[2026-09-12T08:44:35.707+0000] {logging_mixin.py:190} INFO - [2026-09-12T08:44:35.706+0000] {dagbag.py:587} INFO - Filling up the DagBag from /opt/airflow/dags/snowflake_connection_demo.py
[2026-09-12T08:44:35.726+0000] {logging_mixin.py:190} INFO - [2026-09-12T08:44:35.725+0000] {dagbag.py:386} ERROR - Failed to import: /opt/airflow/dags/snowflake_connection_demo.py
Traceback (most recent call last):
  File "/home/airflow/.local/lib/python3.12/site-packages/airflow/models/dagbag.py", line 382, in parse
    loader.exec_module(new_module)
  File "<frozen importlib._bootstrap_external>", line 995, in exec_module
  File "<frozen importlib._bootstrap>", line 488, in _call_with_frames_removed
  File "/opt/airflow/dags/snowflake_connection_demo.py", line 67, in <module>
    url = Variable.get("country_capital_url")
          ^^^^^^^^^^^^^^^^^^^^^^^^^^^^^^^^^^^
  File "/home/airflow/.local/lib/python3.12/site-packages/airflow/models/variable.py", line 145, in get
    raise KeyError(f"Variable {key} does not exist")
KeyError: 'Variable country_capital_url does not exist'
[2026-09-12T08:44:35.726+0000] {processor.py:927} WARNING - No viable dags retrieved from /opt/airflow/dags/snowflake_connection_demo.py
[2026-09-12T08:44:35.734+0000] {processor.py:208} INFO - Processing /opt/airflow/dags/snowflake_connection_demo.py took 0.041 seconds
[2026-09-12T09:18:01.275+0000] {processor.py:186} INFO - Started process (PID=2977) to work on /opt/airflow/dags/snowflake_connection_demo.py
[2026-09-12T09:18:01.279+0000] {processor.py:914} INFO - Processing file /opt/airflow/dags/snowflake_connection_demo.py for tasks to queue
[2026-09-12T09:18:01.285+0000] {logging_mixin.py:190} INFO - [2026-09-12T09:18:01.285+0000] {dagbag.py:587} INFO - Filling up the DagBag from /opt/airflow/dags/snowflake_connection_demo.py
[2026-09-12T09:18:01.334+0000] {logging_mixin.py:190} INFO - [2026-09-12T09:18:01.330+0000] {dagbag.py:386} ERROR - Failed to import: /opt/airflow/dags/snowflake_connection_demo.py
Traceback (most recent call last):
  File "/home/airflow/.local/lib/python3.12/site-packages/airflow/models/dagbag.py", line 382, in parse
    loader.exec_module(new_module)
  File "<frozen importlib._bootstrap_external>", line 995, in exec_module
  File "<frozen importlib._bootstrap>", line 488, in _call_with_frames_removed
  File "/opt/airflow/dags/snowflake_connection_demo.py", line 67, in <module>
    url = Variable.get("country_capital_url")
          ^^^^^^^^^^^^^^^^^^^^^^^^^^^^^^^^^^^
  File "/home/airflow/.local/lib/python3.12/site-packages/airflow/models/variable.py", line 145, in get
    raise KeyError(f"Variable {key} does not exist")
KeyError: 'Variable country_capital_url does not exist'
[2026-09-12T09:18:01.335+0000] {processor.py:927} WARNING - No viable dags retrieved from /opt/airflow/dags/snowflake_connection_demo.py
[2026-09-12T09:18:01.358+0000] {processor.py:208} INFO - Processing /opt/airflow/dags/snowflake_connection_demo.py took 0.105 seconds
[2026-09-12T09:35:30.242+0000] {processor.py:186} INFO - Started process (PID=2988) to work on /opt/airflow/dags/snowflake_connection_demo.py
[2026-09-12T09:35:30.244+0000] {processor.py:914} INFO - Processing file /opt/airflow/dags/snowflake_connection_demo.py for tasks to queue
[2026-09-12T09:35:30.248+0000] {logging_mixin.py:190} INFO - [2026-09-12T09:35:30.248+0000] {dagbag.py:587} INFO - Filling up the DagBag from /opt/airflow/dags/snowflake_connection_demo.py
[2026-09-12T09:35:30.270+0000] {logging_mixin.py:190} INFO - [2026-09-12T09:35:30.268+0000] {dagbag.py:386} ERROR - Failed to import: /opt/airflow/dags/snowflake_connection_demo.py
Traceback (most recent call last):
  File "/home/airflow/.local/lib/python3.12/site-packages/airflow/models/dagbag.py", line 382, in parse
    loader.exec_module(new_module)
  File "<frozen importlib._bootstrap_external>", line 995, in exec_module
  File "<frozen importlib._bootstrap>", line 488, in _call_with_frames_removed
  File "/opt/airflow/dags/snowflake_connection_demo.py", line 67, in <module>
    url = Variable.get("country_capital_url")
          ^^^^^^^^^^^^^^^^^^^^^^^^^^^^^^^^^^^
  File "/home/airflow/.local/lib/python3.12/site-packages/airflow/models/variable.py", line 145, in get
    raise KeyError(f"Variable {key} does not exist")
KeyError: 'Variable country_capital_url does not exist'
[2026-09-12T09:35:30.270+0000] {processor.py:927} WARNING - No viable dags retrieved from /opt/airflow/dags/snowflake_connection_demo.py
[2026-09-12T09:35:30.277+0000] {processor.py:208} INFO - Processing /opt/airflow/dags/snowflake_connection_demo.py took 0.044 seconds
[2026-09-12T10:25:07.762+0000] {processor.py:186} INFO - Started process (PID=2999) to work on /opt/airflow/dags/snowflake_connection_demo.py
[2026-09-12T10:25:07.764+0000] {processor.py:914} INFO - Processing file /opt/airflow/dags/snowflake_connection_demo.py for tasks to queue
[2026-09-12T10:25:07.768+0000] {logging_mixin.py:190} INFO - [2026-09-12T10:25:07.767+0000] {dagbag.py:587} INFO - Filling up the DagBag from /opt/airflow/dags/snowflake_connection_demo.py
[2026-09-12T10:25:07.795+0000] {logging_mixin.py:190} INFO - [2026-09-12T10:25:07.793+0000] {dagbag.py:386} ERROR - Failed to import: /opt/airflow/dags/snowflake_connection_demo.py
Traceback (most recent call last):
  File "/home/airflow/.local/lib/python3.12/site-packages/airflow/models/dagbag.py", line 382, in parse
    loader.exec_module(new_module)
  File "<frozen importlib._bootstrap_external>", line 995, in exec_module
  File "<frozen importlib._bootstrap>", line 488, in _call_with_frames_removed
  File "/opt/airflow/dags/snowflake_connection_demo.py", line 67, in <module>
    url = Variable.get("country_capital_url")
          ^^^^^^^^^^^^^^^^^^^^^^^^^^^^^^^^^^^
  File "/home/airflow/.local/lib/python3.12/site-packages/airflow/models/variable.py", line 145, in get
    raise KeyError(f"Variable {key} does not exist")
KeyError: 'Variable country_capital_url does not exist'
[2026-09-12T10:25:07.796+0000] {processor.py:927} WARNING - No viable dags retrieved from /opt/airflow/dags/snowflake_connection_demo.py
[2026-09-12T10:25:07.803+0000] {processor.py:208} INFO - Processing /opt/airflow/dags/snowflake_connection_demo.py took 0.049 seconds
[2026-09-12T10:55:17.531+0000] {processor.py:186} INFO - Started process (PID=3010) to work on /opt/airflow/dags/snowflake_connection_demo.py
[2026-09-12T10:55:17.532+0000] {processor.py:914} INFO - Processing file /opt/airflow/dags/snowflake_connection_demo.py for tasks to queue
[2026-09-12T10:55:17.538+0000] {logging_mixin.py:190} INFO - [2026-09-12T10:55:17.537+0000] {dagbag.py:587} INFO - Filling up the DagBag from /opt/airflow/dags/snowflake_connection_demo.py
[2026-09-12T10:55:17.556+0000] {logging_mixin.py:190} INFO - [2026-09-12T10:55:17.555+0000] {dagbag.py:386} ERROR - Failed to import: /opt/airflow/dags/snowflake_connection_demo.py
Traceback (most recent call last):
  File "/home/airflow/.local/lib/python3.12/site-packages/airflow/models/dagbag.py", line 382, in parse
    loader.exec_module(new_module)
  File "<frozen importlib._bootstrap_external>", line 995, in exec_module
  File "<frozen importlib._bootstrap>", line 488, in _call_with_frames_removed
  File "/opt/airflow/dags/snowflake_connection_demo.py", line 67, in <module>
    url = Variable.get("country_capital_url")
          ^^^^^^^^^^^^^^^^^^^^^^^^^^^^^^^^^^^
  File "/home/airflow/.local/lib/python3.12/site-packages/airflow/models/variable.py", line 145, in get
    raise KeyError(f"Variable {key} does not exist")
KeyError: 'Variable country_capital_url does not exist'
[2026-09-12T10:55:17.556+0000] {processor.py:927} WARNING - No viable dags retrieved from /opt/airflow/dags/snowflake_connection_demo.py
[2026-09-12T10:55:17.563+0000] {processor.py:208} INFO - Processing /opt/airflow/dags/snowflake_connection_demo.py took 0.039 seconds
[2026-09-12T10:55:48.045+0000] {processor.py:186} INFO - Started process (PID=3021) to work on /opt/airflow/dags/snowflake_connection_demo.py
[2026-09-12T10:55:48.047+0000] {processor.py:914} INFO - Processing file /opt/airflow/dags/snowflake_connection_demo.py for tasks to queue
[2026-09-12T10:55:48.051+0000] {logging_mixin.py:190} INFO - [2026-09-12T10:55:48.050+0000] {dagbag.py:587} INFO - Filling up the DagBag from /opt/airflow/dags/snowflake_connection_demo.py
[2026-09-12T10:55:48.070+0000] {logging_mixin.py:190} INFO - [2026-09-12T10:55:48.068+0000] {dagbag.py:386} ERROR - Failed to import: /opt/airflow/dags/snowflake_connection_demo.py
Traceback (most recent call last):
  File "/home/airflow/.local/lib/python3.12/site-packages/airflow/models/dagbag.py", line 382, in parse
    loader.exec_module(new_module)
  File "<frozen importlib._bootstrap_external>", line 995, in exec_module
  File "<frozen importlib._bootstrap>", line 488, in _call_with_frames_removed
  File "/opt/airflow/dags/snowflake_connection_demo.py", line 67, in <module>
    url = Variable.get("country_capital_url")
          ^^^^^^^^^^^^^^^^^^^^^^^^^^^^^^^^^^^
  File "/home/airflow/.local/lib/python3.12/site-packages/airflow/models/variable.py", line 145, in get
    raise KeyError(f"Variable {key} does not exist")
KeyError: 'Variable country_capital_url does not exist'
[2026-09-12T10:55:48.070+0000] {processor.py:927} WARNING - No viable dags retrieved from /opt/airflow/dags/snowflake_connection_demo.py
[2026-09-12T10:55:48.076+0000] {processor.py:208} INFO - Processing /opt/airflow/dags/snowflake_connection_demo.py took 0.037 seconds
[2026-09-12T10:59:36.522+0000] {processor.py:186} INFO - Started process (PID=3032) to work on /opt/airflow/dags/snowflake_connection_demo.py
[2026-09-12T10:59:36.524+0000] {processor.py:914} INFO - Processing file /opt/airflow/dags/snowflake_connection_demo.py for tasks to queue
[2026-09-12T10:59:36.526+0000] {logging_mixin.py:190} INFO - [2026-09-12T10:59:36.526+0000] {dagbag.py:587} INFO - Filling up the DagBag from /opt/airflow/dags/snowflake_connection_demo.py
[2026-09-12T10:59:36.538+0000] {logging_mixin.py:190} INFO - [2026-09-12T10:59:36.537+0000] {dagbag.py:386} ERROR - Failed to import: /opt/airflow/dags/snowflake_connection_demo.py
Traceback (most recent call last):
  File "/home/airflow/.local/lib/python3.12/site-packages/airflow/models/dagbag.py", line 382, in parse
    loader.exec_module(new_module)
  File "<frozen importlib._bootstrap_external>", line 995, in exec_module
  File "<frozen importlib._bootstrap>", line 488, in _call_with_frames_removed
  File "/opt/airflow/dags/snowflake_connection_demo.py", line 67, in <module>
    url = Variable.get("country_capital_url")
          ^^^^^^^^^^^^^^^^^^^^^^^^^^^^^^^^^^^
  File "/home/airflow/.local/lib/python3.12/site-packages/airflow/models/variable.py", line 145, in get
    raise KeyError(f"Variable {key} does not exist")
KeyError: 'Variable country_capital_url does not exist'
[2026-09-12T10:59:36.539+0000] {processor.py:927} WARNING - No viable dags retrieved from /opt/airflow/dags/snowflake_connection_demo.py
[2026-09-12T10:59:36.543+0000] {processor.py:208} INFO - Processing /opt/airflow/dags/snowflake_connection_demo.py took 0.025 seconds
[2026-09-12T11:00:13.303+0000] {processor.py:186} INFO - Started process (PID=3043) to work on /opt/airflow/dags/snowflake_connection_demo.py
[2026-09-12T11:00:13.306+0000] {processor.py:914} INFO - Processing file /opt/airflow/dags/snowflake_connection_demo.py for tasks to queue
[2026-09-12T11:00:13.309+0000] {logging_mixin.py:190} INFO - [2026-09-12T11:00:13.309+0000] {dagbag.py:587} INFO - Filling up the DagBag from /opt/airflow/dags/snowflake_connection_demo.py
[2026-09-12T11:00:13.328+0000] {logging_mixin.py:190} INFO - [2026-09-12T11:00:13.327+0000] {dagbag.py:386} ERROR - Failed to import: /opt/airflow/dags/snowflake_connection_demo.py
Traceback (most recent call last):
  File "/home/airflow/.local/lib/python3.12/site-packages/airflow/models/dagbag.py", line 382, in parse
    loader.exec_module(new_module)
  File "<frozen importlib._bootstrap_external>", line 995, in exec_module
  File "<frozen importlib._bootstrap>", line 488, in _call_with_frames_removed
  File "/opt/airflow/dags/snowflake_connection_demo.py", line 67, in <module>
    url = Variable.get("country_capital_url")
          ^^^^^^^^^^^^^^^^^^^^^^^^^^^^^^^^^^^
  File "/home/airflow/.local/lib/python3.12/site-packages/airflow/models/variable.py", line 145, in get
    raise KeyError(f"Variable {key} does not exist")
KeyError: 'Variable country_capital_url does not exist'
[2026-09-12T11:00:13.328+0000] {processor.py:927} WARNING - No viable dags retrieved from /opt/airflow/dags/snowflake_connection_demo.py
[2026-09-12T11:00:13.334+0000] {processor.py:208} INFO - Processing /opt/airflow/dags/snowflake_connection_demo.py took 0.040 seconds
[2026-09-12T11:00:43.726+0000] {processor.py:186} INFO - Started process (PID=3054) to work on /opt/airflow/dags/snowflake_connection_demo.py
[2026-09-12T11:00:43.728+0000] {processor.py:914} INFO - Processing file /opt/airflow/dags/snowflake_connection_demo.py for tasks to queue
[2026-09-12T11:00:43.730+0000] {logging_mixin.py:190} INFO - [2026-09-12T11:00:43.730+0000] {dagbag.py:587} INFO - Filling up the DagBag from /opt/airflow/dags/snowflake_connection_demo.py
[2026-09-12T11:00:43.747+0000] {logging_mixin.py:190} INFO - [2026-09-12T11:00:43.746+0000] {dagbag.py:386} ERROR - Failed to import: /opt/airflow/dags/snowflake_connection_demo.py
Traceback (most recent call last):
  File "/home/airflow/.local/lib/python3.12/site-packages/airflow/models/dagbag.py", line 382, in parse
    loader.exec_module(new_module)
  File "<frozen importlib._bootstrap_external>", line 995, in exec_module
  File "<frozen importlib._bootstrap>", line 488, in _call_with_frames_removed
  File "/opt/airflow/dags/snowflake_connection_demo.py", line 67, in <module>
    url = Variable.get("country_capital_url")
          ^^^^^^^^^^^^^^^^^^^^^^^^^^^^^^^^^^^
  File "/home/airflow/.local/lib/python3.12/site-packages/airflow/models/variable.py", line 145, in get
    raise KeyError(f"Variable {key} does not exist")
KeyError: 'Variable country_capital_url does not exist'
[2026-09-12T11:00:43.747+0000] {processor.py:927} WARNING - No viable dags retrieved from /opt/airflow/dags/snowflake_connection_demo.py
[2026-09-12T11:00:43.752+0000] {processor.py:208} INFO - Processing /opt/airflow/dags/snowflake_connection_demo.py took 0.033 seconds
[2026-09-12T11:34:34.087+0000] {processor.py:186} INFO - Started process (PID=3065) to work on /opt/airflow/dags/snowflake_connection_demo.py
[2026-09-12T11:34:34.089+0000] {processor.py:914} INFO - Processing file /opt/airflow/dags/snowflake_connection_demo.py for tasks to queue
[2026-09-12T11:34:34.092+0000] {logging_mixin.py:190} INFO - [2026-09-12T11:34:34.091+0000] {dagbag.py:587} INFO - Filling up the DagBag from /opt/airflow/dags/snowflake_connection_demo.py
[2026-09-12T11:34:34.116+0000] {logging_mixin.py:190} INFO - [2026-09-12T11:34:34.115+0000] {dagbag.py:386} ERROR - Failed to import: /opt/airflow/dags/snowflake_connection_demo.py
Traceback (most recent call last):
  File "/home/airflow/.local/lib/python3.12/site-packages/airflow/models/dagbag.py", line 382, in parse
    loader.exec_module(new_module)
  File "<frozen importlib._bootstrap_external>", line 995, in exec_module
  File "<frozen importlib._bootstrap>", line 488, in _call_with_frames_removed
  File "/opt/airflow/dags/snowflake_connection_demo.py", line 67, in <module>
    url = Variable.get("country_capital_url")
          ^^^^^^^^^^^^^^^^^^^^^^^^^^^^^^^^^^^
  File "/home/airflow/.local/lib/python3.12/site-packages/airflow/models/variable.py", line 145, in get
    raise KeyError(f"Variable {key} does not exist")
KeyError: 'Variable country_capital_url does not exist'
[2026-09-12T11:34:34.116+0000] {processor.py:927} WARNING - No viable dags retrieved from /opt/airflow/dags/snowflake_connection_demo.py
[2026-09-12T11:34:34.127+0000] {processor.py:208} INFO - Processing /opt/airflow/dags/snowflake_connection_demo.py took 0.046 seconds
[2026-09-12T12:38:08.795+0000] {processor.py:186} INFO - Started process (PID=3076) to work on /opt/airflow/dags/snowflake_connection_demo.py
[2026-09-12T12:38:08.797+0000] {processor.py:914} INFO - Processing file /opt/airflow/dags/snowflake_connection_demo.py for tasks to queue
[2026-09-12T12:38:08.804+0000] {logging_mixin.py:190} INFO - [2026-09-12T12:38:08.804+0000] {dagbag.py:587} INFO - Filling up the DagBag from /opt/airflow/dags/snowflake_connection_demo.py
[2026-09-12T12:38:08.831+0000] {logging_mixin.py:190} INFO - [2026-09-12T12:38:08.829+0000] {dagbag.py:386} ERROR - Failed to import: /opt/airflow/dags/snowflake_connection_demo.py
Traceback (most recent call last):
  File "/home/airflow/.local/lib/python3.12/site-packages/airflow/models/dagbag.py", line 382, in parse
    loader.exec_module(new_module)
  File "<frozen importlib._bootstrap_external>", line 995, in exec_module
  File "<frozen importlib._bootstrap>", line 488, in _call_with_frames_removed
  File "/opt/airflow/dags/snowflake_connection_demo.py", line 67, in <module>
    url = Variable.get("country_capital_url")
          ^^^^^^^^^^^^^^^^^^^^^^^^^^^^^^^^^^^
  File "/home/airflow/.local/lib/python3.12/site-packages/airflow/models/variable.py", line 145, in get
    raise KeyError(f"Variable {key} does not exist")
KeyError: 'Variable country_capital_url does not exist'
[2026-09-12T12:38:08.831+0000] {processor.py:927} WARNING - No viable dags retrieved from /opt/airflow/dags/snowflake_connection_demo.py
[2026-09-12T12:38:08.840+0000] {processor.py:208} INFO - Processing /opt/airflow/dags/snowflake_connection_demo.py took 0.052 seconds
[2026-09-12T12:38:39.298+0000] {processor.py:186} INFO - Started process (PID=3087) to work on /opt/airflow/dags/snowflake_connection_demo.py
[2026-09-12T12:38:39.300+0000] {processor.py:914} INFO - Processing file /opt/airflow/dags/snowflake_connection_demo.py for tasks to queue
[2026-09-12T12:38:39.310+0000] {logging_mixin.py:190} INFO - [2026-09-12T12:38:39.309+0000] {dagbag.py:587} INFO - Filling up the DagBag from /opt/airflow/dags/snowflake_connection_demo.py
[2026-09-12T12:38:39.350+0000] {logging_mixin.py:190} INFO - [2026-09-12T12:38:39.348+0000] {dagbag.py:386} ERROR - Failed to import: /opt/airflow/dags/snowflake_connection_demo.py
Traceback (most recent call last):
  File "/home/airflow/.local/lib/python3.12/site-packages/airflow/models/dagbag.py", line 382, in parse
    loader.exec_module(new_module)
  File "<frozen importlib._bootstrap_external>", line 995, in exec_module
  File "<frozen importlib._bootstrap>", line 488, in _call_with_frames_removed
  File "/opt/airflow/dags/snowflake_connection_demo.py", line 67, in <module>
    url = Variable.get("country_capital_url")
          ^^^^^^^^^^^^^^^^^^^^^^^^^^^^^^^^^^^
  File "/home/airflow/.local/lib/python3.12/site-packages/airflow/models/variable.py", line 145, in get
    raise KeyError(f"Variable {key} does not exist")
KeyError: 'Variable country_capital_url does not exist'
[2026-09-12T12:38:39.350+0000] {processor.py:927} WARNING - No viable dags retrieved from /opt/airflow/dags/snowflake_connection_demo.py
[2026-09-12T12:38:39.374+0000] {processor.py:208} INFO - Processing /opt/airflow/dags/snowflake_connection_demo.py took 0.089 seconds
[2026-09-12T12:55:00.818+0000] {processor.py:186} INFO - Started process (PID=3098) to work on /opt/airflow/dags/snowflake_connection_demo.py
[2026-09-12T12:55:00.820+0000] {processor.py:914} INFO - Processing file /opt/airflow/dags/snowflake_connection_demo.py for tasks to queue
[2026-09-12T12:55:00.823+0000] {logging_mixin.py:190} INFO - [2026-09-12T12:55:00.822+0000] {dagbag.py:587} INFO - Filling up the DagBag from /opt/airflow/dags/snowflake_connection_demo.py
[2026-09-12T12:55:00.841+0000] {logging_mixin.py:190} INFO - [2026-09-12T12:55:00.840+0000] {dagbag.py:386} ERROR - Failed to import: /opt/airflow/dags/snowflake_connection_demo.py
Traceback (most recent call last):
  File "/home/airflow/.local/lib/python3.12/site-packages/airflow/models/dagbag.py", line 382, in parse
    loader.exec_module(new_module)
  File "<frozen importlib._bootstrap_external>", line 995, in exec_module
  File "<frozen importlib._bootstrap>", line 488, in _call_with_frames_removed
  File "/opt/airflow/dags/snowflake_connection_demo.py", line 67, in <module>
    url = Variable.get("country_capital_url")
          ^^^^^^^^^^^^^^^^^^^^^^^^^^^^^^^^^^^
  File "/home/airflow/.local/lib/python3.12/site-packages/airflow/models/variable.py", line 145, in get
    raise KeyError(f"Variable {key} does not exist")
KeyError: 'Variable country_capital_url does not exist'
[2026-09-12T12:55:00.841+0000] {processor.py:927} WARNING - No viable dags retrieved from /opt/airflow/dags/snowflake_connection_demo.py
[2026-09-12T12:55:00.848+0000] {processor.py:208} INFO - Processing /opt/airflow/dags/snowflake_connection_demo.py took 0.037 seconds
[2026-09-12T13:13:03.149+0000] {processor.py:186} INFO - Started process (PID=3109) to work on /opt/airflow/dags/snowflake_connection_demo.py
[2026-09-12T13:13:03.151+0000] {processor.py:914} INFO - Processing file /opt/airflow/dags/snowflake_connection_demo.py for tasks to queue
[2026-09-12T13:13:03.155+0000] {logging_mixin.py:190} INFO - [2026-09-12T13:13:03.155+0000] {dagbag.py:587} INFO - Filling up the DagBag from /opt/airflow/dags/snowflake_connection_demo.py
[2026-09-12T13:13:03.186+0000] {logging_mixin.py:190} INFO - [2026-09-12T13:13:03.177+0000] {dagbag.py:386} ERROR - Failed to import: /opt/airflow/dags/snowflake_connection_demo.py
Traceback (most recent call last):
  File "/home/airflow/.local/lib/python3.12/site-packages/airflow/models/dagbag.py", line 382, in parse
    loader.exec_module(new_module)
  File "<frozen importlib._bootstrap_external>", line 995, in exec_module
  File "<frozen importlib._bootstrap>", line 488, in _call_with_frames_removed
  File "/opt/airflow/dags/snowflake_connection_demo.py", line 67, in <module>
    url = Variable.get("country_capital_url")
          ^^^^^^^^^^^^^^^^^^^^^^^^^^^^^^^^^^^
  File "/home/airflow/.local/lib/python3.12/site-packages/airflow/models/variable.py", line 145, in get
    raise KeyError(f"Variable {key} does not exist")
KeyError: 'Variable country_capital_url does not exist'
[2026-09-12T13:13:03.187+0000] {processor.py:927} WARNING - No viable dags retrieved from /opt/airflow/dags/snowflake_connection_demo.py
[2026-09-12T13:13:03.206+0000] {processor.py:208} INFO - Processing /opt/airflow/dags/snowflake_connection_demo.py took 0.065 seconds
[2026-09-12T13:13:33.619+0000] {processor.py:186} INFO - Started process (PID=3120) to work on /opt/airflow/dags/snowflake_connection_demo.py
[2026-09-12T13:13:33.621+0000] {processor.py:914} INFO - Processing file /opt/airflow/dags/snowflake_connection_demo.py for tasks to queue
[2026-09-12T13:13:33.626+0000] {logging_mixin.py:190} INFO - [2026-09-12T13:13:33.625+0000] {dagbag.py:587} INFO - Filling up the DagBag from /opt/airflow/dags/snowflake_connection_demo.py
[2026-09-12T13:13:33.646+0000] {logging_mixin.py:190} INFO - [2026-09-12T13:13:33.644+0000] {dagbag.py:386} ERROR - Failed to import: /opt/airflow/dags/snowflake_connection_demo.py
Traceback (most recent call last):
  File "/home/airflow/.local/lib/python3.12/site-packages/airflow/models/dagbag.py", line 382, in parse
    loader.exec_module(new_module)
  File "<frozen importlib._bootstrap_external>", line 995, in exec_module
  File "<frozen importlib._bootstrap>", line 488, in _call_with_frames_removed
  File "/opt/airflow/dags/snowflake_connection_demo.py", line 67, in <module>
    url = Variable.get("country_capital_url")
          ^^^^^^^^^^^^^^^^^^^^^^^^^^^^^^^^^^^
  File "/home/airflow/.local/lib/python3.12/site-packages/airflow/models/variable.py", line 145, in get
    raise KeyError(f"Variable {key} does not exist")
KeyError: 'Variable country_capital_url does not exist'
[2026-09-12T13:13:33.646+0000] {processor.py:927} WARNING - No viable dags retrieved from /opt/airflow/dags/snowflake_connection_demo.py
[2026-09-12T13:13:33.654+0000] {processor.py:208} INFO - Processing /opt/airflow/dags/snowflake_connection_demo.py took 0.042 seconds
[2026-09-12T13:44:28.422+0000] {processor.py:186} INFO - Started process (PID=3131) to work on /opt/airflow/dags/snowflake_connection_demo.py
[2026-09-12T13:44:28.424+0000] {processor.py:914} INFO - Processing file /opt/airflow/dags/snowflake_connection_demo.py for tasks to queue
[2026-09-12T13:44:28.427+0000] {logging_mixin.py:190} INFO - [2026-09-12T13:44:28.427+0000] {dagbag.py:587} INFO - Filling up the DagBag from /opt/airflow/dags/snowflake_connection_demo.py
[2026-09-12T13:44:28.454+0000] {logging_mixin.py:190} INFO - [2026-09-12T13:44:28.452+0000] {dagbag.py:386} ERROR - Failed to import: /opt/airflow/dags/snowflake_connection_demo.py
Traceback (most recent call last):
  File "/home/airflow/.local/lib/python3.12/site-packages/airflow/models/dagbag.py", line 382, in parse
    loader.exec_module(new_module)
  File "<frozen importlib._bootstrap_external>", line 995, in exec_module
  File "<frozen importlib._bootstrap>", line 488, in _call_with_frames_removed
  File "/opt/airflow/dags/snowflake_connection_demo.py", line 67, in <module>
    url = Variable.get("country_capital_url")
          ^^^^^^^^^^^^^^^^^^^^^^^^^^^^^^^^^^^
  File "/home/airflow/.local/lib/python3.12/site-packages/airflow/models/variable.py", line 145, in get
    raise KeyError(f"Variable {key} does not exist")
KeyError: 'Variable country_capital_url does not exist'
[2026-09-12T13:44:28.454+0000] {processor.py:927} WARNING - No viable dags retrieved from /opt/airflow/dags/snowflake_connection_demo.py
[2026-09-12T13:44:28.460+0000] {processor.py:208} INFO - Processing /opt/airflow/dags/snowflake_connection_demo.py took 0.045 seconds
[2026-09-12T14:12:38.547+0000] {processor.py:186} INFO - Started process (PID=3142) to work on /opt/airflow/dags/snowflake_connection_demo.py
[2026-09-12T14:12:38.549+0000] {processor.py:914} INFO - Processing file /opt/airflow/dags/snowflake_connection_demo.py for tasks to queue
[2026-09-12T14:12:38.553+0000] {logging_mixin.py:190} INFO - [2026-09-12T14:12:38.553+0000] {dagbag.py:587} INFO - Filling up the DagBag from /opt/airflow/dags/snowflake_connection_demo.py
[2026-09-12T14:12:38.574+0000] {logging_mixin.py:190} INFO - [2026-09-12T14:12:38.573+0000] {dagbag.py:386} ERROR - Failed to import: /opt/airflow/dags/snowflake_connection_demo.py
Traceback (most recent call last):
  File "/home/airflow/.local/lib/python3.12/site-packages/airflow/models/dagbag.py", line 382, in parse
    loader.exec_module(new_module)
  File "<frozen importlib._bootstrap_external>", line 995, in exec_module
  File "<frozen importlib._bootstrap>", line 488, in _call_with_frames_removed
  File "/opt/airflow/dags/snowflake_connection_demo.py", line 67, in <module>
    url = Variable.get("country_capital_url")
          ^^^^^^^^^^^^^^^^^^^^^^^^^^^^^^^^^^^
  File "/home/airflow/.local/lib/python3.12/site-packages/airflow/models/variable.py", line 145, in get
    raise KeyError(f"Variable {key} does not exist")
KeyError: 'Variable country_capital_url does not exist'
[2026-09-12T14:12:38.574+0000] {processor.py:927} WARNING - No viable dags retrieved from /opt/airflow/dags/snowflake_connection_demo.py
[2026-09-12T14:12:38.581+0000] {processor.py:208} INFO - Processing /opt/airflow/dags/snowflake_connection_demo.py took 0.042 seconds
[2026-09-12T14:13:09.035+0000] {processor.py:186} INFO - Started process (PID=3153) to work on /opt/airflow/dags/snowflake_connection_demo.py
[2026-09-12T14:13:09.038+0000] {processor.py:914} INFO - Processing file /opt/airflow/dags/snowflake_connection_demo.py for tasks to queue
[2026-09-12T14:13:09.040+0000] {logging_mixin.py:190} INFO - [2026-09-12T14:13:09.039+0000] {dagbag.py:587} INFO - Filling up the DagBag from /opt/airflow/dags/snowflake_connection_demo.py
[2026-09-12T14:13:09.055+0000] {logging_mixin.py:190} INFO - [2026-09-12T14:13:09.054+0000] {dagbag.py:386} ERROR - Failed to import: /opt/airflow/dags/snowflake_connection_demo.py
Traceback (most recent call last):
  File "/home/airflow/.local/lib/python3.12/site-packages/airflow/models/dagbag.py", line 382, in parse
    loader.exec_module(new_module)
  File "<frozen importlib._bootstrap_external>", line 995, in exec_module
  File "<frozen importlib._bootstrap>", line 488, in _call_with_frames_removed
  File "/opt/airflow/dags/snowflake_connection_demo.py", line 67, in <module>
    url = Variable.get("country_capital_url")
          ^^^^^^^^^^^^^^^^^^^^^^^^^^^^^^^^^^^
  File "/home/airflow/.local/lib/python3.12/site-packages/airflow/models/variable.py", line 145, in get
    raise KeyError(f"Variable {key} does not exist")
KeyError: 'Variable country_capital_url does not exist'
[2026-09-12T14:13:09.055+0000] {processor.py:927} WARNING - No viable dags retrieved from /opt/airflow/dags/snowflake_connection_demo.py
[2026-09-12T14:13:09.060+0000] {processor.py:208} INFO - Processing /opt/airflow/dags/snowflake_connection_demo.py took 0.031 seconds
[2026-09-12T14:59:16.859+0000] {processor.py:186} INFO - Started process (PID=3164) to work on /opt/airflow/dags/snowflake_connection_demo.py
[2026-09-12T14:59:16.865+0000] {processor.py:914} INFO - Processing file /opt/airflow/dags/snowflake_connection_demo.py for tasks to queue
[2026-09-12T14:59:16.877+0000] {logging_mixin.py:190} INFO - [2026-09-12T14:59:16.876+0000] {dagbag.py:587} INFO - Filling up the DagBag from /opt/airflow/dags/snowflake_connection_demo.py
[2026-09-12T14:59:16.947+0000] {logging_mixin.py:190} INFO - [2026-09-12T14:59:16.941+0000] {dagbag.py:386} ERROR - Failed to import: /opt/airflow/dags/snowflake_connection_demo.py
Traceback (most recent call last):
  File "/home/airflow/.local/lib/python3.12/site-packages/airflow/models/dagbag.py", line 382, in parse
    loader.exec_module(new_module)
  File "<frozen importlib._bootstrap_external>", line 995, in exec_module
  File "<frozen importlib._bootstrap>", line 488, in _call_with_frames_removed
  File "/opt/airflow/dags/snowflake_connection_demo.py", line 67, in <module>
    url = Variable.get("country_capital_url")
          ^^^^^^^^^^^^^^^^^^^^^^^^^^^^^^^^^^^
  File "/home/airflow/.local/lib/python3.12/site-packages/airflow/models/variable.py", line 145, in get
    raise KeyError(f"Variable {key} does not exist")
KeyError: 'Variable country_capital_url does not exist'
[2026-09-12T14:59:16.950+0000] {processor.py:927} WARNING - No viable dags retrieved from /opt/airflow/dags/snowflake_connection_demo.py
[2026-09-12T14:59:16.988+0000] {processor.py:208} INFO - Processing /opt/airflow/dags/snowflake_connection_demo.py took 0.167 seconds
[2026-09-12T14:59:47.425+0000] {processor.py:186} INFO - Started process (PID=3175) to work on /opt/airflow/dags/snowflake_connection_demo.py
[2026-09-12T14:59:47.427+0000] {processor.py:914} INFO - Processing file /opt/airflow/dags/snowflake_connection_demo.py for tasks to queue
[2026-09-12T14:59:47.432+0000] {logging_mixin.py:190} INFO - [2026-09-12T14:59:47.432+0000] {dagbag.py:587} INFO - Filling up the DagBag from /opt/airflow/dags/snowflake_connection_demo.py
[2026-09-12T14:59:47.472+0000] {logging_mixin.py:190} INFO - [2026-09-12T14:59:47.470+0000] {dagbag.py:386} ERROR - Failed to import: /opt/airflow/dags/snowflake_connection_demo.py
Traceback (most recent call last):
  File "/home/airflow/.local/lib/python3.12/site-packages/airflow/models/dagbag.py", line 382, in parse
    loader.exec_module(new_module)
  File "<frozen importlib._bootstrap_external>", line 995, in exec_module
  File "<frozen importlib._bootstrap>", line 488, in _call_with_frames_removed
  File "/opt/airflow/dags/snowflake_connection_demo.py", line 67, in <module>
    url = Variable.get("country_capital_url")
          ^^^^^^^^^^^^^^^^^^^^^^^^^^^^^^^^^^^
  File "/home/airflow/.local/lib/python3.12/site-packages/airflow/models/variable.py", line 145, in get
    raise KeyError(f"Variable {key} does not exist")
KeyError: 'Variable country_capital_url does not exist'
[2026-09-12T14:59:47.473+0000] {processor.py:927} WARNING - No viable dags retrieved from /opt/airflow/dags/snowflake_connection_demo.py
[2026-09-12T14:59:47.488+0000] {processor.py:208} INFO - Processing /opt/airflow/dags/snowflake_connection_demo.py took 0.075 seconds
[2026-09-12T15:00:42.715+0000] {processor.py:186} INFO - Started process (PID=3186) to work on /opt/airflow/dags/snowflake_connection_demo.py
[2026-09-12T15:00:42.718+0000] {processor.py:914} INFO - Processing file /opt/airflow/dags/snowflake_connection_demo.py for tasks to queue
[2026-09-12T15:00:42.721+0000] {logging_mixin.py:190} INFO - [2026-09-12T15:00:42.721+0000] {dagbag.py:587} INFO - Filling up the DagBag from /opt/airflow/dags/snowflake_connection_demo.py
[2026-09-12T15:00:42.732+0000] {logging_mixin.py:190} INFO - [2026-09-12T15:00:42.731+0000] {dagbag.py:386} ERROR - Failed to import: /opt/airflow/dags/snowflake_connection_demo.py
Traceback (most recent call last):
  File "/home/airflow/.local/lib/python3.12/site-packages/airflow/models/dagbag.py", line 382, in parse
    loader.exec_module(new_module)
  File "<frozen importlib._bootstrap_external>", line 995, in exec_module
  File "<frozen importlib._bootstrap>", line 488, in _call_with_frames_removed
  File "/opt/airflow/dags/snowflake_connection_demo.py", line 67, in <module>
    url = Variable.get("country_capital_url")
          ^^^^^^^^^^^^^^^^^^^^^^^^^^^^^^^^^^^
  File "/home/airflow/.local/lib/python3.12/site-packages/airflow/models/variable.py", line 145, in get
    raise KeyError(f"Variable {key} does not exist")
KeyError: 'Variable country_capital_url does not exist'
[2026-09-12T15:00:42.733+0000] {processor.py:927} WARNING - No viable dags retrieved from /opt/airflow/dags/snowflake_connection_demo.py
[2026-09-12T15:00:42.737+0000] {processor.py:208} INFO - Processing /opt/airflow/dags/snowflake_connection_demo.py took 0.028 seconds
[2026-09-12T15:34:59.745+0000] {processor.py:186} INFO - Started process (PID=3197) to work on /opt/airflow/dags/snowflake_connection_demo.py
[2026-09-12T15:34:59.747+0000] {processor.py:914} INFO - Processing file /opt/airflow/dags/snowflake_connection_demo.py for tasks to queue
[2026-09-12T15:34:59.749+0000] {logging_mixin.py:190} INFO - [2026-09-12T15:34:59.749+0000] {dagbag.py:587} INFO - Filling up the DagBag from /opt/airflow/dags/snowflake_connection_demo.py
[2026-09-12T15:34:59.765+0000] {logging_mixin.py:190} INFO - [2026-09-12T15:34:59.763+0000] {dagbag.py:386} ERROR - Failed to import: /opt/airflow/dags/snowflake_connection_demo.py
Traceback (most recent call last):
  File "/home/airflow/.local/lib/python3.12/site-packages/airflow/models/dagbag.py", line 382, in parse
    loader.exec_module(new_module)
  File "<frozen importlib._bootstrap_external>", line 995, in exec_module
  File "<frozen importlib._bootstrap>", line 488, in _call_with_frames_removed
  File "/opt/airflow/dags/snowflake_connection_demo.py", line 67, in <module>
    url = Variable.get("country_capital_url")
          ^^^^^^^^^^^^^^^^^^^^^^^^^^^^^^^^^^^
  File "/home/airflow/.local/lib/python3.12/site-packages/airflow/models/variable.py", line 145, in get
    raise KeyError(f"Variable {key} does not exist")
KeyError: 'Variable country_capital_url does not exist'
[2026-09-12T15:34:59.765+0000] {processor.py:927} WARNING - No viable dags retrieved from /opt/airflow/dags/snowflake_connection_demo.py
[2026-09-12T15:34:59.771+0000] {processor.py:208} INFO - Processing /opt/airflow/dags/snowflake_connection_demo.py took 0.032 seconds
[2026-09-12T16:08:07.829+0000] {processor.py:186} INFO - Started process (PID=3208) to work on /opt/airflow/dags/snowflake_connection_demo.py
[2026-09-12T16:08:07.831+0000] {processor.py:914} INFO - Processing file /opt/airflow/dags/snowflake_connection_demo.py for tasks to queue
[2026-09-12T16:08:07.835+0000] {logging_mixin.py:190} INFO - [2026-09-12T16:08:07.834+0000] {dagbag.py:587} INFO - Filling up the DagBag from /opt/airflow/dags/snowflake_connection_demo.py
[2026-09-12T16:08:07.861+0000] {logging_mixin.py:190} INFO - [2026-09-12T16:08:07.860+0000] {dagbag.py:386} ERROR - Failed to import: /opt/airflow/dags/snowflake_connection_demo.py
Traceback (most recent call last):
  File "/home/airflow/.local/lib/python3.12/site-packages/airflow/models/dagbag.py", line 382, in parse
    loader.exec_module(new_module)
  File "<frozen importlib._bootstrap_external>", line 995, in exec_module
  File "<frozen importlib._bootstrap>", line 488, in _call_with_frames_removed
  File "/opt/airflow/dags/snowflake_connection_demo.py", line 67, in <module>
    url = Variable.get("country_capital_url")
          ^^^^^^^^^^^^^^^^^^^^^^^^^^^^^^^^^^^
  File "/home/airflow/.local/lib/python3.12/site-packages/airflow/models/variable.py", line 145, in get
    raise KeyError(f"Variable {key} does not exist")
KeyError: 'Variable country_capital_url does not exist'
[2026-09-12T16:08:07.861+0000] {processor.py:927} WARNING - No viable dags retrieved from /opt/airflow/dags/snowflake_connection_demo.py
[2026-09-12T16:08:07.867+0000] {processor.py:208} INFO - Processing /opt/airflow/dags/snowflake_connection_demo.py took 0.045 seconds
[2026-09-12T16:13:54.535+0000] {processor.py:186} INFO - Started process (PID=3219) to work on /opt/airflow/dags/snowflake_connection_demo.py
[2026-09-12T16:13:54.537+0000] {processor.py:914} INFO - Processing file /opt/airflow/dags/snowflake_connection_demo.py for tasks to queue
[2026-09-12T16:13:54.539+0000] {logging_mixin.py:190} INFO - [2026-09-12T16:13:54.539+0000] {dagbag.py:587} INFO - Filling up the DagBag from /opt/airflow/dags/snowflake_connection_demo.py
[2026-09-12T16:13:54.551+0000] {logging_mixin.py:190} INFO - [2026-09-12T16:13:54.550+0000] {dagbag.py:386} ERROR - Failed to import: /opt/airflow/dags/snowflake_connection_demo.py
Traceback (most recent call last):
  File "/home/airflow/.local/lib/python3.12/site-packages/airflow/models/dagbag.py", line 382, in parse
    loader.exec_module(new_module)
  File "<frozen importlib._bootstrap_external>", line 995, in exec_module
  File "<frozen importlib._bootstrap>", line 488, in _call_with_frames_removed
  File "/opt/airflow/dags/snowflake_connection_demo.py", line 67, in <module>
    url = Variable.get("country_capital_url")
          ^^^^^^^^^^^^^^^^^^^^^^^^^^^^^^^^^^^
  File "/home/airflow/.local/lib/python3.12/site-packages/airflow/models/variable.py", line 145, in get
    raise KeyError(f"Variable {key} does not exist")
KeyError: 'Variable country_capital_url does not exist'
[2026-09-12T16:13:54.552+0000] {processor.py:927} WARNING - No viable dags retrieved from /opt/airflow/dags/snowflake_connection_demo.py
[2026-09-12T16:13:54.557+0000] {processor.py:208} INFO - Processing /opt/airflow/dags/snowflake_connection_demo.py took 0.027 seconds
[2026-09-12T16:48:22.224+0000] {processor.py:186} INFO - Started process (PID=3230) to work on /opt/airflow/dags/snowflake_connection_demo.py
[2026-09-12T16:48:22.227+0000] {processor.py:914} INFO - Processing file /opt/airflow/dags/snowflake_connection_demo.py for tasks to queue
[2026-09-12T16:48:22.233+0000] {logging_mixin.py:190} INFO - [2026-09-12T16:48:22.231+0000] {dagbag.py:587} INFO - Filling up the DagBag from /opt/airflow/dags/snowflake_connection_demo.py
[2026-09-12T16:48:22.253+0000] {logging_mixin.py:190} INFO - [2026-09-12T16:48:22.251+0000] {dagbag.py:386} ERROR - Failed to import: /opt/airflow/dags/snowflake_connection_demo.py
Traceback (most recent call last):
  File "/home/airflow/.local/lib/python3.12/site-packages/airflow/models/dagbag.py", line 382, in parse
    loader.exec_module(new_module)
  File "<frozen importlib._bootstrap_external>", line 995, in exec_module
  File "<frozen importlib._bootstrap>", line 488, in _call_with_frames_removed
  File "/opt/airflow/dags/snowflake_connection_demo.py", line 67, in <module>
    url = Variable.get("country_capital_url")
          ^^^^^^^^^^^^^^^^^^^^^^^^^^^^^^^^^^^
  File "/home/airflow/.local/lib/python3.12/site-packages/airflow/models/variable.py", line 145, in get
    raise KeyError(f"Variable {key} does not exist")
KeyError: 'Variable country_capital_url does not exist'
[2026-09-12T16:48:22.253+0000] {processor.py:927} WARNING - No viable dags retrieved from /opt/airflow/dags/snowflake_connection_demo.py
[2026-09-12T16:48:22.264+0000] {processor.py:208} INFO - Processing /opt/airflow/dags/snowflake_connection_demo.py took 0.046 seconds
[2026-09-12T17:03:51.527+0000] {processor.py:186} INFO - Started process (PID=3241) to work on /opt/airflow/dags/snowflake_connection_demo.py
[2026-09-12T17:03:51.528+0000] {processor.py:914} INFO - Processing file /opt/airflow/dags/snowflake_connection_demo.py for tasks to queue
[2026-09-12T17:03:51.534+0000] {logging_mixin.py:190} INFO - [2026-09-12T17:03:51.533+0000] {dagbag.py:587} INFO - Filling up the DagBag from /opt/airflow/dags/snowflake_connection_demo.py
[2026-09-12T17:03:51.558+0000] {logging_mixin.py:190} INFO - [2026-09-12T17:03:51.557+0000] {dagbag.py:386} ERROR - Failed to import: /opt/airflow/dags/snowflake_connection_demo.py
Traceback (most recent call last):
  File "/home/airflow/.local/lib/python3.12/site-packages/airflow/models/dagbag.py", line 382, in parse
    loader.exec_module(new_module)
  File "<frozen importlib._bootstrap_external>", line 995, in exec_module
  File "<frozen importlib._bootstrap>", line 488, in _call_with_frames_removed
  File "/opt/airflow/dags/snowflake_connection_demo.py", line 67, in <module>
    url = Variable.get("country_capital_url")
          ^^^^^^^^^^^^^^^^^^^^^^^^^^^^^^^^^^^
  File "/home/airflow/.local/lib/python3.12/site-packages/airflow/models/variable.py", line 145, in get
    raise KeyError(f"Variable {key} does not exist")
KeyError: 'Variable country_capital_url does not exist'
[2026-09-12T17:03:51.558+0000] {processor.py:927} WARNING - No viable dags retrieved from /opt/airflow/dags/snowflake_connection_demo.py
[2026-09-12T17:03:51.566+0000] {processor.py:208} INFO - Processing /opt/airflow/dags/snowflake_connection_demo.py took 0.051 seconds
[2026-09-12T17:14:43.190+0000] {processor.py:186} INFO - Started process (PID=3252) to work on /opt/airflow/dags/snowflake_connection_demo.py
[2026-09-12T17:14:43.192+0000] {processor.py:914} INFO - Processing file /opt/airflow/dags/snowflake_connection_demo.py for tasks to queue
[2026-09-12T17:14:43.195+0000] {logging_mixin.py:190} INFO - [2026-09-12T17:14:43.195+0000] {dagbag.py:587} INFO - Filling up the DagBag from /opt/airflow/dags/snowflake_connection_demo.py
[2026-09-12T17:14:43.220+0000] {logging_mixin.py:190} INFO - [2026-09-12T17:14:43.219+0000] {dagbag.py:386} ERROR - Failed to import: /opt/airflow/dags/snowflake_connection_demo.py
Traceback (most recent call last):
  File "/home/airflow/.local/lib/python3.12/site-packages/airflow/models/dagbag.py", line 382, in parse
    loader.exec_module(new_module)
  File "<frozen importlib._bootstrap_external>", line 995, in exec_module
  File "<frozen importlib._bootstrap>", line 488, in _call_with_frames_removed
  File "/opt/airflow/dags/snowflake_connection_demo.py", line 67, in <module>
    url = Variable.get("country_capital_url")
          ^^^^^^^^^^^^^^^^^^^^^^^^^^^^^^^^^^^
  File "/home/airflow/.local/lib/python3.12/site-packages/airflow/models/variable.py", line 145, in get
    raise KeyError(f"Variable {key} does not exist")
KeyError: 'Variable country_capital_url does not exist'
[2026-09-12T17:14:43.221+0000] {processor.py:927} WARNING - No viable dags retrieved from /opt/airflow/dags/snowflake_connection_demo.py
[2026-09-12T17:14:43.227+0000] {processor.py:208} INFO - Processing /opt/airflow/dags/snowflake_connection_demo.py took 0.046 seconds
[2026-09-12T17:15:13.602+0000] {processor.py:186} INFO - Started process (PID=3263) to work on /opt/airflow/dags/snowflake_connection_demo.py
[2026-09-12T17:15:13.604+0000] {processor.py:914} INFO - Processing file /opt/airflow/dags/snowflake_connection_demo.py for tasks to queue
[2026-09-12T17:15:13.606+0000] {logging_mixin.py:190} INFO - [2026-09-12T17:15:13.606+0000] {dagbag.py:587} INFO - Filling up the DagBag from /opt/airflow/dags/snowflake_connection_demo.py
[2026-09-12T17:15:13.620+0000] {logging_mixin.py:190} INFO - [2026-09-12T17:15:13.619+0000] {dagbag.py:386} ERROR - Failed to import: /opt/airflow/dags/snowflake_connection_demo.py
Traceback (most recent call last):
  File "/home/airflow/.local/lib/python3.12/site-packages/airflow/models/dagbag.py", line 382, in parse
    loader.exec_module(new_module)
  File "<frozen importlib._bootstrap_external>", line 995, in exec_module
  File "<frozen importlib._bootstrap>", line 488, in _call_with_frames_removed
  File "/opt/airflow/dags/snowflake_connection_demo.py", line 67, in <module>
    url = Variable.get("country_capital_url")
          ^^^^^^^^^^^^^^^^^^^^^^^^^^^^^^^^^^^
  File "/home/airflow/.local/lib/python3.12/site-packages/airflow/models/variable.py", line 145, in get
    raise KeyError(f"Variable {key} does not exist")
KeyError: 'Variable country_capital_url does not exist'
[2026-09-12T17:15:13.621+0000] {processor.py:927} WARNING - No viable dags retrieved from /opt/airflow/dags/snowflake_connection_demo.py
[2026-09-12T17:15:13.626+0000] {processor.py:208} INFO - Processing /opt/airflow/dags/snowflake_connection_demo.py took 0.030 seconds
[2026-09-12T17:15:44.612+0000] {processor.py:186} INFO - Started process (PID=3274) to work on /opt/airflow/dags/snowflake_connection_demo.py
[2026-09-12T17:15:44.618+0000] {processor.py:914} INFO - Processing file /opt/airflow/dags/snowflake_connection_demo.py for tasks to queue
[2026-09-12T17:15:44.623+0000] {logging_mixin.py:190} INFO - [2026-09-12T17:15:44.622+0000] {dagbag.py:587} INFO - Filling up the DagBag from /opt/airflow/dags/snowflake_connection_demo.py
[2026-09-12T17:15:44.652+0000] {logging_mixin.py:190} INFO - [2026-09-12T17:15:44.650+0000] {dagbag.py:386} ERROR - Failed to import: /opt/airflow/dags/snowflake_connection_demo.py
Traceback (most recent call last):
  File "/home/airflow/.local/lib/python3.12/site-packages/airflow/models/dagbag.py", line 382, in parse
    loader.exec_module(new_module)
  File "<frozen importlib._bootstrap_external>", line 995, in exec_module
  File "<frozen importlib._bootstrap>", line 488, in _call_with_frames_removed
  File "/opt/airflow/dags/snowflake_connection_demo.py", line 67, in <module>
    url = Variable.get("country_capital_url")
          ^^^^^^^^^^^^^^^^^^^^^^^^^^^^^^^^^^^
  File "/home/airflow/.local/lib/python3.12/site-packages/airflow/models/variable.py", line 145, in get
    raise KeyError(f"Variable {key} does not exist")
KeyError: 'Variable country_capital_url does not exist'
[2026-09-12T17:15:44.652+0000] {processor.py:927} WARNING - No viable dags retrieved from /opt/airflow/dags/snowflake_connection_demo.py
[2026-09-12T17:15:44.659+0000] {processor.py:208} INFO - Processing /opt/airflow/dags/snowflake_connection_demo.py took 0.057 seconds
[2026-09-12T17:16:15.082+0000] {processor.py:186} INFO - Started process (PID=3285) to work on /opt/airflow/dags/snowflake_connection_demo.py
[2026-09-12T17:16:15.087+0000] {processor.py:914} INFO - Processing file /opt/airflow/dags/snowflake_connection_demo.py for tasks to queue
[2026-09-12T17:16:15.101+0000] {logging_mixin.py:190} INFO - [2026-09-12T17:16:15.100+0000] {dagbag.py:587} INFO - Filling up the DagBag from /opt/airflow/dags/snowflake_connection_demo.py
[2026-09-12T17:16:15.127+0000] {logging_mixin.py:190} INFO - [2026-09-12T17:16:15.126+0000] {dagbag.py:386} ERROR - Failed to import: /opt/airflow/dags/snowflake_connection_demo.py
Traceback (most recent call last):
  File "/home/airflow/.local/lib/python3.12/site-packages/airflow/models/dagbag.py", line 382, in parse
    loader.exec_module(new_module)
  File "<frozen importlib._bootstrap_external>", line 995, in exec_module
  File "<frozen importlib._bootstrap>", line 488, in _call_with_frames_removed
  File "/opt/airflow/dags/snowflake_connection_demo.py", line 67, in <module>
    url = Variable.get("country_capital_url")
          ^^^^^^^^^^^^^^^^^^^^^^^^^^^^^^^^^^^
  File "/home/airflow/.local/lib/python3.12/site-packages/airflow/models/variable.py", line 145, in get
    raise KeyError(f"Variable {key} does not exist")
KeyError: 'Variable country_capital_url does not exist'
[2026-09-12T17:16:15.128+0000] {processor.py:927} WARNING - No viable dags retrieved from /opt/airflow/dags/snowflake_connection_demo.py
[2026-09-12T17:16:15.143+0000] {processor.py:208} INFO - Processing /opt/airflow/dags/snowflake_connection_demo.py took 0.075 seconds
[2026-09-12T17:16:45.564+0000] {processor.py:186} INFO - Started process (PID=3296) to work on /opt/airflow/dags/snowflake_connection_demo.py
[2026-09-12T17:16:45.571+0000] {processor.py:914} INFO - Processing file /opt/airflow/dags/snowflake_connection_demo.py for tasks to queue
[2026-09-12T17:16:45.578+0000] {logging_mixin.py:190} INFO - [2026-09-12T17:16:45.578+0000] {dagbag.py:587} INFO - Filling up the DagBag from /opt/airflow/dags/snowflake_connection_demo.py
[2026-09-12T17:16:45.631+0000] {logging_mixin.py:190} INFO - [2026-09-12T17:16:45.629+0000] {dagbag.py:386} ERROR - Failed to import: /opt/airflow/dags/snowflake_connection_demo.py
Traceback (most recent call last):
  File "/home/airflow/.local/lib/python3.12/site-packages/airflow/models/dagbag.py", line 382, in parse
    loader.exec_module(new_module)
  File "<frozen importlib._bootstrap_external>", line 995, in exec_module
  File "<frozen importlib._bootstrap>", line 488, in _call_with_frames_removed
  File "/opt/airflow/dags/snowflake_connection_demo.py", line 67, in <module>
    url = Variable.get("country_capital_url")
          ^^^^^^^^^^^^^^^^^^^^^^^^^^^^^^^^^^^
  File "/home/airflow/.local/lib/python3.12/site-packages/airflow/models/variable.py", line 145, in get
    raise KeyError(f"Variable {key} does not exist")
KeyError: 'Variable country_capital_url does not exist'
[2026-09-12T17:16:45.631+0000] {processor.py:927} WARNING - No viable dags retrieved from /opt/airflow/dags/snowflake_connection_demo.py
[2026-09-12T17:16:45.640+0000] {processor.py:208} INFO - Processing /opt/airflow/dags/snowflake_connection_demo.py took 0.101 seconds
[2026-09-12T17:17:16.207+0000] {processor.py:186} INFO - Started process (PID=3306) to work on /opt/airflow/dags/snowflake_connection_demo.py
[2026-09-12T17:17:16.210+0000] {processor.py:914} INFO - Processing file /opt/airflow/dags/snowflake_connection_demo.py for tasks to queue
[2026-09-12T17:17:16.214+0000] {logging_mixin.py:190} INFO - [2026-09-12T17:17:16.214+0000] {dagbag.py:587} INFO - Filling up the DagBag from /opt/airflow/dags/snowflake_connection_demo.py
[2026-09-12T17:17:16.237+0000] {logging_mixin.py:190} INFO - [2026-09-12T17:17:16.236+0000] {dagbag.py:386} ERROR - Failed to import: /opt/airflow/dags/snowflake_connection_demo.py
Traceback (most recent call last):
  File "/home/airflow/.local/lib/python3.12/site-packages/airflow/models/dagbag.py", line 382, in parse
    loader.exec_module(new_module)
  File "<frozen importlib._bootstrap_external>", line 995, in exec_module
  File "<frozen importlib._bootstrap>", line 488, in _call_with_frames_removed
  File "/opt/airflow/dags/snowflake_connection_demo.py", line 67, in <module>
    url = Variable.get("country_capital_url")
          ^^^^^^^^^^^^^^^^^^^^^^^^^^^^^^^^^^^
  File "/home/airflow/.local/lib/python3.12/site-packages/airflow/models/variable.py", line 145, in get
    raise KeyError(f"Variable {key} does not exist")
KeyError: 'Variable country_capital_url does not exist'
[2026-09-12T17:17:16.238+0000] {processor.py:927} WARNING - No viable dags retrieved from /opt/airflow/dags/snowflake_connection_demo.py
[2026-09-12T17:17:16.247+0000] {processor.py:208} INFO - Processing /opt/airflow/dags/snowflake_connection_demo.py took 0.048 seconds
[2026-09-12T17:17:46.629+0000] {processor.py:186} INFO - Started process (PID=3317) to work on /opt/airflow/dags/snowflake_connection_demo.py
[2026-09-12T17:17:46.631+0000] {processor.py:914} INFO - Processing file /opt/airflow/dags/snowflake_connection_demo.py for tasks to queue
[2026-09-12T17:17:46.635+0000] {logging_mixin.py:190} INFO - [2026-09-12T17:17:46.635+0000] {dagbag.py:587} INFO - Filling up the DagBag from /opt/airflow/dags/snowflake_connection_demo.py
[2026-09-12T17:17:46.655+0000] {logging_mixin.py:190} INFO - [2026-09-12T17:17:46.654+0000] {dagbag.py:386} ERROR - Failed to import: /opt/airflow/dags/snowflake_connection_demo.py
Traceback (most recent call last):
  File "/home/airflow/.local/lib/python3.12/site-packages/airflow/models/dagbag.py", line 382, in parse
    loader.exec_module(new_module)
  File "<frozen importlib._bootstrap_external>", line 995, in exec_module
  File "<frozen importlib._bootstrap>", line 488, in _call_with_frames_removed
  File "/opt/airflow/dags/snowflake_connection_demo.py", line 67, in <module>
    url = Variable.get("country_capital_url")
          ^^^^^^^^^^^^^^^^^^^^^^^^^^^^^^^^^^^
  File "/home/airflow/.local/lib/python3.12/site-packages/airflow/models/variable.py", line 145, in get
    raise KeyError(f"Variable {key} does not exist")
KeyError: 'Variable country_capital_url does not exist'
[2026-09-12T17:17:46.655+0000] {processor.py:927} WARNING - No viable dags retrieved from /opt/airflow/dags/snowflake_connection_demo.py
[2026-09-12T17:17:46.667+0000] {processor.py:208} INFO - Processing /opt/airflow/dags/snowflake_connection_demo.py took 0.048 seconds
[2026-09-12T17:18:17.026+0000] {processor.py:186} INFO - Started process (PID=3328) to work on /opt/airflow/dags/snowflake_connection_demo.py
[2026-09-12T17:18:17.029+0000] {processor.py:914} INFO - Processing file /opt/airflow/dags/snowflake_connection_demo.py for tasks to queue
[2026-09-12T17:18:17.033+0000] {logging_mixin.py:190} INFO - [2026-09-12T17:18:17.032+0000] {dagbag.py:587} INFO - Filling up the DagBag from /opt/airflow/dags/snowflake_connection_demo.py
[2026-09-12T17:18:17.051+0000] {logging_mixin.py:190} INFO - [2026-09-12T17:18:17.050+0000] {dagbag.py:386} ERROR - Failed to import: /opt/airflow/dags/snowflake_connection_demo.py
Traceback (most recent call last):
  File "/home/airflow/.local/lib/python3.12/site-packages/airflow/models/dagbag.py", line 382, in parse
    loader.exec_module(new_module)
  File "<frozen importlib._bootstrap_external>", line 995, in exec_module
  File "<frozen importlib._bootstrap>", line 488, in _call_with_frames_removed
  File "/opt/airflow/dags/snowflake_connection_demo.py", line 67, in <module>
    url = Variable.get("country_capital_url")
          ^^^^^^^^^^^^^^^^^^^^^^^^^^^^^^^^^^^
  File "/home/airflow/.local/lib/python3.12/site-packages/airflow/models/variable.py", line 145, in get
    raise KeyError(f"Variable {key} does not exist")
KeyError: 'Variable country_capital_url does not exist'
[2026-09-12T17:18:17.052+0000] {processor.py:927} WARNING - No viable dags retrieved from /opt/airflow/dags/snowflake_connection_demo.py
[2026-09-12T17:18:17.058+0000] {processor.py:208} INFO - Processing /opt/airflow/dags/snowflake_connection_demo.py took 0.040 seconds
[2026-09-12T17:18:47.326+0000] {processor.py:186} INFO - Started process (PID=3339) to work on /opt/airflow/dags/snowflake_connection_demo.py
[2026-09-12T17:18:47.328+0000] {processor.py:914} INFO - Processing file /opt/airflow/dags/snowflake_connection_demo.py for tasks to queue
[2026-09-12T17:18:47.330+0000] {logging_mixin.py:190} INFO - [2026-09-12T17:18:47.330+0000] {dagbag.py:587} INFO - Filling up the DagBag from /opt/airflow/dags/snowflake_connection_demo.py
[2026-09-12T17:18:47.344+0000] {logging_mixin.py:190} INFO - [2026-09-12T17:18:47.343+0000] {dagbag.py:386} ERROR - Failed to import: /opt/airflow/dags/snowflake_connection_demo.py
Traceback (most recent call last):
  File "/home/airflow/.local/lib/python3.12/site-packages/airflow/models/dagbag.py", line 382, in parse
    loader.exec_module(new_module)
  File "<frozen importlib._bootstrap_external>", line 995, in exec_module
  File "<frozen importlib._bootstrap>", line 488, in _call_with_frames_removed
  File "/opt/airflow/dags/snowflake_connection_demo.py", line 67, in <module>
    url = Variable.get("country_capital_url")
          ^^^^^^^^^^^^^^^^^^^^^^^^^^^^^^^^^^^
  File "/home/airflow/.local/lib/python3.12/site-packages/airflow/models/variable.py", line 145, in get
    raise KeyError(f"Variable {key} does not exist")
KeyError: 'Variable country_capital_url does not exist'
[2026-09-12T17:18:47.345+0000] {processor.py:927} WARNING - No viable dags retrieved from /opt/airflow/dags/snowflake_connection_demo.py
[2026-09-12T17:18:47.350+0000] {processor.py:208} INFO - Processing /opt/airflow/dags/snowflake_connection_demo.py took 0.028 seconds
[2026-09-12T17:19:17.724+0000] {processor.py:186} INFO - Started process (PID=3350) to work on /opt/airflow/dags/snowflake_connection_demo.py
[2026-09-12T17:19:17.728+0000] {processor.py:914} INFO - Processing file /opt/airflow/dags/snowflake_connection_demo.py for tasks to queue
[2026-09-12T17:19:17.734+0000] {logging_mixin.py:190} INFO - [2026-09-12T17:19:17.733+0000] {dagbag.py:587} INFO - Filling up the DagBag from /opt/airflow/dags/snowflake_connection_demo.py
[2026-09-12T17:19:17.759+0000] {logging_mixin.py:190} INFO - [2026-09-12T17:19:17.758+0000] {dagbag.py:386} ERROR - Failed to import: /opt/airflow/dags/snowflake_connection_demo.py
Traceback (most recent call last):
  File "/home/airflow/.local/lib/python3.12/site-packages/airflow/models/dagbag.py", line 382, in parse
    loader.exec_module(new_module)
  File "<frozen importlib._bootstrap_external>", line 995, in exec_module
  File "<frozen importlib._bootstrap>", line 488, in _call_with_frames_removed
  File "/opt/airflow/dags/snowflake_connection_demo.py", line 67, in <module>
    url = Variable.get("country_capital_url")
          ^^^^^^^^^^^^^^^^^^^^^^^^^^^^^^^^^^^
  File "/home/airflow/.local/lib/python3.12/site-packages/airflow/models/variable.py", line 145, in get
    raise KeyError(f"Variable {key} does not exist")
KeyError: 'Variable country_capital_url does not exist'
[2026-09-12T17:19:17.759+0000] {processor.py:927} WARNING - No viable dags retrieved from /opt/airflow/dags/snowflake_connection_demo.py
[2026-09-12T17:19:17.767+0000] {processor.py:208} INFO - Processing /opt/airflow/dags/snowflake_connection_demo.py took 0.054 seconds
[2026-09-12T17:19:48.119+0000] {processor.py:186} INFO - Started process (PID=3361) to work on /opt/airflow/dags/snowflake_connection_demo.py
[2026-09-12T17:19:48.121+0000] {processor.py:914} INFO - Processing file /opt/airflow/dags/snowflake_connection_demo.py for tasks to queue
[2026-09-12T17:19:48.123+0000] {logging_mixin.py:190} INFO - [2026-09-12T17:19:48.123+0000] {dagbag.py:587} INFO - Filling up the DagBag from /opt/airflow/dags/snowflake_connection_demo.py
[2026-09-12T17:19:48.140+0000] {logging_mixin.py:190} INFO - [2026-09-12T17:19:48.139+0000] {dagbag.py:386} ERROR - Failed to import: /opt/airflow/dags/snowflake_connection_demo.py
Traceback (most recent call last):
  File "/home/airflow/.local/lib/python3.12/site-packages/airflow/models/dagbag.py", line 382, in parse
    loader.exec_module(new_module)
  File "<frozen importlib._bootstrap_external>", line 995, in exec_module
  File "<frozen importlib._bootstrap>", line 488, in _call_with_frames_removed
  File "/opt/airflow/dags/snowflake_connection_demo.py", line 67, in <module>
    url = Variable.get("country_capital_url")
          ^^^^^^^^^^^^^^^^^^^^^^^^^^^^^^^^^^^
  File "/home/airflow/.local/lib/python3.12/site-packages/airflow/models/variable.py", line 145, in get
    raise KeyError(f"Variable {key} does not exist")
KeyError: 'Variable country_capital_url does not exist'
[2026-09-12T17:19:48.140+0000] {processor.py:927} WARNING - No viable dags retrieved from /opt/airflow/dags/snowflake_connection_demo.py
[2026-09-12T17:19:48.146+0000] {processor.py:208} INFO - Processing /opt/airflow/dags/snowflake_connection_demo.py took 0.034 seconds
[2026-09-12T17:20:18.495+0000] {processor.py:186} INFO - Started process (PID=3372) to work on /opt/airflow/dags/snowflake_connection_demo.py
[2026-09-12T17:20:18.498+0000] {processor.py:914} INFO - Processing file /opt/airflow/dags/snowflake_connection_demo.py for tasks to queue
[2026-09-12T17:20:18.502+0000] {logging_mixin.py:190} INFO - [2026-09-12T17:20:18.502+0000] {dagbag.py:587} INFO - Filling up the DagBag from /opt/airflow/dags/snowflake_connection_demo.py
[2026-09-12T17:20:18.541+0000] {logging_mixin.py:190} INFO - [2026-09-12T17:20:18.540+0000] {dagbag.py:386} ERROR - Failed to import: /opt/airflow/dags/snowflake_connection_demo.py
Traceback (most recent call last):
  File "/home/airflow/.local/lib/python3.12/site-packages/airflow/models/dagbag.py", line 382, in parse
    loader.exec_module(new_module)
  File "<frozen importlib._bootstrap_external>", line 995, in exec_module
  File "<frozen importlib._bootstrap>", line 488, in _call_with_frames_removed
  File "/opt/airflow/dags/snowflake_connection_demo.py", line 67, in <module>
    url = Variable.get("country_capital_url")
          ^^^^^^^^^^^^^^^^^^^^^^^^^^^^^^^^^^^
  File "/home/airflow/.local/lib/python3.12/site-packages/airflow/models/variable.py", line 145, in get
    raise KeyError(f"Variable {key} does not exist")
KeyError: 'Variable country_capital_url does not exist'
[2026-09-12T17:20:18.541+0000] {processor.py:927} WARNING - No viable dags retrieved from /opt/airflow/dags/snowflake_connection_demo.py
[2026-09-12T17:20:18.549+0000] {processor.py:208} INFO - Processing /opt/airflow/dags/snowflake_connection_demo.py took 0.063 seconds
[2026-09-12T17:20:48.861+0000] {processor.py:186} INFO - Started process (PID=3383) to work on /opt/airflow/dags/snowflake_connection_demo.py
[2026-09-12T17:20:48.863+0000] {processor.py:914} INFO - Processing file /opt/airflow/dags/snowflake_connection_demo.py for tasks to queue
[2026-09-12T17:20:48.866+0000] {logging_mixin.py:190} INFO - [2026-09-12T17:20:48.866+0000] {dagbag.py:587} INFO - Filling up the DagBag from /opt/airflow/dags/snowflake_connection_demo.py
[2026-09-12T17:20:48.886+0000] {logging_mixin.py:190} INFO - [2026-09-12T17:20:48.885+0000] {dagbag.py:386} ERROR - Failed to import: /opt/airflow/dags/snowflake_connection_demo.py
Traceback (most recent call last):
  File "/home/airflow/.local/lib/python3.12/site-packages/airflow/models/dagbag.py", line 382, in parse
    loader.exec_module(new_module)
  File "<frozen importlib._bootstrap_external>", line 995, in exec_module
  File "<frozen importlib._bootstrap>", line 488, in _call_with_frames_removed
  File "/opt/airflow/dags/snowflake_connection_demo.py", line 67, in <module>
    url = Variable.get("country_capital_url")
          ^^^^^^^^^^^^^^^^^^^^^^^^^^^^^^^^^^^
  File "/home/airflow/.local/lib/python3.12/site-packages/airflow/models/variable.py", line 145, in get
    raise KeyError(f"Variable {key} does not exist")
KeyError: 'Variable country_capital_url does not exist'
[2026-09-12T17:20:48.886+0000] {processor.py:927} WARNING - No viable dags retrieved from /opt/airflow/dags/snowflake_connection_demo.py
[2026-09-12T17:20:48.893+0000] {processor.py:208} INFO - Processing /opt/airflow/dags/snowflake_connection_demo.py took 0.039 seconds
[2026-09-12T17:21:19.237+0000] {processor.py:186} INFO - Started process (PID=3394) to work on /opt/airflow/dags/snowflake_connection_demo.py
[2026-09-12T17:21:19.239+0000] {processor.py:914} INFO - Processing file /opt/airflow/dags/snowflake_connection_demo.py for tasks to queue
[2026-09-12T17:21:19.243+0000] {logging_mixin.py:190} INFO - [2026-09-12T17:21:19.243+0000] {dagbag.py:587} INFO - Filling up the DagBag from /opt/airflow/dags/snowflake_connection_demo.py
[2026-09-12T17:21:19.271+0000] {logging_mixin.py:190} INFO - [2026-09-12T17:21:19.269+0000] {dagbag.py:386} ERROR - Failed to import: /opt/airflow/dags/snowflake_connection_demo.py
Traceback (most recent call last):
  File "/home/airflow/.local/lib/python3.12/site-packages/airflow/models/dagbag.py", line 382, in parse
    loader.exec_module(new_module)
  File "<frozen importlib._bootstrap_external>", line 995, in exec_module
  File "<frozen importlib._bootstrap>", line 488, in _call_with_frames_removed
  File "/opt/airflow/dags/snowflake_connection_demo.py", line 67, in <module>
    url = Variable.get("country_capital_url")
          ^^^^^^^^^^^^^^^^^^^^^^^^^^^^^^^^^^^
  File "/home/airflow/.local/lib/python3.12/site-packages/airflow/models/variable.py", line 145, in get
    raise KeyError(f"Variable {key} does not exist")
KeyError: 'Variable country_capital_url does not exist'
[2026-09-12T17:21:19.271+0000] {processor.py:927} WARNING - No viable dags retrieved from /opt/airflow/dags/snowflake_connection_demo.py
[2026-09-12T17:21:19.286+0000] {processor.py:208} INFO - Processing /opt/airflow/dags/snowflake_connection_demo.py took 0.057 seconds
[2026-09-12T17:21:49.591+0000] {processor.py:186} INFO - Started process (PID=3405) to work on /opt/airflow/dags/snowflake_connection_demo.py
[2026-09-12T17:21:49.595+0000] {processor.py:914} INFO - Processing file /opt/airflow/dags/snowflake_connection_demo.py for tasks to queue
[2026-09-12T17:21:49.598+0000] {logging_mixin.py:190} INFO - [2026-09-12T17:21:49.598+0000] {dagbag.py:587} INFO - Filling up the DagBag from /opt/airflow/dags/snowflake_connection_demo.py
[2026-09-12T17:21:49.613+0000] {logging_mixin.py:190} INFO - [2026-09-12T17:21:49.612+0000] {dagbag.py:386} ERROR - Failed to import: /opt/airflow/dags/snowflake_connection_demo.py
Traceback (most recent call last):
  File "/home/airflow/.local/lib/python3.12/site-packages/airflow/models/dagbag.py", line 382, in parse
    loader.exec_module(new_module)
  File "<frozen importlib._bootstrap_external>", line 995, in exec_module
  File "<frozen importlib._bootstrap>", line 488, in _call_with_frames_removed
  File "/opt/airflow/dags/snowflake_connection_demo.py", line 67, in <module>
    url = Variable.get("country_capital_url")
          ^^^^^^^^^^^^^^^^^^^^^^^^^^^^^^^^^^^
  File "/home/airflow/.local/lib/python3.12/site-packages/airflow/models/variable.py", line 145, in get
    raise KeyError(f"Variable {key} does not exist")
KeyError: 'Variable country_capital_url does not exist'
[2026-09-12T17:21:49.614+0000] {processor.py:927} WARNING - No viable dags retrieved from /opt/airflow/dags/snowflake_connection_demo.py
[2026-09-12T17:21:49.620+0000] {processor.py:208} INFO - Processing /opt/airflow/dags/snowflake_connection_demo.py took 0.038 seconds
[2026-09-12T17:22:19.992+0000] {processor.py:186} INFO - Started process (PID=3416) to work on /opt/airflow/dags/snowflake_connection_demo.py
[2026-09-12T17:22:19.995+0000] {processor.py:914} INFO - Processing file /opt/airflow/dags/snowflake_connection_demo.py for tasks to queue
[2026-09-12T17:22:19.998+0000] {logging_mixin.py:190} INFO - [2026-09-12T17:22:19.997+0000] {dagbag.py:587} INFO - Filling up the DagBag from /opt/airflow/dags/snowflake_connection_demo.py
[2026-09-12T17:22:20.015+0000] {logging_mixin.py:190} INFO - [2026-09-12T17:22:20.014+0000] {dagbag.py:386} ERROR - Failed to import: /opt/airflow/dags/snowflake_connection_demo.py
Traceback (most recent call last):
  File "/home/airflow/.local/lib/python3.12/site-packages/airflow/models/dagbag.py", line 382, in parse
    loader.exec_module(new_module)
  File "<frozen importlib._bootstrap_external>", line 995, in exec_module
  File "<frozen importlib._bootstrap>", line 488, in _call_with_frames_removed
  File "/opt/airflow/dags/snowflake_connection_demo.py", line 67, in <module>
    url = Variable.get("country_capital_url")
          ^^^^^^^^^^^^^^^^^^^^^^^^^^^^^^^^^^^
  File "/home/airflow/.local/lib/python3.12/site-packages/airflow/models/variable.py", line 145, in get
    raise KeyError(f"Variable {key} does not exist")
KeyError: 'Variable country_capital_url does not exist'
[2026-09-12T17:22:20.016+0000] {processor.py:927} WARNING - No viable dags retrieved from /opt/airflow/dags/snowflake_connection_demo.py
[2026-09-12T17:22:20.022+0000] {processor.py:208} INFO - Processing /opt/airflow/dags/snowflake_connection_demo.py took 0.037 seconds
[2026-09-12T17:22:50.342+0000] {processor.py:186} INFO - Started process (PID=3427) to work on /opt/airflow/dags/snowflake_connection_demo.py
[2026-09-12T17:22:50.345+0000] {processor.py:914} INFO - Processing file /opt/airflow/dags/snowflake_connection_demo.py for tasks to queue
[2026-09-12T17:22:50.353+0000] {logging_mixin.py:190} INFO - [2026-09-12T17:22:50.352+0000] {dagbag.py:587} INFO - Filling up the DagBag from /opt/airflow/dags/snowflake_connection_demo.py
[2026-09-12T17:22:50.379+0000] {logging_mixin.py:190} INFO - [2026-09-12T17:22:50.377+0000] {dagbag.py:386} ERROR - Failed to import: /opt/airflow/dags/snowflake_connection_demo.py
Traceback (most recent call last):
  File "/home/airflow/.local/lib/python3.12/site-packages/airflow/models/dagbag.py", line 382, in parse
    loader.exec_module(new_module)
  File "<frozen importlib._bootstrap_external>", line 995, in exec_module
  File "<frozen importlib._bootstrap>", line 488, in _call_with_frames_removed
  File "/opt/airflow/dags/snowflake_connection_demo.py", line 67, in <module>
    url = Variable.get("country_capital_url")
          ^^^^^^^^^^^^^^^^^^^^^^^^^^^^^^^^^^^
  File "/home/airflow/.local/lib/python3.12/site-packages/airflow/models/variable.py", line 145, in get
    raise KeyError(f"Variable {key} does not exist")
KeyError: 'Variable country_capital_url does not exist'
[2026-09-12T17:22:50.380+0000] {processor.py:927} WARNING - No viable dags retrieved from /opt/airflow/dags/snowflake_connection_demo.py
[2026-09-12T17:22:50.394+0000] {processor.py:208} INFO - Processing /opt/airflow/dags/snowflake_connection_demo.py took 0.063 seconds
[2026-09-12T17:23:20.716+0000] {processor.py:186} INFO - Started process (PID=3438) to work on /opt/airflow/dags/snowflake_connection_demo.py
[2026-09-12T17:23:20.719+0000] {processor.py:914} INFO - Processing file /opt/airflow/dags/snowflake_connection_demo.py for tasks to queue
[2026-09-12T17:23:20.723+0000] {logging_mixin.py:190} INFO - [2026-09-12T17:23:20.723+0000] {dagbag.py:587} INFO - Filling up the DagBag from /opt/airflow/dags/snowflake_connection_demo.py
[2026-09-12T17:23:20.745+0000] {logging_mixin.py:190} INFO - [2026-09-12T17:23:20.744+0000] {dagbag.py:386} ERROR - Failed to import: /opt/airflow/dags/snowflake_connection_demo.py
Traceback (most recent call last):
  File "/home/airflow/.local/lib/python3.12/site-packages/airflow/models/dagbag.py", line 382, in parse
    loader.exec_module(new_module)
  File "<frozen importlib._bootstrap_external>", line 995, in exec_module
  File "<frozen importlib._bootstrap>", line 488, in _call_with_frames_removed
  File "/opt/airflow/dags/snowflake_connection_demo.py", line 67, in <module>
    url = Variable.get("country_capital_url")
          ^^^^^^^^^^^^^^^^^^^^^^^^^^^^^^^^^^^
  File "/home/airflow/.local/lib/python3.12/site-packages/airflow/models/variable.py", line 145, in get
    raise KeyError(f"Variable {key} does not exist")
KeyError: 'Variable country_capital_url does not exist'
[2026-09-12T17:23:20.745+0000] {processor.py:927} WARNING - No viable dags retrieved from /opt/airflow/dags/snowflake_connection_demo.py
[2026-09-12T17:23:20.753+0000] {processor.py:208} INFO - Processing /opt/airflow/dags/snowflake_connection_demo.py took 0.044 seconds
[2026-09-12T17:23:51.101+0000] {processor.py:186} INFO - Started process (PID=3449) to work on /opt/airflow/dags/snowflake_connection_demo.py
[2026-09-12T17:23:51.104+0000] {processor.py:914} INFO - Processing file /opt/airflow/dags/snowflake_connection_demo.py for tasks to queue
[2026-09-12T17:23:51.107+0000] {logging_mixin.py:190} INFO - [2026-09-12T17:23:51.107+0000] {dagbag.py:587} INFO - Filling up the DagBag from /opt/airflow/dags/snowflake_connection_demo.py
[2026-09-12T17:23:51.128+0000] {logging_mixin.py:190} INFO - [2026-09-12T17:23:51.126+0000] {dagbag.py:386} ERROR - Failed to import: /opt/airflow/dags/snowflake_connection_demo.py
Traceback (most recent call last):
  File "/home/airflow/.local/lib/python3.12/site-packages/airflow/models/dagbag.py", line 382, in parse
    loader.exec_module(new_module)
  File "<frozen importlib._bootstrap_external>", line 995, in exec_module
  File "<frozen importlib._bootstrap>", line 488, in _call_with_frames_removed
  File "/opt/airflow/dags/snowflake_connection_demo.py", line 67, in <module>
    url = Variable.get("country_capital_url")
          ^^^^^^^^^^^^^^^^^^^^^^^^^^^^^^^^^^^
  File "/home/airflow/.local/lib/python3.12/site-packages/airflow/models/variable.py", line 145, in get
    raise KeyError(f"Variable {key} does not exist")
KeyError: 'Variable country_capital_url does not exist'
[2026-09-12T17:23:51.128+0000] {processor.py:927} WARNING - No viable dags retrieved from /opt/airflow/dags/snowflake_connection_demo.py
[2026-09-12T17:23:51.134+0000] {processor.py:208} INFO - Processing /opt/airflow/dags/snowflake_connection_demo.py took 0.041 seconds
[2026-09-12T17:24:21.473+0000] {processor.py:186} INFO - Started process (PID=3460) to work on /opt/airflow/dags/snowflake_connection_demo.py
[2026-09-12T17:24:21.476+0000] {processor.py:914} INFO - Processing file /opt/airflow/dags/snowflake_connection_demo.py for tasks to queue
[2026-09-12T17:24:21.480+0000] {logging_mixin.py:190} INFO - [2026-09-12T17:24:21.480+0000] {dagbag.py:587} INFO - Filling up the DagBag from /opt/airflow/dags/snowflake_connection_demo.py
[2026-09-12T17:24:21.534+0000] {logging_mixin.py:190} INFO - [2026-09-12T17:24:21.526+0000] {dagbag.py:386} ERROR - Failed to import: /opt/airflow/dags/snowflake_connection_demo.py
Traceback (most recent call last):
  File "/home/airflow/.local/lib/python3.12/site-packages/airflow/models/dagbag.py", line 382, in parse
    loader.exec_module(new_module)
  File "<frozen importlib._bootstrap_external>", line 995, in exec_module
  File "<frozen importlib._bootstrap>", line 488, in _call_with_frames_removed
  File "/opt/airflow/dags/snowflake_connection_demo.py", line 67, in <module>
    url = Variable.get("country_capital_url")
          ^^^^^^^^^^^^^^^^^^^^^^^^^^^^^^^^^^^
  File "/home/airflow/.local/lib/python3.12/site-packages/airflow/models/variable.py", line 145, in get
    raise KeyError(f"Variable {key} does not exist")
KeyError: 'Variable country_capital_url does not exist'
[2026-09-12T17:24:21.540+0000] {processor.py:927} WARNING - No viable dags retrieved from /opt/airflow/dags/snowflake_connection_demo.py
[2026-09-12T17:24:21.561+0000] {processor.py:208} INFO - Processing /opt/airflow/dags/snowflake_connection_demo.py took 0.101 seconds
[2026-09-12T17:24:51.887+0000] {processor.py:186} INFO - Started process (PID=3471) to work on /opt/airflow/dags/snowflake_connection_demo.py
[2026-09-12T17:24:51.889+0000] {processor.py:914} INFO - Processing file /opt/airflow/dags/snowflake_connection_demo.py for tasks to queue
[2026-09-12T17:24:51.892+0000] {logging_mixin.py:190} INFO - [2026-09-12T17:24:51.892+0000] {dagbag.py:587} INFO - Filling up the DagBag from /opt/airflow/dags/snowflake_connection_demo.py
[2026-09-12T17:24:51.916+0000] {logging_mixin.py:190} INFO - [2026-09-12T17:24:51.914+0000] {dagbag.py:386} ERROR - Failed to import: /opt/airflow/dags/snowflake_connection_demo.py
Traceback (most recent call last):
  File "/home/airflow/.local/lib/python3.12/site-packages/airflow/models/dagbag.py", line 382, in parse
    loader.exec_module(new_module)
  File "<frozen importlib._bootstrap_external>", line 995, in exec_module
  File "<frozen importlib._bootstrap>", line 488, in _call_with_frames_removed
  File "/opt/airflow/dags/snowflake_connection_demo.py", line 67, in <module>
    url = Variable.get("country_capital_url")
          ^^^^^^^^^^^^^^^^^^^^^^^^^^^^^^^^^^^
  File "/home/airflow/.local/lib/python3.12/site-packages/airflow/models/variable.py", line 145, in get
    raise KeyError(f"Variable {key} does not exist")
KeyError: 'Variable country_capital_url does not exist'
[2026-09-12T17:24:51.916+0000] {processor.py:927} WARNING - No viable dags retrieved from /opt/airflow/dags/snowflake_connection_demo.py
[2026-09-12T17:24:51.923+0000] {processor.py:208} INFO - Processing /opt/airflow/dags/snowflake_connection_demo.py took 0.045 seconds
[2026-09-12T17:25:22.247+0000] {processor.py:186} INFO - Started process (PID=3482) to work on /opt/airflow/dags/snowflake_connection_demo.py
[2026-09-12T17:25:22.250+0000] {processor.py:914} INFO - Processing file /opt/airflow/dags/snowflake_connection_demo.py for tasks to queue
[2026-09-12T17:25:22.252+0000] {logging_mixin.py:190} INFO - [2026-09-12T17:25:22.252+0000] {dagbag.py:587} INFO - Filling up the DagBag from /opt/airflow/dags/snowflake_connection_demo.py
[2026-09-12T17:25:22.268+0000] {logging_mixin.py:190} INFO - [2026-09-12T17:25:22.267+0000] {dagbag.py:386} ERROR - Failed to import: /opt/airflow/dags/snowflake_connection_demo.py
Traceback (most recent call last):
  File "/home/airflow/.local/lib/python3.12/site-packages/airflow/models/dagbag.py", line 382, in parse
    loader.exec_module(new_module)
  File "<frozen importlib._bootstrap_external>", line 995, in exec_module
  File "<frozen importlib._bootstrap>", line 488, in _call_with_frames_removed
  File "/opt/airflow/dags/snowflake_connection_demo.py", line 67, in <module>
    url = Variable.get("country_capital_url")
          ^^^^^^^^^^^^^^^^^^^^^^^^^^^^^^^^^^^
  File "/home/airflow/.local/lib/python3.12/site-packages/airflow/models/variable.py", line 145, in get
    raise KeyError(f"Variable {key} does not exist")
KeyError: 'Variable country_capital_url does not exist'
[2026-09-12T17:25:22.268+0000] {processor.py:927} WARNING - No viable dags retrieved from /opt/airflow/dags/snowflake_connection_demo.py
[2026-09-12T17:25:22.273+0000] {processor.py:208} INFO - Processing /opt/airflow/dags/snowflake_connection_demo.py took 0.034 seconds
[2026-09-12T17:25:52.526+0000] {processor.py:186} INFO - Started process (PID=3493) to work on /opt/airflow/dags/snowflake_connection_demo.py
[2026-09-12T17:25:52.529+0000] {processor.py:914} INFO - Processing file /opt/airflow/dags/snowflake_connection_demo.py for tasks to queue
[2026-09-12T17:25:52.531+0000] {logging_mixin.py:190} INFO - [2026-09-12T17:25:52.531+0000] {dagbag.py:587} INFO - Filling up the DagBag from /opt/airflow/dags/snowflake_connection_demo.py
[2026-09-12T17:25:52.545+0000] {logging_mixin.py:190} INFO - [2026-09-12T17:25:52.544+0000] {dagbag.py:386} ERROR - Failed to import: /opt/airflow/dags/snowflake_connection_demo.py
Traceback (most recent call last):
  File "/home/airflow/.local/lib/python3.12/site-packages/airflow/models/dagbag.py", line 382, in parse
    loader.exec_module(new_module)
  File "<frozen importlib._bootstrap_external>", line 995, in exec_module
  File "<frozen importlib._bootstrap>", line 488, in _call_with_frames_removed
  File "/opt/airflow/dags/snowflake_connection_demo.py", line 67, in <module>
    url = Variable.get("country_capital_url")
          ^^^^^^^^^^^^^^^^^^^^^^^^^^^^^^^^^^^
  File "/home/airflow/.local/lib/python3.12/site-packages/airflow/models/variable.py", line 145, in get
    raise KeyError(f"Variable {key} does not exist")
KeyError: 'Variable country_capital_url does not exist'
[2026-09-12T17:25:52.545+0000] {processor.py:927} WARNING - No viable dags retrieved from /opt/airflow/dags/snowflake_connection_demo.py
[2026-09-12T17:25:52.551+0000] {processor.py:208} INFO - Processing /opt/airflow/dags/snowflake_connection_demo.py took 0.032 seconds
[2026-09-12T17:26:22.900+0000] {processor.py:186} INFO - Started process (PID=3504) to work on /opt/airflow/dags/snowflake_connection_demo.py
[2026-09-12T17:26:22.902+0000] {processor.py:914} INFO - Processing file /opt/airflow/dags/snowflake_connection_demo.py for tasks to queue
[2026-09-12T17:26:22.904+0000] {logging_mixin.py:190} INFO - [2026-09-12T17:26:22.904+0000] {dagbag.py:587} INFO - Filling up the DagBag from /opt/airflow/dags/snowflake_connection_demo.py
[2026-09-12T17:26:22.919+0000] {logging_mixin.py:190} INFO - [2026-09-12T17:26:22.918+0000] {dagbag.py:386} ERROR - Failed to import: /opt/airflow/dags/snowflake_connection_demo.py
Traceback (most recent call last):
  File "/home/airflow/.local/lib/python3.12/site-packages/airflow/models/dagbag.py", line 382, in parse
    loader.exec_module(new_module)
  File "<frozen importlib._bootstrap_external>", line 995, in exec_module
  File "<frozen importlib._bootstrap>", line 488, in _call_with_frames_removed
  File "/opt/airflow/dags/snowflake_connection_demo.py", line 67, in <module>
    url = Variable.get("country_capital_url")
          ^^^^^^^^^^^^^^^^^^^^^^^^^^^^^^^^^^^
  File "/home/airflow/.local/lib/python3.12/site-packages/airflow/models/variable.py", line 145, in get
    raise KeyError(f"Variable {key} does not exist")
KeyError: 'Variable country_capital_url does not exist'
[2026-09-12T17:26:22.919+0000] {processor.py:927} WARNING - No viable dags retrieved from /opt/airflow/dags/snowflake_connection_demo.py
[2026-09-12T17:26:22.925+0000] {processor.py:208} INFO - Processing /opt/airflow/dags/snowflake_connection_demo.py took 0.031 seconds
[2026-09-12T17:26:53.284+0000] {processor.py:186} INFO - Started process (PID=3515) to work on /opt/airflow/dags/snowflake_connection_demo.py
[2026-09-12T17:26:53.287+0000] {processor.py:914} INFO - Processing file /opt/airflow/dags/snowflake_connection_demo.py for tasks to queue
[2026-09-12T17:26:53.290+0000] {logging_mixin.py:190} INFO - [2026-09-12T17:26:53.290+0000] {dagbag.py:587} INFO - Filling up the DagBag from /opt/airflow/dags/snowflake_connection_demo.py
[2026-09-12T17:26:53.308+0000] {logging_mixin.py:190} INFO - [2026-09-12T17:26:53.307+0000] {dagbag.py:386} ERROR - Failed to import: /opt/airflow/dags/snowflake_connection_demo.py
Traceback (most recent call last):
  File "/home/airflow/.local/lib/python3.12/site-packages/airflow/models/dagbag.py", line 382, in parse
    loader.exec_module(new_module)
  File "<frozen importlib._bootstrap_external>", line 995, in exec_module
  File "<frozen importlib._bootstrap>", line 488, in _call_with_frames_removed
  File "/opt/airflow/dags/snowflake_connection_demo.py", line 67, in <module>
    url = Variable.get("country_capital_url")
          ^^^^^^^^^^^^^^^^^^^^^^^^^^^^^^^^^^^
  File "/home/airflow/.local/lib/python3.12/site-packages/airflow/models/variable.py", line 145, in get
    raise KeyError(f"Variable {key} does not exist")
KeyError: 'Variable country_capital_url does not exist'
[2026-09-12T17:26:53.309+0000] {processor.py:927} WARNING - No viable dags retrieved from /opt/airflow/dags/snowflake_connection_demo.py
[2026-09-12T17:26:53.314+0000] {processor.py:208} INFO - Processing /opt/airflow/dags/snowflake_connection_demo.py took 0.038 seconds
[2026-09-12T17:27:23.586+0000] {processor.py:186} INFO - Started process (PID=3526) to work on /opt/airflow/dags/snowflake_connection_demo.py
[2026-09-12T17:27:23.589+0000] {processor.py:914} INFO - Processing file /opt/airflow/dags/snowflake_connection_demo.py for tasks to queue
[2026-09-12T17:27:23.591+0000] {logging_mixin.py:190} INFO - [2026-09-12T17:27:23.591+0000] {dagbag.py:587} INFO - Filling up the DagBag from /opt/airflow/dags/snowflake_connection_demo.py
[2026-09-12T17:27:23.603+0000] {logging_mixin.py:190} INFO - [2026-09-12T17:27:23.602+0000] {dagbag.py:386} ERROR - Failed to import: /opt/airflow/dags/snowflake_connection_demo.py
Traceback (most recent call last):
  File "/home/airflow/.local/lib/python3.12/site-packages/airflow/models/dagbag.py", line 382, in parse
    loader.exec_module(new_module)
  File "<frozen importlib._bootstrap_external>", line 995, in exec_module
  File "<frozen importlib._bootstrap>", line 488, in _call_with_frames_removed
  File "/opt/airflow/dags/snowflake_connection_demo.py", line 67, in <module>
    url = Variable.get("country_capital_url")
          ^^^^^^^^^^^^^^^^^^^^^^^^^^^^^^^^^^^
  File "/home/airflow/.local/lib/python3.12/site-packages/airflow/models/variable.py", line 145, in get
    raise KeyError(f"Variable {key} does not exist")
KeyError: 'Variable country_capital_url does not exist'
[2026-09-12T17:27:23.603+0000] {processor.py:927} WARNING - No viable dags retrieved from /opt/airflow/dags/snowflake_connection_demo.py
[2026-09-12T17:27:23.608+0000] {processor.py:208} INFO - Processing /opt/airflow/dags/snowflake_connection_demo.py took 0.027 seconds
[2026-09-12T17:27:53.925+0000] {processor.py:186} INFO - Started process (PID=3537) to work on /opt/airflow/dags/snowflake_connection_demo.py
[2026-09-12T17:27:53.928+0000] {processor.py:914} INFO - Processing file /opt/airflow/dags/snowflake_connection_demo.py for tasks to queue
[2026-09-12T17:27:53.930+0000] {logging_mixin.py:190} INFO - [2026-09-12T17:27:53.930+0000] {dagbag.py:587} INFO - Filling up the DagBag from /opt/airflow/dags/snowflake_connection_demo.py
[2026-09-12T17:27:53.946+0000] {logging_mixin.py:190} INFO - [2026-09-12T17:27:53.945+0000] {dagbag.py:386} ERROR - Failed to import: /opt/airflow/dags/snowflake_connection_demo.py
Traceback (most recent call last):
  File "/home/airflow/.local/lib/python3.12/site-packages/airflow/models/dagbag.py", line 382, in parse
    loader.exec_module(new_module)
  File "<frozen importlib._bootstrap_external>", line 995, in exec_module
  File "<frozen importlib._bootstrap>", line 488, in _call_with_frames_removed
  File "/opt/airflow/dags/snowflake_connection_demo.py", line 67, in <module>
    url = Variable.get("country_capital_url")
          ^^^^^^^^^^^^^^^^^^^^^^^^^^^^^^^^^^^
  File "/home/airflow/.local/lib/python3.12/site-packages/airflow/models/variable.py", line 145, in get
    raise KeyError(f"Variable {key} does not exist")
KeyError: 'Variable country_capital_url does not exist'
[2026-09-12T17:27:53.947+0000] {processor.py:927} WARNING - No viable dags retrieved from /opt/airflow/dags/snowflake_connection_demo.py
[2026-09-12T17:27:53.952+0000] {processor.py:208} INFO - Processing /opt/airflow/dags/snowflake_connection_demo.py took 0.033 seconds
[2026-09-12T17:28:24.250+0000] {processor.py:186} INFO - Started process (PID=3548) to work on /opt/airflow/dags/snowflake_connection_demo.py
[2026-09-12T17:28:24.252+0000] {processor.py:914} INFO - Processing file /opt/airflow/dags/snowflake_connection_demo.py for tasks to queue
[2026-09-12T17:28:24.254+0000] {logging_mixin.py:190} INFO - [2026-09-12T17:28:24.254+0000] {dagbag.py:587} INFO - Filling up the DagBag from /opt/airflow/dags/snowflake_connection_demo.py
[2026-09-12T17:28:24.267+0000] {logging_mixin.py:190} INFO - [2026-09-12T17:28:24.266+0000] {dagbag.py:386} ERROR - Failed to import: /opt/airflow/dags/snowflake_connection_demo.py
Traceback (most recent call last):
  File "/home/airflow/.local/lib/python3.12/site-packages/airflow/models/dagbag.py", line 382, in parse
    loader.exec_module(new_module)
  File "<frozen importlib._bootstrap_external>", line 995, in exec_module
  File "<frozen importlib._bootstrap>", line 488, in _call_with_frames_removed
  File "/opt/airflow/dags/snowflake_connection_demo.py", line 67, in <module>
    url = Variable.get("country_capital_url")
          ^^^^^^^^^^^^^^^^^^^^^^^^^^^^^^^^^^^
  File "/home/airflow/.local/lib/python3.12/site-packages/airflow/models/variable.py", line 145, in get
    raise KeyError(f"Variable {key} does not exist")
KeyError: 'Variable country_capital_url does not exist'
[2026-09-12T17:28:24.267+0000] {processor.py:927} WARNING - No viable dags retrieved from /opt/airflow/dags/snowflake_connection_demo.py
[2026-09-12T17:28:24.272+0000] {processor.py:208} INFO - Processing /opt/airflow/dags/snowflake_connection_demo.py took 0.026 seconds
[2026-09-12T17:28:54.631+0000] {processor.py:186} INFO - Started process (PID=3559) to work on /opt/airflow/dags/snowflake_connection_demo.py
[2026-09-12T17:28:54.635+0000] {processor.py:914} INFO - Processing file /opt/airflow/dags/snowflake_connection_demo.py for tasks to queue
[2026-09-12T17:28:54.637+0000] {logging_mixin.py:190} INFO - [2026-09-12T17:28:54.637+0000] {dagbag.py:587} INFO - Filling up the DagBag from /opt/airflow/dags/snowflake_connection_demo.py
[2026-09-12T17:28:54.653+0000] {logging_mixin.py:190} INFO - [2026-09-12T17:28:54.652+0000] {dagbag.py:386} ERROR - Failed to import: /opt/airflow/dags/snowflake_connection_demo.py
Traceback (most recent call last):
  File "/home/airflow/.local/lib/python3.12/site-packages/airflow/models/dagbag.py", line 382, in parse
    loader.exec_module(new_module)
  File "<frozen importlib._bootstrap_external>", line 995, in exec_module
  File "<frozen importlib._bootstrap>", line 488, in _call_with_frames_removed
  File "/opt/airflow/dags/snowflake_connection_demo.py", line 67, in <module>
    url = Variable.get("country_capital_url")
          ^^^^^^^^^^^^^^^^^^^^^^^^^^^^^^^^^^^
  File "/home/airflow/.local/lib/python3.12/site-packages/airflow/models/variable.py", line 145, in get
    raise KeyError(f"Variable {key} does not exist")
KeyError: 'Variable country_capital_url does not exist'
[2026-09-12T17:28:54.653+0000] {processor.py:927} WARNING - No viable dags retrieved from /opt/airflow/dags/snowflake_connection_demo.py
[2026-09-12T17:28:54.658+0000] {processor.py:208} INFO - Processing /opt/airflow/dags/snowflake_connection_demo.py took 0.033 seconds
[2026-09-12T17:29:25.010+0000] {processor.py:186} INFO - Started process (PID=3570) to work on /opt/airflow/dags/snowflake_connection_demo.py
[2026-09-12T17:29:25.012+0000] {processor.py:914} INFO - Processing file /opt/airflow/dags/snowflake_connection_demo.py for tasks to queue
[2026-09-12T17:29:25.016+0000] {logging_mixin.py:190} INFO - [2026-09-12T17:29:25.015+0000] {dagbag.py:587} INFO - Filling up the DagBag from /opt/airflow/dags/snowflake_connection_demo.py
[2026-09-12T17:29:25.033+0000] {logging_mixin.py:190} INFO - [2026-09-12T17:29:25.032+0000] {dagbag.py:386} ERROR - Failed to import: /opt/airflow/dags/snowflake_connection_demo.py
Traceback (most recent call last):
  File "/home/airflow/.local/lib/python3.12/site-packages/airflow/models/dagbag.py", line 382, in parse
    loader.exec_module(new_module)
  File "<frozen importlib._bootstrap_external>", line 995, in exec_module
  File "<frozen importlib._bootstrap>", line 488, in _call_with_frames_removed
  File "/opt/airflow/dags/snowflake_connection_demo.py", line 67, in <module>
    url = Variable.get("country_capital_url")
          ^^^^^^^^^^^^^^^^^^^^^^^^^^^^^^^^^^^
  File "/home/airflow/.local/lib/python3.12/site-packages/airflow/models/variable.py", line 145, in get
    raise KeyError(f"Variable {key} does not exist")
KeyError: 'Variable country_capital_url does not exist'
[2026-09-12T17:29:25.033+0000] {processor.py:927} WARNING - No viable dags retrieved from /opt/airflow/dags/snowflake_connection_demo.py
[2026-09-12T17:29:25.039+0000] {processor.py:208} INFO - Processing /opt/airflow/dags/snowflake_connection_demo.py took 0.036 seconds
[2026-09-12T17:29:55.408+0000] {processor.py:186} INFO - Started process (PID=3581) to work on /opt/airflow/dags/snowflake_connection_demo.py
[2026-09-12T17:29:55.411+0000] {processor.py:914} INFO - Processing file /opt/airflow/dags/snowflake_connection_demo.py for tasks to queue
[2026-09-12T17:29:55.417+0000] {logging_mixin.py:190} INFO - [2026-09-12T17:29:55.417+0000] {dagbag.py:587} INFO - Filling up the DagBag from /opt/airflow/dags/snowflake_connection_demo.py
[2026-09-12T17:29:55.438+0000] {logging_mixin.py:190} INFO - [2026-09-12T17:29:55.436+0000] {dagbag.py:386} ERROR - Failed to import: /opt/airflow/dags/snowflake_connection_demo.py
Traceback (most recent call last):
  File "/home/airflow/.local/lib/python3.12/site-packages/airflow/models/dagbag.py", line 382, in parse
    loader.exec_module(new_module)
  File "<frozen importlib._bootstrap_external>", line 995, in exec_module
  File "<frozen importlib._bootstrap>", line 488, in _call_with_frames_removed
  File "/opt/airflow/dags/snowflake_connection_demo.py", line 67, in <module>
    url = Variable.get("country_capital_url")
          ^^^^^^^^^^^^^^^^^^^^^^^^^^^^^^^^^^^
  File "/home/airflow/.local/lib/python3.12/site-packages/airflow/models/variable.py", line 145, in get
    raise KeyError(f"Variable {key} does not exist")
KeyError: 'Variable country_capital_url does not exist'
[2026-09-12T17:29:55.438+0000] {processor.py:927} WARNING - No viable dags retrieved from /opt/airflow/dags/snowflake_connection_demo.py
[2026-09-12T17:29:55.447+0000] {processor.py:208} INFO - Processing /opt/airflow/dags/snowflake_connection_demo.py took 0.046 seconds
[2026-09-12T17:30:25.769+0000] {processor.py:186} INFO - Started process (PID=3592) to work on /opt/airflow/dags/snowflake_connection_demo.py
[2026-09-12T17:30:25.772+0000] {processor.py:914} INFO - Processing file /opt/airflow/dags/snowflake_connection_demo.py for tasks to queue
[2026-09-12T17:30:25.775+0000] {logging_mixin.py:190} INFO - [2026-09-12T17:30:25.775+0000] {dagbag.py:587} INFO - Filling up the DagBag from /opt/airflow/dags/snowflake_connection_demo.py
[2026-09-12T17:30:25.795+0000] {logging_mixin.py:190} INFO - [2026-09-12T17:30:25.793+0000] {dagbag.py:386} ERROR - Failed to import: /opt/airflow/dags/snowflake_connection_demo.py
Traceback (most recent call last):
  File "/home/airflow/.local/lib/python3.12/site-packages/airflow/models/dagbag.py", line 382, in parse
    loader.exec_module(new_module)
  File "<frozen importlib._bootstrap_external>", line 995, in exec_module
  File "<frozen importlib._bootstrap>", line 488, in _call_with_frames_removed
  File "/opt/airflow/dags/snowflake_connection_demo.py", line 67, in <module>
    url = Variable.get("country_capital_url")
          ^^^^^^^^^^^^^^^^^^^^^^^^^^^^^^^^^^^
  File "/home/airflow/.local/lib/python3.12/site-packages/airflow/models/variable.py", line 145, in get
    raise KeyError(f"Variable {key} does not exist")
KeyError: 'Variable country_capital_url does not exist'
[2026-09-12T17:30:25.795+0000] {processor.py:927} WARNING - No viable dags retrieved from /opt/airflow/dags/snowflake_connection_demo.py
[2026-09-12T17:30:25.810+0000] {processor.py:208} INFO - Processing /opt/airflow/dags/snowflake_connection_demo.py took 0.049 seconds
[2026-09-12T17:30:56.162+0000] {processor.py:186} INFO - Started process (PID=3603) to work on /opt/airflow/dags/snowflake_connection_demo.py
[2026-09-12T17:30:56.164+0000] {processor.py:914} INFO - Processing file /opt/airflow/dags/snowflake_connection_demo.py for tasks to queue
[2026-09-12T17:30:56.168+0000] {logging_mixin.py:190} INFO - [2026-09-12T17:30:56.167+0000] {dagbag.py:587} INFO - Filling up the DagBag from /opt/airflow/dags/snowflake_connection_demo.py
[2026-09-12T17:30:56.186+0000] {logging_mixin.py:190} INFO - [2026-09-12T17:30:56.185+0000] {dagbag.py:386} ERROR - Failed to import: /opt/airflow/dags/snowflake_connection_demo.py
Traceback (most recent call last):
  File "/home/airflow/.local/lib/python3.12/site-packages/airflow/models/dagbag.py", line 382, in parse
    loader.exec_module(new_module)
  File "<frozen importlib._bootstrap_external>", line 995, in exec_module
  File "<frozen importlib._bootstrap>", line 488, in _call_with_frames_removed
  File "/opt/airflow/dags/snowflake_connection_demo.py", line 67, in <module>
    url = Variable.get("country_capital_url")
          ^^^^^^^^^^^^^^^^^^^^^^^^^^^^^^^^^^^
  File "/home/airflow/.local/lib/python3.12/site-packages/airflow/models/variable.py", line 145, in get
    raise KeyError(f"Variable {key} does not exist")
KeyError: 'Variable country_capital_url does not exist'
[2026-09-12T17:30:56.187+0000] {processor.py:927} WARNING - No viable dags retrieved from /opt/airflow/dags/snowflake_connection_demo.py
[2026-09-12T17:30:56.193+0000] {processor.py:208} INFO - Processing /opt/airflow/dags/snowflake_connection_demo.py took 0.038 seconds
[2026-09-12T17:31:26.490+0000] {processor.py:186} INFO - Started process (PID=3614) to work on /opt/airflow/dags/snowflake_connection_demo.py
[2026-09-12T17:31:26.494+0000] {processor.py:914} INFO - Processing file /opt/airflow/dags/snowflake_connection_demo.py for tasks to queue
[2026-09-12T17:31:26.496+0000] {logging_mixin.py:190} INFO - [2026-09-12T17:31:26.496+0000] {dagbag.py:587} INFO - Filling up the DagBag from /opt/airflow/dags/snowflake_connection_demo.py
[2026-09-12T17:31:26.509+0000] {logging_mixin.py:190} INFO - [2026-09-12T17:31:26.508+0000] {dagbag.py:386} ERROR - Failed to import: /opt/airflow/dags/snowflake_connection_demo.py
Traceback (most recent call last):
  File "/home/airflow/.local/lib/python3.12/site-packages/airflow/models/dagbag.py", line 382, in parse
    loader.exec_module(new_module)
  File "<frozen importlib._bootstrap_external>", line 995, in exec_module
  File "<frozen importlib._bootstrap>", line 488, in _call_with_frames_removed
  File "/opt/airflow/dags/snowflake_connection_demo.py", line 67, in <module>
    url = Variable.get("country_capital_url")
          ^^^^^^^^^^^^^^^^^^^^^^^^^^^^^^^^^^^
  File "/home/airflow/.local/lib/python3.12/site-packages/airflow/models/variable.py", line 145, in get
    raise KeyError(f"Variable {key} does not exist")
KeyError: 'Variable country_capital_url does not exist'
[2026-09-12T17:31:26.510+0000] {processor.py:927} WARNING - No viable dags retrieved from /opt/airflow/dags/snowflake_connection_demo.py
[2026-09-12T17:31:26.515+0000] {processor.py:208} INFO - Processing /opt/airflow/dags/snowflake_connection_demo.py took 0.029 seconds
[2026-09-12T17:31:56.878+0000] {processor.py:186} INFO - Started process (PID=3625) to work on /opt/airflow/dags/snowflake_connection_demo.py
[2026-09-12T17:31:56.881+0000] {processor.py:914} INFO - Processing file /opt/airflow/dags/snowflake_connection_demo.py for tasks to queue
[2026-09-12T17:31:56.885+0000] {logging_mixin.py:190} INFO - [2026-09-12T17:31:56.885+0000] {dagbag.py:587} INFO - Filling up the DagBag from /opt/airflow/dags/snowflake_connection_demo.py
[2026-09-12T17:31:56.904+0000] {logging_mixin.py:190} INFO - [2026-09-12T17:31:56.903+0000] {dagbag.py:386} ERROR - Failed to import: /opt/airflow/dags/snowflake_connection_demo.py
Traceback (most recent call last):
  File "/home/airflow/.local/lib/python3.12/site-packages/airflow/models/dagbag.py", line 382, in parse
    loader.exec_module(new_module)
  File "<frozen importlib._bootstrap_external>", line 995, in exec_module
  File "<frozen importlib._bootstrap>", line 488, in _call_with_frames_removed
  File "/opt/airflow/dags/snowflake_connection_demo.py", line 67, in <module>
    url = Variable.get("country_capital_url")
          ^^^^^^^^^^^^^^^^^^^^^^^^^^^^^^^^^^^
  File "/home/airflow/.local/lib/python3.12/site-packages/airflow/models/variable.py", line 145, in get
    raise KeyError(f"Variable {key} does not exist")
KeyError: 'Variable country_capital_url does not exist'
[2026-09-12T17:31:56.904+0000] {processor.py:927} WARNING - No viable dags retrieved from /opt/airflow/dags/snowflake_connection_demo.py
[2026-09-12T17:31:56.909+0000] {processor.py:208} INFO - Processing /opt/airflow/dags/snowflake_connection_demo.py took 0.040 seconds
[2026-09-12T17:32:27.202+0000] {processor.py:186} INFO - Started process (PID=3636) to work on /opt/airflow/dags/snowflake_connection_demo.py
[2026-09-12T17:32:27.205+0000] {processor.py:914} INFO - Processing file /opt/airflow/dags/snowflake_connection_demo.py for tasks to queue
[2026-09-12T17:32:27.207+0000] {logging_mixin.py:190} INFO - [2026-09-12T17:32:27.206+0000] {dagbag.py:587} INFO - Filling up the DagBag from /opt/airflow/dags/snowflake_connection_demo.py
[2026-09-12T17:32:27.222+0000] {logging_mixin.py:190} INFO - [2026-09-12T17:32:27.221+0000] {dagbag.py:386} ERROR - Failed to import: /opt/airflow/dags/snowflake_connection_demo.py
Traceback (most recent call last):
  File "/home/airflow/.local/lib/python3.12/site-packages/airflow/models/dagbag.py", line 382, in parse
    loader.exec_module(new_module)
  File "<frozen importlib._bootstrap_external>", line 995, in exec_module
  File "<frozen importlib._bootstrap>", line 488, in _call_with_frames_removed
  File "/opt/airflow/dags/snowflake_connection_demo.py", line 67, in <module>
    url = Variable.get("country_capital_url")
          ^^^^^^^^^^^^^^^^^^^^^^^^^^^^^^^^^^^
  File "/home/airflow/.local/lib/python3.12/site-packages/airflow/models/variable.py", line 145, in get
    raise KeyError(f"Variable {key} does not exist")
KeyError: 'Variable country_capital_url does not exist'
[2026-09-12T17:32:27.223+0000] {processor.py:927} WARNING - No viable dags retrieved from /opt/airflow/dags/snowflake_connection_demo.py
[2026-09-12T17:32:27.227+0000] {processor.py:208} INFO - Processing /opt/airflow/dags/snowflake_connection_demo.py took 0.032 seconds
[2026-09-12T17:32:57.512+0000] {processor.py:186} INFO - Started process (PID=3647) to work on /opt/airflow/dags/snowflake_connection_demo.py
[2026-09-12T17:32:57.516+0000] {processor.py:914} INFO - Processing file /opt/airflow/dags/snowflake_connection_demo.py for tasks to queue
[2026-09-12T17:32:57.518+0000] {logging_mixin.py:190} INFO - [2026-09-12T17:32:57.518+0000] {dagbag.py:587} INFO - Filling up the DagBag from /opt/airflow/dags/snowflake_connection_demo.py
[2026-09-12T17:32:57.533+0000] {logging_mixin.py:190} INFO - [2026-09-12T17:32:57.532+0000] {dagbag.py:386} ERROR - Failed to import: /opt/airflow/dags/snowflake_connection_demo.py
Traceback (most recent call last):
  File "/home/airflow/.local/lib/python3.12/site-packages/airflow/models/dagbag.py", line 382, in parse
    loader.exec_module(new_module)
  File "<frozen importlib._bootstrap_external>", line 995, in exec_module
  File "<frozen importlib._bootstrap>", line 488, in _call_with_frames_removed
  File "/opt/airflow/dags/snowflake_connection_demo.py", line 67, in <module>
    url = Variable.get("country_capital_url")
          ^^^^^^^^^^^^^^^^^^^^^^^^^^^^^^^^^^^
  File "/home/airflow/.local/lib/python3.12/site-packages/airflow/models/variable.py", line 145, in get
    raise KeyError(f"Variable {key} does not exist")
KeyError: 'Variable country_capital_url does not exist'
[2026-09-12T17:32:57.534+0000] {processor.py:927} WARNING - No viable dags retrieved from /opt/airflow/dags/snowflake_connection_demo.py
[2026-09-12T17:32:57.539+0000] {processor.py:208} INFO - Processing /opt/airflow/dags/snowflake_connection_demo.py took 0.031 seconds
[2026-09-12T17:33:27.858+0000] {processor.py:186} INFO - Started process (PID=3658) to work on /opt/airflow/dags/snowflake_connection_demo.py
[2026-09-12T17:33:27.862+0000] {processor.py:914} INFO - Processing file /opt/airflow/dags/snowflake_connection_demo.py for tasks to queue
[2026-09-12T17:33:27.864+0000] {logging_mixin.py:190} INFO - [2026-09-12T17:33:27.863+0000] {dagbag.py:587} INFO - Filling up the DagBag from /opt/airflow/dags/snowflake_connection_demo.py
[2026-09-12T17:33:27.876+0000] {logging_mixin.py:190} INFO - [2026-09-12T17:33:27.875+0000] {dagbag.py:386} ERROR - Failed to import: /opt/airflow/dags/snowflake_connection_demo.py
Traceback (most recent call last):
  File "/home/airflow/.local/lib/python3.12/site-packages/airflow/models/dagbag.py", line 382, in parse
    loader.exec_module(new_module)
  File "<frozen importlib._bootstrap_external>", line 995, in exec_module
  File "<frozen importlib._bootstrap>", line 488, in _call_with_frames_removed
  File "/opt/airflow/dags/snowflake_connection_demo.py", line 67, in <module>
    url = Variable.get("country_capital_url")
          ^^^^^^^^^^^^^^^^^^^^^^^^^^^^^^^^^^^
  File "/home/airflow/.local/lib/python3.12/site-packages/airflow/models/variable.py", line 145, in get
    raise KeyError(f"Variable {key} does not exist")
KeyError: 'Variable country_capital_url does not exist'
[2026-09-12T17:33:27.876+0000] {processor.py:927} WARNING - No viable dags retrieved from /opt/airflow/dags/snowflake_connection_demo.py
[2026-09-12T17:33:27.881+0000] {processor.py:208} INFO - Processing /opt/airflow/dags/snowflake_connection_demo.py took 0.027 seconds
[2026-09-12T17:33:58.225+0000] {processor.py:186} INFO - Started process (PID=3669) to work on /opt/airflow/dags/snowflake_connection_demo.py
[2026-09-12T17:33:58.229+0000] {processor.py:914} INFO - Processing file /opt/airflow/dags/snowflake_connection_demo.py for tasks to queue
[2026-09-12T17:33:58.232+0000] {logging_mixin.py:190} INFO - [2026-09-12T17:33:58.231+0000] {dagbag.py:587} INFO - Filling up the DagBag from /opt/airflow/dags/snowflake_connection_demo.py
[2026-09-12T17:33:58.248+0000] {logging_mixin.py:190} INFO - [2026-09-12T17:33:58.247+0000] {dagbag.py:386} ERROR - Failed to import: /opt/airflow/dags/snowflake_connection_demo.py
Traceback (most recent call last):
  File "/home/airflow/.local/lib/python3.12/site-packages/airflow/models/dagbag.py", line 382, in parse
    loader.exec_module(new_module)
  File "<frozen importlib._bootstrap_external>", line 995, in exec_module
  File "<frozen importlib._bootstrap>", line 488, in _call_with_frames_removed
  File "/opt/airflow/dags/snowflake_connection_demo.py", line 67, in <module>
    url = Variable.get("country_capital_url")
          ^^^^^^^^^^^^^^^^^^^^^^^^^^^^^^^^^^^
  File "/home/airflow/.local/lib/python3.12/site-packages/airflow/models/variable.py", line 145, in get
    raise KeyError(f"Variable {key} does not exist")
KeyError: 'Variable country_capital_url does not exist'
[2026-09-12T17:33:58.248+0000] {processor.py:927} WARNING - No viable dags retrieved from /opt/airflow/dags/snowflake_connection_demo.py
[2026-09-12T17:33:58.254+0000] {processor.py:208} INFO - Processing /opt/airflow/dags/snowflake_connection_demo.py took 0.035 seconds
[2026-09-12T17:34:28.597+0000] {processor.py:186} INFO - Started process (PID=3680) to work on /opt/airflow/dags/snowflake_connection_demo.py
[2026-09-12T17:34:28.600+0000] {processor.py:914} INFO - Processing file /opt/airflow/dags/snowflake_connection_demo.py for tasks to queue
[2026-09-12T17:34:28.602+0000] {logging_mixin.py:190} INFO - [2026-09-12T17:34:28.602+0000] {dagbag.py:587} INFO - Filling up the DagBag from /opt/airflow/dags/snowflake_connection_demo.py
[2026-09-12T17:34:28.617+0000] {logging_mixin.py:190} INFO - [2026-09-12T17:34:28.616+0000] {dagbag.py:386} ERROR - Failed to import: /opt/airflow/dags/snowflake_connection_demo.py
Traceback (most recent call last):
  File "/home/airflow/.local/lib/python3.12/site-packages/airflow/models/dagbag.py", line 382, in parse
    loader.exec_module(new_module)
  File "<frozen importlib._bootstrap_external>", line 995, in exec_module
  File "<frozen importlib._bootstrap>", line 488, in _call_with_frames_removed
  File "/opt/airflow/dags/snowflake_connection_demo.py", line 67, in <module>
    url = Variable.get("country_capital_url")
          ^^^^^^^^^^^^^^^^^^^^^^^^^^^^^^^^^^^
  File "/home/airflow/.local/lib/python3.12/site-packages/airflow/models/variable.py", line 145, in get
    raise KeyError(f"Variable {key} does not exist")
KeyError: 'Variable country_capital_url does not exist'
[2026-09-12T17:34:28.617+0000] {processor.py:927} WARNING - No viable dags retrieved from /opt/airflow/dags/snowflake_connection_demo.py
[2026-09-12T17:34:28.623+0000] {processor.py:208} INFO - Processing /opt/airflow/dags/snowflake_connection_demo.py took 0.032 seconds
[2026-09-12T17:34:59.080+0000] {processor.py:186} INFO - Started process (PID=3691) to work on /opt/airflow/dags/snowflake_connection_demo.py
[2026-09-12T17:34:59.087+0000] {processor.py:914} INFO - Processing file /opt/airflow/dags/snowflake_connection_demo.py for tasks to queue
[2026-09-12T17:34:59.093+0000] {logging_mixin.py:190} INFO - [2026-09-12T17:34:59.093+0000] {dagbag.py:587} INFO - Filling up the DagBag from /opt/airflow/dags/snowflake_connection_demo.py
[2026-09-12T17:34:59.125+0000] {logging_mixin.py:190} INFO - [2026-09-12T17:34:59.124+0000] {dagbag.py:386} ERROR - Failed to import: /opt/airflow/dags/snowflake_connection_demo.py
Traceback (most recent call last):
  File "/home/airflow/.local/lib/python3.12/site-packages/airflow/models/dagbag.py", line 382, in parse
    loader.exec_module(new_module)
  File "<frozen importlib._bootstrap_external>", line 995, in exec_module
  File "<frozen importlib._bootstrap>", line 488, in _call_with_frames_removed
  File "/opt/airflow/dags/snowflake_connection_demo.py", line 67, in <module>
    url = Variable.get("country_capital_url")
          ^^^^^^^^^^^^^^^^^^^^^^^^^^^^^^^^^^^
  File "/home/airflow/.local/lib/python3.12/site-packages/airflow/models/variable.py", line 145, in get
    raise KeyError(f"Variable {key} does not exist")
KeyError: 'Variable country_capital_url does not exist'
[2026-09-12T17:34:59.126+0000] {processor.py:927} WARNING - No viable dags retrieved from /opt/airflow/dags/snowflake_connection_demo.py
[2026-09-12T17:34:59.134+0000] {processor.py:208} INFO - Processing /opt/airflow/dags/snowflake_connection_demo.py took 0.069 seconds
[2026-09-12T17:35:29.548+0000] {processor.py:186} INFO - Started process (PID=3702) to work on /opt/airflow/dags/snowflake_connection_demo.py
[2026-09-12T17:35:29.556+0000] {processor.py:914} INFO - Processing file /opt/airflow/dags/snowflake_connection_demo.py for tasks to queue
[2026-09-12T17:35:29.560+0000] {logging_mixin.py:190} INFO - [2026-09-12T17:35:29.560+0000] {dagbag.py:587} INFO - Filling up the DagBag from /opt/airflow/dags/snowflake_connection_demo.py
[2026-09-12T17:35:29.583+0000] {logging_mixin.py:190} INFO - [2026-09-12T17:35:29.582+0000] {dagbag.py:386} ERROR - Failed to import: /opt/airflow/dags/snowflake_connection_demo.py
Traceback (most recent call last):
  File "/home/airflow/.local/lib/python3.12/site-packages/airflow/models/dagbag.py", line 382, in parse
    loader.exec_module(new_module)
  File "<frozen importlib._bootstrap_external>", line 995, in exec_module
  File "<frozen importlib._bootstrap>", line 488, in _call_with_frames_removed
  File "/opt/airflow/dags/snowflake_connection_demo.py", line 67, in <module>
    url = Variable.get("country_capital_url")
          ^^^^^^^^^^^^^^^^^^^^^^^^^^^^^^^^^^^
  File "/home/airflow/.local/lib/python3.12/site-packages/airflow/models/variable.py", line 145, in get
    raise KeyError(f"Variable {key} does not exist")
KeyError: 'Variable country_capital_url does not exist'
[2026-09-12T17:35:29.584+0000] {processor.py:927} WARNING - No viable dags retrieved from /opt/airflow/dags/snowflake_connection_demo.py
[2026-09-12T17:35:29.591+0000] {processor.py:208} INFO - Processing /opt/airflow/dags/snowflake_connection_demo.py took 0.051 seconds
[2026-09-12T17:35:59.999+0000] {processor.py:186} INFO - Started process (PID=3713) to work on /opt/airflow/dags/snowflake_connection_demo.py
[2026-09-12T17:36:00.007+0000] {processor.py:914} INFO - Processing file /opt/airflow/dags/snowflake_connection_demo.py for tasks to queue
[2026-09-12T17:36:00.014+0000] {logging_mixin.py:190} INFO - [2026-09-12T17:36:00.011+0000] {dagbag.py:587} INFO - Filling up the DagBag from /opt/airflow/dags/snowflake_connection_demo.py
[2026-09-12T17:36:00.041+0000] {logging_mixin.py:190} INFO - [2026-09-12T17:36:00.040+0000] {dagbag.py:386} ERROR - Failed to import: /opt/airflow/dags/snowflake_connection_demo.py
Traceback (most recent call last):
  File "/home/airflow/.local/lib/python3.12/site-packages/airflow/models/dagbag.py", line 382, in parse
    loader.exec_module(new_module)
  File "<frozen importlib._bootstrap_external>", line 995, in exec_module
  File "<frozen importlib._bootstrap>", line 488, in _call_with_frames_removed
  File "/opt/airflow/dags/snowflake_connection_demo.py", line 67, in <module>
    url = Variable.get("country_capital_url")
          ^^^^^^^^^^^^^^^^^^^^^^^^^^^^^^^^^^^
  File "/home/airflow/.local/lib/python3.12/site-packages/airflow/models/variable.py", line 145, in get
    raise KeyError(f"Variable {key} does not exist")
KeyError: 'Variable country_capital_url does not exist'
[2026-09-12T17:36:00.042+0000] {processor.py:927} WARNING - No viable dags retrieved from /opt/airflow/dags/snowflake_connection_demo.py
[2026-09-12T17:36:00.049+0000] {processor.py:208} INFO - Processing /opt/airflow/dags/snowflake_connection_demo.py took 0.063 seconds
[2026-09-12T17:36:30.413+0000] {processor.py:186} INFO - Started process (PID=3724) to work on /opt/airflow/dags/snowflake_connection_demo.py
[2026-09-12T17:36:30.416+0000] {processor.py:914} INFO - Processing file /opt/airflow/dags/snowflake_connection_demo.py for tasks to queue
[2026-09-12T17:36:30.419+0000] {logging_mixin.py:190} INFO - [2026-09-12T17:36:30.419+0000] {dagbag.py:587} INFO - Filling up the DagBag from /opt/airflow/dags/snowflake_connection_demo.py
[2026-09-12T17:36:30.440+0000] {logging_mixin.py:190} INFO - [2026-09-12T17:36:30.439+0000] {dagbag.py:386} ERROR - Failed to import: /opt/airflow/dags/snowflake_connection_demo.py
Traceback (most recent call last):
  File "/home/airflow/.local/lib/python3.12/site-packages/airflow/models/dagbag.py", line 382, in parse
    loader.exec_module(new_module)
  File "<frozen importlib._bootstrap_external>", line 995, in exec_module
  File "<frozen importlib._bootstrap>", line 488, in _call_with_frames_removed
  File "/opt/airflow/dags/snowflake_connection_demo.py", line 67, in <module>
    url = Variable.get("country_capital_url")
          ^^^^^^^^^^^^^^^^^^^^^^^^^^^^^^^^^^^
  File "/home/airflow/.local/lib/python3.12/site-packages/airflow/models/variable.py", line 145, in get
    raise KeyError(f"Variable {key} does not exist")
KeyError: 'Variable country_capital_url does not exist'
[2026-09-12T17:36:30.440+0000] {processor.py:927} WARNING - No viable dags retrieved from /opt/airflow/dags/snowflake_connection_demo.py
[2026-09-12T17:36:30.446+0000] {processor.py:208} INFO - Processing /opt/airflow/dags/snowflake_connection_demo.py took 0.044 seconds
[2026-09-12T17:37:00.850+0000] {processor.py:186} INFO - Started process (PID=3735) to work on /opt/airflow/dags/snowflake_connection_demo.py
[2026-09-12T17:37:00.853+0000] {processor.py:914} INFO - Processing file /opt/airflow/dags/snowflake_connection_demo.py for tasks to queue
[2026-09-12T17:37:00.856+0000] {logging_mixin.py:190} INFO - [2026-09-12T17:37:00.855+0000] {dagbag.py:587} INFO - Filling up the DagBag from /opt/airflow/dags/snowflake_connection_demo.py
[2026-09-12T17:37:00.872+0000] {logging_mixin.py:190} INFO - [2026-09-12T17:37:00.871+0000] {dagbag.py:386} ERROR - Failed to import: /opt/airflow/dags/snowflake_connection_demo.py
Traceback (most recent call last):
  File "/home/airflow/.local/lib/python3.12/site-packages/airflow/models/dagbag.py", line 382, in parse
    loader.exec_module(new_module)
  File "<frozen importlib._bootstrap_external>", line 995, in exec_module
  File "<frozen importlib._bootstrap>", line 488, in _call_with_frames_removed
  File "/opt/airflow/dags/snowflake_connection_demo.py", line 67, in <module>
    url = Variable.get("country_capital_url")
          ^^^^^^^^^^^^^^^^^^^^^^^^^^^^^^^^^^^
  File "/home/airflow/.local/lib/python3.12/site-packages/airflow/models/variable.py", line 145, in get
    raise KeyError(f"Variable {key} does not exist")
KeyError: 'Variable country_capital_url does not exist'
[2026-09-12T17:37:00.873+0000] {processor.py:927} WARNING - No viable dags retrieved from /opt/airflow/dags/snowflake_connection_demo.py
[2026-09-12T17:37:00.879+0000] {processor.py:208} INFO - Processing /opt/airflow/dags/snowflake_connection_demo.py took 0.035 seconds
[2026-09-12T17:37:31.274+0000] {processor.py:186} INFO - Started process (PID=3746) to work on /opt/airflow/dags/snowflake_connection_demo.py
[2026-09-12T17:37:31.276+0000] {processor.py:914} INFO - Processing file /opt/airflow/dags/snowflake_connection_demo.py for tasks to queue
[2026-09-12T17:37:31.280+0000] {logging_mixin.py:190} INFO - [2026-09-12T17:37:31.279+0000] {dagbag.py:587} INFO - Filling up the DagBag from /opt/airflow/dags/snowflake_connection_demo.py
[2026-09-12T17:37:31.300+0000] {logging_mixin.py:190} INFO - [2026-09-12T17:37:31.299+0000] {dagbag.py:386} ERROR - Failed to import: /opt/airflow/dags/snowflake_connection_demo.py
Traceback (most recent call last):
  File "/home/airflow/.local/lib/python3.12/site-packages/airflow/models/dagbag.py", line 382, in parse
    loader.exec_module(new_module)
  File "<frozen importlib._bootstrap_external>", line 995, in exec_module
  File "<frozen importlib._bootstrap>", line 488, in _call_with_frames_removed
  File "/opt/airflow/dags/snowflake_connection_demo.py", line 67, in <module>
    url = Variable.get("country_capital_url")
          ^^^^^^^^^^^^^^^^^^^^^^^^^^^^^^^^^^^
  File "/home/airflow/.local/lib/python3.12/site-packages/airflow/models/variable.py", line 145, in get
    raise KeyError(f"Variable {key} does not exist")
KeyError: 'Variable country_capital_url does not exist'
[2026-09-12T17:37:31.300+0000] {processor.py:927} WARNING - No viable dags retrieved from /opt/airflow/dags/snowflake_connection_demo.py
[2026-09-12T17:37:31.307+0000] {processor.py:208} INFO - Processing /opt/airflow/dags/snowflake_connection_demo.py took 0.040 seconds
[2026-09-12T17:38:01.738+0000] {processor.py:186} INFO - Started process (PID=3757) to work on /opt/airflow/dags/snowflake_connection_demo.py
[2026-09-12T17:38:01.741+0000] {processor.py:914} INFO - Processing file /opt/airflow/dags/snowflake_connection_demo.py for tasks to queue
[2026-09-12T17:38:01.744+0000] {logging_mixin.py:190} INFO - [2026-09-12T17:38:01.744+0000] {dagbag.py:587} INFO - Filling up the DagBag from /opt/airflow/dags/snowflake_connection_demo.py
[2026-09-12T17:38:01.769+0000] {logging_mixin.py:190} INFO - [2026-09-12T17:38:01.768+0000] {dagbag.py:386} ERROR - Failed to import: /opt/airflow/dags/snowflake_connection_demo.py
Traceback (most recent call last):
  File "/home/airflow/.local/lib/python3.12/site-packages/airflow/models/dagbag.py", line 382, in parse
    loader.exec_module(new_module)
  File "<frozen importlib._bootstrap_external>", line 995, in exec_module
  File "<frozen importlib._bootstrap>", line 488, in _call_with_frames_removed
  File "/opt/airflow/dags/snowflake_connection_demo.py", line 67, in <module>
    url = Variable.get("country_capital_url")
          ^^^^^^^^^^^^^^^^^^^^^^^^^^^^^^^^^^^
  File "/home/airflow/.local/lib/python3.12/site-packages/airflow/models/variable.py", line 145, in get
    raise KeyError(f"Variable {key} does not exist")
KeyError: 'Variable country_capital_url does not exist'
[2026-09-12T17:38:01.770+0000] {processor.py:927} WARNING - No viable dags retrieved from /opt/airflow/dags/snowflake_connection_demo.py
[2026-09-12T17:38:01.782+0000] {processor.py:208} INFO - Processing /opt/airflow/dags/snowflake_connection_demo.py took 0.058 seconds
[2026-09-12T17:38:32.179+0000] {processor.py:186} INFO - Started process (PID=3774) to work on /opt/airflow/dags/snowflake_connection_demo.py
[2026-09-12T17:38:32.182+0000] {processor.py:914} INFO - Processing file /opt/airflow/dags/snowflake_connection_demo.py for tasks to queue
[2026-09-12T17:38:32.185+0000] {logging_mixin.py:190} INFO - [2026-09-12T17:38:32.184+0000] {dagbag.py:587} INFO - Filling up the DagBag from /opt/airflow/dags/snowflake_connection_demo.py
[2026-09-12T17:38:32.204+0000] {logging_mixin.py:190} INFO - [2026-09-12T17:38:32.203+0000] {dagbag.py:386} ERROR - Failed to import: /opt/airflow/dags/snowflake_connection_demo.py
Traceback (most recent call last):
  File "/home/airflow/.local/lib/python3.12/site-packages/airflow/models/dagbag.py", line 382, in parse
    loader.exec_module(new_module)
  File "<frozen importlib._bootstrap_external>", line 995, in exec_module
  File "<frozen importlib._bootstrap>", line 488, in _call_with_frames_removed
  File "/opt/airflow/dags/snowflake_connection_demo.py", line 67, in <module>
    url = Variable.get("country_capital_url")
          ^^^^^^^^^^^^^^^^^^^^^^^^^^^^^^^^^^^
  File "/home/airflow/.local/lib/python3.12/site-packages/airflow/models/variable.py", line 145, in get
    raise KeyError(f"Variable {key} does not exist")
KeyError: 'Variable country_capital_url does not exist'
[2026-09-12T17:38:32.204+0000] {processor.py:927} WARNING - No viable dags retrieved from /opt/airflow/dags/snowflake_connection_demo.py
[2026-09-12T17:38:32.210+0000] {processor.py:208} INFO - Processing /opt/airflow/dags/snowflake_connection_demo.py took 0.040 seconds
[2026-09-12T17:39:02.564+0000] {processor.py:186} INFO - Started process (PID=3785) to work on /opt/airflow/dags/snowflake_connection_demo.py
[2026-09-12T17:39:02.566+0000] {processor.py:914} INFO - Processing file /opt/airflow/dags/snowflake_connection_demo.py for tasks to queue
[2026-09-12T17:39:02.568+0000] {logging_mixin.py:190} INFO - [2026-09-12T17:39:02.568+0000] {dagbag.py:587} INFO - Filling up the DagBag from /opt/airflow/dags/snowflake_connection_demo.py
[2026-09-12T17:39:02.578+0000] {logging_mixin.py:190} INFO - [2026-09-12T17:39:02.578+0000] {dagbag.py:386} ERROR - Failed to import: /opt/airflow/dags/snowflake_connection_demo.py
Traceback (most recent call last):
  File "/home/airflow/.local/lib/python3.12/site-packages/airflow/models/dagbag.py", line 382, in parse
    loader.exec_module(new_module)
  File "<frozen importlib._bootstrap_external>", line 995, in exec_module
  File "<frozen importlib._bootstrap>", line 488, in _call_with_frames_removed
  File "/opt/airflow/dags/snowflake_connection_demo.py", line 67, in <module>
    url = Variable.get("country_capital_url")
          ^^^^^^^^^^^^^^^^^^^^^^^^^^^^^^^^^^^
  File "/home/airflow/.local/lib/python3.12/site-packages/airflow/models/variable.py", line 145, in get
    raise KeyError(f"Variable {key} does not exist")
KeyError: 'Variable country_capital_url does not exist'
[2026-09-12T17:39:02.579+0000] {processor.py:927} WARNING - No viable dags retrieved from /opt/airflow/dags/snowflake_connection_demo.py
[2026-09-12T17:39:02.583+0000] {processor.py:208} INFO - Processing /opt/airflow/dags/snowflake_connection_demo.py took 0.023 seconds
[2026-09-12T17:39:32.931+0000] {processor.py:186} INFO - Started process (PID=3796) to work on /opt/airflow/dags/snowflake_connection_demo.py
[2026-09-12T17:39:32.938+0000] {processor.py:914} INFO - Processing file /opt/airflow/dags/snowflake_connection_demo.py for tasks to queue
[2026-09-12T17:39:32.942+0000] {logging_mixin.py:190} INFO - [2026-09-12T17:39:32.942+0000] {dagbag.py:587} INFO - Filling up the DagBag from /opt/airflow/dags/snowflake_connection_demo.py
[2026-09-12T17:39:32.964+0000] {logging_mixin.py:190} INFO - [2026-09-12T17:39:32.963+0000] {dagbag.py:386} ERROR - Failed to import: /opt/airflow/dags/snowflake_connection_demo.py
Traceback (most recent call last):
  File "/home/airflow/.local/lib/python3.12/site-packages/airflow/models/dagbag.py", line 382, in parse
    loader.exec_module(new_module)
  File "<frozen importlib._bootstrap_external>", line 995, in exec_module
  File "<frozen importlib._bootstrap>", line 488, in _call_with_frames_removed
  File "/opt/airflow/dags/snowflake_connection_demo.py", line 67, in <module>
    url = Variable.get("country_capital_url")
          ^^^^^^^^^^^^^^^^^^^^^^^^^^^^^^^^^^^
  File "/home/airflow/.local/lib/python3.12/site-packages/airflow/models/variable.py", line 145, in get
    raise KeyError(f"Variable {key} does not exist")
KeyError: 'Variable country_capital_url does not exist'
[2026-09-12T17:39:32.965+0000] {processor.py:927} WARNING - No viable dags retrieved from /opt/airflow/dags/snowflake_connection_demo.py
[2026-09-12T17:39:32.970+0000] {processor.py:208} INFO - Processing /opt/airflow/dags/snowflake_connection_demo.py took 0.048 seconds
[2026-09-12T17:40:03.363+0000] {processor.py:186} INFO - Started process (PID=3807) to work on /opt/airflow/dags/snowflake_connection_demo.py
[2026-09-12T17:40:03.366+0000] {processor.py:914} INFO - Processing file /opt/airflow/dags/snowflake_connection_demo.py for tasks to queue
[2026-09-12T17:40:03.370+0000] {logging_mixin.py:190} INFO - [2026-09-12T17:40:03.370+0000] {dagbag.py:587} INFO - Filling up the DagBag from /opt/airflow/dags/snowflake_connection_demo.py
[2026-09-12T17:40:03.395+0000] {logging_mixin.py:190} INFO - [2026-09-12T17:40:03.393+0000] {dagbag.py:386} ERROR - Failed to import: /opt/airflow/dags/snowflake_connection_demo.py
Traceback (most recent call last):
  File "/home/airflow/.local/lib/python3.12/site-packages/airflow/models/dagbag.py", line 382, in parse
    loader.exec_module(new_module)
  File "<frozen importlib._bootstrap_external>", line 995, in exec_module
  File "<frozen importlib._bootstrap>", line 488, in _call_with_frames_removed
  File "/opt/airflow/dags/snowflake_connection_demo.py", line 67, in <module>
    url = Variable.get("country_capital_url")
          ^^^^^^^^^^^^^^^^^^^^^^^^^^^^^^^^^^^
  File "/home/airflow/.local/lib/python3.12/site-packages/airflow/models/variable.py", line 145, in get
    raise KeyError(f"Variable {key} does not exist")
KeyError: 'Variable country_capital_url does not exist'
[2026-09-12T17:40:03.395+0000] {processor.py:927} WARNING - No viable dags retrieved from /opt/airflow/dags/snowflake_connection_demo.py
[2026-09-12T17:40:03.402+0000] {processor.py:208} INFO - Processing /opt/airflow/dags/snowflake_connection_demo.py took 0.048 seconds
[2026-09-12T17:40:33.806+0000] {processor.py:186} INFO - Started process (PID=3818) to work on /opt/airflow/dags/snowflake_connection_demo.py
[2026-09-12T17:40:33.808+0000] {processor.py:914} INFO - Processing file /opt/airflow/dags/snowflake_connection_demo.py for tasks to queue
[2026-09-12T17:40:33.811+0000] {logging_mixin.py:190} INFO - [2026-09-12T17:40:33.810+0000] {dagbag.py:587} INFO - Filling up the DagBag from /opt/airflow/dags/snowflake_connection_demo.py
[2026-09-12T17:40:33.828+0000] {logging_mixin.py:190} INFO - [2026-09-12T17:40:33.826+0000] {dagbag.py:386} ERROR - Failed to import: /opt/airflow/dags/snowflake_connection_demo.py
Traceback (most recent call last):
  File "/home/airflow/.local/lib/python3.12/site-packages/airflow/models/dagbag.py", line 382, in parse
    loader.exec_module(new_module)
  File "<frozen importlib._bootstrap_external>", line 995, in exec_module
  File "<frozen importlib._bootstrap>", line 488, in _call_with_frames_removed
  File "/opt/airflow/dags/snowflake_connection_demo.py", line 67, in <module>
    url = Variable.get("country_capital_url")
          ^^^^^^^^^^^^^^^^^^^^^^^^^^^^^^^^^^^
  File "/home/airflow/.local/lib/python3.12/site-packages/airflow/models/variable.py", line 145, in get
    raise KeyError(f"Variable {key} does not exist")
KeyError: 'Variable country_capital_url does not exist'
[2026-09-12T17:40:33.828+0000] {processor.py:927} WARNING - No viable dags retrieved from /opt/airflow/dags/snowflake_connection_demo.py
[2026-09-12T17:40:33.834+0000] {processor.py:208} INFO - Processing /opt/airflow/dags/snowflake_connection_demo.py took 0.036 seconds
[2026-09-12T17:41:04.202+0000] {processor.py:186} INFO - Started process (PID=3829) to work on /opt/airflow/dags/snowflake_connection_demo.py
[2026-09-12T17:41:04.206+0000] {processor.py:914} INFO - Processing file /opt/airflow/dags/snowflake_connection_demo.py for tasks to queue
[2026-09-12T17:41:04.210+0000] {logging_mixin.py:190} INFO - [2026-09-12T17:41:04.210+0000] {dagbag.py:587} INFO - Filling up the DagBag from /opt/airflow/dags/snowflake_connection_demo.py
[2026-09-12T17:41:04.233+0000] {logging_mixin.py:190} INFO - [2026-09-12T17:41:04.231+0000] {dagbag.py:386} ERROR - Failed to import: /opt/airflow/dags/snowflake_connection_demo.py
Traceback (most recent call last):
  File "/home/airflow/.local/lib/python3.12/site-packages/airflow/models/dagbag.py", line 382, in parse
    loader.exec_module(new_module)
  File "<frozen importlib._bootstrap_external>", line 995, in exec_module
  File "<frozen importlib._bootstrap>", line 488, in _call_with_frames_removed
  File "/opt/airflow/dags/snowflake_connection_demo.py", line 67, in <module>
    url = Variable.get("country_capital_url")
          ^^^^^^^^^^^^^^^^^^^^^^^^^^^^^^^^^^^
  File "/home/airflow/.local/lib/python3.12/site-packages/airflow/models/variable.py", line 145, in get
    raise KeyError(f"Variable {key} does not exist")
KeyError: 'Variable country_capital_url does not exist'
[2026-09-12T17:41:04.233+0000] {processor.py:927} WARNING - No viable dags retrieved from /opt/airflow/dags/snowflake_connection_demo.py
[2026-09-12T17:41:04.241+0000] {processor.py:208} INFO - Processing /opt/airflow/dags/snowflake_connection_demo.py took 0.048 seconds
[2026-09-12T17:41:34.643+0000] {processor.py:186} INFO - Started process (PID=3840) to work on /opt/airflow/dags/snowflake_connection_demo.py
[2026-09-12T17:41:34.646+0000] {processor.py:914} INFO - Processing file /opt/airflow/dags/snowflake_connection_demo.py for tasks to queue
[2026-09-12T17:41:34.648+0000] {logging_mixin.py:190} INFO - [2026-09-12T17:41:34.647+0000] {dagbag.py:587} INFO - Filling up the DagBag from /opt/airflow/dags/snowflake_connection_demo.py
[2026-09-12T17:41:34.663+0000] {logging_mixin.py:190} INFO - [2026-09-12T17:41:34.662+0000] {dagbag.py:386} ERROR - Failed to import: /opt/airflow/dags/snowflake_connection_demo.py
Traceback (most recent call last):
  File "/home/airflow/.local/lib/python3.12/site-packages/airflow/models/dagbag.py", line 382, in parse
    loader.exec_module(new_module)
  File "<frozen importlib._bootstrap_external>", line 995, in exec_module
  File "<frozen importlib._bootstrap>", line 488, in _call_with_frames_removed
  File "/opt/airflow/dags/snowflake_connection_demo.py", line 67, in <module>
    url = Variable.get("country_capital_url")
          ^^^^^^^^^^^^^^^^^^^^^^^^^^^^^^^^^^^
  File "/home/airflow/.local/lib/python3.12/site-packages/airflow/models/variable.py", line 145, in get
    raise KeyError(f"Variable {key} does not exist")
KeyError: 'Variable country_capital_url does not exist'
[2026-09-12T17:41:34.663+0000] {processor.py:927} WARNING - No viable dags retrieved from /opt/airflow/dags/snowflake_connection_demo.py
[2026-09-12T17:41:34.669+0000] {processor.py:208} INFO - Processing /opt/airflow/dags/snowflake_connection_demo.py took 0.032 seconds
[2026-09-12T17:42:05.059+0000] {processor.py:186} INFO - Started process (PID=3851) to work on /opt/airflow/dags/snowflake_connection_demo.py
[2026-09-12T17:42:05.065+0000] {processor.py:914} INFO - Processing file /opt/airflow/dags/snowflake_connection_demo.py for tasks to queue
[2026-09-12T17:42:05.071+0000] {logging_mixin.py:190} INFO - [2026-09-12T17:42:05.070+0000] {dagbag.py:587} INFO - Filling up the DagBag from /opt/airflow/dags/snowflake_connection_demo.py
[2026-09-12T17:42:05.106+0000] {logging_mixin.py:190} INFO - [2026-09-12T17:42:05.104+0000] {dagbag.py:386} ERROR - Failed to import: /opt/airflow/dags/snowflake_connection_demo.py
Traceback (most recent call last):
  File "/home/airflow/.local/lib/python3.12/site-packages/airflow/models/dagbag.py", line 382, in parse
    loader.exec_module(new_module)
  File "<frozen importlib._bootstrap_external>", line 995, in exec_module
  File "<frozen importlib._bootstrap>", line 488, in _call_with_frames_removed
  File "/opt/airflow/dags/snowflake_connection_demo.py", line 67, in <module>
    url = Variable.get("country_capital_url")
          ^^^^^^^^^^^^^^^^^^^^^^^^^^^^^^^^^^^
  File "/home/airflow/.local/lib/python3.12/site-packages/airflow/models/variable.py", line 145, in get
    raise KeyError(f"Variable {key} does not exist")
KeyError: 'Variable country_capital_url does not exist'
[2026-09-12T17:42:05.106+0000] {processor.py:927} WARNING - No viable dags retrieved from /opt/airflow/dags/snowflake_connection_demo.py
[2026-09-12T17:42:05.113+0000] {processor.py:208} INFO - Processing /opt/airflow/dags/snowflake_connection_demo.py took 0.062 seconds
[2026-09-12T17:42:35.488+0000] {processor.py:186} INFO - Started process (PID=3862) to work on /opt/airflow/dags/snowflake_connection_demo.py
[2026-09-12T17:42:35.490+0000] {processor.py:914} INFO - Processing file /opt/airflow/dags/snowflake_connection_demo.py for tasks to queue
[2026-09-12T17:42:35.493+0000] {logging_mixin.py:190} INFO - [2026-09-12T17:42:35.492+0000] {dagbag.py:587} INFO - Filling up the DagBag from /opt/airflow/dags/snowflake_connection_demo.py
[2026-09-12T17:42:35.507+0000] {logging_mixin.py:190} INFO - [2026-09-12T17:42:35.506+0000] {dagbag.py:386} ERROR - Failed to import: /opt/airflow/dags/snowflake_connection_demo.py
Traceback (most recent call last):
  File "/home/airflow/.local/lib/python3.12/site-packages/airflow/models/dagbag.py", line 382, in parse
    loader.exec_module(new_module)
  File "<frozen importlib._bootstrap_external>", line 995, in exec_module
  File "<frozen importlib._bootstrap>", line 488, in _call_with_frames_removed
  File "/opt/airflow/dags/snowflake_connection_demo.py", line 67, in <module>
    url = Variable.get("country_capital_url")
          ^^^^^^^^^^^^^^^^^^^^^^^^^^^^^^^^^^^
  File "/home/airflow/.local/lib/python3.12/site-packages/airflow/models/variable.py", line 145, in get
    raise KeyError(f"Variable {key} does not exist")
KeyError: 'Variable country_capital_url does not exist'
[2026-09-12T17:42:35.507+0000] {processor.py:927} WARNING - No viable dags retrieved from /opt/airflow/dags/snowflake_connection_demo.py
[2026-09-12T17:42:35.512+0000] {processor.py:208} INFO - Processing /opt/airflow/dags/snowflake_connection_demo.py took 0.029 seconds
[2026-09-12T17:43:05.902+0000] {processor.py:186} INFO - Started process (PID=3873) to work on /opt/airflow/dags/snowflake_connection_demo.py
[2026-09-12T17:43:05.905+0000] {processor.py:914} INFO - Processing file /opt/airflow/dags/snowflake_connection_demo.py for tasks to queue
[2026-09-12T17:43:05.909+0000] {logging_mixin.py:190} INFO - [2026-09-12T17:43:05.909+0000] {dagbag.py:587} INFO - Filling up the DagBag from /opt/airflow/dags/snowflake_connection_demo.py
[2026-09-12T17:43:05.932+0000] {logging_mixin.py:190} INFO - [2026-09-12T17:43:05.930+0000] {dagbag.py:386} ERROR - Failed to import: /opt/airflow/dags/snowflake_connection_demo.py
Traceback (most recent call last):
  File "/home/airflow/.local/lib/python3.12/site-packages/airflow/models/dagbag.py", line 382, in parse
    loader.exec_module(new_module)
  File "<frozen importlib._bootstrap_external>", line 995, in exec_module
  File "<frozen importlib._bootstrap>", line 488, in _call_with_frames_removed
  File "/opt/airflow/dags/snowflake_connection_demo.py", line 67, in <module>
    url = Variable.get("country_capital_url")
          ^^^^^^^^^^^^^^^^^^^^^^^^^^^^^^^^^^^
  File "/home/airflow/.local/lib/python3.12/site-packages/airflow/models/variable.py", line 145, in get
    raise KeyError(f"Variable {key} does not exist")
KeyError: 'Variable country_capital_url does not exist'
[2026-09-12T17:43:05.932+0000] {processor.py:927} WARNING - No viable dags retrieved from /opt/airflow/dags/snowflake_connection_demo.py
[2026-09-12T17:43:05.939+0000] {processor.py:208} INFO - Processing /opt/airflow/dags/snowflake_connection_demo.py took 0.046 seconds
[2026-09-12T17:43:36.326+0000] {processor.py:186} INFO - Started process (PID=3884) to work on /opt/airflow/dags/snowflake_connection_demo.py
[2026-09-12T17:43:36.328+0000] {processor.py:914} INFO - Processing file /opt/airflow/dags/snowflake_connection_demo.py for tasks to queue
[2026-09-12T17:43:36.330+0000] {logging_mixin.py:190} INFO - [2026-09-12T17:43:36.330+0000] {dagbag.py:587} INFO - Filling up the DagBag from /opt/airflow/dags/snowflake_connection_demo.py
[2026-09-12T17:43:36.345+0000] {logging_mixin.py:190} INFO - [2026-09-12T17:43:36.343+0000] {dagbag.py:386} ERROR - Failed to import: /opt/airflow/dags/snowflake_connection_demo.py
Traceback (most recent call last):
  File "/home/airflow/.local/lib/python3.12/site-packages/airflow/models/dagbag.py", line 382, in parse
    loader.exec_module(new_module)
  File "<frozen importlib._bootstrap_external>", line 995, in exec_module
  File "<frozen importlib._bootstrap>", line 488, in _call_with_frames_removed
  File "/opt/airflow/dags/snowflake_connection_demo.py", line 67, in <module>
    url = Variable.get("country_capital_url")
          ^^^^^^^^^^^^^^^^^^^^^^^^^^^^^^^^^^^
  File "/home/airflow/.local/lib/python3.12/site-packages/airflow/models/variable.py", line 145, in get
    raise KeyError(f"Variable {key} does not exist")
KeyError: 'Variable country_capital_url does not exist'
[2026-09-12T17:43:36.345+0000] {processor.py:927} WARNING - No viable dags retrieved from /opt/airflow/dags/snowflake_connection_demo.py
[2026-09-12T17:43:36.351+0000] {processor.py:208} INFO - Processing /opt/airflow/dags/snowflake_connection_demo.py took 0.031 seconds
[2026-09-12T17:44:06.778+0000] {processor.py:186} INFO - Started process (PID=3895) to work on /opt/airflow/dags/snowflake_connection_demo.py
[2026-09-12T17:44:06.782+0000] {processor.py:914} INFO - Processing file /opt/airflow/dags/snowflake_connection_demo.py for tasks to queue
[2026-09-12T17:44:06.784+0000] {logging_mixin.py:190} INFO - [2026-09-12T17:44:06.784+0000] {dagbag.py:587} INFO - Filling up the DagBag from /opt/airflow/dags/snowflake_connection_demo.py
[2026-09-12T17:44:06.801+0000] {logging_mixin.py:190} INFO - [2026-09-12T17:44:06.800+0000] {dagbag.py:386} ERROR - Failed to import: /opt/airflow/dags/snowflake_connection_demo.py
Traceback (most recent call last):
  File "/home/airflow/.local/lib/python3.12/site-packages/airflow/models/dagbag.py", line 382, in parse
    loader.exec_module(new_module)
  File "<frozen importlib._bootstrap_external>", line 995, in exec_module
  File "<frozen importlib._bootstrap>", line 488, in _call_with_frames_removed
  File "/opt/airflow/dags/snowflake_connection_demo.py", line 67, in <module>
    url = Variable.get("country_capital_url")
          ^^^^^^^^^^^^^^^^^^^^^^^^^^^^^^^^^^^
  File "/home/airflow/.local/lib/python3.12/site-packages/airflow/models/variable.py", line 145, in get
    raise KeyError(f"Variable {key} does not exist")
KeyError: 'Variable country_capital_url does not exist'
[2026-09-12T17:44:06.802+0000] {processor.py:927} WARNING - No viable dags retrieved from /opt/airflow/dags/snowflake_connection_demo.py
[2026-09-12T17:44:06.807+0000] {processor.py:208} INFO - Processing /opt/airflow/dags/snowflake_connection_demo.py took 0.036 seconds
[2026-09-12T17:44:37.252+0000] {processor.py:186} INFO - Started process (PID=3906) to work on /opt/airflow/dags/snowflake_connection_demo.py
[2026-09-12T17:44:37.255+0000] {processor.py:914} INFO - Processing file /opt/airflow/dags/snowflake_connection_demo.py for tasks to queue
[2026-09-12T17:44:37.260+0000] {logging_mixin.py:190} INFO - [2026-09-12T17:44:37.259+0000] {dagbag.py:587} INFO - Filling up the DagBag from /opt/airflow/dags/snowflake_connection_demo.py
[2026-09-12T17:44:37.287+0000] {logging_mixin.py:190} INFO - [2026-09-12T17:44:37.285+0000] {dagbag.py:386} ERROR - Failed to import: /opt/airflow/dags/snowflake_connection_demo.py
Traceback (most recent call last):
  File "/home/airflow/.local/lib/python3.12/site-packages/airflow/models/dagbag.py", line 382, in parse
    loader.exec_module(new_module)
  File "<frozen importlib._bootstrap_external>", line 995, in exec_module
  File "<frozen importlib._bootstrap>", line 488, in _call_with_frames_removed
  File "/opt/airflow/dags/snowflake_connection_demo.py", line 67, in <module>
    url = Variable.get("country_capital_url")
          ^^^^^^^^^^^^^^^^^^^^^^^^^^^^^^^^^^^
  File "/home/airflow/.local/lib/python3.12/site-packages/airflow/models/variable.py", line 145, in get
    raise KeyError(f"Variable {key} does not exist")
KeyError: 'Variable country_capital_url does not exist'
[2026-09-12T17:44:37.288+0000] {processor.py:927} WARNING - No viable dags retrieved from /opt/airflow/dags/snowflake_connection_demo.py
[2026-09-12T17:44:37.296+0000] {processor.py:208} INFO - Processing /opt/airflow/dags/snowflake_connection_demo.py took 0.062 seconds
[2026-09-12T17:45:07.663+0000] {processor.py:186} INFO - Started process (PID=3917) to work on /opt/airflow/dags/snowflake_connection_demo.py
[2026-09-12T17:45:07.671+0000] {processor.py:914} INFO - Processing file /opt/airflow/dags/snowflake_connection_demo.py for tasks to queue
[2026-09-12T17:45:07.675+0000] {logging_mixin.py:190} INFO - [2026-09-12T17:45:07.675+0000] {dagbag.py:587} INFO - Filling up the DagBag from /opt/airflow/dags/snowflake_connection_demo.py
[2026-09-12T17:45:07.699+0000] {logging_mixin.py:190} INFO - [2026-09-12T17:45:07.698+0000] {dagbag.py:386} ERROR - Failed to import: /opt/airflow/dags/snowflake_connection_demo.py
Traceback (most recent call last):
  File "/home/airflow/.local/lib/python3.12/site-packages/airflow/models/dagbag.py", line 382, in parse
    loader.exec_module(new_module)
  File "<frozen importlib._bootstrap_external>", line 995, in exec_module
  File "<frozen importlib._bootstrap>", line 488, in _call_with_frames_removed
  File "/opt/airflow/dags/snowflake_connection_demo.py", line 67, in <module>
    url = Variable.get("country_capital_url")
          ^^^^^^^^^^^^^^^^^^^^^^^^^^^^^^^^^^^
  File "/home/airflow/.local/lib/python3.12/site-packages/airflow/models/variable.py", line 145, in get
    raise KeyError(f"Variable {key} does not exist")
KeyError: 'Variable country_capital_url does not exist'
[2026-09-12T17:45:07.700+0000] {processor.py:927} WARNING - No viable dags retrieved from /opt/airflow/dags/snowflake_connection_demo.py
[2026-09-12T17:45:07.706+0000] {processor.py:208} INFO - Processing /opt/airflow/dags/snowflake_connection_demo.py took 0.052 seconds
[2026-09-12T17:45:38.089+0000] {processor.py:186} INFO - Started process (PID=3928) to work on /opt/airflow/dags/snowflake_connection_demo.py
[2026-09-12T17:45:38.092+0000] {processor.py:914} INFO - Processing file /opt/airflow/dags/snowflake_connection_demo.py for tasks to queue
[2026-09-12T17:45:38.100+0000] {logging_mixin.py:190} INFO - [2026-09-12T17:45:38.099+0000] {dagbag.py:587} INFO - Filling up the DagBag from /opt/airflow/dags/snowflake_connection_demo.py
[2026-09-12T17:45:38.130+0000] {logging_mixin.py:190} INFO - [2026-09-12T17:45:38.128+0000] {dagbag.py:386} ERROR - Failed to import: /opt/airflow/dags/snowflake_connection_demo.py
Traceback (most recent call last):
  File "/home/airflow/.local/lib/python3.12/site-packages/airflow/models/dagbag.py", line 382, in parse
    loader.exec_module(new_module)
  File "<frozen importlib._bootstrap_external>", line 995, in exec_module
  File "<frozen importlib._bootstrap>", line 488, in _call_with_frames_removed
  File "/opt/airflow/dags/snowflake_connection_demo.py", line 67, in <module>
    url = Variable.get("country_capital_url")
          ^^^^^^^^^^^^^^^^^^^^^^^^^^^^^^^^^^^
  File "/home/airflow/.local/lib/python3.12/site-packages/airflow/models/variable.py", line 145, in get
    raise KeyError(f"Variable {key} does not exist")
KeyError: 'Variable country_capital_url does not exist'
[2026-09-12T17:45:38.130+0000] {processor.py:927} WARNING - No viable dags retrieved from /opt/airflow/dags/snowflake_connection_demo.py
[2026-09-12T17:45:38.138+0000] {processor.py:208} INFO - Processing /opt/airflow/dags/snowflake_connection_demo.py took 0.072 seconds
[2026-09-12T17:46:08.545+0000] {processor.py:186} INFO - Started process (PID=3939) to work on /opt/airflow/dags/snowflake_connection_demo.py
[2026-09-12T17:46:08.548+0000] {processor.py:914} INFO - Processing file /opt/airflow/dags/snowflake_connection_demo.py for tasks to queue
[2026-09-12T17:46:08.552+0000] {logging_mixin.py:190} INFO - [2026-09-12T17:46:08.552+0000] {dagbag.py:587} INFO - Filling up the DagBag from /opt/airflow/dags/snowflake_connection_demo.py
[2026-09-12T17:46:08.574+0000] {logging_mixin.py:190} INFO - [2026-09-12T17:46:08.573+0000] {dagbag.py:386} ERROR - Failed to import: /opt/airflow/dags/snowflake_connection_demo.py
Traceback (most recent call last):
  File "/home/airflow/.local/lib/python3.12/site-packages/airflow/models/dagbag.py", line 382, in parse
    loader.exec_module(new_module)
  File "<frozen importlib._bootstrap_external>", line 995, in exec_module
  File "<frozen importlib._bootstrap>", line 488, in _call_with_frames_removed
  File "/opt/airflow/dags/snowflake_connection_demo.py", line 67, in <module>
    url = Variable.get("country_capital_url")
          ^^^^^^^^^^^^^^^^^^^^^^^^^^^^^^^^^^^
  File "/home/airflow/.local/lib/python3.12/site-packages/airflow/models/variable.py", line 145, in get
    raise KeyError(f"Variable {key} does not exist")
KeyError: 'Variable country_capital_url does not exist'
[2026-09-12T17:46:08.575+0000] {processor.py:927} WARNING - No viable dags retrieved from /opt/airflow/dags/snowflake_connection_demo.py
[2026-09-12T17:46:08.582+0000] {processor.py:208} INFO - Processing /opt/airflow/dags/snowflake_connection_demo.py took 0.045 seconds
[2026-09-12T17:46:38.914+0000] {processor.py:186} INFO - Started process (PID=3950) to work on /opt/airflow/dags/snowflake_connection_demo.py
[2026-09-12T17:46:38.917+0000] {processor.py:914} INFO - Processing file /opt/airflow/dags/snowflake_connection_demo.py for tasks to queue
[2026-09-12T17:46:38.919+0000] {logging_mixin.py:190} INFO - [2026-09-12T17:46:38.919+0000] {dagbag.py:587} INFO - Filling up the DagBag from /opt/airflow/dags/snowflake_connection_demo.py
[2026-09-12T17:46:38.936+0000] {logging_mixin.py:190} INFO - [2026-09-12T17:46:38.935+0000] {dagbag.py:386} ERROR - Failed to import: /opt/airflow/dags/snowflake_connection_demo.py
Traceback (most recent call last):
  File "/home/airflow/.local/lib/python3.12/site-packages/airflow/models/dagbag.py", line 382, in parse
    loader.exec_module(new_module)
  File "<frozen importlib._bootstrap_external>", line 995, in exec_module
  File "<frozen importlib._bootstrap>", line 488, in _call_with_frames_removed
  File "/opt/airflow/dags/snowflake_connection_demo.py", line 67, in <module>
    url = Variable.get("country_capital_url")
          ^^^^^^^^^^^^^^^^^^^^^^^^^^^^^^^^^^^
  File "/home/airflow/.local/lib/python3.12/site-packages/airflow/models/variable.py", line 145, in get
    raise KeyError(f"Variable {key} does not exist")
KeyError: 'Variable country_capital_url does not exist'
[2026-09-12T17:46:38.936+0000] {processor.py:927} WARNING - No viable dags retrieved from /opt/airflow/dags/snowflake_connection_demo.py
[2026-09-12T17:46:38.942+0000] {processor.py:208} INFO - Processing /opt/airflow/dags/snowflake_connection_demo.py took 0.037 seconds
[2026-09-12T17:47:09.469+0000] {processor.py:186} INFO - Started process (PID=3961) to work on /opt/airflow/dags/snowflake_connection_demo.py
[2026-09-12T17:47:09.476+0000] {processor.py:914} INFO - Processing file /opt/airflow/dags/snowflake_connection_demo.py for tasks to queue
[2026-09-12T17:47:09.482+0000] {logging_mixin.py:190} INFO - [2026-09-12T17:47:09.482+0000] {dagbag.py:587} INFO - Filling up the DagBag from /opt/airflow/dags/snowflake_connection_demo.py
[2026-09-12T17:47:09.519+0000] {logging_mixin.py:190} INFO - [2026-09-12T17:47:09.518+0000] {dagbag.py:386} ERROR - Failed to import: /opt/airflow/dags/snowflake_connection_demo.py
Traceback (most recent call last):
  File "/home/airflow/.local/lib/python3.12/site-packages/airflow/models/dagbag.py", line 382, in parse
    loader.exec_module(new_module)
  File "<frozen importlib._bootstrap_external>", line 995, in exec_module
  File "<frozen importlib._bootstrap>", line 488, in _call_with_frames_removed
  File "/opt/airflow/dags/snowflake_connection_demo.py", line 67, in <module>
    url = Variable.get("country_capital_url")
          ^^^^^^^^^^^^^^^^^^^^^^^^^^^^^^^^^^^
  File "/home/airflow/.local/lib/python3.12/site-packages/airflow/models/variable.py", line 145, in get
    raise KeyError(f"Variable {key} does not exist")
KeyError: 'Variable country_capital_url does not exist'
[2026-09-12T17:47:09.519+0000] {processor.py:927} WARNING - No viable dags retrieved from /opt/airflow/dags/snowflake_connection_demo.py
[2026-09-12T17:47:09.532+0000] {processor.py:208} INFO - Processing /opt/airflow/dags/snowflake_connection_demo.py took 0.076 seconds
[2026-09-12T17:47:39.848+0000] {processor.py:186} INFO - Started process (PID=3972) to work on /opt/airflow/dags/snowflake_connection_demo.py
[2026-09-12T17:47:39.852+0000] {processor.py:914} INFO - Processing file /opt/airflow/dags/snowflake_connection_demo.py for tasks to queue
[2026-09-12T17:47:39.854+0000] {logging_mixin.py:190} INFO - [2026-09-12T17:47:39.854+0000] {dagbag.py:587} INFO - Filling up the DagBag from /opt/airflow/dags/snowflake_connection_demo.py
[2026-09-12T17:47:39.867+0000] {logging_mixin.py:190} INFO - [2026-09-12T17:47:39.866+0000] {dagbag.py:386} ERROR - Failed to import: /opt/airflow/dags/snowflake_connection_demo.py
Traceback (most recent call last):
  File "/home/airflow/.local/lib/python3.12/site-packages/airflow/models/dagbag.py", line 382, in parse
    loader.exec_module(new_module)
  File "<frozen importlib._bootstrap_external>", line 995, in exec_module
  File "<frozen importlib._bootstrap>", line 488, in _call_with_frames_removed
  File "/opt/airflow/dags/snowflake_connection_demo.py", line 67, in <module>
    url = Variable.get("country_capital_url")
          ^^^^^^^^^^^^^^^^^^^^^^^^^^^^^^^^^^^
  File "/home/airflow/.local/lib/python3.12/site-packages/airflow/models/variable.py", line 145, in get
    raise KeyError(f"Variable {key} does not exist")
KeyError: 'Variable country_capital_url does not exist'
[2026-09-12T17:47:39.867+0000] {processor.py:927} WARNING - No viable dags retrieved from /opt/airflow/dags/snowflake_connection_demo.py
[2026-09-12T17:47:39.872+0000] {processor.py:208} INFO - Processing /opt/airflow/dags/snowflake_connection_demo.py took 0.030 seconds
[2026-09-12T17:48:10.252+0000] {processor.py:186} INFO - Started process (PID=3983) to work on /opt/airflow/dags/snowflake_connection_demo.py
[2026-09-12T17:48:10.257+0000] {processor.py:914} INFO - Processing file /opt/airflow/dags/snowflake_connection_demo.py for tasks to queue
[2026-09-12T17:48:10.267+0000] {logging_mixin.py:190} INFO - [2026-09-12T17:48:10.266+0000] {dagbag.py:587} INFO - Filling up the DagBag from /opt/airflow/dags/snowflake_connection_demo.py
[2026-09-12T17:48:10.294+0000] {logging_mixin.py:190} INFO - [2026-09-12T17:48:10.292+0000] {dagbag.py:386} ERROR - Failed to import: /opt/airflow/dags/snowflake_connection_demo.py
Traceback (most recent call last):
  File "/home/airflow/.local/lib/python3.12/site-packages/airflow/models/dagbag.py", line 382, in parse
    loader.exec_module(new_module)
  File "<frozen importlib._bootstrap_external>", line 995, in exec_module
  File "<frozen importlib._bootstrap>", line 488, in _call_with_frames_removed
  File "/opt/airflow/dags/snowflake_connection_demo.py", line 67, in <module>
    url = Variable.get("country_capital_url")
          ^^^^^^^^^^^^^^^^^^^^^^^^^^^^^^^^^^^
  File "/home/airflow/.local/lib/python3.12/site-packages/airflow/models/variable.py", line 145, in get
    raise KeyError(f"Variable {key} does not exist")
KeyError: 'Variable country_capital_url does not exist'
[2026-09-12T17:48:10.294+0000] {processor.py:927} WARNING - No viable dags retrieved from /opt/airflow/dags/snowflake_connection_demo.py
[2026-09-12T17:48:10.304+0000] {processor.py:208} INFO - Processing /opt/airflow/dags/snowflake_connection_demo.py took 0.069 seconds
[2026-09-12T17:48:40.656+0000] {processor.py:186} INFO - Started process (PID=3994) to work on /opt/airflow/dags/snowflake_connection_demo.py
[2026-09-12T17:48:40.659+0000] {processor.py:914} INFO - Processing file /opt/airflow/dags/snowflake_connection_demo.py for tasks to queue
[2026-09-12T17:48:40.661+0000] {logging_mixin.py:190} INFO - [2026-09-12T17:48:40.661+0000] {dagbag.py:587} INFO - Filling up the DagBag from /opt/airflow/dags/snowflake_connection_demo.py
[2026-09-12T17:48:40.681+0000] {logging_mixin.py:190} INFO - [2026-09-12T17:48:40.679+0000] {dagbag.py:386} ERROR - Failed to import: /opt/airflow/dags/snowflake_connection_demo.py
Traceback (most recent call last):
  File "/home/airflow/.local/lib/python3.12/site-packages/airflow/models/dagbag.py", line 382, in parse
    loader.exec_module(new_module)
  File "<frozen importlib._bootstrap_external>", line 995, in exec_module
  File "<frozen importlib._bootstrap>", line 488, in _call_with_frames_removed
  File "/opt/airflow/dags/snowflake_connection_demo.py", line 67, in <module>
    url = Variable.get("country_capital_url")
          ^^^^^^^^^^^^^^^^^^^^^^^^^^^^^^^^^^^
  File "/home/airflow/.local/lib/python3.12/site-packages/airflow/models/variable.py", line 145, in get
    raise KeyError(f"Variable {key} does not exist")
KeyError: 'Variable country_capital_url does not exist'
[2026-09-12T17:48:40.681+0000] {processor.py:927} WARNING - No viable dags retrieved from /opt/airflow/dags/snowflake_connection_demo.py
[2026-09-12T17:48:40.688+0000] {processor.py:208} INFO - Processing /opt/airflow/dags/snowflake_connection_demo.py took 0.040 seconds
[2026-09-12T17:49:11.018+0000] {processor.py:186} INFO - Started process (PID=4005) to work on /opt/airflow/dags/snowflake_connection_demo.py
[2026-09-12T17:49:11.023+0000] {processor.py:914} INFO - Processing file /opt/airflow/dags/snowflake_connection_demo.py for tasks to queue
[2026-09-12T17:49:11.031+0000] {logging_mixin.py:190} INFO - [2026-09-12T17:49:11.030+0000] {dagbag.py:587} INFO - Filling up the DagBag from /opt/airflow/dags/snowflake_connection_demo.py
[2026-09-12T17:49:11.055+0000] {logging_mixin.py:190} INFO - [2026-09-12T17:49:11.054+0000] {dagbag.py:386} ERROR - Failed to import: /opt/airflow/dags/snowflake_connection_demo.py
Traceback (most recent call last):
  File "/home/airflow/.local/lib/python3.12/site-packages/airflow/models/dagbag.py", line 382, in parse
    loader.exec_module(new_module)
  File "<frozen importlib._bootstrap_external>", line 995, in exec_module
  File "<frozen importlib._bootstrap>", line 488, in _call_with_frames_removed
  File "/opt/airflow/dags/snowflake_connection_demo.py", line 67, in <module>
    url = Variable.get("country_capital_url")
          ^^^^^^^^^^^^^^^^^^^^^^^^^^^^^^^^^^^
  File "/home/airflow/.local/lib/python3.12/site-packages/airflow/models/variable.py", line 145, in get
    raise KeyError(f"Variable {key} does not exist")
KeyError: 'Variable country_capital_url does not exist'
[2026-09-12T17:49:11.056+0000] {processor.py:927} WARNING - No viable dags retrieved from /opt/airflow/dags/snowflake_connection_demo.py
[2026-09-12T17:49:11.063+0000] {processor.py:208} INFO - Processing /opt/airflow/dags/snowflake_connection_demo.py took 0.058 seconds
[2026-09-12T17:49:41.461+0000] {processor.py:186} INFO - Started process (PID=4016) to work on /opt/airflow/dags/snowflake_connection_demo.py
[2026-09-12T17:49:41.465+0000] {processor.py:914} INFO - Processing file /opt/airflow/dags/snowflake_connection_demo.py for tasks to queue
[2026-09-12T17:49:41.468+0000] {logging_mixin.py:190} INFO - [2026-09-12T17:49:41.468+0000] {dagbag.py:587} INFO - Filling up the DagBag from /opt/airflow/dags/snowflake_connection_demo.py
[2026-09-12T17:49:41.483+0000] {logging_mixin.py:190} INFO - [2026-09-12T17:49:41.482+0000] {dagbag.py:386} ERROR - Failed to import: /opt/airflow/dags/snowflake_connection_demo.py
Traceback (most recent call last):
  File "/home/airflow/.local/lib/python3.12/site-packages/airflow/models/dagbag.py", line 382, in parse
    loader.exec_module(new_module)
  File "<frozen importlib._bootstrap_external>", line 995, in exec_module
  File "<frozen importlib._bootstrap>", line 488, in _call_with_frames_removed
  File "/opt/airflow/dags/snowflake_connection_demo.py", line 67, in <module>
    url = Variable.get("country_capital_url")
          ^^^^^^^^^^^^^^^^^^^^^^^^^^^^^^^^^^^
  File "/home/airflow/.local/lib/python3.12/site-packages/airflow/models/variable.py", line 145, in get
    raise KeyError(f"Variable {key} does not exist")
KeyError: 'Variable country_capital_url does not exist'
[2026-09-12T17:49:41.484+0000] {processor.py:927} WARNING - No viable dags retrieved from /opt/airflow/dags/snowflake_connection_demo.py
[2026-09-12T17:49:41.490+0000] {processor.py:208} INFO - Processing /opt/airflow/dags/snowflake_connection_demo.py took 0.034 seconds
[2026-09-12T17:50:11.839+0000] {processor.py:186} INFO - Started process (PID=4027) to work on /opt/airflow/dags/snowflake_connection_demo.py
[2026-09-12T17:50:11.842+0000] {processor.py:914} INFO - Processing file /opt/airflow/dags/snowflake_connection_demo.py for tasks to queue
[2026-09-12T17:50:11.846+0000] {logging_mixin.py:190} INFO - [2026-09-12T17:50:11.845+0000] {dagbag.py:587} INFO - Filling up the DagBag from /opt/airflow/dags/snowflake_connection_demo.py
[2026-09-12T17:50:11.867+0000] {logging_mixin.py:190} INFO - [2026-09-12T17:50:11.866+0000] {dagbag.py:386} ERROR - Failed to import: /opt/airflow/dags/snowflake_connection_demo.py
Traceback (most recent call last):
  File "/home/airflow/.local/lib/python3.12/site-packages/airflow/models/dagbag.py", line 382, in parse
    loader.exec_module(new_module)
  File "<frozen importlib._bootstrap_external>", line 995, in exec_module
  File "<frozen importlib._bootstrap>", line 488, in _call_with_frames_removed
  File "/opt/airflow/dags/snowflake_connection_demo.py", line 67, in <module>
    url = Variable.get("country_capital_url")
          ^^^^^^^^^^^^^^^^^^^^^^^^^^^^^^^^^^^
  File "/home/airflow/.local/lib/python3.12/site-packages/airflow/models/variable.py", line 145, in get
    raise KeyError(f"Variable {key} does not exist")
KeyError: 'Variable country_capital_url does not exist'
[2026-09-12T17:50:11.868+0000] {processor.py:927} WARNING - No viable dags retrieved from /opt/airflow/dags/snowflake_connection_demo.py
[2026-09-12T17:50:11.874+0000] {processor.py:208} INFO - Processing /opt/airflow/dags/snowflake_connection_demo.py took 0.043 seconds
[2026-09-12T17:50:42.254+0000] {processor.py:186} INFO - Started process (PID=4038) to work on /opt/airflow/dags/snowflake_connection_demo.py
[2026-09-12T17:50:42.258+0000] {processor.py:914} INFO - Processing file /opt/airflow/dags/snowflake_connection_demo.py for tasks to queue
[2026-09-12T17:50:42.261+0000] {logging_mixin.py:190} INFO - [2026-09-12T17:50:42.260+0000] {dagbag.py:587} INFO - Filling up the DagBag from /opt/airflow/dags/snowflake_connection_demo.py
[2026-09-12T17:50:42.278+0000] {logging_mixin.py:190} INFO - [2026-09-12T17:50:42.276+0000] {dagbag.py:386} ERROR - Failed to import: /opt/airflow/dags/snowflake_connection_demo.py
Traceback (most recent call last):
  File "/home/airflow/.local/lib/python3.12/site-packages/airflow/models/dagbag.py", line 382, in parse
    loader.exec_module(new_module)
  File "<frozen importlib._bootstrap_external>", line 995, in exec_module
  File "<frozen importlib._bootstrap>", line 488, in _call_with_frames_removed
  File "/opt/airflow/dags/snowflake_connection_demo.py", line 67, in <module>
    url = Variable.get("country_capital_url")
          ^^^^^^^^^^^^^^^^^^^^^^^^^^^^^^^^^^^
  File "/home/airflow/.local/lib/python3.12/site-packages/airflow/models/variable.py", line 145, in get
    raise KeyError(f"Variable {key} does not exist")
KeyError: 'Variable country_capital_url does not exist'
[2026-09-12T17:50:42.278+0000] {processor.py:927} WARNING - No viable dags retrieved from /opt/airflow/dags/snowflake_connection_demo.py
[2026-09-12T17:50:42.283+0000] {processor.py:208} INFO - Processing /opt/airflow/dags/snowflake_connection_demo.py took 0.041 seconds
[2026-09-12T17:51:12.699+0000] {processor.py:186} INFO - Started process (PID=4049) to work on /opt/airflow/dags/snowflake_connection_demo.py
[2026-09-12T17:51:12.702+0000] {processor.py:914} INFO - Processing file /opt/airflow/dags/snowflake_connection_demo.py for tasks to queue
[2026-09-12T17:51:12.707+0000] {logging_mixin.py:190} INFO - [2026-09-12T17:51:12.706+0000] {dagbag.py:587} INFO - Filling up the DagBag from /opt/airflow/dags/snowflake_connection_demo.py
[2026-09-12T17:51:12.731+0000] {logging_mixin.py:190} INFO - [2026-09-12T17:51:12.729+0000] {dagbag.py:386} ERROR - Failed to import: /opt/airflow/dags/snowflake_connection_demo.py
Traceback (most recent call last):
  File "/home/airflow/.local/lib/python3.12/site-packages/airflow/models/dagbag.py", line 382, in parse
    loader.exec_module(new_module)
  File "<frozen importlib._bootstrap_external>", line 995, in exec_module
  File "<frozen importlib._bootstrap>", line 488, in _call_with_frames_removed
  File "/opt/airflow/dags/snowflake_connection_demo.py", line 67, in <module>
    url = Variable.get("country_capital_url")
          ^^^^^^^^^^^^^^^^^^^^^^^^^^^^^^^^^^^
  File "/home/airflow/.local/lib/python3.12/site-packages/airflow/models/variable.py", line 145, in get
    raise KeyError(f"Variable {key} does not exist")
KeyError: 'Variable country_capital_url does not exist'
[2026-09-12T17:51:12.731+0000] {processor.py:927} WARNING - No viable dags retrieved from /opt/airflow/dags/snowflake_connection_demo.py
[2026-09-12T17:51:12.737+0000] {processor.py:208} INFO - Processing /opt/airflow/dags/snowflake_connection_demo.py took 0.048 seconds
[2026-09-12T17:51:43.150+0000] {processor.py:186} INFO - Started process (PID=4060) to work on /opt/airflow/dags/snowflake_connection_demo.py
[2026-09-12T17:51:43.154+0000] {processor.py:914} INFO - Processing file /opt/airflow/dags/snowflake_connection_demo.py for tasks to queue
[2026-09-12T17:51:43.156+0000] {logging_mixin.py:190} INFO - [2026-09-12T17:51:43.155+0000] {dagbag.py:587} INFO - Filling up the DagBag from /opt/airflow/dags/snowflake_connection_demo.py
[2026-09-12T17:51:43.171+0000] {logging_mixin.py:190} INFO - [2026-09-12T17:51:43.169+0000] {dagbag.py:386} ERROR - Failed to import: /opt/airflow/dags/snowflake_connection_demo.py
Traceback (most recent call last):
  File "/home/airflow/.local/lib/python3.12/site-packages/airflow/models/dagbag.py", line 382, in parse
    loader.exec_module(new_module)
  File "<frozen importlib._bootstrap_external>", line 995, in exec_module
  File "<frozen importlib._bootstrap>", line 488, in _call_with_frames_removed
  File "/opt/airflow/dags/snowflake_connection_demo.py", line 67, in <module>
    url = Variable.get("country_capital_url")
          ^^^^^^^^^^^^^^^^^^^^^^^^^^^^^^^^^^^
  File "/home/airflow/.local/lib/python3.12/site-packages/airflow/models/variable.py", line 145, in get
    raise KeyError(f"Variable {key} does not exist")
KeyError: 'Variable country_capital_url does not exist'
[2026-09-12T17:51:43.171+0000] {processor.py:927} WARNING - No viable dags retrieved from /opt/airflow/dags/snowflake_connection_demo.py
[2026-09-12T17:51:43.177+0000] {processor.py:208} INFO - Processing /opt/airflow/dags/snowflake_connection_demo.py took 0.035 seconds
[2026-09-12T17:52:13.548+0000] {processor.py:186} INFO - Started process (PID=4071) to work on /opt/airflow/dags/snowflake_connection_demo.py
[2026-09-12T17:52:13.551+0000] {processor.py:914} INFO - Processing file /opt/airflow/dags/snowflake_connection_demo.py for tasks to queue
[2026-09-12T17:52:13.554+0000] {logging_mixin.py:190} INFO - [2026-09-12T17:52:13.554+0000] {dagbag.py:587} INFO - Filling up the DagBag from /opt/airflow/dags/snowflake_connection_demo.py
[2026-09-12T17:52:13.571+0000] {logging_mixin.py:190} INFO - [2026-09-12T17:52:13.570+0000] {dagbag.py:386} ERROR - Failed to import: /opt/airflow/dags/snowflake_connection_demo.py
Traceback (most recent call last):
  File "/home/airflow/.local/lib/python3.12/site-packages/airflow/models/dagbag.py", line 382, in parse
    loader.exec_module(new_module)
  File "<frozen importlib._bootstrap_external>", line 995, in exec_module
  File "<frozen importlib._bootstrap>", line 488, in _call_with_frames_removed
  File "/opt/airflow/dags/snowflake_connection_demo.py", line 67, in <module>
    url = Variable.get("country_capital_url")
          ^^^^^^^^^^^^^^^^^^^^^^^^^^^^^^^^^^^
  File "/home/airflow/.local/lib/python3.12/site-packages/airflow/models/variable.py", line 145, in get
    raise KeyError(f"Variable {key} does not exist")
KeyError: 'Variable country_capital_url does not exist'
[2026-09-12T17:52:13.571+0000] {processor.py:927} WARNING - No viable dags retrieved from /opt/airflow/dags/snowflake_connection_demo.py
[2026-09-12T17:52:13.578+0000] {processor.py:208} INFO - Processing /opt/airflow/dags/snowflake_connection_demo.py took 0.038 seconds
[2026-09-12T17:52:43.984+0000] {processor.py:186} INFO - Started process (PID=4082) to work on /opt/airflow/dags/snowflake_connection_demo.py
[2026-09-12T17:52:43.987+0000] {processor.py:914} INFO - Processing file /opt/airflow/dags/snowflake_connection_demo.py for tasks to queue
[2026-09-12T17:52:43.998+0000] {logging_mixin.py:190} INFO - [2026-09-12T17:52:43.997+0000] {dagbag.py:587} INFO - Filling up the DagBag from /opt/airflow/dags/snowflake_connection_demo.py
[2026-09-12T17:52:44.026+0000] {logging_mixin.py:190} INFO - [2026-09-12T17:52:44.025+0000] {dagbag.py:386} ERROR - Failed to import: /opt/airflow/dags/snowflake_connection_demo.py
Traceback (most recent call last):
  File "/home/airflow/.local/lib/python3.12/site-packages/airflow/models/dagbag.py", line 382, in parse
    loader.exec_module(new_module)
  File "<frozen importlib._bootstrap_external>", line 995, in exec_module
  File "<frozen importlib._bootstrap>", line 488, in _call_with_frames_removed
  File "/opt/airflow/dags/snowflake_connection_demo.py", line 67, in <module>
    url = Variable.get("country_capital_url")
          ^^^^^^^^^^^^^^^^^^^^^^^^^^^^^^^^^^^
  File "/home/airflow/.local/lib/python3.12/site-packages/airflow/models/variable.py", line 145, in get
    raise KeyError(f"Variable {key} does not exist")
KeyError: 'Variable country_capital_url does not exist'
[2026-09-12T17:52:44.026+0000] {processor.py:927} WARNING - No viable dags retrieved from /opt/airflow/dags/snowflake_connection_demo.py
[2026-09-12T17:52:44.032+0000] {processor.py:208} INFO - Processing /opt/airflow/dags/snowflake_connection_demo.py took 0.065 seconds
[2026-09-12T17:53:14.353+0000] {processor.py:186} INFO - Started process (PID=4093) to work on /opt/airflow/dags/snowflake_connection_demo.py
[2026-09-12T17:53:14.357+0000] {processor.py:914} INFO - Processing file /opt/airflow/dags/snowflake_connection_demo.py for tasks to queue
[2026-09-12T17:53:14.359+0000] {logging_mixin.py:190} INFO - [2026-09-12T17:53:14.359+0000] {dagbag.py:587} INFO - Filling up the DagBag from /opt/airflow/dags/snowflake_connection_demo.py
[2026-09-12T17:53:14.376+0000] {logging_mixin.py:190} INFO - [2026-09-12T17:53:14.374+0000] {dagbag.py:386} ERROR - Failed to import: /opt/airflow/dags/snowflake_connection_demo.py
Traceback (most recent call last):
  File "/home/airflow/.local/lib/python3.12/site-packages/airflow/models/dagbag.py", line 382, in parse
    loader.exec_module(new_module)
  File "<frozen importlib._bootstrap_external>", line 995, in exec_module
  File "<frozen importlib._bootstrap>", line 488, in _call_with_frames_removed
  File "/opt/airflow/dags/snowflake_connection_demo.py", line 67, in <module>
    url = Variable.get("country_capital_url")
          ^^^^^^^^^^^^^^^^^^^^^^^^^^^^^^^^^^^
  File "/home/airflow/.local/lib/python3.12/site-packages/airflow/models/variable.py", line 145, in get
    raise KeyError(f"Variable {key} does not exist")
KeyError: 'Variable country_capital_url does not exist'
[2026-09-12T17:53:14.376+0000] {processor.py:927} WARNING - No viable dags retrieved from /opt/airflow/dags/snowflake_connection_demo.py
[2026-09-12T17:53:14.382+0000] {processor.py:208} INFO - Processing /opt/airflow/dags/snowflake_connection_demo.py took 0.037 seconds
[2026-09-12T17:53:44.726+0000] {processor.py:186} INFO - Started process (PID=4104) to work on /opt/airflow/dags/snowflake_connection_demo.py
[2026-09-12T17:53:44.728+0000] {processor.py:914} INFO - Processing file /opt/airflow/dags/snowflake_connection_demo.py for tasks to queue
[2026-09-12T17:53:44.730+0000] {logging_mixin.py:190} INFO - [2026-09-12T17:53:44.730+0000] {dagbag.py:587} INFO - Filling up the DagBag from /opt/airflow/dags/snowflake_connection_demo.py
[2026-09-12T17:53:44.746+0000] {logging_mixin.py:190} INFO - [2026-09-12T17:53:44.745+0000] {dagbag.py:386} ERROR - Failed to import: /opt/airflow/dags/snowflake_connection_demo.py
Traceback (most recent call last):
  File "/home/airflow/.local/lib/python3.12/site-packages/airflow/models/dagbag.py", line 382, in parse
    loader.exec_module(new_module)
  File "<frozen importlib._bootstrap_external>", line 995, in exec_module
  File "<frozen importlib._bootstrap>", line 488, in _call_with_frames_removed
  File "/opt/airflow/dags/snowflake_connection_demo.py", line 67, in <module>
    url = Variable.get("country_capital_url")
          ^^^^^^^^^^^^^^^^^^^^^^^^^^^^^^^^^^^
  File "/home/airflow/.local/lib/python3.12/site-packages/airflow/models/variable.py", line 145, in get
    raise KeyError(f"Variable {key} does not exist")
KeyError: 'Variable country_capital_url does not exist'
[2026-09-12T17:53:44.746+0000] {processor.py:927} WARNING - No viable dags retrieved from /opt/airflow/dags/snowflake_connection_demo.py
[2026-09-12T17:53:44.751+0000] {processor.py:208} INFO - Processing /opt/airflow/dags/snowflake_connection_demo.py took 0.035 seconds
[2026-09-12T17:54:15.266+0000] {processor.py:186} INFO - Started process (PID=4116) to work on /opt/airflow/dags/snowflake_connection_demo.py
[2026-09-12T17:54:15.268+0000] {processor.py:914} INFO - Processing file /opt/airflow/dags/snowflake_connection_demo.py for tasks to queue
[2026-09-12T17:54:15.273+0000] {logging_mixin.py:190} INFO - [2026-09-12T17:54:15.272+0000] {dagbag.py:587} INFO - Filling up the DagBag from /opt/airflow/dags/snowflake_connection_demo.py
[2026-09-12T17:54:15.299+0000] {logging_mixin.py:190} INFO - [2026-09-12T17:54:15.297+0000] {dagbag.py:386} ERROR - Failed to import: /opt/airflow/dags/snowflake_connection_demo.py
Traceback (most recent call last):
  File "/home/airflow/.local/lib/python3.12/site-packages/airflow/models/dagbag.py", line 382, in parse
    loader.exec_module(new_module)
  File "<frozen importlib._bootstrap_external>", line 995, in exec_module
  File "<frozen importlib._bootstrap>", line 488, in _call_with_frames_removed
  File "/opt/airflow/dags/snowflake_connection_demo.py", line 67, in <module>
    url = Variable.get("country_capital_url")
          ^^^^^^^^^^^^^^^^^^^^^^^^^^^^^^^^^^^
  File "/home/airflow/.local/lib/python3.12/site-packages/airflow/models/variable.py", line 145, in get
    raise KeyError(f"Variable {key} does not exist")
KeyError: 'Variable country_capital_url does not exist'
[2026-09-12T17:54:15.299+0000] {processor.py:927} WARNING - No viable dags retrieved from /opt/airflow/dags/snowflake_connection_demo.py
[2026-09-12T17:54:15.314+0000] {processor.py:208} INFO - Processing /opt/airflow/dags/snowflake_connection_demo.py took 0.057 seconds
[2026-09-12T17:54:45.688+0000] {processor.py:186} INFO - Started process (PID=4127) to work on /opt/airflow/dags/snowflake_connection_demo.py
[2026-09-12T17:54:45.691+0000] {processor.py:914} INFO - Processing file /opt/airflow/dags/snowflake_connection_demo.py for tasks to queue
[2026-09-12T17:54:45.695+0000] {logging_mixin.py:190} INFO - [2026-09-12T17:54:45.694+0000] {dagbag.py:587} INFO - Filling up the DagBag from /opt/airflow/dags/snowflake_connection_demo.py
[2026-09-12T17:54:45.716+0000] {logging_mixin.py:190} INFO - [2026-09-12T17:54:45.714+0000] {dagbag.py:386} ERROR - Failed to import: /opt/airflow/dags/snowflake_connection_demo.py
Traceback (most recent call last):
  File "/home/airflow/.local/lib/python3.12/site-packages/airflow/models/dagbag.py", line 382, in parse
    loader.exec_module(new_module)
  File "<frozen importlib._bootstrap_external>", line 995, in exec_module
  File "<frozen importlib._bootstrap>", line 488, in _call_with_frames_removed
  File "/opt/airflow/dags/snowflake_connection_demo.py", line 67, in <module>
    url = Variable.get("country_capital_url")
          ^^^^^^^^^^^^^^^^^^^^^^^^^^^^^^^^^^^
  File "/home/airflow/.local/lib/python3.12/site-packages/airflow/models/variable.py", line 145, in get
    raise KeyError(f"Variable {key} does not exist")
KeyError: 'Variable country_capital_url does not exist'
[2026-09-12T17:54:45.717+0000] {processor.py:927} WARNING - No viable dags retrieved from /opt/airflow/dags/snowflake_connection_demo.py
[2026-09-12T17:54:45.727+0000] {processor.py:208} INFO - Processing /opt/airflow/dags/snowflake_connection_demo.py took 0.047 seconds
[2026-09-12T17:55:16.163+0000] {processor.py:186} INFO - Started process (PID=4138) to work on /opt/airflow/dags/snowflake_connection_demo.py
[2026-09-12T17:55:16.166+0000] {processor.py:914} INFO - Processing file /opt/airflow/dags/snowflake_connection_demo.py for tasks to queue
[2026-09-12T17:55:16.171+0000] {logging_mixin.py:190} INFO - [2026-09-12T17:55:16.170+0000] {dagbag.py:587} INFO - Filling up the DagBag from /opt/airflow/dags/snowflake_connection_demo.py
[2026-09-12T17:55:16.195+0000] {logging_mixin.py:190} INFO - [2026-09-12T17:55:16.193+0000] {dagbag.py:386} ERROR - Failed to import: /opt/airflow/dags/snowflake_connection_demo.py
Traceback (most recent call last):
  File "/home/airflow/.local/lib/python3.12/site-packages/airflow/models/dagbag.py", line 382, in parse
    loader.exec_module(new_module)
  File "<frozen importlib._bootstrap_external>", line 995, in exec_module
  File "<frozen importlib._bootstrap>", line 488, in _call_with_frames_removed
  File "/opt/airflow/dags/snowflake_connection_demo.py", line 67, in <module>
    url = Variable.get("country_capital_url")
          ^^^^^^^^^^^^^^^^^^^^^^^^^^^^^^^^^^^
  File "/home/airflow/.local/lib/python3.12/site-packages/airflow/models/variable.py", line 145, in get
    raise KeyError(f"Variable {key} does not exist")
KeyError: 'Variable country_capital_url does not exist'
[2026-09-12T17:55:16.195+0000] {processor.py:927} WARNING - No viable dags retrieved from /opt/airflow/dags/snowflake_connection_demo.py
[2026-09-12T17:55:16.202+0000] {processor.py:208} INFO - Processing /opt/airflow/dags/snowflake_connection_demo.py took 0.050 seconds
[2026-09-12T17:55:46.569+0000] {processor.py:186} INFO - Started process (PID=4149) to work on /opt/airflow/dags/snowflake_connection_demo.py
[2026-09-12T17:55:46.571+0000] {processor.py:914} INFO - Processing file /opt/airflow/dags/snowflake_connection_demo.py for tasks to queue
[2026-09-12T17:55:46.573+0000] {logging_mixin.py:190} INFO - [2026-09-12T17:55:46.573+0000] {dagbag.py:587} INFO - Filling up the DagBag from /opt/airflow/dags/snowflake_connection_demo.py
[2026-09-12T17:55:46.588+0000] {logging_mixin.py:190} INFO - [2026-09-12T17:55:46.586+0000] {dagbag.py:386} ERROR - Failed to import: /opt/airflow/dags/snowflake_connection_demo.py
Traceback (most recent call last):
  File "/home/airflow/.local/lib/python3.12/site-packages/airflow/models/dagbag.py", line 382, in parse
    loader.exec_module(new_module)
  File "<frozen importlib._bootstrap_external>", line 995, in exec_module
  File "<frozen importlib._bootstrap>", line 488, in _call_with_frames_removed
  File "/opt/airflow/dags/snowflake_connection_demo.py", line 67, in <module>
    url = Variable.get("country_capital_url")
          ^^^^^^^^^^^^^^^^^^^^^^^^^^^^^^^^^^^
  File "/home/airflow/.local/lib/python3.12/site-packages/airflow/models/variable.py", line 145, in get
    raise KeyError(f"Variable {key} does not exist")
KeyError: 'Variable country_capital_url does not exist'
[2026-09-12T17:55:46.588+0000] {processor.py:927} WARNING - No viable dags retrieved from /opt/airflow/dags/snowflake_connection_demo.py
[2026-09-12T17:55:46.594+0000] {processor.py:208} INFO - Processing /opt/airflow/dags/snowflake_connection_demo.py took 0.029 seconds
[2026-09-12T17:56:16.948+0000] {processor.py:186} INFO - Started process (PID=4160) to work on /opt/airflow/dags/snowflake_connection_demo.py
[2026-09-12T17:56:16.951+0000] {processor.py:914} INFO - Processing file /opt/airflow/dags/snowflake_connection_demo.py for tasks to queue
[2026-09-12T17:56:16.954+0000] {logging_mixin.py:190} INFO - [2026-09-12T17:56:16.953+0000] {dagbag.py:587} INFO - Filling up the DagBag from /opt/airflow/dags/snowflake_connection_demo.py
[2026-09-12T17:56:16.970+0000] {logging_mixin.py:190} INFO - [2026-09-12T17:56:16.969+0000] {dagbag.py:386} ERROR - Failed to import: /opt/airflow/dags/snowflake_connection_demo.py
Traceback (most recent call last):
  File "/home/airflow/.local/lib/python3.12/site-packages/airflow/models/dagbag.py", line 382, in parse
    loader.exec_module(new_module)
  File "<frozen importlib._bootstrap_external>", line 995, in exec_module
  File "<frozen importlib._bootstrap>", line 488, in _call_with_frames_removed
  File "/opt/airflow/dags/snowflake_connection_demo.py", line 67, in <module>
    url = Variable.get("country_capital_url")
          ^^^^^^^^^^^^^^^^^^^^^^^^^^^^^^^^^^^
  File "/home/airflow/.local/lib/python3.12/site-packages/airflow/models/variable.py", line 145, in get
    raise KeyError(f"Variable {key} does not exist")
KeyError: 'Variable country_capital_url does not exist'
[2026-09-12T17:56:16.970+0000] {processor.py:927} WARNING - No viable dags retrieved from /opt/airflow/dags/snowflake_connection_demo.py
[2026-09-12T17:56:16.976+0000] {processor.py:208} INFO - Processing /opt/airflow/dags/snowflake_connection_demo.py took 0.035 seconds
[2026-09-12T17:56:47.337+0000] {processor.py:186} INFO - Started process (PID=4171) to work on /opt/airflow/dags/snowflake_connection_demo.py
[2026-09-12T17:56:47.339+0000] {processor.py:914} INFO - Processing file /opt/airflow/dags/snowflake_connection_demo.py for tasks to queue
[2026-09-12T17:56:47.340+0000] {logging_mixin.py:190} INFO - [2026-09-12T17:56:47.340+0000] {dagbag.py:587} INFO - Filling up the DagBag from /opt/airflow/dags/snowflake_connection_demo.py
[2026-09-12T17:56:47.355+0000] {logging_mixin.py:190} INFO - [2026-09-12T17:56:47.354+0000] {dagbag.py:386} ERROR - Failed to import: /opt/airflow/dags/snowflake_connection_demo.py
Traceback (most recent call last):
  File "/home/airflow/.local/lib/python3.12/site-packages/airflow/models/dagbag.py", line 382, in parse
    loader.exec_module(new_module)
  File "<frozen importlib._bootstrap_external>", line 995, in exec_module
  File "<frozen importlib._bootstrap>", line 488, in _call_with_frames_removed
  File "/opt/airflow/dags/snowflake_connection_demo.py", line 67, in <module>
    url = Variable.get("country_capital_url")
          ^^^^^^^^^^^^^^^^^^^^^^^^^^^^^^^^^^^
  File "/home/airflow/.local/lib/python3.12/site-packages/airflow/models/variable.py", line 145, in get
    raise KeyError(f"Variable {key} does not exist")
KeyError: 'Variable country_capital_url does not exist'
[2026-09-12T17:56:47.356+0000] {processor.py:927} WARNING - No viable dags retrieved from /opt/airflow/dags/snowflake_connection_demo.py
[2026-09-12T17:56:47.362+0000] {processor.py:208} INFO - Processing /opt/airflow/dags/snowflake_connection_demo.py took 0.030 seconds
[2026-09-12T17:57:17.773+0000] {processor.py:186} INFO - Started process (PID=4182) to work on /opt/airflow/dags/snowflake_connection_demo.py
[2026-09-12T17:57:17.777+0000] {processor.py:914} INFO - Processing file /opt/airflow/dags/snowflake_connection_demo.py for tasks to queue
[2026-09-12T17:57:17.781+0000] {logging_mixin.py:190} INFO - [2026-09-12T17:57:17.780+0000] {dagbag.py:587} INFO - Filling up the DagBag from /opt/airflow/dags/snowflake_connection_demo.py
[2026-09-12T17:57:17.801+0000] {logging_mixin.py:190} INFO - [2026-09-12T17:57:17.799+0000] {dagbag.py:386} ERROR - Failed to import: /opt/airflow/dags/snowflake_connection_demo.py
Traceback (most recent call last):
  File "/home/airflow/.local/lib/python3.12/site-packages/airflow/models/dagbag.py", line 382, in parse
    loader.exec_module(new_module)
  File "<frozen importlib._bootstrap_external>", line 995, in exec_module
  File "<frozen importlib._bootstrap>", line 488, in _call_with_frames_removed
  File "/opt/airflow/dags/snowflake_connection_demo.py", line 67, in <module>
    url = Variable.get("country_capital_url")
          ^^^^^^^^^^^^^^^^^^^^^^^^^^^^^^^^^^^
  File "/home/airflow/.local/lib/python3.12/site-packages/airflow/models/variable.py", line 145, in get
    raise KeyError(f"Variable {key} does not exist")
KeyError: 'Variable country_capital_url does not exist'
[2026-09-12T17:57:17.801+0000] {processor.py:927} WARNING - No viable dags retrieved from /opt/airflow/dags/snowflake_connection_demo.py
[2026-09-12T17:57:17.807+0000] {processor.py:208} INFO - Processing /opt/airflow/dags/snowflake_connection_demo.py took 0.042 seconds
[2026-09-12T17:57:48.170+0000] {processor.py:186} INFO - Started process (PID=4193) to work on /opt/airflow/dags/snowflake_connection_demo.py
[2026-09-12T17:57:48.173+0000] {processor.py:914} INFO - Processing file /opt/airflow/dags/snowflake_connection_demo.py for tasks to queue
[2026-09-12T17:57:48.176+0000] {logging_mixin.py:190} INFO - [2026-09-12T17:57:48.175+0000] {dagbag.py:587} INFO - Filling up the DagBag from /opt/airflow/dags/snowflake_connection_demo.py
[2026-09-12T17:57:48.193+0000] {logging_mixin.py:190} INFO - [2026-09-12T17:57:48.191+0000] {dagbag.py:386} ERROR - Failed to import: /opt/airflow/dags/snowflake_connection_demo.py
Traceback (most recent call last):
  File "/home/airflow/.local/lib/python3.12/site-packages/airflow/models/dagbag.py", line 382, in parse
    loader.exec_module(new_module)
  File "<frozen importlib._bootstrap_external>", line 995, in exec_module
  File "<frozen importlib._bootstrap>", line 488, in _call_with_frames_removed
  File "/opt/airflow/dags/snowflake_connection_demo.py", line 67, in <module>
    url = Variable.get("country_capital_url")
          ^^^^^^^^^^^^^^^^^^^^^^^^^^^^^^^^^^^
  File "/home/airflow/.local/lib/python3.12/site-packages/airflow/models/variable.py", line 145, in get
    raise KeyError(f"Variable {key} does not exist")
KeyError: 'Variable country_capital_url does not exist'
[2026-09-12T17:57:48.193+0000] {processor.py:927} WARNING - No viable dags retrieved from /opt/airflow/dags/snowflake_connection_demo.py
[2026-09-12T17:57:48.198+0000] {processor.py:208} INFO - Processing /opt/airflow/dags/snowflake_connection_demo.py took 0.034 seconds
[2026-09-12T17:58:18.564+0000] {processor.py:186} INFO - Started process (PID=4204) to work on /opt/airflow/dags/snowflake_connection_demo.py
[2026-09-12T17:58:18.565+0000] {processor.py:914} INFO - Processing file /opt/airflow/dags/snowflake_connection_demo.py for tasks to queue
[2026-09-12T17:58:18.566+0000] {logging_mixin.py:190} INFO - [2026-09-12T17:58:18.566+0000] {dagbag.py:587} INFO - Filling up the DagBag from /opt/airflow/dags/snowflake_connection_demo.py
[2026-09-12T17:58:18.577+0000] {logging_mixin.py:190} INFO - [2026-09-12T17:58:18.576+0000] {dagbag.py:386} ERROR - Failed to import: /opt/airflow/dags/snowflake_connection_demo.py
Traceback (most recent call last):
  File "/home/airflow/.local/lib/python3.12/site-packages/airflow/models/dagbag.py", line 382, in parse
    loader.exec_module(new_module)
  File "<frozen importlib._bootstrap_external>", line 995, in exec_module
  File "<frozen importlib._bootstrap>", line 488, in _call_with_frames_removed
  File "/opt/airflow/dags/snowflake_connection_demo.py", line 67, in <module>
    url = Variable.get("country_capital_url")
          ^^^^^^^^^^^^^^^^^^^^^^^^^^^^^^^^^^^
  File "/home/airflow/.local/lib/python3.12/site-packages/airflow/models/variable.py", line 145, in get
    raise KeyError(f"Variable {key} does not exist")
KeyError: 'Variable country_capital_url does not exist'
[2026-09-12T17:58:18.577+0000] {processor.py:927} WARNING - No viable dags retrieved from /opt/airflow/dags/snowflake_connection_demo.py
[2026-09-12T17:58:18.582+0000] {processor.py:208} INFO - Processing /opt/airflow/dags/snowflake_connection_demo.py took 0.022 seconds
[2026-09-12T17:58:49.004+0000] {processor.py:186} INFO - Started process (PID=4215) to work on /opt/airflow/dags/snowflake_connection_demo.py
[2026-09-12T17:58:49.008+0000] {processor.py:914} INFO - Processing file /opt/airflow/dags/snowflake_connection_demo.py for tasks to queue
[2026-09-12T17:58:49.010+0000] {logging_mixin.py:190} INFO - [2026-09-12T17:58:49.010+0000] {dagbag.py:587} INFO - Filling up the DagBag from /opt/airflow/dags/snowflake_connection_demo.py
[2026-09-12T17:58:49.029+0000] {logging_mixin.py:190} INFO - [2026-09-12T17:58:49.028+0000] {dagbag.py:386} ERROR - Failed to import: /opt/airflow/dags/snowflake_connection_demo.py
Traceback (most recent call last):
  File "/home/airflow/.local/lib/python3.12/site-packages/airflow/models/dagbag.py", line 382, in parse
    loader.exec_module(new_module)
  File "<frozen importlib._bootstrap_external>", line 995, in exec_module
  File "<frozen importlib._bootstrap>", line 488, in _call_with_frames_removed
  File "/opt/airflow/dags/snowflake_connection_demo.py", line 67, in <module>
    url = Variable.get("country_capital_url")
          ^^^^^^^^^^^^^^^^^^^^^^^^^^^^^^^^^^^
  File "/home/airflow/.local/lib/python3.12/site-packages/airflow/models/variable.py", line 145, in get
    raise KeyError(f"Variable {key} does not exist")
KeyError: 'Variable country_capital_url does not exist'
[2026-09-12T17:58:49.029+0000] {processor.py:927} WARNING - No viable dags retrieved from /opt/airflow/dags/snowflake_connection_demo.py
[2026-09-12T17:58:49.034+0000] {processor.py:208} INFO - Processing /opt/airflow/dags/snowflake_connection_demo.py took 0.036 seconds
[2026-09-12T17:59:19.382+0000] {processor.py:186} INFO - Started process (PID=4226) to work on /opt/airflow/dags/snowflake_connection_demo.py
[2026-09-12T17:59:19.385+0000] {processor.py:914} INFO - Processing file /opt/airflow/dags/snowflake_connection_demo.py for tasks to queue
[2026-09-12T17:59:19.387+0000] {logging_mixin.py:190} INFO - [2026-09-12T17:59:19.386+0000] {dagbag.py:587} INFO - Filling up the DagBag from /opt/airflow/dags/snowflake_connection_demo.py
[2026-09-12T17:59:19.402+0000] {logging_mixin.py:190} INFO - [2026-09-12T17:59:19.401+0000] {dagbag.py:386} ERROR - Failed to import: /opt/airflow/dags/snowflake_connection_demo.py
Traceback (most recent call last):
  File "/home/airflow/.local/lib/python3.12/site-packages/airflow/models/dagbag.py", line 382, in parse
    loader.exec_module(new_module)
  File "<frozen importlib._bootstrap_external>", line 995, in exec_module
  File "<frozen importlib._bootstrap>", line 488, in _call_with_frames_removed
  File "/opt/airflow/dags/snowflake_connection_demo.py", line 67, in <module>
    url = Variable.get("country_capital_url")
          ^^^^^^^^^^^^^^^^^^^^^^^^^^^^^^^^^^^
  File "/home/airflow/.local/lib/python3.12/site-packages/airflow/models/variable.py", line 145, in get
    raise KeyError(f"Variable {key} does not exist")
KeyError: 'Variable country_capital_url does not exist'
[2026-09-12T17:59:19.402+0000] {processor.py:927} WARNING - No viable dags retrieved from /opt/airflow/dags/snowflake_connection_demo.py
[2026-09-12T17:59:19.407+0000] {processor.py:208} INFO - Processing /opt/airflow/dags/snowflake_connection_demo.py took 0.031 seconds
[2026-09-12T17:59:49.814+0000] {processor.py:186} INFO - Started process (PID=4237) to work on /opt/airflow/dags/snowflake_connection_demo.py
[2026-09-12T17:59:49.817+0000] {processor.py:914} INFO - Processing file /opt/airflow/dags/snowflake_connection_demo.py for tasks to queue
[2026-09-12T17:59:49.819+0000] {logging_mixin.py:190} INFO - [2026-09-12T17:59:49.819+0000] {dagbag.py:587} INFO - Filling up the DagBag from /opt/airflow/dags/snowflake_connection_demo.py
[2026-09-12T17:59:49.835+0000] {logging_mixin.py:190} INFO - [2026-09-12T17:59:49.834+0000] {dagbag.py:386} ERROR - Failed to import: /opt/airflow/dags/snowflake_connection_demo.py
Traceback (most recent call last):
  File "/home/airflow/.local/lib/python3.12/site-packages/airflow/models/dagbag.py", line 382, in parse
    loader.exec_module(new_module)
  File "<frozen importlib._bootstrap_external>", line 995, in exec_module
  File "<frozen importlib._bootstrap>", line 488, in _call_with_frames_removed
  File "/opt/airflow/dags/snowflake_connection_demo.py", line 67, in <module>
    url = Variable.get("country_capital_url")
          ^^^^^^^^^^^^^^^^^^^^^^^^^^^^^^^^^^^
  File "/home/airflow/.local/lib/python3.12/site-packages/airflow/models/variable.py", line 145, in get
    raise KeyError(f"Variable {key} does not exist")
KeyError: 'Variable country_capital_url does not exist'
[2026-09-12T17:59:49.836+0000] {processor.py:927} WARNING - No viable dags retrieved from /opt/airflow/dags/snowflake_connection_demo.py
[2026-09-12T17:59:49.841+0000] {processor.py:208} INFO - Processing /opt/airflow/dags/snowflake_connection_demo.py took 0.032 seconds
[2026-09-12T18:00:20.209+0000] {processor.py:186} INFO - Started process (PID=4248) to work on /opt/airflow/dags/snowflake_connection_demo.py
[2026-09-12T18:00:20.211+0000] {processor.py:914} INFO - Processing file /opt/airflow/dags/snowflake_connection_demo.py for tasks to queue
[2026-09-12T18:00:20.213+0000] {logging_mixin.py:190} INFO - [2026-09-12T18:00:20.213+0000] {dagbag.py:587} INFO - Filling up the DagBag from /opt/airflow/dags/snowflake_connection_demo.py
[2026-09-12T18:00:20.228+0000] {logging_mixin.py:190} INFO - [2026-09-12T18:00:20.227+0000] {dagbag.py:386} ERROR - Failed to import: /opt/airflow/dags/snowflake_connection_demo.py
Traceback (most recent call last):
  File "/home/airflow/.local/lib/python3.12/site-packages/airflow/models/dagbag.py", line 382, in parse
    loader.exec_module(new_module)
  File "<frozen importlib._bootstrap_external>", line 995, in exec_module
  File "<frozen importlib._bootstrap>", line 488, in _call_with_frames_removed
  File "/opt/airflow/dags/snowflake_connection_demo.py", line 67, in <module>
    url = Variable.get("country_capital_url")
          ^^^^^^^^^^^^^^^^^^^^^^^^^^^^^^^^^^^
  File "/home/airflow/.local/lib/python3.12/site-packages/airflow/models/variable.py", line 145, in get
    raise KeyError(f"Variable {key} does not exist")
KeyError: 'Variable country_capital_url does not exist'
[2026-09-12T18:00:20.228+0000] {processor.py:927} WARNING - No viable dags retrieved from /opt/airflow/dags/snowflake_connection_demo.py
[2026-09-12T18:00:20.233+0000] {processor.py:208} INFO - Processing /opt/airflow/dags/snowflake_connection_demo.py took 0.030 seconds
[2026-09-12T18:00:50.909+0000] {processor.py:186} INFO - Started process (PID=4259) to work on /opt/airflow/dags/snowflake_connection_demo.py
[2026-09-12T18:00:50.912+0000] {processor.py:914} INFO - Processing file /opt/airflow/dags/snowflake_connection_demo.py for tasks to queue
[2026-09-12T18:00:50.915+0000] {logging_mixin.py:190} INFO - [2026-09-12T18:00:50.914+0000] {dagbag.py:587} INFO - Filling up the DagBag from /opt/airflow/dags/snowflake_connection_demo.py
[2026-09-12T18:00:50.935+0000] {logging_mixin.py:190} INFO - [2026-09-12T18:00:50.934+0000] {dagbag.py:386} ERROR - Failed to import: /opt/airflow/dags/snowflake_connection_demo.py
Traceback (most recent call last):
  File "/home/airflow/.local/lib/python3.12/site-packages/airflow/models/dagbag.py", line 382, in parse
    loader.exec_module(new_module)
  File "<frozen importlib._bootstrap_external>", line 995, in exec_module
  File "<frozen importlib._bootstrap>", line 488, in _call_with_frames_removed
  File "/opt/airflow/dags/snowflake_connection_demo.py", line 67, in <module>
    url = Variable.get("country_capital_url")
          ^^^^^^^^^^^^^^^^^^^^^^^^^^^^^^^^^^^
  File "/home/airflow/.local/lib/python3.12/site-packages/airflow/models/variable.py", line 145, in get
    raise KeyError(f"Variable {key} does not exist")
KeyError: 'Variable country_capital_url does not exist'
[2026-09-12T18:00:50.936+0000] {processor.py:927} WARNING - No viable dags retrieved from /opt/airflow/dags/snowflake_connection_demo.py
[2026-09-12T18:00:50.946+0000] {processor.py:208} INFO - Processing /opt/airflow/dags/snowflake_connection_demo.py took 0.045 seconds
[2026-09-12T18:01:21.249+0000] {processor.py:186} INFO - Started process (PID=4270) to work on /opt/airflow/dags/snowflake_connection_demo.py
[2026-09-12T18:01:21.255+0000] {processor.py:914} INFO - Processing file /opt/airflow/dags/snowflake_connection_demo.py for tasks to queue
[2026-09-12T18:01:21.268+0000] {logging_mixin.py:190} INFO - [2026-09-12T18:01:21.267+0000] {dagbag.py:587} INFO - Filling up the DagBag from /opt/airflow/dags/snowflake_connection_demo.py
[2026-09-12T18:01:21.308+0000] {logging_mixin.py:190} INFO - [2026-09-12T18:01:21.306+0000] {dagbag.py:386} ERROR - Failed to import: /opt/airflow/dags/snowflake_connection_demo.py
Traceback (most recent call last):
  File "/home/airflow/.local/lib/python3.12/site-packages/airflow/models/dagbag.py", line 382, in parse
    loader.exec_module(new_module)
  File "<frozen importlib._bootstrap_external>", line 995, in exec_module
  File "<frozen importlib._bootstrap>", line 488, in _call_with_frames_removed
  File "/opt/airflow/dags/snowflake_connection_demo.py", line 67, in <module>
    url = Variable.get("country_capital_url")
          ^^^^^^^^^^^^^^^^^^^^^^^^^^^^^^^^^^^
  File "/home/airflow/.local/lib/python3.12/site-packages/airflow/models/variable.py", line 145, in get
    raise KeyError(f"Variable {key} does not exist")
KeyError: 'Variable country_capital_url does not exist'
[2026-09-12T18:01:21.309+0000] {processor.py:927} WARNING - No viable dags retrieved from /opt/airflow/dags/snowflake_connection_demo.py
[2026-09-12T18:01:21.317+0000] {processor.py:208} INFO - Processing /opt/airflow/dags/snowflake_connection_demo.py took 0.076 seconds
[2026-09-12T18:01:51.618+0000] {processor.py:186} INFO - Started process (PID=4281) to work on /opt/airflow/dags/snowflake_connection_demo.py
[2026-09-12T18:01:51.621+0000] {processor.py:914} INFO - Processing file /opt/airflow/dags/snowflake_connection_demo.py for tasks to queue
[2026-09-12T18:01:51.624+0000] {logging_mixin.py:190} INFO - [2026-09-12T18:01:51.624+0000] {dagbag.py:587} INFO - Filling up the DagBag from /opt/airflow/dags/snowflake_connection_demo.py
[2026-09-12T18:01:51.641+0000] {logging_mixin.py:190} INFO - [2026-09-12T18:01:51.640+0000] {dagbag.py:386} ERROR - Failed to import: /opt/airflow/dags/snowflake_connection_demo.py
Traceback (most recent call last):
  File "/home/airflow/.local/lib/python3.12/site-packages/airflow/models/dagbag.py", line 382, in parse
    loader.exec_module(new_module)
  File "<frozen importlib._bootstrap_external>", line 995, in exec_module
  File "<frozen importlib._bootstrap>", line 488, in _call_with_frames_removed
  File "/opt/airflow/dags/snowflake_connection_demo.py", line 67, in <module>
    url = Variable.get("country_capital_url")
          ^^^^^^^^^^^^^^^^^^^^^^^^^^^^^^^^^^^
  File "/home/airflow/.local/lib/python3.12/site-packages/airflow/models/variable.py", line 145, in get
    raise KeyError(f"Variable {key} does not exist")
KeyError: 'Variable country_capital_url does not exist'
[2026-09-12T18:01:51.641+0000] {processor.py:927} WARNING - No viable dags retrieved from /opt/airflow/dags/snowflake_connection_demo.py
[2026-09-12T18:01:51.647+0000] {processor.py:208} INFO - Processing /opt/airflow/dags/snowflake_connection_demo.py took 0.035 seconds
[2026-09-12T18:02:22.036+0000] {processor.py:186} INFO - Started process (PID=4292) to work on /opt/airflow/dags/snowflake_connection_demo.py
[2026-09-12T18:02:22.040+0000] {processor.py:914} INFO - Processing file /opt/airflow/dags/snowflake_connection_demo.py for tasks to queue
[2026-09-12T18:02:22.042+0000] {logging_mixin.py:190} INFO - [2026-09-12T18:02:22.042+0000] {dagbag.py:587} INFO - Filling up the DagBag from /opt/airflow/dags/snowflake_connection_demo.py
[2026-09-12T18:02:22.058+0000] {logging_mixin.py:190} INFO - [2026-09-12T18:02:22.057+0000] {dagbag.py:386} ERROR - Failed to import: /opt/airflow/dags/snowflake_connection_demo.py
Traceback (most recent call last):
  File "/home/airflow/.local/lib/python3.12/site-packages/airflow/models/dagbag.py", line 382, in parse
    loader.exec_module(new_module)
  File "<frozen importlib._bootstrap_external>", line 995, in exec_module
  File "<frozen importlib._bootstrap>", line 488, in _call_with_frames_removed
  File "/opt/airflow/dags/snowflake_connection_demo.py", line 67, in <module>
    url = Variable.get("country_capital_url")
          ^^^^^^^^^^^^^^^^^^^^^^^^^^^^^^^^^^^
  File "/home/airflow/.local/lib/python3.12/site-packages/airflow/models/variable.py", line 145, in get
    raise KeyError(f"Variable {key} does not exist")
KeyError: 'Variable country_capital_url does not exist'
[2026-09-12T18:02:22.059+0000] {processor.py:927} WARNING - No viable dags retrieved from /opt/airflow/dags/snowflake_connection_demo.py
[2026-09-12T18:02:22.065+0000] {processor.py:208} INFO - Processing /opt/airflow/dags/snowflake_connection_demo.py took 0.036 seconds
[2026-09-12T18:02:52.365+0000] {processor.py:186} INFO - Started process (PID=4303) to work on /opt/airflow/dags/snowflake_connection_demo.py
[2026-09-12T18:02:52.367+0000] {processor.py:914} INFO - Processing file /opt/airflow/dags/snowflake_connection_demo.py for tasks to queue
[2026-09-12T18:02:52.371+0000] {logging_mixin.py:190} INFO - [2026-09-12T18:02:52.371+0000] {dagbag.py:587} INFO - Filling up the DagBag from /opt/airflow/dags/snowflake_connection_demo.py
[2026-09-12T18:02:52.404+0000] {logging_mixin.py:190} INFO - [2026-09-12T18:02:52.403+0000] {dagbag.py:386} ERROR - Failed to import: /opt/airflow/dags/snowflake_connection_demo.py
Traceback (most recent call last):
  File "/home/airflow/.local/lib/python3.12/site-packages/airflow/models/dagbag.py", line 382, in parse
    loader.exec_module(new_module)
  File "<frozen importlib._bootstrap_external>", line 995, in exec_module
  File "<frozen importlib._bootstrap>", line 488, in _call_with_frames_removed
  File "/opt/airflow/dags/snowflake_connection_demo.py", line 67, in <module>
    url = Variable.get("country_capital_url")
          ^^^^^^^^^^^^^^^^^^^^^^^^^^^^^^^^^^^
  File "/home/airflow/.local/lib/python3.12/site-packages/airflow/models/variable.py", line 145, in get
    raise KeyError(f"Variable {key} does not exist")
KeyError: 'Variable country_capital_url does not exist'
[2026-09-12T18:02:52.405+0000] {processor.py:927} WARNING - No viable dags retrieved from /opt/airflow/dags/snowflake_connection_demo.py
[2026-09-12T18:02:52.417+0000] {processor.py:208} INFO - Processing /opt/airflow/dags/snowflake_connection_demo.py took 0.062 seconds
[2026-09-12T18:03:22.760+0000] {processor.py:186} INFO - Started process (PID=4314) to work on /opt/airflow/dags/snowflake_connection_demo.py
[2026-09-12T18:03:22.762+0000] {processor.py:914} INFO - Processing file /opt/airflow/dags/snowflake_connection_demo.py for tasks to queue
[2026-09-12T18:03:22.767+0000] {logging_mixin.py:190} INFO - [2026-09-12T18:03:22.766+0000] {dagbag.py:587} INFO - Filling up the DagBag from /opt/airflow/dags/snowflake_connection_demo.py
[2026-09-12T18:03:22.789+0000] {logging_mixin.py:190} INFO - [2026-09-12T18:03:22.788+0000] {dagbag.py:386} ERROR - Failed to import: /opt/airflow/dags/snowflake_connection_demo.py
Traceback (most recent call last):
  File "/home/airflow/.local/lib/python3.12/site-packages/airflow/models/dagbag.py", line 382, in parse
    loader.exec_module(new_module)
  File "<frozen importlib._bootstrap_external>", line 995, in exec_module
  File "<frozen importlib._bootstrap>", line 488, in _call_with_frames_removed
  File "/opt/airflow/dags/snowflake_connection_demo.py", line 67, in <module>
    url = Variable.get("country_capital_url")
          ^^^^^^^^^^^^^^^^^^^^^^^^^^^^^^^^^^^
  File "/home/airflow/.local/lib/python3.12/site-packages/airflow/models/variable.py", line 145, in get
    raise KeyError(f"Variable {key} does not exist")
KeyError: 'Variable country_capital_url does not exist'
[2026-09-12T18:03:22.789+0000] {processor.py:927} WARNING - No viable dags retrieved from /opt/airflow/dags/snowflake_connection_demo.py
[2026-09-12T18:03:22.796+0000] {processor.py:208} INFO - Processing /opt/airflow/dags/snowflake_connection_demo.py took 0.047 seconds
[2026-09-12T18:03:53.138+0000] {processor.py:186} INFO - Started process (PID=4325) to work on /opt/airflow/dags/snowflake_connection_demo.py
[2026-09-12T18:03:53.141+0000] {processor.py:914} INFO - Processing file /opt/airflow/dags/snowflake_connection_demo.py for tasks to queue
[2026-09-12T18:03:53.145+0000] {logging_mixin.py:190} INFO - [2026-09-12T18:03:53.144+0000] {dagbag.py:587} INFO - Filling up the DagBag from /opt/airflow/dags/snowflake_connection_demo.py
[2026-09-12T18:03:53.165+0000] {logging_mixin.py:190} INFO - [2026-09-12T18:03:53.164+0000] {dagbag.py:386} ERROR - Failed to import: /opt/airflow/dags/snowflake_connection_demo.py
Traceback (most recent call last):
  File "/home/airflow/.local/lib/python3.12/site-packages/airflow/models/dagbag.py", line 382, in parse
    loader.exec_module(new_module)
  File "<frozen importlib._bootstrap_external>", line 995, in exec_module
  File "<frozen importlib._bootstrap>", line 488, in _call_with_frames_removed
  File "/opt/airflow/dags/snowflake_connection_demo.py", line 67, in <module>
    url = Variable.get("country_capital_url")
          ^^^^^^^^^^^^^^^^^^^^^^^^^^^^^^^^^^^
  File "/home/airflow/.local/lib/python3.12/site-packages/airflow/models/variable.py", line 145, in get
    raise KeyError(f"Variable {key} does not exist")
KeyError: 'Variable country_capital_url does not exist'
[2026-09-12T18:03:53.166+0000] {processor.py:927} WARNING - No viable dags retrieved from /opt/airflow/dags/snowflake_connection_demo.py
[2026-09-12T18:03:53.172+0000] {processor.py:208} INFO - Processing /opt/airflow/dags/snowflake_connection_demo.py took 0.039 seconds
[2026-09-12T18:04:23.523+0000] {processor.py:186} INFO - Started process (PID=4336) to work on /opt/airflow/dags/snowflake_connection_demo.py
[2026-09-12T18:04:23.533+0000] {processor.py:914} INFO - Processing file /opt/airflow/dags/snowflake_connection_demo.py for tasks to queue
[2026-09-12T18:04:23.537+0000] {logging_mixin.py:190} INFO - [2026-09-12T18:04:23.537+0000] {dagbag.py:587} INFO - Filling up the DagBag from /opt/airflow/dags/snowflake_connection_demo.py
[2026-09-12T18:04:23.559+0000] {logging_mixin.py:190} INFO - [2026-09-12T18:04:23.558+0000] {dagbag.py:386} ERROR - Failed to import: /opt/airflow/dags/snowflake_connection_demo.py
Traceback (most recent call last):
  File "/home/airflow/.local/lib/python3.12/site-packages/airflow/models/dagbag.py", line 382, in parse
    loader.exec_module(new_module)
  File "<frozen importlib._bootstrap_external>", line 995, in exec_module
  File "<frozen importlib._bootstrap>", line 488, in _call_with_frames_removed
  File "/opt/airflow/dags/snowflake_connection_demo.py", line 67, in <module>
    url = Variable.get("country_capital_url")
          ^^^^^^^^^^^^^^^^^^^^^^^^^^^^^^^^^^^
  File "/home/airflow/.local/lib/python3.12/site-packages/airflow/models/variable.py", line 145, in get
    raise KeyError(f"Variable {key} does not exist")
KeyError: 'Variable country_capital_url does not exist'
[2026-09-12T18:04:23.560+0000] {processor.py:927} WARNING - No viable dags retrieved from /opt/airflow/dags/snowflake_connection_demo.py
[2026-09-12T18:04:23.566+0000] {processor.py:208} INFO - Processing /opt/airflow/dags/snowflake_connection_demo.py took 0.053 seconds
[2026-09-12T18:04:53.938+0000] {processor.py:186} INFO - Started process (PID=4347) to work on /opt/airflow/dags/snowflake_connection_demo.py
[2026-09-12T18:04:53.941+0000] {processor.py:914} INFO - Processing file /opt/airflow/dags/snowflake_connection_demo.py for tasks to queue
[2026-09-12T18:04:53.945+0000] {logging_mixin.py:190} INFO - [2026-09-12T18:04:53.945+0000] {dagbag.py:587} INFO - Filling up the DagBag from /opt/airflow/dags/snowflake_connection_demo.py
[2026-09-12T18:04:53.971+0000] {logging_mixin.py:190} INFO - [2026-09-12T18:04:53.969+0000] {dagbag.py:386} ERROR - Failed to import: /opt/airflow/dags/snowflake_connection_demo.py
Traceback (most recent call last):
  File "/home/airflow/.local/lib/python3.12/site-packages/airflow/models/dagbag.py", line 382, in parse
    loader.exec_module(new_module)
  File "<frozen importlib._bootstrap_external>", line 995, in exec_module
  File "<frozen importlib._bootstrap>", line 488, in _call_with_frames_removed
  File "/opt/airflow/dags/snowflake_connection_demo.py", line 67, in <module>
    url = Variable.get("country_capital_url")
          ^^^^^^^^^^^^^^^^^^^^^^^^^^^^^^^^^^^
  File "/home/airflow/.local/lib/python3.12/site-packages/airflow/models/variable.py", line 145, in get
    raise KeyError(f"Variable {key} does not exist")
KeyError: 'Variable country_capital_url does not exist'
[2026-09-12T18:04:53.971+0000] {processor.py:927} WARNING - No viable dags retrieved from /opt/airflow/dags/snowflake_connection_demo.py
[2026-09-12T18:04:53.981+0000] {processor.py:208} INFO - Processing /opt/airflow/dags/snowflake_connection_demo.py took 0.061 seconds
[2026-09-12T18:05:24.357+0000] {processor.py:186} INFO - Started process (PID=4358) to work on /opt/airflow/dags/snowflake_connection_demo.py
[2026-09-12T18:05:24.360+0000] {processor.py:914} INFO - Processing file /opt/airflow/dags/snowflake_connection_demo.py for tasks to queue
[2026-09-12T18:05:24.364+0000] {logging_mixin.py:190} INFO - [2026-09-12T18:05:24.363+0000] {dagbag.py:587} INFO - Filling up the DagBag from /opt/airflow/dags/snowflake_connection_demo.py
[2026-09-12T18:05:24.388+0000] {logging_mixin.py:190} INFO - [2026-09-12T18:05:24.387+0000] {dagbag.py:386} ERROR - Failed to import: /opt/airflow/dags/snowflake_connection_demo.py
Traceback (most recent call last):
  File "/home/airflow/.local/lib/python3.12/site-packages/airflow/models/dagbag.py", line 382, in parse
    loader.exec_module(new_module)
  File "<frozen importlib._bootstrap_external>", line 995, in exec_module
  File "<frozen importlib._bootstrap>", line 488, in _call_with_frames_removed
  File "/opt/airflow/dags/snowflake_connection_demo.py", line 67, in <module>
    url = Variable.get("country_capital_url")
          ^^^^^^^^^^^^^^^^^^^^^^^^^^^^^^^^^^^
  File "/home/airflow/.local/lib/python3.12/site-packages/airflow/models/variable.py", line 145, in get
    raise KeyError(f"Variable {key} does not exist")
KeyError: 'Variable country_capital_url does not exist'
[2026-09-12T18:05:24.389+0000] {processor.py:927} WARNING - No viable dags retrieved from /opt/airflow/dags/snowflake_connection_demo.py
[2026-09-12T18:05:24.397+0000] {processor.py:208} INFO - Processing /opt/airflow/dags/snowflake_connection_demo.py took 0.061 seconds
[2026-09-12T18:05:54.759+0000] {processor.py:186} INFO - Started process (PID=4369) to work on /opt/airflow/dags/snowflake_connection_demo.py
[2026-09-12T18:05:54.763+0000] {processor.py:914} INFO - Processing file /opt/airflow/dags/snowflake_connection_demo.py for tasks to queue
[2026-09-12T18:05:54.766+0000] {logging_mixin.py:190} INFO - [2026-09-12T18:05:54.766+0000] {dagbag.py:587} INFO - Filling up the DagBag from /opt/airflow/dags/snowflake_connection_demo.py
[2026-09-12T18:05:54.786+0000] {logging_mixin.py:190} INFO - [2026-09-12T18:05:54.785+0000] {dagbag.py:386} ERROR - Failed to import: /opt/airflow/dags/snowflake_connection_demo.py
Traceback (most recent call last):
  File "/home/airflow/.local/lib/python3.12/site-packages/airflow/models/dagbag.py", line 382, in parse
    loader.exec_module(new_module)
  File "<frozen importlib._bootstrap_external>", line 995, in exec_module
  File "<frozen importlib._bootstrap>", line 488, in _call_with_frames_removed
  File "/opt/airflow/dags/snowflake_connection_demo.py", line 67, in <module>
    url = Variable.get("country_capital_url")
          ^^^^^^^^^^^^^^^^^^^^^^^^^^^^^^^^^^^
  File "/home/airflow/.local/lib/python3.12/site-packages/airflow/models/variable.py", line 145, in get
    raise KeyError(f"Variable {key} does not exist")
KeyError: 'Variable country_capital_url does not exist'
[2026-09-12T18:05:54.787+0000] {processor.py:927} WARNING - No viable dags retrieved from /opt/airflow/dags/snowflake_connection_demo.py
[2026-09-12T18:05:54.793+0000] {processor.py:208} INFO - Processing /opt/airflow/dags/snowflake_connection_demo.py took 0.042 seconds
[2026-09-12T18:06:25.084+0000] {processor.py:186} INFO - Started process (PID=4380) to work on /opt/airflow/dags/snowflake_connection_demo.py
[2026-09-12T18:06:25.086+0000] {processor.py:914} INFO - Processing file /opt/airflow/dags/snowflake_connection_demo.py for tasks to queue
[2026-09-12T18:06:25.089+0000] {logging_mixin.py:190} INFO - [2026-09-12T18:06:25.089+0000] {dagbag.py:587} INFO - Filling up the DagBag from /opt/airflow/dags/snowflake_connection_demo.py
[2026-09-12T18:06:25.116+0000] {logging_mixin.py:190} INFO - [2026-09-12T18:06:25.115+0000] {dagbag.py:386} ERROR - Failed to import: /opt/airflow/dags/snowflake_connection_demo.py
Traceback (most recent call last):
  File "/home/airflow/.local/lib/python3.12/site-packages/airflow/models/dagbag.py", line 382, in parse
    loader.exec_module(new_module)
  File "<frozen importlib._bootstrap_external>", line 995, in exec_module
  File "<frozen importlib._bootstrap>", line 488, in _call_with_frames_removed
  File "/opt/airflow/dags/snowflake_connection_demo.py", line 67, in <module>
    url = Variable.get("country_capital_url")
          ^^^^^^^^^^^^^^^^^^^^^^^^^^^^^^^^^^^
  File "/home/airflow/.local/lib/python3.12/site-packages/airflow/models/variable.py", line 145, in get
    raise KeyError(f"Variable {key} does not exist")
KeyError: 'Variable country_capital_url does not exist'
[2026-09-12T18:06:25.117+0000] {processor.py:927} WARNING - No viable dags retrieved from /opt/airflow/dags/snowflake_connection_demo.py
[2026-09-12T18:06:25.123+0000] {processor.py:208} INFO - Processing /opt/airflow/dags/snowflake_connection_demo.py took 0.053 seconds
[2026-09-12T18:06:55.485+0000] {processor.py:186} INFO - Started process (PID=4391) to work on /opt/airflow/dags/snowflake_connection_demo.py
[2026-09-12T18:06:55.488+0000] {processor.py:914} INFO - Processing file /opt/airflow/dags/snowflake_connection_demo.py for tasks to queue
[2026-09-12T18:06:55.494+0000] {logging_mixin.py:190} INFO - [2026-09-12T18:06:55.493+0000] {dagbag.py:587} INFO - Filling up the DagBag from /opt/airflow/dags/snowflake_connection_demo.py
[2026-09-12T18:06:55.520+0000] {logging_mixin.py:190} INFO - [2026-09-12T18:06:55.518+0000] {dagbag.py:386} ERROR - Failed to import: /opt/airflow/dags/snowflake_connection_demo.py
Traceback (most recent call last):
  File "/home/airflow/.local/lib/python3.12/site-packages/airflow/models/dagbag.py", line 382, in parse
    loader.exec_module(new_module)
  File "<frozen importlib._bootstrap_external>", line 995, in exec_module
  File "<frozen importlib._bootstrap>", line 488, in _call_with_frames_removed
  File "/opt/airflow/dags/snowflake_connection_demo.py", line 67, in <module>
    url = Variable.get("country_capital_url")
          ^^^^^^^^^^^^^^^^^^^^^^^^^^^^^^^^^^^
  File "/home/airflow/.local/lib/python3.12/site-packages/airflow/models/variable.py", line 145, in get
    raise KeyError(f"Variable {key} does not exist")
KeyError: 'Variable country_capital_url does not exist'
[2026-09-12T18:06:55.520+0000] {processor.py:927} WARNING - No viable dags retrieved from /opt/airflow/dags/snowflake_connection_demo.py
[2026-09-12T18:06:55.534+0000] {processor.py:208} INFO - Processing /opt/airflow/dags/snowflake_connection_demo.py took 0.060 seconds
[2026-09-12T18:07:25.861+0000] {processor.py:186} INFO - Started process (PID=4402) to work on /opt/airflow/dags/snowflake_connection_demo.py
[2026-09-12T18:07:25.864+0000] {processor.py:914} INFO - Processing file /opt/airflow/dags/snowflake_connection_demo.py for tasks to queue
[2026-09-12T18:07:25.868+0000] {logging_mixin.py:190} INFO - [2026-09-12T18:07:25.868+0000] {dagbag.py:587} INFO - Filling up the DagBag from /opt/airflow/dags/snowflake_connection_demo.py
[2026-09-12T18:07:25.896+0000] {logging_mixin.py:190} INFO - [2026-09-12T18:07:25.895+0000] {dagbag.py:386} ERROR - Failed to import: /opt/airflow/dags/snowflake_connection_demo.py
Traceback (most recent call last):
  File "/home/airflow/.local/lib/python3.12/site-packages/airflow/models/dagbag.py", line 382, in parse
    loader.exec_module(new_module)
  File "<frozen importlib._bootstrap_external>", line 995, in exec_module
  File "<frozen importlib._bootstrap>", line 488, in _call_with_frames_removed
  File "/opt/airflow/dags/snowflake_connection_demo.py", line 67, in <module>
    url = Variable.get("country_capital_url")
          ^^^^^^^^^^^^^^^^^^^^^^^^^^^^^^^^^^^
  File "/home/airflow/.local/lib/python3.12/site-packages/airflow/models/variable.py", line 145, in get
    raise KeyError(f"Variable {key} does not exist")
KeyError: 'Variable country_capital_url does not exist'
[2026-09-12T18:07:25.897+0000] {processor.py:927} WARNING - No viable dags retrieved from /opt/airflow/dags/snowflake_connection_demo.py
[2026-09-12T18:07:25.914+0000] {processor.py:208} INFO - Processing /opt/airflow/dags/snowflake_connection_demo.py took 0.062 seconds
[2026-09-12T18:07:28.949+0000] {processor.py:186} INFO - Started process (PID=4407) to work on /opt/airflow/dags/snowflake_connection_demo.py
[2026-09-12T18:07:28.955+0000] {processor.py:914} INFO - Processing file /opt/airflow/dags/snowflake_connection_demo.py for tasks to queue
[2026-09-12T18:07:28.957+0000] {logging_mixin.py:190} INFO - [2026-09-12T18:07:28.957+0000] {dagbag.py:587} INFO - Filling up the DagBag from /opt/airflow/dags/snowflake_connection_demo.py
[2026-09-12T18:07:28.972+0000] {logging_mixin.py:190} INFO - [2026-09-12T18:07:28.971+0000] {dagbag.py:386} ERROR - Failed to import: /opt/airflow/dags/snowflake_connection_demo.py
Traceback (most recent call last):
  File "/home/airflow/.local/lib/python3.12/site-packages/airflow/models/dagbag.py", line 382, in parse
    loader.exec_module(new_module)
  File "<frozen importlib._bootstrap_external>", line 995, in exec_module
  File "<frozen importlib._bootstrap>", line 488, in _call_with_frames_removed
  File "/opt/airflow/dags/snowflake_connection_demo.py", line 67, in <module>
    url = Variable.get("country_capital_url")
          ^^^^^^^^^^^^^^^^^^^^^^^^^^^^^^^^^^^
  File "/home/airflow/.local/lib/python3.12/site-packages/airflow/models/variable.py", line 145, in get
    raise KeyError(f"Variable {key} does not exist")
KeyError: 'Variable country_capital_url does not exist'
[2026-09-12T18:07:28.972+0000] {processor.py:927} WARNING - No viable dags retrieved from /opt/airflow/dags/snowflake_connection_demo.py
[2026-09-12T18:07:28.977+0000] {processor.py:208} INFO - Processing /opt/airflow/dags/snowflake_connection_demo.py took 0.059 seconds
[2026-09-12T18:07:59.359+0000] {processor.py:186} INFO - Started process (PID=4418) to work on /opt/airflow/dags/snowflake_connection_demo.py
[2026-09-12T18:07:59.363+0000] {processor.py:914} INFO - Processing file /opt/airflow/dags/snowflake_connection_demo.py for tasks to queue
[2026-09-12T18:07:59.368+0000] {logging_mixin.py:190} INFO - [2026-09-12T18:07:59.367+0000] {dagbag.py:587} INFO - Filling up the DagBag from /opt/airflow/dags/snowflake_connection_demo.py
[2026-09-12T18:07:59.396+0000] {logging_mixin.py:190} INFO - [2026-09-12T18:07:59.394+0000] {dagbag.py:386} ERROR - Failed to import: /opt/airflow/dags/snowflake_connection_demo.py
Traceback (most recent call last):
  File "/home/airflow/.local/lib/python3.12/site-packages/airflow/models/dagbag.py", line 382, in parse
    loader.exec_module(new_module)
  File "<frozen importlib._bootstrap_external>", line 995, in exec_module
  File "<frozen importlib._bootstrap>", line 488, in _call_with_frames_removed
  File "/opt/airflow/dags/snowflake_connection_demo.py", line 67, in <module>
    url = Variable.get("country_capital_url")
          ^^^^^^^^^^^^^^^^^^^^^^^^^^^^^^^^^^^
  File "/home/airflow/.local/lib/python3.12/site-packages/airflow/models/variable.py", line 145, in get
    raise KeyError(f"Variable {key} does not exist")
KeyError: 'Variable country_capital_url does not exist'
[2026-09-12T18:07:59.397+0000] {processor.py:927} WARNING - No viable dags retrieved from /opt/airflow/dags/snowflake_connection_demo.py
[2026-09-12T18:07:59.407+0000] {processor.py:208} INFO - Processing /opt/airflow/dags/snowflake_connection_demo.py took 0.058 seconds
[2026-09-12T18:08:29.768+0000] {processor.py:186} INFO - Started process (PID=4429) to work on /opt/airflow/dags/snowflake_connection_demo.py
[2026-09-12T18:08:29.771+0000] {processor.py:914} INFO - Processing file /opt/airflow/dags/snowflake_connection_demo.py for tasks to queue
[2026-09-12T18:08:29.775+0000] {logging_mixin.py:190} INFO - [2026-09-12T18:08:29.775+0000] {dagbag.py:587} INFO - Filling up the DagBag from /opt/airflow/dags/snowflake_connection_demo.py
[2026-09-12T18:08:29.795+0000] {logging_mixin.py:190} INFO - [2026-09-12T18:08:29.794+0000] {dagbag.py:386} ERROR - Failed to import: /opt/airflow/dags/snowflake_connection_demo.py
Traceback (most recent call last):
  File "/home/airflow/.local/lib/python3.12/site-packages/airflow/models/dagbag.py", line 382, in parse
    loader.exec_module(new_module)
  File "<frozen importlib._bootstrap_external>", line 995, in exec_module
  File "<frozen importlib._bootstrap>", line 488, in _call_with_frames_removed
  File "/opt/airflow/dags/snowflake_connection_demo.py", line 67, in <module>
    url = Variable.get("country_capital_url")
          ^^^^^^^^^^^^^^^^^^^^^^^^^^^^^^^^^^^
  File "/home/airflow/.local/lib/python3.12/site-packages/airflow/models/variable.py", line 145, in get
    raise KeyError(f"Variable {key} does not exist")
KeyError: 'Variable country_capital_url does not exist'
[2026-09-12T18:08:29.795+0000] {processor.py:927} WARNING - No viable dags retrieved from /opt/airflow/dags/snowflake_connection_demo.py
[2026-09-12T18:08:29.801+0000] {processor.py:208} INFO - Processing /opt/airflow/dags/snowflake_connection_demo.py took 0.043 seconds
[2026-09-12T18:09:00.149+0000] {processor.py:186} INFO - Started process (PID=4440) to work on /opt/airflow/dags/snowflake_connection_demo.py
[2026-09-12T18:09:00.153+0000] {processor.py:914} INFO - Processing file /opt/airflow/dags/snowflake_connection_demo.py for tasks to queue
[2026-09-12T18:09:00.157+0000] {logging_mixin.py:190} INFO - [2026-09-12T18:09:00.157+0000] {dagbag.py:587} INFO - Filling up the DagBag from /opt/airflow/dags/snowflake_connection_demo.py
[2026-09-12T18:09:00.177+0000] {logging_mixin.py:190} INFO - [2026-09-12T18:09:00.176+0000] {dagbag.py:386} ERROR - Failed to import: /opt/airflow/dags/snowflake_connection_demo.py
Traceback (most recent call last):
  File "/home/airflow/.local/lib/python3.12/site-packages/airflow/models/dagbag.py", line 382, in parse
    loader.exec_module(new_module)
  File "<frozen importlib._bootstrap_external>", line 995, in exec_module
  File "<frozen importlib._bootstrap>", line 488, in _call_with_frames_removed
  File "/opt/airflow/dags/snowflake_connection_demo.py", line 67, in <module>
    url = Variable.get("country_capital_url")
          ^^^^^^^^^^^^^^^^^^^^^^^^^^^^^^^^^^^
  File "/home/airflow/.local/lib/python3.12/site-packages/airflow/models/variable.py", line 145, in get
    raise KeyError(f"Variable {key} does not exist")
KeyError: 'Variable country_capital_url does not exist'
[2026-09-12T18:09:00.177+0000] {processor.py:927} WARNING - No viable dags retrieved from /opt/airflow/dags/snowflake_connection_demo.py
[2026-09-12T18:09:00.184+0000] {processor.py:208} INFO - Processing /opt/airflow/dags/snowflake_connection_demo.py took 0.044 seconds
[2026-09-12T18:09:30.530+0000] {processor.py:186} INFO - Started process (PID=4451) to work on /opt/airflow/dags/snowflake_connection_demo.py
[2026-09-12T18:09:30.534+0000] {processor.py:914} INFO - Processing file /opt/airflow/dags/snowflake_connection_demo.py for tasks to queue
[2026-09-12T18:09:30.537+0000] {logging_mixin.py:190} INFO - [2026-09-12T18:09:30.536+0000] {dagbag.py:587} INFO - Filling up the DagBag from /opt/airflow/dags/snowflake_connection_demo.py
[2026-09-12T18:09:30.555+0000] {logging_mixin.py:190} INFO - [2026-09-12T18:09:30.554+0000] {dagbag.py:386} ERROR - Failed to import: /opt/airflow/dags/snowflake_connection_demo.py
Traceback (most recent call last):
  File "/home/airflow/.local/lib/python3.12/site-packages/airflow/models/dagbag.py", line 382, in parse
    loader.exec_module(new_module)
  File "<frozen importlib._bootstrap_external>", line 995, in exec_module
  File "<frozen importlib._bootstrap>", line 488, in _call_with_frames_removed
  File "/opt/airflow/dags/snowflake_connection_demo.py", line 67, in <module>
    url = Variable.get("country_capital_url")
          ^^^^^^^^^^^^^^^^^^^^^^^^^^^^^^^^^^^
  File "/home/airflow/.local/lib/python3.12/site-packages/airflow/models/variable.py", line 145, in get
    raise KeyError(f"Variable {key} does not exist")
KeyError: 'Variable country_capital_url does not exist'
[2026-09-12T18:09:30.556+0000] {processor.py:927} WARNING - No viable dags retrieved from /opt/airflow/dags/snowflake_connection_demo.py
[2026-09-12T18:09:30.561+0000] {processor.py:208} INFO - Processing /opt/airflow/dags/snowflake_connection_demo.py took 0.038 seconds
[2026-09-12T18:10:00.920+0000] {processor.py:186} INFO - Started process (PID=4462) to work on /opt/airflow/dags/snowflake_connection_demo.py
[2026-09-12T18:10:00.924+0000] {processor.py:914} INFO - Processing file /opt/airflow/dags/snowflake_connection_demo.py for tasks to queue
[2026-09-12T18:10:00.927+0000] {logging_mixin.py:190} INFO - [2026-09-12T18:10:00.927+0000] {dagbag.py:587} INFO - Filling up the DagBag from /opt/airflow/dags/snowflake_connection_demo.py
[2026-09-12T18:10:00.949+0000] {logging_mixin.py:190} INFO - [2026-09-12T18:10:00.947+0000] {dagbag.py:386} ERROR - Failed to import: /opt/airflow/dags/snowflake_connection_demo.py
Traceback (most recent call last):
  File "/home/airflow/.local/lib/python3.12/site-packages/airflow/models/dagbag.py", line 382, in parse
    loader.exec_module(new_module)
  File "<frozen importlib._bootstrap_external>", line 995, in exec_module
  File "<frozen importlib._bootstrap>", line 488, in _call_with_frames_removed
  File "/opt/airflow/dags/snowflake_connection_demo.py", line 67, in <module>
    url = Variable.get("country_capital_url")
          ^^^^^^^^^^^^^^^^^^^^^^^^^^^^^^^^^^^
  File "/home/airflow/.local/lib/python3.12/site-packages/airflow/models/variable.py", line 145, in get
    raise KeyError(f"Variable {key} does not exist")
KeyError: 'Variable country_capital_url does not exist'
[2026-09-12T18:10:00.949+0000] {processor.py:927} WARNING - No viable dags retrieved from /opt/airflow/dags/snowflake_connection_demo.py
[2026-09-12T18:10:00.958+0000] {processor.py:208} INFO - Processing /opt/airflow/dags/snowflake_connection_demo.py took 0.049 seconds
[2026-09-12T18:10:31.252+0000] {processor.py:186} INFO - Started process (PID=4473) to work on /opt/airflow/dags/snowflake_connection_demo.py
[2026-09-12T18:10:31.255+0000] {processor.py:914} INFO - Processing file /opt/airflow/dags/snowflake_connection_demo.py for tasks to queue
[2026-09-12T18:10:31.257+0000] {logging_mixin.py:190} INFO - [2026-09-12T18:10:31.256+0000] {dagbag.py:587} INFO - Filling up the DagBag from /opt/airflow/dags/snowflake_connection_demo.py
[2026-09-12T18:10:31.271+0000] {logging_mixin.py:190} INFO - [2026-09-12T18:10:31.270+0000] {dagbag.py:386} ERROR - Failed to import: /opt/airflow/dags/snowflake_connection_demo.py
Traceback (most recent call last):
  File "/home/airflow/.local/lib/python3.12/site-packages/airflow/models/dagbag.py", line 382, in parse
    loader.exec_module(new_module)
  File "<frozen importlib._bootstrap_external>", line 995, in exec_module
  File "<frozen importlib._bootstrap>", line 488, in _call_with_frames_removed
  File "/opt/airflow/dags/snowflake_connection_demo.py", line 67, in <module>
    url = Variable.get("country_capital_url")
          ^^^^^^^^^^^^^^^^^^^^^^^^^^^^^^^^^^^
  File "/home/airflow/.local/lib/python3.12/site-packages/airflow/models/variable.py", line 145, in get
    raise KeyError(f"Variable {key} does not exist")
KeyError: 'Variable country_capital_url does not exist'
[2026-09-12T18:10:31.271+0000] {processor.py:927} WARNING - No viable dags retrieved from /opt/airflow/dags/snowflake_connection_demo.py
[2026-09-12T18:10:31.276+0000] {processor.py:208} INFO - Processing /opt/airflow/dags/snowflake_connection_demo.py took 0.032 seconds
[2026-09-12T18:11:01.634+0000] {processor.py:186} INFO - Started process (PID=4484) to work on /opt/airflow/dags/snowflake_connection_demo.py
[2026-09-12T18:11:01.638+0000] {processor.py:914} INFO - Processing file /opt/airflow/dags/snowflake_connection_demo.py for tasks to queue
[2026-09-12T18:11:01.640+0000] {logging_mixin.py:190} INFO - [2026-09-12T18:11:01.640+0000] {dagbag.py:587} INFO - Filling up the DagBag from /opt/airflow/dags/snowflake_connection_demo.py
[2026-09-12T18:11:01.655+0000] {logging_mixin.py:190} INFO - [2026-09-12T18:11:01.654+0000] {dagbag.py:386} ERROR - Failed to import: /opt/airflow/dags/snowflake_connection_demo.py
Traceback (most recent call last):
  File "/home/airflow/.local/lib/python3.12/site-packages/airflow/models/dagbag.py", line 382, in parse
    loader.exec_module(new_module)
  File "<frozen importlib._bootstrap_external>", line 995, in exec_module
  File "<frozen importlib._bootstrap>", line 488, in _call_with_frames_removed
  File "/opt/airflow/dags/snowflake_connection_demo.py", line 67, in <module>
    url = Variable.get("country_capital_url")
          ^^^^^^^^^^^^^^^^^^^^^^^^^^^^^^^^^^^
  File "/home/airflow/.local/lib/python3.12/site-packages/airflow/models/variable.py", line 145, in get
    raise KeyError(f"Variable {key} does not exist")
KeyError: 'Variable country_capital_url does not exist'
[2026-09-12T18:11:01.656+0000] {processor.py:927} WARNING - No viable dags retrieved from /opt/airflow/dags/snowflake_connection_demo.py
[2026-09-12T18:11:01.661+0000] {processor.py:208} INFO - Processing /opt/airflow/dags/snowflake_connection_demo.py took 0.034 seconds
[2026-09-12T18:11:32.005+0000] {processor.py:186} INFO - Started process (PID=4495) to work on /opt/airflow/dags/snowflake_connection_demo.py
[2026-09-12T18:11:32.008+0000] {processor.py:914} INFO - Processing file /opt/airflow/dags/snowflake_connection_demo.py for tasks to queue
[2026-09-12T18:11:32.012+0000] {logging_mixin.py:190} INFO - [2026-09-12T18:11:32.012+0000] {dagbag.py:587} INFO - Filling up the DagBag from /opt/airflow/dags/snowflake_connection_demo.py
[2026-09-12T18:11:32.034+0000] {logging_mixin.py:190} INFO - [2026-09-12T18:11:32.033+0000] {dagbag.py:386} ERROR - Failed to import: /opt/airflow/dags/snowflake_connection_demo.py
Traceback (most recent call last):
  File "/home/airflow/.local/lib/python3.12/site-packages/airflow/models/dagbag.py", line 382, in parse
    loader.exec_module(new_module)
  File "<frozen importlib._bootstrap_external>", line 995, in exec_module
  File "<frozen importlib._bootstrap>", line 488, in _call_with_frames_removed
  File "/opt/airflow/dags/snowflake_connection_demo.py", line 67, in <module>
    url = Variable.get("country_capital_url")
          ^^^^^^^^^^^^^^^^^^^^^^^^^^^^^^^^^^^
  File "/home/airflow/.local/lib/python3.12/site-packages/airflow/models/variable.py", line 145, in get
    raise KeyError(f"Variable {key} does not exist")
KeyError: 'Variable country_capital_url does not exist'
[2026-09-12T18:11:32.034+0000] {processor.py:927} WARNING - No viable dags retrieved from /opt/airflow/dags/snowflake_connection_demo.py
[2026-09-12T18:11:32.041+0000] {processor.py:208} INFO - Processing /opt/airflow/dags/snowflake_connection_demo.py took 0.043 seconds
[2026-09-12T18:12:02.365+0000] {processor.py:186} INFO - Started process (PID=4506) to work on /opt/airflow/dags/snowflake_connection_demo.py
[2026-09-12T18:12:02.368+0000] {processor.py:914} INFO - Processing file /opt/airflow/dags/snowflake_connection_demo.py for tasks to queue
[2026-09-12T18:12:02.371+0000] {logging_mixin.py:190} INFO - [2026-09-12T18:12:02.370+0000] {dagbag.py:587} INFO - Filling up the DagBag from /opt/airflow/dags/snowflake_connection_demo.py
[2026-09-12T18:12:02.390+0000] {logging_mixin.py:190} INFO - [2026-09-12T18:12:02.389+0000] {dagbag.py:386} ERROR - Failed to import: /opt/airflow/dags/snowflake_connection_demo.py
Traceback (most recent call last):
  File "/home/airflow/.local/lib/python3.12/site-packages/airflow/models/dagbag.py", line 382, in parse
    loader.exec_module(new_module)
  File "<frozen importlib._bootstrap_external>", line 995, in exec_module
  File "<frozen importlib._bootstrap>", line 488, in _call_with_frames_removed
  File "/opt/airflow/dags/snowflake_connection_demo.py", line 67, in <module>
    url = Variable.get("country_capital_url")
          ^^^^^^^^^^^^^^^^^^^^^^^^^^^^^^^^^^^
  File "/home/airflow/.local/lib/python3.12/site-packages/airflow/models/variable.py", line 145, in get
    raise KeyError(f"Variable {key} does not exist")
KeyError: 'Variable country_capital_url does not exist'
[2026-09-12T18:12:02.390+0000] {processor.py:927} WARNING - No viable dags retrieved from /opt/airflow/dags/snowflake_connection_demo.py
[2026-09-12T18:12:02.396+0000] {processor.py:208} INFO - Processing /opt/airflow/dags/snowflake_connection_demo.py took 0.040 seconds
[2026-09-12T18:12:32.760+0000] {processor.py:186} INFO - Started process (PID=4518) to work on /opt/airflow/dags/snowflake_connection_demo.py
[2026-09-12T18:12:32.762+0000] {processor.py:914} INFO - Processing file /opt/airflow/dags/snowflake_connection_demo.py for tasks to queue
[2026-09-12T18:12:32.768+0000] {logging_mixin.py:190} INFO - [2026-09-12T18:12:32.767+0000] {dagbag.py:587} INFO - Filling up the DagBag from /opt/airflow/dags/snowflake_connection_demo.py
[2026-09-12T18:12:32.792+0000] {logging_mixin.py:190} INFO - [2026-09-12T18:12:32.791+0000] {dagbag.py:386} ERROR - Failed to import: /opt/airflow/dags/snowflake_connection_demo.py
Traceback (most recent call last):
  File "/home/airflow/.local/lib/python3.12/site-packages/airflow/models/dagbag.py", line 382, in parse
    loader.exec_module(new_module)
  File "<frozen importlib._bootstrap_external>", line 995, in exec_module
  File "<frozen importlib._bootstrap>", line 488, in _call_with_frames_removed
  File "/opt/airflow/dags/snowflake_connection_demo.py", line 67, in <module>
    url = Variable.get("country_capital_url")
          ^^^^^^^^^^^^^^^^^^^^^^^^^^^^^^^^^^^
  File "/home/airflow/.local/lib/python3.12/site-packages/airflow/models/variable.py", line 145, in get
    raise KeyError(f"Variable {key} does not exist")
KeyError: 'Variable country_capital_url does not exist'
[2026-09-12T18:12:32.793+0000] {processor.py:927} WARNING - No viable dags retrieved from /opt/airflow/dags/snowflake_connection_demo.py
[2026-09-12T18:12:32.802+0000] {processor.py:208} INFO - Processing /opt/airflow/dags/snowflake_connection_demo.py took 0.050 seconds
[2026-09-12T18:13:03.174+0000] {processor.py:186} INFO - Started process (PID=4529) to work on /opt/airflow/dags/snowflake_connection_demo.py
[2026-09-12T18:13:03.177+0000] {processor.py:914} INFO - Processing file /opt/airflow/dags/snowflake_connection_demo.py for tasks to queue
[2026-09-12T18:13:03.182+0000] {logging_mixin.py:190} INFO - [2026-09-12T18:13:03.181+0000] {dagbag.py:587} INFO - Filling up the DagBag from /opt/airflow/dags/snowflake_connection_demo.py
[2026-09-12T18:13:03.206+0000] {logging_mixin.py:190} INFO - [2026-09-12T18:13:03.204+0000] {dagbag.py:386} ERROR - Failed to import: /opt/airflow/dags/snowflake_connection_demo.py
Traceback (most recent call last):
  File "/home/airflow/.local/lib/python3.12/site-packages/airflow/models/dagbag.py", line 382, in parse
    loader.exec_module(new_module)
  File "<frozen importlib._bootstrap_external>", line 995, in exec_module
  File "<frozen importlib._bootstrap>", line 488, in _call_with_frames_removed
  File "/opt/airflow/dags/snowflake_connection_demo.py", line 67, in <module>
    url = Variable.get("country_capital_url")
          ^^^^^^^^^^^^^^^^^^^^^^^^^^^^^^^^^^^
  File "/home/airflow/.local/lib/python3.12/site-packages/airflow/models/variable.py", line 145, in get
    raise KeyError(f"Variable {key} does not exist")
KeyError: 'Variable country_capital_url does not exist'
[2026-09-12T18:13:03.206+0000] {processor.py:927} WARNING - No viable dags retrieved from /opt/airflow/dags/snowflake_connection_demo.py
[2026-09-12T18:13:03.218+0000] {processor.py:208} INFO - Processing /opt/airflow/dags/snowflake_connection_demo.py took 0.064 seconds
[2026-09-12T18:13:33.558+0000] {processor.py:186} INFO - Started process (PID=4540) to work on /opt/airflow/dags/snowflake_connection_demo.py
[2026-09-12T18:13:33.562+0000] {processor.py:914} INFO - Processing file /opt/airflow/dags/snowflake_connection_demo.py for tasks to queue
[2026-09-12T18:13:33.566+0000] {logging_mixin.py:190} INFO - [2026-09-12T18:13:33.565+0000] {dagbag.py:587} INFO - Filling up the DagBag from /opt/airflow/dags/snowflake_connection_demo.py
[2026-09-12T18:13:33.585+0000] {logging_mixin.py:190} INFO - [2026-09-12T18:13:33.583+0000] {dagbag.py:386} ERROR - Failed to import: /opt/airflow/dags/snowflake_connection_demo.py
Traceback (most recent call last):
  File "/home/airflow/.local/lib/python3.12/site-packages/airflow/models/dagbag.py", line 382, in parse
    loader.exec_module(new_module)
  File "<frozen importlib._bootstrap_external>", line 995, in exec_module
  File "<frozen importlib._bootstrap>", line 488, in _call_with_frames_removed
  File "/opt/airflow/dags/snowflake_connection_demo.py", line 67, in <module>
    url = Variable.get("country_capital_url")
          ^^^^^^^^^^^^^^^^^^^^^^^^^^^^^^^^^^^
  File "/home/airflow/.local/lib/python3.12/site-packages/airflow/models/variable.py", line 145, in get
    raise KeyError(f"Variable {key} does not exist")
KeyError: 'Variable country_capital_url does not exist'
[2026-09-12T18:13:33.585+0000] {processor.py:927} WARNING - No viable dags retrieved from /opt/airflow/dags/snowflake_connection_demo.py
[2026-09-12T18:13:33.591+0000] {processor.py:208} INFO - Processing /opt/airflow/dags/snowflake_connection_demo.py took 0.041 seconds
[2026-09-12T18:14:03.965+0000] {processor.py:186} INFO - Started process (PID=4551) to work on /opt/airflow/dags/snowflake_connection_demo.py
[2026-09-12T18:14:03.967+0000] {processor.py:914} INFO - Processing file /opt/airflow/dags/snowflake_connection_demo.py for tasks to queue
[2026-09-12T18:14:03.975+0000] {logging_mixin.py:190} INFO - [2026-09-12T18:14:03.975+0000] {dagbag.py:587} INFO - Filling up the DagBag from /opt/airflow/dags/snowflake_connection_demo.py
[2026-09-12T18:14:04.002+0000] {logging_mixin.py:190} INFO - [2026-09-12T18:14:04.001+0000] {dagbag.py:386} ERROR - Failed to import: /opt/airflow/dags/snowflake_connection_demo.py
Traceback (most recent call last):
  File "/home/airflow/.local/lib/python3.12/site-packages/airflow/models/dagbag.py", line 382, in parse
    loader.exec_module(new_module)
  File "<frozen importlib._bootstrap_external>", line 995, in exec_module
  File "<frozen importlib._bootstrap>", line 488, in _call_with_frames_removed
  File "/opt/airflow/dags/snowflake_connection_demo.py", line 67, in <module>
    url = Variable.get("country_capital_url")
          ^^^^^^^^^^^^^^^^^^^^^^^^^^^^^^^^^^^
  File "/home/airflow/.local/lib/python3.12/site-packages/airflow/models/variable.py", line 145, in get
    raise KeyError(f"Variable {key} does not exist")
KeyError: 'Variable country_capital_url does not exist'
[2026-09-12T18:14:04.003+0000] {processor.py:927} WARNING - No viable dags retrieved from /opt/airflow/dags/snowflake_connection_demo.py
[2026-09-12T18:14:04.010+0000] {processor.py:208} INFO - Processing /opt/airflow/dags/snowflake_connection_demo.py took 0.071 seconds
[2026-09-12T18:14:34.349+0000] {processor.py:186} INFO - Started process (PID=4562) to work on /opt/airflow/dags/snowflake_connection_demo.py
[2026-09-12T18:14:34.353+0000] {processor.py:914} INFO - Processing file /opt/airflow/dags/snowflake_connection_demo.py for tasks to queue
[2026-09-12T18:14:34.358+0000] {logging_mixin.py:190} INFO - [2026-09-12T18:14:34.357+0000] {dagbag.py:587} INFO - Filling up the DagBag from /opt/airflow/dags/snowflake_connection_demo.py
[2026-09-12T18:14:34.406+0000] {logging_mixin.py:190} INFO - [2026-09-12T18:14:34.404+0000] {dagbag.py:386} ERROR - Failed to import: /opt/airflow/dags/snowflake_connection_demo.py
Traceback (most recent call last):
  File "/home/airflow/.local/lib/python3.12/site-packages/airflow/models/dagbag.py", line 382, in parse
    loader.exec_module(new_module)
  File "<frozen importlib._bootstrap_external>", line 995, in exec_module
  File "<frozen importlib._bootstrap>", line 488, in _call_with_frames_removed
  File "/opt/airflow/dags/snowflake_connection_demo.py", line 67, in <module>
    url = Variable.get("country_capital_url")
          ^^^^^^^^^^^^^^^^^^^^^^^^^^^^^^^^^^^
  File "/home/airflow/.local/lib/python3.12/site-packages/airflow/models/variable.py", line 145, in get
    raise KeyError(f"Variable {key} does not exist")
KeyError: 'Variable country_capital_url does not exist'
[2026-09-12T18:14:34.406+0000] {processor.py:927} WARNING - No viable dags retrieved from /opt/airflow/dags/snowflake_connection_demo.py
[2026-09-12T18:14:34.413+0000] {processor.py:208} INFO - Processing /opt/airflow/dags/snowflake_connection_demo.py took 0.074 seconds
[2026-09-12T18:15:04.763+0000] {processor.py:186} INFO - Started process (PID=4573) to work on /opt/airflow/dags/snowflake_connection_demo.py
[2026-09-12T18:15:04.766+0000] {processor.py:914} INFO - Processing file /opt/airflow/dags/snowflake_connection_demo.py for tasks to queue
[2026-09-12T18:15:04.773+0000] {logging_mixin.py:190} INFO - [2026-09-12T18:15:04.773+0000] {dagbag.py:587} INFO - Filling up the DagBag from /opt/airflow/dags/snowflake_connection_demo.py
[2026-09-12T18:15:04.805+0000] {logging_mixin.py:190} INFO - [2026-09-12T18:15:04.802+0000] {dagbag.py:386} ERROR - Failed to import: /opt/airflow/dags/snowflake_connection_demo.py
Traceback (most recent call last):
  File "/home/airflow/.local/lib/python3.12/site-packages/airflow/models/dagbag.py", line 382, in parse
    loader.exec_module(new_module)
  File "<frozen importlib._bootstrap_external>", line 995, in exec_module
  File "<frozen importlib._bootstrap>", line 488, in _call_with_frames_removed
  File "/opt/airflow/dags/snowflake_connection_demo.py", line 67, in <module>
    url = Variable.get("country_capital_url")
          ^^^^^^^^^^^^^^^^^^^^^^^^^^^^^^^^^^^
  File "/home/airflow/.local/lib/python3.12/site-packages/airflow/models/variable.py", line 145, in get
    raise KeyError(f"Variable {key} does not exist")
KeyError: 'Variable country_capital_url does not exist'
[2026-09-12T18:15:04.805+0000] {processor.py:927} WARNING - No viable dags retrieved from /opt/airflow/dags/snowflake_connection_demo.py
[2026-09-12T18:15:04.816+0000] {processor.py:208} INFO - Processing /opt/airflow/dags/snowflake_connection_demo.py took 0.063 seconds
[2026-09-12T18:15:35.212+0000] {processor.py:186} INFO - Started process (PID=4584) to work on /opt/airflow/dags/snowflake_connection_demo.py
[2026-09-12T18:15:35.214+0000] {processor.py:914} INFO - Processing file /opt/airflow/dags/snowflake_connection_demo.py for tasks to queue
[2026-09-12T18:15:35.218+0000] {logging_mixin.py:190} INFO - [2026-09-12T18:15:35.217+0000] {dagbag.py:587} INFO - Filling up the DagBag from /opt/airflow/dags/snowflake_connection_demo.py
[2026-09-12T18:15:35.259+0000] {logging_mixin.py:190} INFO - [2026-09-12T18:15:35.258+0000] {dagbag.py:386} ERROR - Failed to import: /opt/airflow/dags/snowflake_connection_demo.py
Traceback (most recent call last):
  File "/home/airflow/.local/lib/python3.12/site-packages/airflow/models/dagbag.py", line 382, in parse
    loader.exec_module(new_module)
  File "<frozen importlib._bootstrap_external>", line 995, in exec_module
  File "<frozen importlib._bootstrap>", line 488, in _call_with_frames_removed
  File "/opt/airflow/dags/snowflake_connection_demo.py", line 67, in <module>
    url = Variable.get("country_capital_url")
          ^^^^^^^^^^^^^^^^^^^^^^^^^^^^^^^^^^^
  File "/home/airflow/.local/lib/python3.12/site-packages/airflow/models/variable.py", line 145, in get
    raise KeyError(f"Variable {key} does not exist")
KeyError: 'Variable country_capital_url does not exist'
[2026-09-12T18:15:35.260+0000] {processor.py:927} WARNING - No viable dags retrieved from /opt/airflow/dags/snowflake_connection_demo.py
[2026-09-12T18:15:35.270+0000] {processor.py:208} INFO - Processing /opt/airflow/dags/snowflake_connection_demo.py took 0.072 seconds
[2026-09-12T18:16:05.617+0000] {processor.py:186} INFO - Started process (PID=4595) to work on /opt/airflow/dags/snowflake_connection_demo.py
[2026-09-12T18:16:05.625+0000] {processor.py:914} INFO - Processing file /opt/airflow/dags/snowflake_connection_demo.py for tasks to queue
[2026-09-12T18:16:05.628+0000] {logging_mixin.py:190} INFO - [2026-09-12T18:16:05.628+0000] {dagbag.py:587} INFO - Filling up the DagBag from /opt/airflow/dags/snowflake_connection_demo.py
[2026-09-12T18:16:05.649+0000] {logging_mixin.py:190} INFO - [2026-09-12T18:16:05.648+0000] {dagbag.py:386} ERROR - Failed to import: /opt/airflow/dags/snowflake_connection_demo.py
Traceback (most recent call last):
  File "/home/airflow/.local/lib/python3.12/site-packages/airflow/models/dagbag.py", line 382, in parse
    loader.exec_module(new_module)
  File "<frozen importlib._bootstrap_external>", line 995, in exec_module
  File "<frozen importlib._bootstrap>", line 488, in _call_with_frames_removed
  File "/opt/airflow/dags/snowflake_connection_demo.py", line 67, in <module>
    url = Variable.get("country_capital_url")
          ^^^^^^^^^^^^^^^^^^^^^^^^^^^^^^^^^^^
  File "/home/airflow/.local/lib/python3.12/site-packages/airflow/models/variable.py", line 145, in get
    raise KeyError(f"Variable {key} does not exist")
KeyError: 'Variable country_capital_url does not exist'
[2026-09-12T18:16:05.649+0000] {processor.py:927} WARNING - No viable dags retrieved from /opt/airflow/dags/snowflake_connection_demo.py
[2026-09-12T18:16:05.656+0000] {processor.py:208} INFO - Processing /opt/airflow/dags/snowflake_connection_demo.py took 0.047 seconds
[2026-09-12T18:16:36.009+0000] {processor.py:186} INFO - Started process (PID=4606) to work on /opt/airflow/dags/snowflake_connection_demo.py
[2026-09-12T18:16:36.012+0000] {processor.py:914} INFO - Processing file /opt/airflow/dags/snowflake_connection_demo.py for tasks to queue
[2026-09-12T18:16:36.020+0000] {logging_mixin.py:190} INFO - [2026-09-12T18:16:36.019+0000] {dagbag.py:587} INFO - Filling up the DagBag from /opt/airflow/dags/snowflake_connection_demo.py
[2026-09-12T18:16:36.051+0000] {logging_mixin.py:190} INFO - [2026-09-12T18:16:36.050+0000] {dagbag.py:386} ERROR - Failed to import: /opt/airflow/dags/snowflake_connection_demo.py
Traceback (most recent call last):
  File "/home/airflow/.local/lib/python3.12/site-packages/airflow/models/dagbag.py", line 382, in parse
    loader.exec_module(new_module)
  File "<frozen importlib._bootstrap_external>", line 995, in exec_module
  File "<frozen importlib._bootstrap>", line 488, in _call_with_frames_removed
  File "/opt/airflow/dags/snowflake_connection_demo.py", line 67, in <module>
    url = Variable.get("country_capital_url")
          ^^^^^^^^^^^^^^^^^^^^^^^^^^^^^^^^^^^
  File "/home/airflow/.local/lib/python3.12/site-packages/airflow/models/variable.py", line 145, in get
    raise KeyError(f"Variable {key} does not exist")
KeyError: 'Variable country_capital_url does not exist'
[2026-09-12T18:16:36.052+0000] {processor.py:927} WARNING - No viable dags retrieved from /opt/airflow/dags/snowflake_connection_demo.py
[2026-09-12T18:16:36.059+0000] {processor.py:208} INFO - Processing /opt/airflow/dags/snowflake_connection_demo.py took 0.062 seconds
[2026-09-12T18:17:06.365+0000] {processor.py:186} INFO - Started process (PID=4617) to work on /opt/airflow/dags/snowflake_connection_demo.py
[2026-09-12T18:17:06.369+0000] {processor.py:914} INFO - Processing file /opt/airflow/dags/snowflake_connection_demo.py for tasks to queue
[2026-09-12T18:17:06.373+0000] {logging_mixin.py:190} INFO - [2026-09-12T18:17:06.372+0000] {dagbag.py:587} INFO - Filling up the DagBag from /opt/airflow/dags/snowflake_connection_demo.py
[2026-09-12T18:17:06.406+0000] {logging_mixin.py:190} INFO - [2026-09-12T18:17:06.405+0000] {dagbag.py:386} ERROR - Failed to import: /opt/airflow/dags/snowflake_connection_demo.py
Traceback (most recent call last):
  File "/home/airflow/.local/lib/python3.12/site-packages/airflow/models/dagbag.py", line 382, in parse
    loader.exec_module(new_module)
  File "<frozen importlib._bootstrap_external>", line 995, in exec_module
  File "<frozen importlib._bootstrap>", line 488, in _call_with_frames_removed
  File "/opt/airflow/dags/snowflake_connection_demo.py", line 67, in <module>
    url = Variable.get("country_capital_url")
          ^^^^^^^^^^^^^^^^^^^^^^^^^^^^^^^^^^^
  File "/home/airflow/.local/lib/python3.12/site-packages/airflow/models/variable.py", line 145, in get
    raise KeyError(f"Variable {key} does not exist")
KeyError: 'Variable country_capital_url does not exist'
[2026-09-12T18:17:06.407+0000] {processor.py:927} WARNING - No viable dags retrieved from /opt/airflow/dags/snowflake_connection_demo.py
[2026-09-12T18:17:06.414+0000] {processor.py:208} INFO - Processing /opt/airflow/dags/snowflake_connection_demo.py took 0.058 seconds
[2026-09-12T18:17:36.778+0000] {processor.py:186} INFO - Started process (PID=4628) to work on /opt/airflow/dags/snowflake_connection_demo.py
[2026-09-12T18:17:36.782+0000] {processor.py:914} INFO - Processing file /opt/airflow/dags/snowflake_connection_demo.py for tasks to queue
[2026-09-12T18:17:36.789+0000] {logging_mixin.py:190} INFO - [2026-09-12T18:17:36.788+0000] {dagbag.py:587} INFO - Filling up the DagBag from /opt/airflow/dags/snowflake_connection_demo.py
[2026-09-12T18:17:36.822+0000] {logging_mixin.py:190} INFO - [2026-09-12T18:17:36.820+0000] {dagbag.py:386} ERROR - Failed to import: /opt/airflow/dags/snowflake_connection_demo.py
Traceback (most recent call last):
  File "/home/airflow/.local/lib/python3.12/site-packages/airflow/models/dagbag.py", line 382, in parse
    loader.exec_module(new_module)
  File "<frozen importlib._bootstrap_external>", line 995, in exec_module
  File "<frozen importlib._bootstrap>", line 488, in _call_with_frames_removed
  File "/opt/airflow/dags/snowflake_connection_demo.py", line 67, in <module>
    url = Variable.get("country_capital_url")
          ^^^^^^^^^^^^^^^^^^^^^^^^^^^^^^^^^^^
  File "/home/airflow/.local/lib/python3.12/site-packages/airflow/models/variable.py", line 145, in get
    raise KeyError(f"Variable {key} does not exist")
KeyError: 'Variable country_capital_url does not exist'
[2026-09-12T18:17:36.822+0000] {processor.py:927} WARNING - No viable dags retrieved from /opt/airflow/dags/snowflake_connection_demo.py
[2026-09-12T18:17:36.831+0000] {processor.py:208} INFO - Processing /opt/airflow/dags/snowflake_connection_demo.py took 0.067 seconds
[2026-09-12T18:18:07.147+0000] {processor.py:186} INFO - Started process (PID=4639) to work on /opt/airflow/dags/snowflake_connection_demo.py
[2026-09-12T18:18:07.151+0000] {processor.py:914} INFO - Processing file /opt/airflow/dags/snowflake_connection_demo.py for tasks to queue
[2026-09-12T18:18:07.156+0000] {logging_mixin.py:190} INFO - [2026-09-12T18:18:07.156+0000] {dagbag.py:587} INFO - Filling up the DagBag from /opt/airflow/dags/snowflake_connection_demo.py
[2026-09-12T18:18:07.188+0000] {logging_mixin.py:190} INFO - [2026-09-12T18:18:07.187+0000] {dagbag.py:386} ERROR - Failed to import: /opt/airflow/dags/snowflake_connection_demo.py
Traceback (most recent call last):
  File "/home/airflow/.local/lib/python3.12/site-packages/airflow/models/dagbag.py", line 382, in parse
    loader.exec_module(new_module)
  File "<frozen importlib._bootstrap_external>", line 995, in exec_module
  File "<frozen importlib._bootstrap>", line 488, in _call_with_frames_removed
  File "/opt/airflow/dags/snowflake_connection_demo.py", line 67, in <module>
    url = Variable.get("country_capital_url")
          ^^^^^^^^^^^^^^^^^^^^^^^^^^^^^^^^^^^
  File "/home/airflow/.local/lib/python3.12/site-packages/airflow/models/variable.py", line 145, in get
    raise KeyError(f"Variable {key} does not exist")
KeyError: 'Variable country_capital_url does not exist'
[2026-09-12T18:18:07.189+0000] {processor.py:927} WARNING - No viable dags retrieved from /opt/airflow/dags/snowflake_connection_demo.py
[2026-09-12T18:18:07.196+0000] {processor.py:208} INFO - Processing /opt/airflow/dags/snowflake_connection_demo.py took 0.059 seconds
[2026-09-12T18:18:37.530+0000] {processor.py:186} INFO - Started process (PID=4650) to work on /opt/airflow/dags/snowflake_connection_demo.py
[2026-09-12T18:18:37.535+0000] {processor.py:914} INFO - Processing file /opt/airflow/dags/snowflake_connection_demo.py for tasks to queue
[2026-09-12T18:18:37.538+0000] {logging_mixin.py:190} INFO - [2026-09-12T18:18:37.537+0000] {dagbag.py:587} INFO - Filling up the DagBag from /opt/airflow/dags/snowflake_connection_demo.py
[2026-09-12T18:18:37.556+0000] {logging_mixin.py:190} INFO - [2026-09-12T18:18:37.554+0000] {dagbag.py:386} ERROR - Failed to import: /opt/airflow/dags/snowflake_connection_demo.py
Traceback (most recent call last):
  File "/home/airflow/.local/lib/python3.12/site-packages/airflow/models/dagbag.py", line 382, in parse
    loader.exec_module(new_module)
  File "<frozen importlib._bootstrap_external>", line 995, in exec_module
  File "<frozen importlib._bootstrap>", line 488, in _call_with_frames_removed
  File "/opt/airflow/dags/snowflake_connection_demo.py", line 67, in <module>
    url = Variable.get("country_capital_url")
          ^^^^^^^^^^^^^^^^^^^^^^^^^^^^^^^^^^^
  File "/home/airflow/.local/lib/python3.12/site-packages/airflow/models/variable.py", line 145, in get
    raise KeyError(f"Variable {key} does not exist")
KeyError: 'Variable country_capital_url does not exist'
[2026-09-12T18:18:37.556+0000] {processor.py:927} WARNING - No viable dags retrieved from /opt/airflow/dags/snowflake_connection_demo.py
[2026-09-12T18:18:37.564+0000] {processor.py:208} INFO - Processing /opt/airflow/dags/snowflake_connection_demo.py took 0.040 seconds
[2026-09-12T18:19:08.047+0000] {processor.py:186} INFO - Started process (PID=4667) to work on /opt/airflow/dags/snowflake_connection_demo.py
[2026-09-12T18:19:08.050+0000] {processor.py:914} INFO - Processing file /opt/airflow/dags/snowflake_connection_demo.py for tasks to queue
[2026-09-12T18:19:08.053+0000] {logging_mixin.py:190} INFO - [2026-09-12T18:19:08.053+0000] {dagbag.py:587} INFO - Filling up the DagBag from /opt/airflow/dags/snowflake_connection_demo.py
[2026-09-12T18:19:08.080+0000] {logging_mixin.py:190} INFO - [2026-09-12T18:19:08.079+0000] {dagbag.py:386} ERROR - Failed to import: /opt/airflow/dags/snowflake_connection_demo.py
Traceback (most recent call last):
  File "/home/airflow/.local/lib/python3.12/site-packages/airflow/models/dagbag.py", line 382, in parse
    loader.exec_module(new_module)
  File "<frozen importlib._bootstrap_external>", line 995, in exec_module
  File "<frozen importlib._bootstrap>", line 488, in _call_with_frames_removed
  File "/opt/airflow/dags/snowflake_connection_demo.py", line 67, in <module>
    url = Variable.get("country_capital_url")
          ^^^^^^^^^^^^^^^^^^^^^^^^^^^^^^^^^^^
  File "/home/airflow/.local/lib/python3.12/site-packages/airflow/models/variable.py", line 145, in get
    raise KeyError(f"Variable {key} does not exist")
KeyError: 'Variable country_capital_url does not exist'
[2026-09-12T18:19:08.081+0000] {processor.py:927} WARNING - No viable dags retrieved from /opt/airflow/dags/snowflake_connection_demo.py
[2026-09-12T18:19:08.090+0000] {processor.py:208} INFO - Processing /opt/airflow/dags/snowflake_connection_demo.py took 0.054 seconds
[2026-09-12T18:19:38.329+0000] {processor.py:186} INFO - Started process (PID=4678) to work on /opt/airflow/dags/snowflake_connection_demo.py
[2026-09-12T18:19:38.333+0000] {processor.py:914} INFO - Processing file /opt/airflow/dags/snowflake_connection_demo.py for tasks to queue
[2026-09-12T18:19:38.337+0000] {logging_mixin.py:190} INFO - [2026-09-12T18:19:38.336+0000] {dagbag.py:587} INFO - Filling up the DagBag from /opt/airflow/dags/snowflake_connection_demo.py
[2026-09-12T18:19:38.361+0000] {logging_mixin.py:190} INFO - [2026-09-12T18:19:38.359+0000] {dagbag.py:386} ERROR - Failed to import: /opt/airflow/dags/snowflake_connection_demo.py
Traceback (most recent call last):
  File "/home/airflow/.local/lib/python3.12/site-packages/airflow/models/dagbag.py", line 382, in parse
    loader.exec_module(new_module)
  File "<frozen importlib._bootstrap_external>", line 995, in exec_module
  File "<frozen importlib._bootstrap>", line 488, in _call_with_frames_removed
  File "/opt/airflow/dags/snowflake_connection_demo.py", line 67, in <module>
    url = Variable.get("country_capital_url")
          ^^^^^^^^^^^^^^^^^^^^^^^^^^^^^^^^^^^
  File "/home/airflow/.local/lib/python3.12/site-packages/airflow/models/variable.py", line 145, in get
    raise KeyError(f"Variable {key} does not exist")
KeyError: 'Variable country_capital_url does not exist'
[2026-09-12T18:19:38.361+0000] {processor.py:927} WARNING - No viable dags retrieved from /opt/airflow/dags/snowflake_connection_demo.py
[2026-09-12T18:19:38.368+0000] {processor.py:208} INFO - Processing /opt/airflow/dags/snowflake_connection_demo.py took 0.046 seconds
[2026-09-12T18:20:08.703+0000] {processor.py:186} INFO - Started process (PID=4689) to work on /opt/airflow/dags/snowflake_connection_demo.py
[2026-09-12T18:20:08.708+0000] {processor.py:914} INFO - Processing file /opt/airflow/dags/snowflake_connection_demo.py for tasks to queue
[2026-09-12T18:20:08.711+0000] {logging_mixin.py:190} INFO - [2026-09-12T18:20:08.711+0000] {dagbag.py:587} INFO - Filling up the DagBag from /opt/airflow/dags/snowflake_connection_demo.py
[2026-09-12T18:20:08.729+0000] {logging_mixin.py:190} INFO - [2026-09-12T18:20:08.728+0000] {dagbag.py:386} ERROR - Failed to import: /opt/airflow/dags/snowflake_connection_demo.py
Traceback (most recent call last):
  File "/home/airflow/.local/lib/python3.12/site-packages/airflow/models/dagbag.py", line 382, in parse
    loader.exec_module(new_module)
  File "<frozen importlib._bootstrap_external>", line 995, in exec_module
  File "<frozen importlib._bootstrap>", line 488, in _call_with_frames_removed
  File "/opt/airflow/dags/snowflake_connection_demo.py", line 67, in <module>
    url = Variable.get("country_capital_url")
          ^^^^^^^^^^^^^^^^^^^^^^^^^^^^^^^^^^^
  File "/home/airflow/.local/lib/python3.12/site-packages/airflow/models/variable.py", line 145, in get
    raise KeyError(f"Variable {key} does not exist")
KeyError: 'Variable country_capital_url does not exist'
[2026-09-12T18:20:08.729+0000] {processor.py:927} WARNING - No viable dags retrieved from /opt/airflow/dags/snowflake_connection_demo.py
[2026-09-12T18:20:08.734+0000] {processor.py:208} INFO - Processing /opt/airflow/dags/snowflake_connection_demo.py took 0.038 seconds
[2026-09-12T18:20:39.094+0000] {processor.py:186} INFO - Started process (PID=4700) to work on /opt/airflow/dags/snowflake_connection_demo.py
[2026-09-12T18:20:39.097+0000] {processor.py:914} INFO - Processing file /opt/airflow/dags/snowflake_connection_demo.py for tasks to queue
[2026-09-12T18:20:39.101+0000] {logging_mixin.py:190} INFO - [2026-09-12T18:20:39.100+0000] {dagbag.py:587} INFO - Filling up the DagBag from /opt/airflow/dags/snowflake_connection_demo.py
[2026-09-12T18:20:39.128+0000] {logging_mixin.py:190} INFO - [2026-09-12T18:20:39.126+0000] {dagbag.py:386} ERROR - Failed to import: /opt/airflow/dags/snowflake_connection_demo.py
Traceback (most recent call last):
  File "/home/airflow/.local/lib/python3.12/site-packages/airflow/models/dagbag.py", line 382, in parse
    loader.exec_module(new_module)
  File "<frozen importlib._bootstrap_external>", line 995, in exec_module
  File "<frozen importlib._bootstrap>", line 488, in _call_with_frames_removed
  File "/opt/airflow/dags/snowflake_connection_demo.py", line 67, in <module>
    url = Variable.get("country_capital_url")
          ^^^^^^^^^^^^^^^^^^^^^^^^^^^^^^^^^^^
  File "/home/airflow/.local/lib/python3.12/site-packages/airflow/models/variable.py", line 145, in get
    raise KeyError(f"Variable {key} does not exist")
KeyError: 'Variable country_capital_url does not exist'
[2026-09-12T18:20:39.128+0000] {processor.py:927} WARNING - No viable dags retrieved from /opt/airflow/dags/snowflake_connection_demo.py
[2026-09-12T18:20:39.135+0000] {processor.py:208} INFO - Processing /opt/airflow/dags/snowflake_connection_demo.py took 0.050 seconds
[2026-09-12T18:21:09.502+0000] {processor.py:186} INFO - Started process (PID=4711) to work on /opt/airflow/dags/snowflake_connection_demo.py
[2026-09-12T18:21:09.508+0000] {processor.py:914} INFO - Processing file /opt/airflow/dags/snowflake_connection_demo.py for tasks to queue
[2026-09-12T18:21:09.512+0000] {logging_mixin.py:190} INFO - [2026-09-12T18:21:09.511+0000] {dagbag.py:587} INFO - Filling up the DagBag from /opt/airflow/dags/snowflake_connection_demo.py
[2026-09-12T18:21:09.535+0000] {logging_mixin.py:190} INFO - [2026-09-12T18:21:09.533+0000] {dagbag.py:386} ERROR - Failed to import: /opt/airflow/dags/snowflake_connection_demo.py
Traceback (most recent call last):
  File "/home/airflow/.local/lib/python3.12/site-packages/airflow/models/dagbag.py", line 382, in parse
    loader.exec_module(new_module)
  File "<frozen importlib._bootstrap_external>", line 995, in exec_module
  File "<frozen importlib._bootstrap>", line 488, in _call_with_frames_removed
  File "/opt/airflow/dags/snowflake_connection_demo.py", line 67, in <module>
    url = Variable.get("country_capital_url")
          ^^^^^^^^^^^^^^^^^^^^^^^^^^^^^^^^^^^
  File "/home/airflow/.local/lib/python3.12/site-packages/airflow/models/variable.py", line 145, in get
    raise KeyError(f"Variable {key} does not exist")
KeyError: 'Variable country_capital_url does not exist'
[2026-09-12T18:21:09.535+0000] {processor.py:927} WARNING - No viable dags retrieved from /opt/airflow/dags/snowflake_connection_demo.py
[2026-09-12T18:21:09.542+0000] {processor.py:208} INFO - Processing /opt/airflow/dags/snowflake_connection_demo.py took 0.049 seconds
[2026-09-12T18:21:33.805+0000] {processor.py:186} INFO - Started process (PID=4716) to work on /opt/airflow/dags/snowflake_connection_demo.py
[2026-09-12T18:21:33.808+0000] {processor.py:914} INFO - Processing file /opt/airflow/dags/snowflake_connection_demo.py for tasks to queue
[2026-09-12T18:21:33.818+0000] {logging_mixin.py:190} INFO - [2026-09-12T18:21:33.818+0000] {dagbag.py:587} INFO - Filling up the DagBag from /opt/airflow/dags/snowflake_connection_demo.py
[2026-09-12T18:21:33.924+0000] {processor.py:925} INFO - DAG(s) 'WeatherToronto_ETL' retrieved from /opt/airflow/dags/snowflake_connection_demo.py
[2026-09-12T18:21:34.256+0000] {logging_mixin.py:190} INFO - [2026-09-12T18:21:34.255+0000] {override.py:1900} INFO - Created Permission View: can delete on DAG:WeatherToronto_ETL
[2026-09-12T18:21:34.260+0000] {logging_mixin.py:190} INFO - [2026-09-12T18:21:34.260+0000] {override.py:1900} INFO - Created Permission View: can edit on DAG:WeatherToronto_ETL
[2026-09-12T18:21:34.262+0000] {logging_mixin.py:190} INFO - [2026-09-12T18:21:34.261+0000] {override.py:1900} INFO - Created Permission View: can read on DAG:WeatherToronto_ETL
[2026-09-12T18:21:34.263+0000] {logging_mixin.py:190} INFO - [2026-09-12T18:21:34.263+0000] {override.py:1900} INFO - Created Permission View: can delete on DAG Run:WeatherToronto_ETL
[2026-09-12T18:21:34.264+0000] {logging_mixin.py:190} INFO - [2026-09-12T18:21:34.264+0000] {override.py:1900} INFO - Created Permission View: menu access on DAG Run:WeatherToronto_ETL
[2026-09-12T18:21:34.266+0000] {logging_mixin.py:190} INFO - [2026-09-12T18:21:34.266+0000] {override.py:1900} INFO - Created Permission View: can create on DAG Run:WeatherToronto_ETL
[2026-09-12T18:21:34.267+0000] {logging_mixin.py:190} INFO - [2026-09-12T18:21:34.267+0000] {override.py:1900} INFO - Created Permission View: can read on DAG Run:WeatherToronto_ETL
[2026-09-12T18:21:34.269+0000] {logging_mixin.py:190} INFO - [2026-09-12T18:21:34.269+0000] {dag.py:3229} INFO - Sync 1 DAGs
[2026-09-12T18:21:34.284+0000] {logging_mixin.py:190} INFO - [2026-09-12T18:21:34.284+0000] {dag.py:3252} INFO - Creating ORM DAG for WeatherToronto_ETL
[2026-09-12T18:21:34.299+0000] {logging_mixin.py:190} INFO - [2026-09-12T18:21:34.299+0000] {dag.py:4156} INFO - Setting next_dagrun for WeatherToronto_ETL to 2026-09-13 02:30:00+00:00, run_after=2026-09-14 02:30:00+00:00
[2026-09-12T18:21:34.311+0000] {processor.py:208} INFO - Processing /opt/airflow/dags/snowflake_connection_demo.py took 0.523 seconds
